# OBJ written from D:\PROJECT 3D Asset Store\Bed\Bed.obj

o Mesh
v -1.01682 -0.6424 1.73
v -1.01535 -0.6424 1.73877
v -1.01112 -0.6424 1.74658
v -1.00458 -0.6424 1.7526
v -0.996444 -0.6424 1.75617
v -0.987586 -0.6424 1.75691
v -0.97897 -0.6424 1.75473
v -0.971529 -0.6424 1.74986
v -0.96607 -0.6424 1.74285
v -0.963184 -0.6424 1.73444
v -0.963184 -0.6424 1.72556
v -0.96607 -0.6424 1.71715
v -0.971529 -0.6424 1.71014
v -0.97897 -0.6424 1.70527
v -0.987586 -0.6424 1.70309
v -0.996444 -0.6424 1.70383
v -1.00458 -0.6424 1.7074
v -1.01112 -0.6424 1.71342
v -1.01535 -0.6424 1.72123
v -1.01682 0.2224 1.73
v -1.01535 0.2224 1.73877
v -1.01112 0.2224 1.74658
v -1.00458 0.2224 1.7526
v -0.996444 0.2224 1.75617
v -0.987586 0.2224 1.75691
v -0.97897 0.2224 1.75473
v -0.971529 0.2224 1.74986
v -0.96607 0.2224 1.74285
v -0.963184 0.2224 1.73444
v -0.963184 0.2224 1.72556
v -0.96607 0.2224 1.71715
v -0.971529 0.2224 1.71014
v -0.97897 0.2224 1.70527
v -0.987586 0.2224 1.70309
v -0.996444 0.2224 1.70383
v -1.00458 0.2224 1.7074
v -1.01112 0.2224 1.71342
v -1.01535 0.2224 1.72123
v 0.963184 -0.6424 1.73
v 0.964647 -0.6424 1.73877
v 0.968877 -0.6424 1.74658
v 0.975417 -0.6424 1.7526
v 0.983556 -0.6424 1.75617
v 0.992414 -0.6424 1.75691
v 1.00103 -0.6424 1.75473
v 1.00847 -0.6424 1.74986
v 1.01393 -0.6424 1.74285
v 1.01682 -0.6424 1.73444
v 1.01682 -0.6424 1.72556
v 1.01393 -0.6424 1.71715
v 1.00847 -0.6424 1.71014
v 1.00103 -0.6424 1.70527
v 0.992414 -0.6424 1.70309
v 0.983556 -0.6424 1.70383
v 0.975417 -0.6424 1.7074
v 0.968877 -0.6424 1.71342
v 0.964647 -0.6424 1.72123
v 0.963184 0.2224 1.73
v 0.964647 0.2224 1.73877
v 0.968877 0.2224 1.74658
v 0.975417 0.2224 1.7526
v 0.983556 0.2224 1.75617
v 0.992414 0.2224 1.75691
v 1.00103 0.2224 1.75473
v 1.00847 0.2224 1.74986
v 1.01393 0.2224 1.74285
v 1.01682 0.2224 1.73444
v 1.01682 0.2224 1.72556
v 1.01393 0.2224 1.71715
v 1.00847 0.2224 1.71014
v 1.00103 0.2224 1.70527
v 0.992414 0.2224 1.70309
v 0.983556 0.2224 1.70383
v 0.975417 0.2224 1.7074
v 0.968877 0.2224 1.71342
v 0.964647 0.2224 1.72123
v -1.01535 -0.214133 1.73877
v -1.01682 -0.214133 1.73
v -1.01535 0.214133 1.73877
v -1.01682 0.214133 1.73
v -1.01112 -0.214133 1.74658
v -1.01112 0.214133 1.74658
v -1.00458 -0.214133 1.7526
v -1.00458 0.214133 1.7526
v -0.996444 -0.214133 1.75617
v -0.996444 0.214133 1.75617
v -0.987586 -0.214133 1.75691
v -0.987586 0.214133 1.75691
v -0.97897 -0.214133 1.75473
v -0.97897 0.214133 1.75473
v -0.971529 -0.214133 1.74986
v -0.971529 0.214133 1.74986
v -0.96607 -0.214133 1.74285
v -0.96607 0.0891333 1.74285
v -0.963184 -0.214133 1.73444
v -0.963184 0.0891333 1.73444
v -0.963184 -0.214133 1.72556
v -0.963184 0.0891333 1.72556
v -0.96607 -0.214133 1.71715
v -0.96607 0.214133 1.71715
v -0.971529 -0.214133 1.71014
v -0.971529 0.214133 1.71014
v -0.97897 -0.214133 1.70527
v -0.97897 0.214133 1.70527
v -0.987586 -0.214133 1.70309
v -0.987586 0.214133 1.70309
v -0.996444 -0.214133 1.70383
v -0.996444 0.214133 1.70383
v -1.00458 -0.214133 1.7074
v -1.00458 0.214133 1.7074
v -1.01112 -0.214133 1.71342
v -1.01112 0.214133 1.71342
v -1.01535 -0.214133 1.72123
v -1.01535 0.214133 1.72123
v 0.964647 -0.214133 1.73877
v 0.963184 -0.214133 1.73
v 0.964647 0.0891333 1.73877
v 0.963184 0.0891333 1.73
v 0.968877 -0.214133 1.74658
v 0.968877 0.214133 1.74658
v 0.975417 -0.214133 1.7526
v 0.975417 0.214133 1.7526
v 0.983556 -0.214133 1.75617
v 0.983556 0.214133 1.75617
v 0.992414 -0.214133 1.75691
v 0.992414 0.214133 1.75691
v 1.00103 -0.214133 1.75473
v 1.00103 0.214133 1.75473
v 1.00847 -0.214133 1.74986
v 1.00847 0.214133 1.74986
v 1.01393 -0.214133 1.74285
v 1.01393 0.214133 1.74285
v 1.01682 -0.214133 1.73444
v 1.01682 0.214133 1.73444
v 1.01682 -0.214133 1.72556
v 1.01682 0.214133 1.72556
v 1.01393 -0.214133 1.71715
v 1.01393 0.214133 1.71715
v 1.00847 -0.214133 1.71014
v 1.00847 0.214133 1.71014
v 1.00103 -0.214133 1.70527
v 1.00103 0.214133 1.70527
v 0.992414 -0.214133 1.70309
v 0.992414 0.214133 1.70309
v 0.983556 -0.214133 1.70383
v 0.983556 0.214133 1.70383
v 0.975417 -0.214133 1.7074
v 0.975417 0.214133 1.7074
v 0.968877 -0.214133 1.71342
v 0.968877 0.214133 1.71342
v 0.964647 -0.214133 1.72123
v 0.964647 0.0891333 1.72123
v -1.03811 0.2374 1.73
v -1.03549 0.2374 1.74568
v -1.02792 0.2374 1.75966
v -1.01623 0.2374 1.77043
v -1.00167 0.2374 1.77681
v -0.985828 0.2374 1.77813
v -0.970418 0.2374 1.77422
v -0.95711 0.2374 1.76553
v -0.947346 0.2374 1.75298
v -0.942184 0.2374 1.73795
v -0.942184 0.2374 1.72205
v -0.947346 0.2374 1.70702
v -0.95711 0.2374 1.69447
v -0.970418 0.2374 1.68578
v -0.985828 0.2374 1.68187
v -1.00167 0.2374 1.68319
v -1.01623 0.2374 1.68957
v -1.02792 0.2374 1.70034
v -1.03549 0.2374 1.71432
v 0.941894 0.2374 1.73
v 0.94451 0.2374 1.74568
v 0.952076 0.2374 1.75966
v 0.963772 0.2374 1.77043
v 0.97833 0.2374 1.77681
v 0.994172 0.2374 1.77813
v 1.00958 0.2374 1.77422
v 1.02289 0.2374 1.76553
v 1.03265 0.2374 1.75298
v 1.03782 0.2374 1.73795
v 1.03782 0.2374 1.72205
v 1.03265 0.2374 1.70702
v 1.02289 0.2374 1.69447
v 1.00958 0.2374 1.68578
v 0.994172 0.2374 1.68187
v 0.97833 0.2374 1.68319
v 0.963772 0.2374 1.68957
v 0.952076 0.2374 1.70034
v 0.94451 0.2374 1.71432
v -1.04318 0.2574 1.73
v -1.04028 0.2574 1.74733
v -1.03192 0.2574 1.76277
v -1.019 0.2574 1.77467
v -1.00291 0.2574 1.78173
v -0.98541 0.2574 1.78318
v -0.968382 0.2574 1.77887
v -0.953676 0.2574 1.76926
v -0.942887 0.2574 1.7554
v -0.937184 0.2574 1.73878
v -0.937184 0.2574 1.72122
v -0.942888 0.2574 1.7046
v -0.953676 0.2574 1.69074
v -0.968382 0.2574 1.68113
v -0.98541 0.2574 1.67682
v -1.00291 0.2574 1.67827
v -1.019 0.2574 1.68533
v -1.03192 0.2574 1.69723
v -1.04028 0.2574 1.71267
v 0.936825 0.2574 1.73
v 0.939716 0.2574 1.74733
v 0.948076 0.2574 1.76277
v 0.960999 0.2574 1.77467
v 0.977085 0.2574 1.78173
v 0.99459 0.2574 1.78318
v 1.01162 0.2574 1.77887
v 1.02632 0.2574 1.76926
v 1.03711 0.2574 1.7554
v 1.04282 0.2574 1.73878
v 1.04282 0.2574 1.72122
v 1.03711 0.2574 1.7046
v 1.02632 0.2574 1.69074
v 1.01162 0.2574 1.68113
v 0.99459 0.2574 1.67682
v 0.977085 0.2574 1.67827
v 0.960999 0.2574 1.68533
v 0.948076 0.2574 1.69723
v 0.939716 0.2574 1.71267
v -1.03354 0.2759 1.73
v -1.03117 0.2759 1.7442
v -1.02432 0.2759 1.75686
v -1.01373 0.2759 1.76661
v -1.00055 0.2759 1.77239
v -0.986205 0.2759 1.77358
v -0.97225 0.2759 1.77005
v -0.9602 0.2759 1.76217
v -0.951358 0.2759 1.75081
v -0.946684 0.2759 1.7372
v -0.946684 0.2759 1.7228
v -0.951358 0.2759 1.70919
v -0.9602 0.2759 1.69783
v -0.97225 0.2759 1.68995
v -0.986205 0.2759 1.68642
v -1.00055 0.2759 1.68761
v -1.01373 0.2759 1.69339
v -1.02432 0.2759 1.70314
v -1.03117 0.2759 1.7158
v 0.946456 0.2759 1.73
v 0.948825 0.2759 1.7442
v 0.955676 0.2759 1.75686
v 0.966267 0.2759 1.76661
v 0.97945 0.2759 1.77239
v 0.993795 0.2759 1.77358
v 1.00775 0.2759 1.77005
v 1.0198 0.2759 1.76217
v 1.02864 0.2759 1.75081
v 1.03332 0.2759 1.7372
v 1.03332 0.2759 1.7228
v 1.02864 0.2759 1.70919
v 1.0198 0.2759 1.69783
v 1.00775 0.2759 1.68995
v 0.993795 0.2759 1.68642
v 0.97945 0.2759 1.68761
v 0.966267 0.2759 1.69339
v 0.955676 0.2759 1.70314
v 0.948825 0.2759 1.7158
v -1.01124 0.2859 1.73
v -1.01008 0.2859 1.73696
v -1.00672 0.2859 1.74316
v -1.00153 0.2859 1.74794
v -0.995075 0.2859 1.75077
v -0.988047 0.2859 1.75135
v -0.98121 0.2859 1.74962
v -0.975306 0.2859 1.74576
v -0.970974 0.2859 1.7402
v -0.968684 0.2859 1.73353
v -0.968684 0.2859 1.72647
v -0.970974 0.2859 1.7198
v -0.975306 0.2859 1.71424
v -0.98121 0.2859 1.71038
v -0.988047 0.2859 1.70865
v -0.995075 0.2859 1.70923
v -1.00153 0.2859 1.71206
v -1.00672 0.2859 1.71684
v -1.01008 0.2859 1.72304
v 0.96876 0.2859 1.73
v 0.969921 0.2859 1.73696
v 0.973278 0.2859 1.74316
v 0.978466 0.2859 1.74794
v 0.984925 0.2859 1.75077
v 0.991953 0.2859 1.75135
v 0.99879 0.2859 1.74962
v 1.00469 0.2859 1.74576
v 1.00903 0.2859 1.7402
v 1.01132 0.2859 1.73353
v 1.01132 0.2859 1.72647
v 1.00903 0.2859 1.7198
v 1.00469 0.2859 1.71424
v 0.99879 0.2859 1.71038
v 0.991953 0.2859 1.70865
v 0.984925 0.2859 1.70923
v 0.978466 0.2859 1.71206
v 0.973278 0.2859 1.71684
v 0.969921 0.2859 1.72304
v -1.04419 -0.6624 1.73
v -1.04124 -0.6624 1.74766
v -1.03272 -0.6624 1.7634
v -1.01956 -0.6624 1.77552
v -1.00316 -0.6624 1.78271
v -0.985326 -0.6624 1.78419
v -0.967974 -0.6624 1.77979
v -0.95299 -0.6624 1.77
v -0.941996 -0.6624 1.75588
v -0.936184 -0.6624 1.73895
v -0.936184 -0.6624 1.72105
v -0.941996 -0.6624 1.70412
v -0.95299 -0.6624 1.69
v -0.967974 -0.6624 1.68021
v -0.985326 -0.6624 1.67581
v -1.00316 -0.6624 1.67729
v -1.01956 -0.6624 1.68448
v -1.03272 -0.6624 1.6966
v -1.04124 -0.6624 1.71235
v 0.935811 -0.6624 1.73
v 0.938757 -0.6624 1.74766
v 0.947276 -0.6624 1.7634
v 0.960445 -0.6624 1.77552
v 0.976836 -0.6624 1.78271
v 0.994674 -0.6624 1.78419
v 1.01203 -0.6624 1.77979
v 1.02701 -0.6624 1.77
v 1.038 -0.6624 1.75588
v 1.04382 -0.6624 1.73895
v 1.04382 -0.6624 1.72105
v 1.038 -0.6624 1.70412
v 1.02701 -0.6624 1.69
v 1.01203 -0.6624 1.68021
v 0.994674 -0.6624 1.67581
v 0.976836 -0.6624 1.67729
v 0.960445 -0.6624 1.68448
v 0.947276 -0.6624 1.6966
v 0.938757 -0.6624 1.71235
v -1.04419 -0.6874 1.73
v -1.04124 -0.6874 1.74766
v -1.03272 -0.6874 1.7634
v -1.01956 -0.6874 1.77552
v -1.00316 -0.6874 1.78271
v -0.985326 -0.6874 1.78419
v -0.967974 -0.6874 1.77979
v -0.95299 -0.6874 1.77
v -0.941996 -0.6874 1.75588
v -0.936184 -0.6874 1.73895
v -0.936184 -0.6874 1.72105
v -0.941996 -0.6874 1.70412
v -0.95299 -0.6874 1.69
v -0.967974 -0.6874 1.68021
v -0.985326 -0.6874 1.67581
v -1.00316 -0.6874 1.67729
v -1.01956 -0.6874 1.68448
v -1.03272 -0.6874 1.6966
v -1.04124 -0.6874 1.71235
v 0.935811 -0.6874 1.73
v 0.938757 -0.6874 1.74766
v 0.947276 -0.6874 1.7634
v 0.960445 -0.6874 1.77552
v 0.976836 -0.6874 1.78271
v 0.994674 -0.6874 1.78419
v 1.01203 -0.6874 1.77979
v 1.02701 -0.6874 1.77
v 1.038 -0.6874 1.75588
v 1.04382 -0.6874 1.73895
v 1.04382 -0.6874 1.72105
v 1.038 -0.6874 1.70412
v 1.02701 -0.6874 1.69
v 1.01203 -0.6874 1.68021
v 0.994674 -0.6874 1.67581
v 0.976836 -0.6874 1.67729
v 0.960445 -0.6874 1.68448
v 0.947276 -0.6874 1.6966
v 0.938757 -0.6874 1.71235
v -1.01682 -0.6424 -1.72
v -1.01535 -0.6424 -1.71123
v -1.01112 -0.6424 -1.70342
v -1.00458 -0.6424 -1.6974
v -0.996444 -0.6424 -1.69383
v -0.987586 -0.6424 -1.69309
v -0.97897 -0.6424 -1.69527
v -0.971529 -0.6424 -1.70014
v -0.96607 -0.6424 -1.70715
v -0.963184 -0.6424 -1.71556
v -0.963184 -0.6424 -1.72444
v -0.96607 -0.6424 -1.73285
v -0.971529 -0.6424 -1.73986
v -0.97897 -0.6424 -1.74473
v -0.987586 -0.6424 -1.74691
v -0.996444 -0.6424 -1.74617
v -1.00458 -0.6424 -1.7426
v -1.01112 -0.6424 -1.73658
v -1.01535 -0.6424 -1.72877
v -1.01682 0.6424 -1.72
v -1.01535 0.6424 -1.71123
v -1.01112 0.6424 -1.70342
v -1.00458 0.6424 -1.6974
v -0.996444 0.6424 -1.69383
v -0.987586 0.6424 -1.69309
v -0.97897 0.6424 -1.69527
v -0.971529 0.6424 -1.70014
v -0.96607 0.6424 -1.70715
v -0.963184 0.6424 -1.71556
v -0.963184 0.6424 -1.72444
v -0.96607 0.6424 -1.73285
v -0.971529 0.6424 -1.73986
v -0.97897 0.6424 -1.74473
v -0.987586 0.6424 -1.74691
v -0.996444 0.6424 -1.74617
v -1.00458 0.6424 -1.7426
v -1.01112 0.6424 -1.73658
v -1.01535 0.6424 -1.72877
v 0.963184 -0.6424 -1.72
v 0.964647 -0.6424 -1.71123
v 0.968877 -0.6424 -1.70342
v 0.975417 -0.6424 -1.6974
v 0.983556 -0.6424 -1.69383
v 0.992414 -0.6424 -1.69309
v 1.00103 -0.6424 -1.69527
v 1.00847 -0.6424 -1.70014
v 1.01393 -0.6424 -1.70715
v 1.01682 -0.6424 -1.71556
v 1.01682 -0.6424 -1.72444
v 1.01393 -0.6424 -1.73285
v 1.00847 -0.6424 -1.73986
v 1.00103 -0.6424 -1.74473
v 0.992414 -0.6424 -1.74691
v 0.983556 -0.6424 -1.74617
v 0.975417 -0.6424 -1.7426
v 0.968877 -0.6424 -1.73658
v 0.964647 -0.6424 -1.72877
v 0.963184 0.6424 -1.72
v 0.964647 0.6424 -1.71123
v 0.968877 0.6424 -1.70342
v 0.975417 0.6424 -1.6974
v 0.983556 0.6424 -1.69383
v 0.992414 0.6424 -1.69309
v 1.00103 0.6424 -1.69527
v 1.00847 0.6424 -1.70014
v 1.01393 0.6424 -1.70715
v 1.01682 0.6424 -1.71556
v 1.01682 0.6424 -1.72444
v 1.01393 0.6424 -1.73285
v 1.00847 0.6424 -1.73986
v 1.00103 0.6424 -1.74473
v 0.992414 0.6424 -1.74691
v 0.983556 0.6424 -1.74617
v 0.975417 0.6424 -1.7426
v 0.968877 0.6424 -1.73658
v 0.964647 0.6424 -1.72877
v -1.01535 -0.214133 -1.71123
v -1.01682 -0.214133 -1.72
v -1.01535 0.214133 -1.71123
v -1.01682 0.214133 -1.72
v -1.01112 -0.214133 -1.70342
v -1.01112 0.214133 -1.70342
v -1.00458 -0.214133 -1.6974
v -1.00458 0.214133 -1.6974
v -0.996444 -0.214133 -1.69383
v -0.996444 0.214133 -1.69383
v -0.987586 -0.214133 -1.69309
v -0.987586 0.214133 -1.69309
v -0.97897 -0.214133 -1.69527
v -0.97897 0.214133 -1.69527
v -0.971529 -0.214133 -1.70014
v -0.971529 0.214133 -1.70014
v -0.96607 -0.214133 -1.70715
v -0.96607 0.514133 -1.70715
v -0.963184 -0.214133 -1.71556
v -0.963184 0.514133 -1.71556
v -0.963184 -0.214133 -1.72444
v -0.963184 0.514133 -1.72444
v -0.96607 -0.214133 -1.73285
v -0.96607 0.214133 -1.73285
v -0.971529 -0.214133 -1.73986
v -0.971529 0.214133 -1.73986
v -0.97897 -0.214133 -1.74473
v -0.97897 0.214133 -1.74473
v -0.987586 -0.214133 -1.74691
v -0.987586 0.214133 -1.74691
v -0.996444 -0.214133 -1.74617
v -0.996444 0.214133 -1.74617
v -1.00458 -0.214133 -1.7426
v -1.00458 0.214133 -1.7426
v -1.01112 -0.214133 -1.73658
v -1.01112 0.214133 -1.73658
v -1.01535 -0.214133 -1.72877
v -1.01535 0.214133 -1.72877
v 0.964647 -0.214133 -1.71123
v 0.963184 -0.214133 -1.72
v 0.964647 0.514133 -1.71123
v 0.963184 0.514133 -1.72
v 0.968877 -0.214133 -1.70342
v 0.968877 0.214133 -1.70342
v 0.975417 -0.214133 -1.6974
v 0.975417 0.214133 -1.6974
v 0.983556 -0.214133 -1.69383
v 0.983556 0.214133 -1.69383
v 0.992414 -0.214133 -1.69309
v 0.992414 0.214133 -1.69309
v 1.00103 -0.214133 -1.69527
v 1.00103 0.214133 -1.69527
v 1.00847 -0.214133 -1.70014
v 1.00847 0.214133 -1.70014
v 1.01393 -0.214133 -1.70715
v 1.01393 0.214133 -1.70715
v 1.01682 -0.214133 -1.71556
v 1.01682 0.214133 -1.71556
v 1.01682 -0.214133 -1.72444
v 1.01682 0.214133 -1.72444
v 1.01393 -0.214133 -1.73285
v 1.01393 0.214133 -1.73285
v 1.00847 -0.214133 -1.73986
v 1.00847 0.214133 -1.73986
v 1.00103 -0.214133 -1.74473
v 1.00103 0.214133 -1.74473
v 0.992414 -0.214133 -1.74691
v 0.992414 0.214133 -1.74691
v 0.983556 -0.214133 -1.74617
v 0.983556 0.214133 -1.74617
v 0.975417 -0.214133 -1.7426
v 0.975417 0.214133 -1.7426
v 0.968877 -0.214133 -1.73658
v 0.968877 0.214133 -1.73658
v 0.964647 -0.214133 -1.72877
v 0.964647 0.514133 -1.72877
v -1.03811 0.6574 -1.72
v -1.03549 0.6574 -1.70432
v -1.02792 0.6574 -1.69034
v -1.01623 0.6574 -1.67957
v -1.00167 0.6574 -1.67319
v -0.985828 0.6574 -1.67187
v -0.970418 0.6574 -1.67578
v -0.95711 0.6574 -1.68447
v -0.947346 0.6574 -1.69702
v -0.942184 0.6574 -1.71205
v -0.942184 0.6574 -1.72795
v -0.947346 0.6574 -1.74298
v -0.95711 0.6574 -1.75553
v -0.970418 0.6574 -1.76422
v -0.985828 0.6574 -1.76813
v -1.00167 0.6574 -1.76681
v -1.01623 0.6574 -1.76043
v -1.02792 0.6574 -1.74966
v -1.03549 0.6574 -1.73568
v 0.941894 0.6574 -1.72
v 0.94451 0.6574 -1.70432
v 0.952076 0.6574 -1.69034
v 0.963772 0.6574 -1.67957
v 0.97833 0.6574 -1.67319
v 0.994172 0.6574 -1.67187
v 1.00958 0.6574 -1.67578
v 1.02289 0.6574 -1.68447
v 1.03265 0.6574 -1.69702
v 1.03782 0.6574 -1.71205
v 1.03782 0.6574 -1.72795
v 1.03265 0.6574 -1.74298
v 1.02289 0.6574 -1.75553
v 1.00958 0.6574 -1.76422
v 0.994172 0.6574 -1.76813
v 0.97833 0.6574 -1.76681
v 0.963772 0.6574 -1.76043
v 0.952076 0.6574 -1.74966
v 0.94451 0.6574 -1.73568
v -1.04318 0.6774 -1.72
v -1.04028 0.6774 -1.70267
v -1.03192 0.6774 -1.68723
v -1.019 0.6774 -1.67533
v -1.00291 0.6774 -1.66827
v -0.98541 0.6774 -1.66682
v -0.968382 0.6774 -1.67113
v -0.953676 0.6774 -1.68074
v -0.942887 0.6774 -1.6946
v -0.937184 0.6774 -1.71122
v -0.937184 0.6774 -1.72878
v -0.942888 0.6774 -1.7454
v -0.953676 0.6774 -1.75926
v -0.968382 0.6774 -1.76887
v -0.98541 0.6774 -1.77318
v -1.00291 0.6774 -1.77173
v -1.019 0.6774 -1.76467
v -1.03192 0.6774 -1.75277
v -1.04028 0.6774 -1.73733
v 0.936825 0.6774 -1.72
v 0.939716 0.6774 -1.70267
v 0.948076 0.6774 -1.68723
v 0.960999 0.6774 -1.67533
v 0.977085 0.6774 -1.66827
v 0.99459 0.6774 -1.66682
v 1.01162 0.6774 -1.67113
v 1.02632 0.6774 -1.68074
v 1.03711 0.6774 -1.6946
v 1.04282 0.6774 -1.71122
v 1.04282 0.6774 -1.72878
v 1.03711 0.6774 -1.7454
v 1.02632 0.6774 -1.75926
v 1.01162 0.6774 -1.76887
v 0.99459 0.6774 -1.77318
v 0.977085 0.6774 -1.77173
v 0.960999 0.6774 -1.76467
v 0.948076 0.6774 -1.75277
v 0.939716 0.6774 -1.73733
v -1.03354 0.6959 -1.72
v -1.03117 0.6959 -1.7058
v -1.02432 0.6959 -1.69314
v -1.01373 0.6959 -1.68339
v -1.00055 0.6959 -1.67761
v -0.986205 0.6959 -1.67642
v -0.97225 0.6959 -1.67996
v -0.9602 0.6959 -1.68783
v -0.951358 0.6959 -1.69919
v -0.946684 0.6959 -1.7128
v -0.946684 0.6959 -1.7272
v -0.951358 0.6959 -1.74081
v -0.9602 0.6959 -1.75217
v -0.97225 0.6959 -1.76005
v -0.986205 0.6959 -1.76358
v -1.00055 0.6959 -1.76239
v -1.01373 0.6959 -1.75661
v -1.02432 0.6959 -1.74686
v -1.03117 0.6959 -1.7342
v 0.946456 0.6959 -1.72
v 0.948825 0.6959 -1.7058
v 0.955676 0.6959 -1.69314
v 0.966267 0.6959 -1.68339
v 0.97945 0.6959 -1.67761
v 0.993795 0.6959 -1.67642
v 1.00775 0.6959 -1.67996
v 1.0198 0.6959 -1.68783
v 1.02864 0.6959 -1.69919
v 1.03332 0.6959 -1.7128
v 1.03332 0.6959 -1.7272
v 1.02864 0.6959 -1.74081
v 1.0198 0.6959 -1.75217
v 1.00775 0.6959 -1.76005
v 0.993795 0.6959 -1.76358
v 0.97945 0.6959 -1.76239
v 0.966267 0.6959 -1.75661
v 0.955676 0.6959 -1.74686
v 0.948825 0.6959 -1.7342
v -1.01124 0.7059 -1.72
v -1.01008 0.7059 -1.71304
v -1.00672 0.7059 -1.70684
v -1.00153 0.7059 -1.70206
v -0.995075 0.7059 -1.69923
v -0.988047 0.7059 -1.69865
v -0.98121 0.7059 -1.70038
v -0.975306 0.7059 -1.70424
v -0.970974 0.7059 -1.7098
v -0.968684 0.7059 -1.71647
v -0.968684 0.7059 -1.72353
v -0.970974 0.7059 -1.7302
v -0.975306 0.7059 -1.73576
v -0.98121 0.7059 -1.73962
v -0.988047 0.7059 -1.74135
v -0.995075 0.7059 -1.74077
v -1.00153 0.7059 -1.73794
v -1.00672 0.7059 -1.73316
v -1.01008 0.7059 -1.72696
v 0.96876 0.7059 -1.72
v 0.969921 0.7059 -1.71304
v 0.973278 0.7059 -1.70684
v 0.978466 0.7059 -1.70206
v 0.984925 0.7059 -1.69923
v 0.991953 0.7059 -1.69865
v 0.99879 0.7059 -1.70038
v 1.00469 0.7059 -1.70424
v 1.00903 0.7059 -1.7098
v 1.01132 0.7059 -1.71647
v 1.01132 0.7059 -1.72353
v 1.00903 0.7059 -1.7302
v 1.00469 0.7059 -1.73576
v 0.99879 0.7059 -1.73962
v 0.991953 0.7059 -1.74135
v 0.984925 0.7059 -1.74077
v 0.978466 0.7059 -1.73794
v 0.973278 0.7059 -1.73316
v 0.969921 0.7059 -1.72696
v -1.04419 -0.6624 -1.72
v -1.04124 -0.6624 -1.70235
v -1.03272 -0.6624 -1.6866
v -1.01956 -0.6624 -1.67448
v -1.00316 -0.6624 -1.66729
v -0.985326 -0.6624 -1.66581
v -0.967974 -0.6624 -1.67021
v -0.95299 -0.6624 -1.68
v -0.941996 -0.6624 -1.69412
v -0.936184 -0.6624 -1.71105
v -0.936184 -0.6624 -1.72895
v -0.941996 -0.6624 -1.74588
v -0.95299 -0.6624 -1.76
v -0.967974 -0.6624 -1.76979
v -0.985326 -0.6624 -1.77419
v -1.00316 -0.6624 -1.77271
v -1.01956 -0.6624 -1.76552
v -1.03272 -0.6624 -1.7534
v -1.04124 -0.6624 -1.73765
v 0.935811 -0.6624 -1.72
v 0.938757 -0.6624 -1.70235
v 0.947276 -0.6624 -1.6866
v 0.960445 -0.6624 -1.67448
v 0.976836 -0.6624 -1.66729
v 0.994674 -0.6624 -1.66581
v 1.01203 -0.6624 -1.67021
v 1.02701 -0.6624 -1.68
v 1.038 -0.6624 -1.69412
v 1.04382 -0.6624 -1.71105
v 1.04382 -0.6624 -1.72895
v 1.038 -0.6624 -1.74588
v 1.02701 -0.6624 -1.76
v 1.01203 -0.6624 -1.76979
v 0.994674 -0.6624 -1.77419
v 0.976836 -0.6624 -1.77271
v 0.960445 -0.6624 -1.76552
v 0.947276 -0.6624 -1.7534
v 0.938757 -0.6624 -1.73765
v -1.04419 -0.6874 -1.72
v -1.04124 -0.6874 -1.70235
v -1.03272 -0.6874 -1.6866
v -1.01956 -0.6874 -1.67448
v -1.00316 -0.6874 -1.66729
v -0.985326 -0.6874 -1.66581
v -0.967974 -0.6874 -1.67021
v -0.95299 -0.6874 -1.68
v -0.941996 -0.6874 -1.69412
v -0.936184 -0.6874 -1.71105
v -0.936184 -0.6874 -1.72895
v -0.941996 -0.6874 -1.74588
v -0.95299 -0.6874 -1.76
v -0.967974 -0.6874 -1.76979
v -0.985326 -0.6874 -1.77419
v -1.00316 -0.6874 -1.77271
v -1.01956 -0.6874 -1.76552
v -1.03272 -0.6874 -1.7534
v -1.04124 -0.6874 -1.73765
v 0.935811 -0.6874 -1.72
v 0.938757 -0.6874 -1.70235
v 0.947276 -0.6874 -1.6866
v 0.960445 -0.6874 -1.67448
v 0.976836 -0.6874 -1.66729
v 0.994674 -0.6874 -1.66581
v 1.01203 -0.6874 -1.67021
v 1.02701 -0.6874 -1.68
v 1.038 -0.6874 -1.69412
v 1.04382 -0.6874 -1.71105
v 1.04382 -0.6874 -1.72895
v 1.038 -0.6874 -1.74588
v 1.02701 -0.6874 -1.76
v 1.01203 -0.6874 -1.76979
v 0.994674 -0.6874 -1.77419
v 0.976836 -0.6874 -1.77271
v 0.960445 -0.6874 -1.76552
v 0.947276 -0.6874 -1.7534
v 0.938757 -0.6874 -1.73765
v -0.951184 -0.186224 1.72553
v -0.951184 -0.143776 1.72553
v 0.952647 -0.186224 1.72126
v 0.952647 -0.143776 1.72126
v -0.95407 -0.186224 -1.70717
v -0.95407 -0.143776 -1.70717
v 0.952647 -0.186224 -1.71121
v 0.952647 -0.143776 -1.71121
v -0.922209 -0.128776 1.69646
v 0.923647 -0.128776 1.69232
v -0.925046 -0.128776 -1.67824
v 0.923647 -0.128776 -1.68215
v -0.89723 -0.226224 1.67141
v 0.898647 -0.226224 1.66738
v -0.900025 -0.226224 -1.65329
v 0.898647 -0.226224 -1.65709
v -1.01682 -0.12848 1.73
v -1.01535 -0.12848 1.73877
v -1.01112 -0.12848 1.74658
v -1.00458 -0.12848 1.7526
v -0.996444 -0.12848 1.75617
v -0.987586 -0.12848 1.75691
v -0.97897 -0.12848 1.75473
v -0.971529 -0.12848 1.74986
v -0.96607 -0.12848 1.74285
v -0.963184 -0.12848 1.72556
v -0.96607 -0.12848 1.71715
v -0.971529 -0.12848 1.71014
v -0.97897 -0.12848 1.70527
v -0.987586 -0.12848 1.70309
v -0.996444 -0.12848 1.70383
v -1.00458 -0.12848 1.7074
v -1.01112 -0.12848 1.71342
v -1.01535 -0.12848 1.72123
v 0.964647 -0.12848 1.73877
v 0.968877 -0.12848 1.74658
v 0.975417 -0.12848 1.7526
v 0.983556 -0.12848 1.75617
v 0.992414 -0.12848 1.75691
v 1.00103 -0.12848 1.75473
v 1.00847 -0.12848 1.74986
v 1.01393 -0.12848 1.74285
v 1.01682 -0.12848 1.73444
v 1.01682 -0.12848 1.72556
v 1.01393 -0.12848 1.71715
v 1.00847 -0.12848 1.71014
v 1.00103 -0.12848 1.70527
v 0.992414 -0.12848 1.70309
v 0.983556 -0.12848 1.70383
v 0.975417 -0.12848 1.7074
v 0.968877 -0.12848 1.71342
v 0.964647 -0.12848 1.72123
v -1.01682 -0.12848 -1.72
v -1.01535 -0.12848 -1.71123
v -1.01112 -0.12848 -1.70342
v -1.00458 -0.12848 -1.6974
v -0.996444 -0.12848 -1.69383
v -0.987586 -0.12848 -1.69309
v -0.97897 -0.12848 -1.69527
v -0.971529 -0.12848 -1.70014
v -0.96607 -0.12848 -1.70715
v -0.963184 -0.12848 -1.72444
v -0.96607 -0.12848 -1.73285
v -0.971529 -0.12848 -1.73986
v -0.97897 -0.12848 -1.74473
v -0.987586 -0.12848 -1.74691
v -0.996444 -0.12848 -1.74617
v -1.00458 -0.12848 -1.7426
v -1.01112 -0.12848 -1.73658
v -1.01535 -0.12848 -1.72877
v 0.964647 -0.12848 -1.71123
v 0.968877 -0.12848 -1.70342
v 0.975417 -0.12848 -1.6974
v 0.983556 -0.12848 -1.69383
v 0.992414 -0.12848 -1.69309
v 1.00103 -0.12848 -1.69527
v 1.00847 -0.12848 -1.70014
v 1.01393 -0.12848 -1.70715
v 1.01682 -0.12848 -1.71556
v 1.01682 -0.12848 -1.72444
v 1.01393 -0.12848 -1.73285
v 1.00847 -0.12848 -1.73986
v 1.00103 -0.12848 -1.74473
v 0.992414 -0.12848 -1.74691
v 0.983556 -0.12848 -1.74617
v 0.975417 -0.12848 -1.7426
v 0.968877 -0.12848 -1.73658
v 0.964647 -0.12848 -1.72877
v 0.952647 -0.177734 1.72126
v -0.951184 -0.177734 1.72553
v -0.95407 -0.177734 -1.70717
v 0.952647 -0.177734 -1.71121
v -1.02974 -0.201133 1.7437
v -1.03202 -0.201133 1.73
v -1.02312 -0.201133 1.75592
v -1.0129 -0.201133 1.76533
v -1.00018 -0.201133 1.77092
v -0.98633 -0.201133 1.77206
v -0.972861 -0.201133 1.76865
v -0.96123 -0.201133 1.76105
v -0.962218 -0.201133 1.76232
v -0.959997 -0.201133 1.70518
v -0.952696 -0.201133 1.70991
v -0.96123 -0.201133 1.69895
v -0.972861 -0.201133 1.69135
v -0.98633 -0.201133 1.68794
v -1.00018 -0.201133 1.68908
v -1.0129 -0.201133 1.69467
v -1.02312 -0.201133 1.70408
v -1.02974 -0.201133 1.7163
v 0.957642 -0.201133 1.75734
v 0.956877 -0.201133 1.75592
v 0.967099 -0.201133 1.76533
v 0.979823 -0.201133 1.77092
v 0.99367 -0.201133 1.77206
v 1.00714 -0.201133 1.76865
v 1.01877 -0.201133 1.76105
v 1.0273 -0.201133 1.75009
v 1.03182 -0.201133 1.73695
v 1.03182 -0.201133 1.72305
v 1.0273 -0.201133 1.70991
v 1.01877 -0.201133 1.69895
v 1.00714 -0.201133 1.69135
v 0.99367 -0.201133 1.68794
v 0.979823 -0.201133 1.68908
v 0.967099 -0.201133 1.69467
v 0.956877 -0.201133 1.70408
v 0.963471 -0.201133 1.70161
v -1.02974 -0.201133 -1.7063
v -1.03202 -0.201133 -1.72
v -1.02312 -0.201133 -1.69408
v -1.0129 -0.201133 -1.68467
v -1.00018 -0.201133 -1.67908
v -0.98633 -0.201133 -1.67794
v -0.972861 -0.201133 -1.68135
v -0.96123 -0.201133 -1.68895
v -0.966728 -0.201133 -1.68824
v -0.953218 -0.201133 -1.74161
v -0.952696 -0.201133 -1.74009
v -0.96123 -0.201133 -1.75105
v -0.972861 -0.201133 -1.75865
v -0.98633 -0.201133 -1.76206
v -1.00018 -0.201133 -1.76092
v -1.0129 -0.201133 -1.75533
v -1.02312 -0.201133 -1.74592
v -1.02974 -0.201133 -1.7337
v 0.963506 -0.201133 -1.69159
v 0.956877 -0.201133 -1.69408
v 0.967099 -0.201133 -1.68467
v 0.979823 -0.201133 -1.67908
v 0.99367 -0.201133 -1.67794
v 1.00714 -0.201133 -1.68135
v 1.01877 -0.201133 -1.68895
v 1.0273 -0.201133 -1.69991
v 1.03182 -0.201133 -1.71305
v 1.03182 -0.201133 -1.72695
v 1.0273 -0.201133 -1.74009
v 1.01877 -0.201133 -1.75105
v 1.00714 -0.201133 -1.75865
v 0.99367 -0.201133 -1.76206
v 0.979823 -0.201133 -1.76092
v 0.967099 -0.201133 -1.75533
v 0.956877 -0.201133 -1.74592
v 0.957642 -0.201133 -1.74734
v -0.964218 -0.183548 1.71056
v 0.965613 -0.183548 1.70623
v -0.967038 -0.183548 -1.69215
v 0.965679 -0.183548 -1.69624
v -1.03202 -0.14148 1.73
v -1.02974 -0.14148 1.7437
v -1.02312 -0.14148 1.75592
v -1.0129 -0.14148 1.76533
v -1.00018 -0.14148 1.77092
v -0.98633 -0.14148 1.77206
v -0.972861 -0.14148 1.76865
v -0.96123 -0.14148 1.76105
v -0.962218 -0.14148 1.76232
v -0.961179 -0.14148 1.70434
v -0.952696 -0.14148 1.70991
v -0.96123 -0.14148 1.69895
v -0.972861 -0.14148 1.69135
v -0.98633 -0.14148 1.68794
v -1.00018 -0.14148 1.68908
v -1.0129 -0.14148 1.69467
v -1.02312 -0.14148 1.70408
v -1.02974 -0.14148 1.7163
v 0.957642 -0.14148 1.75734
v 0.956877 -0.14148 1.75592
v 0.967099 -0.14148 1.76533
v 0.979823 -0.14148 1.77092
v 0.99367 -0.14148 1.77206
v 1.00714 -0.14148 1.76865
v 1.01877 -0.14148 1.76105
v 1.0273 -0.14148 1.75009
v 1.03182 -0.14148 1.73695
v 1.03182 -0.14148 1.72305
v 1.0273 -0.14148 1.70991
v 1.01877 -0.14148 1.69895
v 1.00714 -0.14148 1.69135
v 0.99367 -0.14148 1.68794
v 0.979823 -0.14148 1.68908
v 0.967099 -0.14148 1.69467
v 0.956877 -0.14148 1.70408
v 0.964763 -0.14148 1.70084
v -1.03202 -0.14148 -1.72
v -1.02974 -0.14148 -1.7063
v -1.02312 -0.14148 -1.69408
v -1.0129 -0.14148 -1.68467
v -1.00018 -0.14148 -1.67908
v -0.98633 -0.14148 -1.67794
v -0.972861 -0.14148 -1.68135
v -0.96123 -0.14148 -1.68895
v -0.968118 -0.14148 -1.68756
v -0.953218 -0.14148 -1.74161
v -0.952696 -0.14148 -1.74009
v -0.96123 -0.14148 -1.75105
v -0.972861 -0.14148 -1.75865
v -0.98633 -0.14148 -1.76206
v -1.00018 -0.14148 -1.76092
v -1.0129 -0.14148 -1.75533
v -1.02312 -0.14148 -1.74592
v -1.02974 -0.14148 -1.7337
v 0.964799 -0.14148 -1.69082
v 0.956877 -0.14148 -1.69408
v 0.967099 -0.14148 -1.68467
v 0.979823 -0.14148 -1.67908
v 0.99367 -0.14148 -1.67794
v 1.00714 -0.14148 -1.68135
v 1.01877 -0.14148 -1.68895
v 1.0273 -0.14148 -1.69991
v 1.03182 -0.14148 -1.71305
v 1.03182 -0.14148 -1.72695
v 1.0273 -0.14148 -1.74009
v 1.01877 -0.14148 -1.75105
v 1.00714 -0.14148 -1.75865
v 0.99367 -0.14148 -1.76206
v 0.979823 -0.14148 -1.76092
v 0.967099 -0.14148 -1.75533
v 0.956877 -0.14148 -1.74592
v 0.957642 -0.14148 -1.74734
v 0.965613 -0.179295 1.70623
v -0.964218 -0.179295 1.71056
v -0.967038 -0.179295 -1.69215
v 0.965679 -0.179295 -1.69624
v -0.96607 -0.214133 1.74285
v -0.963184 -0.214133 1.73444
v -0.963184 -0.214133 1.72556
v 0.964647 -0.214133 1.73877
v 0.963184 -0.214133 1.73
v 0.964647 -0.214133 1.72123
v -0.96607 -0.214133 -1.70715
v -0.963184 -0.214133 -1.71556
v -0.963184 -0.214133 -1.72444
v 0.964647 -0.214133 -1.71123
v 0.963184 -0.214133 -1.72
v 0.964647 -0.214133 -1.72877
v -0.944142 -0.04 -1.67086
v -0.91 -0.04 -1.685
v -0.91 -0.0741421 -1.67086
v -0.944142 -0.0741421 -1.65672
v -0.944142 -0.101716 -1.62914
v -0.91 -0.115858 -1.62914
v -0.91 -0.13 -1.595
v -0.944142 -0.115858 -1.595
v -1 -0.04 -1.595
v -0.985858 -0.04 -1.62914
v -0.971716 -0.0741421 -1.62914
v -0.985858 -0.0741421 -1.595
v -0.944142 -0.115858 1.605
v -0.91 -0.13 1.605
v -0.91 -0.115858 1.63914
v -0.944142 -0.101716 1.63914
v -0.944142 -0.0741421 1.66672
v -0.91 -0.0741421 1.68086
v -0.91 -0.04 1.695
v -0.944142 -0.04 1.68086
v -0.971716 -0.0741421 1.63914
v -0.985858 -0.04 1.63914
v -1 -0.04 1.605
v -0.985858 -0.0741421 1.605
v -0.944142 3.27826e-009 1.68086
v -0.91 3.27826e-009 1.695
v -0.91 0.0341421 1.68086
v -0.944142 0.0341421 1.66672
v -0.944142 0.0617157 1.63914
v -0.91 0.0758579 1.63914
v -0.91 0.09 1.605
v -0.944142 0.0758579 1.605
v -0.971716 0.0341421 1.63914
v -0.985858 0.0341421 1.605
v -1 3.27826e-009 1.605
v -0.985858 3.27826e-009 1.63914
v -1 3.27826e-009 -1.595
v -0.985858 0.0341421 -1.595
v -0.971716 0.0341421 -1.62914
v -0.985858 3.27826e-009 -1.62914
v -0.944142 0.0758579 -1.595
v -0.91 0.09 -1.595
v -0.91 0.0758579 -1.62914
v -0.944142 0.0617157 -1.62914
v -0.944142 0.0341421 -1.65672
v -0.91 0.0341421 -1.67086
v -0.91 3.27826e-009 -1.685
v -0.944142 3.27826e-009 -1.67086
v 0.9 -0.04 -1.685
v 0.934142 -0.04 -1.67086
v 0.934142 -0.0741421 -1.65672
v 0.9 -0.0741421 -1.67086
v 0.961716 -0.0741421 -1.62914
v 0.975858 -0.04 -1.62914
v 0.99 -0.04 -1.595
v 0.975858 -0.0741421 -1.595
v 0.934142 -0.101716 -1.62914
v 0.934142 -0.115858 -1.595
v 0.9 -0.13 -1.595
v 0.9 -0.115858 -1.62914
v 0.99 -0.04 1.605
v 0.975858 -0.04 1.63914
v 0.961716 -0.0741421 1.63914
v 0.975858 -0.0741421 1.605
v 0.934142 -0.0741421 1.66672
v 0.934142 -0.04 1.68086
v 0.9 -0.04 1.695
v 0.9 -0.0741421 1.68086
v 0.9 -0.115858 1.63914
v 0.9 -0.13 1.605
v 0.934142 -0.115858 1.605
v 0.934142 -0.101716 1.63914
v 0.98 3.27826e-009 1.605
v 0.975858 0.0341421 1.605
v 0.961716 0.0341421 1.63914
v 0.975858 3.27826e-009 1.63914
v 0.934142 0.0617157 1.63914
v 0.934142 0.0758579 1.605
v 0.9 0.09 1.605
v 0.9 0.0758579 1.63914
v 0.9 0.0341421 1.68086
v 0.9 3.27826e-009 1.695
v 0.934142 3.27826e-009 1.68086
v 0.934142 0.0341421 1.66672
v 0.961716 0.0341421 -1.62914
v 0.975858 0.0341421 -1.595
v 0.98 3.27826e-009 -1.595
v 0.975858 3.27826e-009 -1.62914
v 0.934142 0.0341421 -1.65672
v 0.934142 3.27826e-009 -1.67086
v 0.9 3.27826e-009 -1.685
v 0.9 0.0341421 -1.67086
v 0.9 0.0758579 -1.62914
v 0.9 0.09 -1.595
v 0.934142 0.0758579 -1.595
v 0.934142 0.0617157 -1.62914
vn -0.945817 0 0.324701
vn -1 0 0
vn -0.789141 0 0.614212
vn -0.54695 0 0.837165
vn -0.245486 0 0.9694
vn 0.0825776 0 0.996585
vn 0.0825776 0 0.996585
vn 0.401695 0 0.915773
vn 0.401695 0 0.915773
vn 0.677285 0 0.735721
vn 0.677284 0 0.735721
vn 0.879476 0 0.475944
vn 0.851685 0 0.524053
vn 0.879475 0 0.475944
vn 0.986362 0 0.164593
vn 0.964392 0 0.264476
vn 0.986362 0 0.164593
vn 0.986362 0 -0.164593
vn 0.975698 0 -0.219119
vn 0.879474 0 -0.475948
vn 0.881071 -0.210209 -0.423705
vn 0.911835 -0.239793 -0.333251
vn 0.677281 0 -0.735724
vn 0.401695 0 -0.915773
vn 0.401695 0 -0.915773
vn 0.0825776 0 -0.996585
vn 0.0825776 0 -0.996585
vn -0.245486 0 -0.9694
vn -0.546946 0 -0.837168
vn -0.78914 0 -0.614213
vn -0.78914 0 -0.614213
vn -0.945818 0 -0.324698
vn -0.945818 0 -0.324698
vn -0.99477 0 0.10214
vn -0.926324 0 0.376728
vn -0.789141 0 0.614212
vn 0.677285 0 0.735721
vn -0.948128 -0.132562 -0.288931
vn -0.926325 0 -0.376724
vn 0 1 0
vn 0.231357 -0.817484 0.527441
vn 0.390084 -0.817483 0.423741
vn 0.506536 -0.817483 0.274121
vn 0.568097 -0.817484 0.0947978
vn 0.568097 -0.817484 -0.0947978
vn 0.506534 -0.817484 -0.274123
vn 0.390082 -0.817483 -0.423742
vn 0.231357 -0.817484 -0.527442
vn 0.0475608 -0.817484 -0.573985
vn -0.141388 -0.817484 -0.558327
vn -0.315015 -0.817484 -0.482168
vn -0.454506 -0.817484 -0.353757
vn -0.544745 -0.817484 -0.18701
vn -0.575952 -0.817484 -3.36821e-008
vn -0.544745 -0.817484 0.187012
vn -0.454508 -0.817483 0.353757
vn -0.315017 -0.817483 0.482167
vn -0.141388 -0.817484 0.558328
vn 0.0475607 -0.817484 0.573984
vn 0.231357 -0.817484 0.527441
vn 0.390084 -0.817483 0.423741
vn 0.506536 -0.817483 0.274121
vn 0.568097 -0.817483 0.094798
vn 0.231357 -0.817483 -0.527442
vn 0.0475609 -0.817483 -0.573985
vn -0.315015 -0.817483 -0.482169
vn -0.454507 -0.817484 -0.353757
vn -0.575952 -0.817483 5.61368e-008
vn -0.544746 -0.817483 0.187012
vn -0.454508 -0.817483 0.353757
vn -0.315017 -0.817483 0.482167
vn -0.141388 -0.817484 0.558328
vn 0.656525 -0.245686 0.713171
vn 0.852518 -0.245688 0.461357
vn 0.956128 -0.245689 0.15955
vn 0.956128 -0.245688 -0.159549
vn 0.852516 -0.245689 -0.46136
vn 0.656521 -0.245688 -0.713175
vn 0.389383 -0.245686 -0.887704
vn 0.0800488 -0.245687 -0.966038
vn -0.237964 -0.24569 -0.939686
vn -0.530181 -0.245688 -0.811508
vn -0.764951 -0.245688 -0.595389
vn -0.916828 -0.245687 -0.314744
vn -0.969349 -0.245688 1.79629e-006
vn -0.916827 -0.245688 0.314747
vn -0.764954 -0.245687 0.595384
vn -0.530187 -0.245688 0.811504
vn -0.237962 -0.245689 0.939686
vn 0.0800486 -0.245689 0.966038
vn 0.389384 -0.245687 0.887704
vn -0.969349 -0.245688 0
vn -0.916826 -0.245688 0.314749
vn -0.764952 -0.245688 0.595386
vn -0.530186 -0.245689 0.811504
vn -0.237963 -0.245689 0.939686
vn 0.0800482 -0.245689 0.966038
vn 0.389386 -0.245688 0.887703
vn 0.656525 -0.245687 0.713171
vn 0.852517 -0.245688 0.461358
vn 0.956128 -0.245689 0.159549
vn 0.656521 -0.245688 -0.713174
vn 0.389384 -0.245687 -0.887704
vn 0.0800483 -0.245688 -0.966038
vn -0.237963 -0.24569 -0.939686
vn -0.530182 -0.245689 -0.811507
vn -0.764951 -0.24569 -0.595388
vn -0.916827 -0.245689 -0.314745
vn 0.600745 0.461783 0.652581
vn 0.780088 0.461782 0.422161
vn 0.660692 0.644462 0.38491
vn 0.535323 0.644463 0.545983
vn 0.874896 0.461782 0.145994
vn 0.749873 0.644462 0.149529
vn 0.683599 0.644462 0.342581
vn 0.874896 0.461783 -0.145993
vn 0.757795 0.644462 -0.102055
vn 0.757795 0.644462 0.102056
vn 0.780086 0.461783 -0.422163
vn 0.683597 0.644463 -0.342582
vn 0.749873 0.644462 -0.149528
vn 0.600741 0.461783 -0.652585
vn 0.53532 0.644462 -0.545986
vn 0.660689 0.644463 -0.384912
vn 0.356302 0.461783 -0.812284
vn 0.329037 0.644462 -0.69022
vn 0.499909 0.644462 -0.578584
vn 0.0732496 0.461784 -0.883963
vn 0.0870975 0.644463 -0.759659
vn 0.284963 0.644462 -0.709553
vn -0.217747 0.461782 -0.859851
vn -0.164287 0.644462 -0.746779
vn 0.0391314 0.644463 -0.763634
vn -0.485139 0.461781 -0.742562
vn -0.397864 0.644461 -0.652973
vn -0.210947 0.644462 -0.734963
vn -0.69996 0.461783 -0.544804
vn -0.588323 0.644463 -0.48841
vn -0.438154 0.644461 -0.626651
vn -0.838935 0.461782 -0.288004
vn -0.715035 0.644462 -0.270914
vn -0.617886 0.644463 -0.450427
vn -0.886994 0.461781 1.48375e-006
vn -0.764258 0.644461 -0.0240637
vn -0.730663 0.644462 -0.225391
vn -0.838934 0.461782 0.288007
vn -0.730662 0.644462 0.225394
vn -0.764258 0.644461 0.0240666
vn -0.699965 0.461781 0.5448
vn -0.61789 0.644461 0.450424
vn -0.715034 0.644462 0.270915
vn -0.485143 0.461782 0.742558
vn -0.438158 0.644462 0.626646
vn -0.588327 0.644462 0.488406
vn -0.217745 0.461782 0.859851
vn -0.210945 0.644462 0.734963
vn -0.397867 0.644462 0.652971
vn 0.0732497 0.461782 0.883964
vn 0.0391314 0.644462 0.763635
vn -0.164286 0.644462 0.746779
vn 0.356303 0.461783 0.812283
vn 0.284963 0.644463 0.709552
vn 0.0870976 0.644462 0.75966
vn 0.499912 0.644463 0.578581
vn 0.329037 0.644463 0.690219
vn 0.356303 0.461783 -0.812284
vn 0.073249 0.461783 -0.883963
vn 0.0870966 0.644463 -0.759659
vn 0.284963 0.644462 -0.709552
vn -0.217746 0.461782 -0.859851
vn -0.164286 0.644462 -0.746779
vn 0.0391309 0.644463 -0.763634
vn -0.485138 0.461782 -0.742562
vn -0.397863 0.644461 -0.652973
vn -0.210946 0.644462 -0.734963
vn -0.699961 0.461784 -0.544802
vn -0.588324 0.644463 -0.488408
vn -0.438154 0.644461 -0.62665
vn -0.838934 0.461783 -0.288004
vn -0.715035 0.644462 -0.270913
vn -0.617887 0.644463 -0.450426
vn -0.886993 0.461782 -8.28493e-008
vn -0.764257 0.644462 -0.0240647
vn -0.730662 0.644462 -0.225391
vn -0.838933 0.461783 0.288007
vn -0.730662 0.644462 0.225393
vn -0.764258 0.644462 0.0240649
vn -0.699963 0.461782 0.544802
vn -0.617888 0.644462 0.450425
vn -0.715033 0.644463 0.270915
vn -0.485142 0.461782 0.742559
vn -0.438158 0.644462 0.626647
vn -0.588326 0.644462 0.488407
vn -0.217746 0.461782 0.859851
vn -0.210945 0.644462 0.734963
vn -0.397866 0.644462 0.652971
vn 0.0732489 0.461782 0.883964
vn 0.0391309 0.644462 0.763635
vn -0.164286 0.644462 0.746779
vn 0.356304 0.461784 0.812283
vn 0.284964 0.644463 0.709552
vn 0.0870968 0.644462 0.75966
vn 0.600745 0.461783 0.652581
vn 0.499913 0.644462 0.57858
vn 0.329039 0.644463 0.690218
vn 0.780087 0.461783 0.422162
vn 0.660691 0.644462 0.38491
vn 0.535323 0.644463 0.545983
vn 0.874896 0.461783 0.145993
vn 0.749873 0.644462 0.149528
vn 0.683598 0.644462 0.342581
vn 0.757795 0.644462 -0.102055
vn 0.757795 0.644462 0.102055
vn 0.683597 0.644463 -0.342582
vn 0.749873 0.644462 -0.149528
vn 0.600742 0.461782 -0.652584
vn 0.535321 0.644462 -0.545985
vn 0.660689 0.644463 -0.384912
vn 0.329038 0.644462 -0.690219
vn 0.499911 0.644462 -0.578583
vn -0.546937 0.801364 0.242232
vn -0.501935 0.801364 0.325388
vn -0.219375 0.960584 0.170746
vn -0.262929 0.960583 0.0902636
vn -0.43865 0.801364 0.406697
vn -0.369088 0.801363 0.470735
vn -0.152049 0.960583 0.232725
vn -0.28283 0.801363 0.52709
vn -0.196242 0.801364 0.565071
vn -0.0682436 0.960583 0.269485
vn -0.0963577 0.801363 0.590366
vn -0.0021268 0.801363 0.598175
vn 0.022958 0.960583 0.277043
vn 0.100558 0.801364 0.589665
vn 0.192216 0.801364 0.566453
vn 0.111669 0.960583 0.254577
vn 0.286573 0.801364 0.525064
vn 0.365727 0.801364 0.473349
vn 0.188279 0.960583 0.204525
vn 0.441532 0.801364 0.403567
vn 0.499607 0.801364 0.328952
vn 0.244487 0.960584 0.132309
vn 0.548647 0.801364 0.238333
vn 0.579348 0.801364 0.148905
vn 0.274201 0.960583 0.0457554
vn 0.596306 0.801364 0.0472752
vn 0.596306 0.801364 -0.0472753
vn 0.2742 0.960583 -0.0457556
vn 0.579347 0.801364 -0.148905
vn 0.548646 0.801364 -0.238334
vn 0.244486 0.960584 -0.13231
vn 0.499605 0.801364 -0.328954
vn 0.44153 0.801364 -0.403568
vn 0.188278 0.960583 -0.204526
vn 0.365726 0.801363 -0.473351
vn 0.286572 0.801363 -0.525065
vn 0.111669 0.960583 -0.254578
vn 0.192216 0.801364 -0.566454
vn 0.100558 0.801364 -0.589665
vn 0.0229578 0.960583 -0.277042
vn -0.00212691 0.801364 -0.598174
vn -0.0963575 0.801364 -0.590365
vn -0.0682435 0.960583 -0.269485
vn -0.196242 0.801363 -0.565072
vn -0.28283 0.801363 -0.527091
vn -0.152048 0.960583 -0.232726
vn -0.369084 0.801363 -0.470737
vn -0.438647 0.801364 -0.4067
vn -0.219374 0.960583 -0.170747
vn -0.501935 0.801364 -0.325387
vn -0.546937 0.801364 -0.24223
vn -0.26293 0.960583 -0.0902635
vn -0.580393 0.801363 -0.14478
vn -0.595955 0.801363 -0.0515181
vn -0.277992 0.960583 2.35964e-007
vn -0.595955 0.801364 0.0515185
vn -0.580392 0.801364 0.14478
vn 0.441533 0.801364 0.403566
vn 0.499608 0.801363 0.328951
vn 0.244487 0.960583 0.132309
vn 0.188278 0.960583 0.204526
vn 0.548647 0.801363 0.238334
vn 0.579348 0.801363 0.148906
vn 0.274201 0.960583 0.0457556
vn 0.596307 0.801364 0.0472753
vn 0.596307 0.801363 -0.0472754
vn 0.274201 0.960583 -0.0457557
vn 0.579348 0.801363 -0.148905
vn 0.548646 0.801364 -0.238334
vn 0.244486 0.960584 -0.13231
vn 0.499605 0.801364 -0.328953
vn 0.441529 0.801364 -0.403569
vn 0.188277 0.960584 -0.204526
vn 0.365724 0.801364 -0.473352
vn 0.286571 0.801363 -0.525066
vn 0.111668 0.960583 -0.254578
vn 0.192216 0.801364 -0.566453
vn 0.100559 0.801364 -0.589664
vn 0.0229582 0.960583 -0.277042
vn -0.00212648 0.801364 -0.598174
vn -0.0963579 0.801364 -0.590365
vn -0.0682439 0.960584 -0.269485
vn -0.196243 0.801363 -0.565071
vn -0.28283 0.801363 -0.527091
vn -0.152048 0.960583 -0.232726
vn -0.369084 0.801363 -0.470738
vn -0.438646 0.801364 -0.406701
vn -0.219374 0.960583 -0.170747
vn -0.501935 0.801364 -0.325389
vn -0.546938 0.801363 -0.242231
vn -0.26293 0.960583 -0.0902636
vn -0.580393 0.801363 -0.144779
vn -0.595956 0.801363 -0.0515165
vn -0.277992 0.960583 7.45951e-007
vn -0.595955 0.801363 0.0515191
vn -0.580393 0.801363 0.14478
vn -0.26293 0.960583 0.0902638
vn -0.546937 0.801363 0.242233
vn -0.501935 0.801364 0.325388
vn -0.219375 0.960584 0.170745
vn -0.438651 0.801363 0.406696
vn -0.369089 0.801363 0.470734
vn -0.152048 0.960583 0.232725
vn -0.282829 0.801364 0.52709
vn -0.196241 0.801364 0.565071
vn -0.0682436 0.960583 0.269485
vn -0.0963576 0.801363 0.590366
vn -0.00212653 0.801363 0.598174
vn 0.0229582 0.960583 0.277042
vn 0.100559 0.801364 0.589665
vn 0.192216 0.801363 0.566454
vn 0.111669 0.960583 0.254578
vn 0.286571 0.801364 0.525065
vn 0.365725 0.801364 0.47335
vn -0.557982 0.807442 0.191556
vn -0.589948 0.807441 3.7433e-008
vn -0.557983 0.807442 -0.191554
vn -0.465551 0.807442 -0.362353
vn -0.322669 0.807442 -0.493885
vn -0.144824 0.807442 -0.571895
vn 0.0487164 0.807442 -0.587932
vn 0.236979 0.807442 -0.540257
vn 0.39956 0.807442 -0.434038
vn 0.518843 0.807442 -0.280784
vn 0.581901 0.807442 -0.0971014
vn 0.581901 0.807442 0.0971013
vn 0.518844 0.807442 0.280782
vn 0.399562 0.807442 0.434037
vn 0.236979 0.807442 0.540258
vn 0.0487164 0.807442 0.587932
vn -0.144824 0.807442 0.571895
vn -0.322672 0.807442 0.493883
vn -0.465552 0.807442 0.362353
vn -0.557982 0.807442 0.191556
vn -0.589947 0.807442 -3.36897e-008
vn -0.557983 0.807441 -0.191555
vn -0.465551 0.807442 -0.362353
vn -0.144824 0.807442 -0.571895
vn 0.0487164 0.807442 -0.587932
vn 0.518842 0.807442 -0.280784
vn 0.581901 0.807442 -0.0971013
vn 0.581902 0.807441 0.0971014
vn 0.518844 0.807442 0.280782
vn -0.144824 0.807442 0.571895
vn -0.322672 0.807442 0.493883
vn 0.879476 0 0.475944
vn 0.677285 0 0.735721
vn 0.401697 0 0.915773
vn 0.0825781 0 0.996585
vn -0.245487 0 0.9694
vn -0.54695 0 0.837165
vn -0.78914 0 0.614213
vn -0.945817 0 0.324699
vn -1 0 -5.51413e-007
vn -0.945818 0 -0.324697
vn -0.789141 0 -0.614212
vn -0.546947 0 -0.837167
vn -0.245486 0 -0.9694
vn 0.0825781 0 -0.996585
vn 0.401696 0 -0.915773
vn 0.677281 0 -0.735724
vn 0.879474 0 -0.475947
vn 0.986362 0 -0.164591
vn 0.986362 0 0.164592
vn 0.082578 0 -0.996585
vn 0.677282 0 -0.735724
vn 0.879473 0 -0.475948
vn 0.986361 0 -0.164594
vn 0.986361 0 0.164594
vn 0.879475 0 0.475945
vn 0.082578 0 0.996585
vn -0.245487 0 0.9694
vn -0.54695 0 0.837165
vn -0.789141 0 0.614212
vn -0.945817 0 0.324699
vn -1 0 2.74196e-006
vn -0.945818 0 -0.324696
vn -0.78914 0 -0.614213
vn -0.546946 0 -0.837168
vn -0.245485 0 -0.9694
vn 0 -1 0
vn -0.945817 0 0.324701
vn 0.897307 -0.129666 0.421932
vn 0.851686 0 0.524053
vn 0.998014 0 0.0629892
vn 0.975698 0 -0.219119
vn -0.887169 -0.103497 0.449687
vn -0.796824 -0.221167 0.562279
vn -0.862289 -0.244756 0.443342
vn 0.879476 0 0.475944
vn -0.99477 0 -0.102136
vn 0.656525 -0.245686 0.713171
vn 0.852518 -0.245688 0.461357
vn 0.956128 -0.245689 0.15955
vn 0.956128 -0.245688 -0.159549
vn 0.852516 -0.245689 -0.46136
vn 0.65652 -0.245688 -0.713175
vn 0.389383 -0.245686 -0.887704
vn 0.0800487 -0.245688 -0.966038
vn -0.237964 -0.24569 -0.939686
vn -0.530181 -0.245688 -0.811508
vn -0.764951 -0.245688 -0.595389
vn -0.916828 -0.245688 -0.314744
vn -0.969349 -0.245688 1.78874e-006
vn -0.916827 -0.245688 0.314747
vn -0.764954 -0.245688 0.595384
vn -0.530187 -0.245689 0.811504
vn -0.237962 -0.24569 0.939686
vn 0.0800486 -0.24569 0.966038
vn 0.389384 -0.245687 0.887703
vn -0.969349 -0.245688 0
vn -0.916826 -0.245688 0.314749
vn -0.764952 -0.245688 0.595386
vn -0.530186 -0.245689 0.811504
vn -0.237963 -0.24569 0.939686
vn 0.0800482 -0.24569 0.966038
vn 0.389386 -0.245688 0.887703
vn 0.656525 -0.245687 0.713171
vn 0.852517 -0.245688 0.461358
vn 0.956128 -0.245689 0.159549
vn 0.656521 -0.245688 -0.713174
vn 0.389384 -0.245687 -0.887704
vn 0.0800483 -0.245688 -0.966038
vn -0.237963 -0.24569 -0.939686
vn -0.530182 -0.245689 -0.811507
vn -0.764951 -0.24569 -0.595388
vn -0.916827 -0.245689 -0.314745
vn -0.00224229 1.2122e-006 -0.999997
vn -0.0022437 7.26282e-008 -0.999997
vn -0.0022437 7.26282e-008 -0.999997
vn 0.00211508 3.80372e-007 0.999998
vn 0.00211552 8.06792e-009 0.999998
vn 0.242402 0.939273 -0.242915
vn -0.24338 0.939085 -0.242662
vn -0.161455 0.973662 -0.160978
vn 0.160788 0.973748 -0.161128
vn -0.24236 0.939233 0.243109
vn -0.160764 0.97373 0.16126
vn 0.243398 0.939031 0.242853
vn 0.161471 0.973638 0.16111
vn 0.00133465 -0.803557 0.595226
vn 0.000702729 -0.94962 0.313402
vn -0.595227 -0.803557 0.000500419
vn -0.313403 -0.94962 0.000263483
vn -0.00125895 -0.803557 -0.595226
vn -0.000662869 -0.94962 -0.313402
vn 0.595227 -0.803557 0
vn 0.313403 -0.94962 0
vn -0.216792 -0.951689 0.217461
vn -0.217711 -0.951569 -0.217069
vn 0.216827 -0.951721 -0.217286
vn 0.217729 -0.951525 0.217241
vn 0.789143 0 0.614209
vn 0.973994 0.120173 -0.19208
vn -0.945818 0 -0.324698
vn -0.879473 0 0.47595
vn -0.799402 0.209814 -0.562969
vn -0.807227 0.268712 -0.525527
vn 0.00211508 0 0.999998
vn 0.00211508 0 0.999998
vn 0.693215 0.222053 0.685671
vn 0.743886 0.279447 0.607077
vn 0.945818 0 -0.324697
vn -0.938953 0.119408 0.32266
vn -0.879476 0 -0.475944
vn -0.00224229 0 -0.999997
vn -0.00224229 0 -0.999997
vn -0.00224511 0 -0.999997
vn -0.00224511 0 -0.999997
vn 0.00211597 0 0.999998
vn 0.00211597 0 0.999998
vn 1 0 0
vn -1 0 0.000840718
vn 0.640923 0.760118 0.10695
vn 0.571469 0.760119 0.309261
vn 0.440088 0.760119 0.47806
vn 0.261015 0.760118 0.595056
vn 0.0536577 0.760118 0.647566
vn -0.159513 0.760118 0.629902
vn -0.3554 0.760118 0.543977
vn -0.512772 0.760118 0.399106
vn -0.814319 0.524747 0.248042
vn -0.8702 0.356556 0.340031
vn -0.896803 0.122376 0.425168
vn -0.968638 0.0838756 0.233893
vn -0.925007 0.362849 0.112711
vn -0.732125 -0.151012 0.66422
vn -0.707025 -0.471871 0.526739
vn -0.788262 -0.321385 0.524743
vn -0.724045 -0.496407 0.478894
vn -0.57217 -0.697188 0.431915
vn -0.3554 -0.760118 0.543977
vn -0.159513 -0.760118 0.629902
vn 0.0536577 -0.760118 0.647566
vn 0.261016 -0.760118 0.595056
vn 0.440089 -0.760119 0.47806
vn 0.571469 -0.760119 0.309261
vn 0.640922 -0.760119 0.10695
vn 0.640923 -0.760118 -0.10695
vn 0.571468 -0.760119 -0.309263
vn 0.440087 -0.760119 -0.478062
vn 0.261015 -0.760119 -0.595055
vn 0.0536577 -0.760118 -0.647566
vn -0.159513 -0.760118 -0.629902
vn -0.355397 -0.760118 -0.543979
vn -0.51277 -0.76012 -0.399105
vn -0.575995 -0.75569 -0.31171
vn -0.995235 0 0.0975055
vn -0.935661 0 0.3529
vn -0.575996 0.755689 -0.31171
vn -0.51277 0.760119 -0.399106
vn -0.355397 0.760119 -0.543978
vn -0.159513 0.760119 -0.629901
vn 0.0536577 0.760118 -0.647566
vn 0.261016 0.760118 -0.595056
vn 0.440087 0.760118 -0.478062
vn 0.571467 0.760119 -0.309263
vn 0.640922 0.760119 -0.10695
vn 0.99771 0 0.067633
vn 0.980985 0 -0.194082
vn 0.516834 0.755689 0.402264
vn 0.440089 0.760118 0.47806
vn 0.261016 0.760118 0.595056
vn -0.159513 0.760118 0.629902
vn -0.3554 0.760118 0.543978
vn -0.614577 0.760119 0.210985
vn -0.649784 0.760119 -2.62299e-008
vn -0.614578 0.760118 -0.210984
vn -0.51277 0.760119 -0.399106
vn -0.355397 0.760119 -0.543978
vn -0.159513 0.760118 -0.629901
vn 0.0536577 0.760118 -0.647566
vn 0.571468 0.760119 -0.309263
vn 0.839934 0.524199 -0.140449
vn 0.910089 0.356105 -0.211959
vn 0.917387 0.125765 -0.377603
vn 0.990736 0.0892931 -0.102314
vn 0.926952 0.369596 0.0644861
vn 0.73204 -0.151012 -0.664314
vn 0.843048 -0.314134 -0.436567
vn 0.750112 -0.461475 -0.473681
vn 0.798857 -0.485552 -0.355058
vn 0.646951 -0.684503 -0.336021
vn 0.440087 -0.760119 -0.478062
vn -0.159513 -0.760118 -0.629902
vn -0.355397 -0.760118 -0.543979
vn -0.51277 -0.760119 -0.399106
vn -0.614578 -0.760119 -0.210983
vn -0.649785 -0.760118 -1.49885e-008
vn -0.614577 -0.760119 0.210985
vn -0.512772 -0.760118 0.399106
vn -0.159513 -0.760118 0.629902
vn 0.0536577 -0.760118 0.647566
vn 0.440089 -0.760118 0.478061
vn 0.516834 -0.755689 0.402264
vn 0.619446 0.755689 -0.212654
vn 0.864816 0 0.502089
vn 0.965613 0 0.259985
vn 0.619445 -0.755689 -0.212654
vn 0.571468 -0.760118 -0.309264
vn 0.724464 -0.588195 0.359415
vn 0.844379 -0.305672 0.439988
vn 0.849445 -0.196108 0.489882
vn 0.928586 -0.125122 0.349389
vn 0.873462 -0.405144 0.270042
vn 0.749383 0.0898044 0.656019
vn 0.87634 0.0709175 0.476445
vn 0.852459 0.299936 0.428197
vn 0.634943 0.497285 0.591231
vn 0.492495 0.69821 0.519569
vn 0.697322 0.414916 0.584454
vn -0.762384 -0.590148 -0.265512
vn -0.899394 -0.307467 -0.310733
vn -0.870049 -0.20304 -0.44921
vn -0.970686 -0.134981 -0.198871
vn -0.905651 -0.417914 -0.0717282
vn -0.749468 0.0898044 -0.655922
vn -0.74483 0.399052 -0.534776
vn -0.729716 0.485161 -0.481802
vn -0.583198 0.684044 -0.438136
vn -0.575994 0.755689 0.311714
vn -0.935663 0 -0.352895
vn -0.995235 0 -0.0975027
vn -0.575994 -0.755688 0.311714
vn -0.512772 -0.760118 0.399106
vn -1 0 -7.02485e-007
vn -0.945817 0 0.324701
vn -0.78914 0 0.614213
vn -0.546949 0 0.837166
vn -0.245485 0 0.9694
vn 0.0825773 0 0.996585
vn 0.401696 0 0.915773
vn 0.546951 0 0.837165
vn -0.789149 0 -0.614202
vn -0.549124 0.000915202 0.835741
vn 0.789141 0 -0.614212
vn 0.677281 0 -0.735724
vn 0.401693 0 -0.915774
vn 0.0825773 0 -0.996585
vn -0.245483 0 -0.969401
vn -0.546942 0 -0.83717
vn -0.78914 0 -0.614213
vn -0.945818 0 -0.324696
vn 0.879465 0 -0.475963
vn -0.677285 0 0.735721
vn -0.54695 0 0.837165
vn -0.245486 0 0.9694
vn 0.0825775 0 0.996585
vn 0.401694 0 0.915774
vn 0.677283 0 0.735722
vn 0.879476 0 0.475943
vn 0.986362 0 0.164592
vn 0.986362 0 -0.164592
vn 0.879475 0 -0.475946
vn 0.67728 0 -0.735726
vn 0.0825775 0 -0.996585
vn -0.245483 0 -0.969401
vn -0.546943 0 -0.83717
vn -0.677278 0 -0.735727
vn 0.379789 0 0.925073
vn -0.197317 0 -0.98034
vn -0.945822 0 0.324684
vn 0.380407 0.00366762 -0.924812
vn 0.879463 0 0.475968
vn -0.946377 0.0246615 0.322121
vn -0.979326 -0.192035 0.06359
vn 0.898532 0 0.438909
vn 0.971921 0.122951 0.200628
vn 0.921761 0.107157 0.372657
vn 0.967569 -0.182937 0.174195
vn -0.987057 0 -0.160372
vn -0.992858 0.119285 -0.00220586
vn -0.819365 -0.164907 -0.549042
vn -0.549042 -0.164907 -0.819365
vn -0.489089 -0.489089 -0.722207
vn -0.722208 -0.489089 -0.489089
vn 0.549042 -0.819365 -0.164907
vn 0.549042 -0.819365 0.164907
vn 0.191962 -0.962445 0.191962
vn 0.191962 -0.962445 -0.191962
vn 0.942235 0.0419549 0.332315
vn 0.90048 -0.125586 0.41637
vn 0.983493 -0.130505 0.125335
vn 0.990779 0.121308 0.060337
vn -0.164907 -0.549042 -0.819365
vn -0.164907 -0.819365 -0.549042
vn -0.489089 -0.722208 -0.489089
vn -0.549042 0.819365 -0.164907
vn -0.549042 0.819365 0.164907
vn -0.191962 0.962445 0.191962
vn -0.191962 0.962445 -0.191962
vn 0.164907 -0.819365 -0.549042
vn -0.191962 -0.962445 -0.191962
vn -0.819365 0.549041 0.164907
vn -0.722208 0.489089 0.489089
vn -0.489089 0.722208 0.489089
vn -0.819365 0.164907 0.549041
vn -0.549042 0.164907 0.819365
vn -0.489089 0.489089 0.722207
vn -0.819365 -0.164907 0.549041
vn -0.962445 0.191962 0.191962
vn -0.962445 -0.191962 0.191962
vn 0.164907 -0.549042 -0.819365
vn -0.191962 -0.191962 -0.962445
vn 0.191962 -0.191962 -0.962445
vn 0.819365 -0.549042 0.164907
vn 0.819365 -0.549041 -0.164907
vn 0.971881 -0.131376 -0.195416
vn -0.819365 0.164907 -0.549042
vn -0.962445 -0.191962 -0.191962
vn -0.962445 0.191962 -0.191962
vn -0.549042 0.164907 -0.819365
vn -0.191962 0.191962 -0.962445
vn 0.489089 -0.722208 -0.489089
vn 0.722208 -0.489089 -0.489089
vn 0.489089 -0.489089 -0.722207
vn 0.164907 0.549042 0.819365
vn -0.164907 0.549042 0.819365
vn -0.191962 0.191962 0.962445
vn 0.191962 0.191962 0.962445
vn 0.549042 -0.164907 -0.819365
vn 0.819365 -0.164907 -0.549041
vn 0.549042 -0.164907 0.819365
vn 0.549042 0.164907 0.819365
vn 0.191962 -0.191962 0.962445
vn 0.549042 0.819365 0.164907
vn 0.549042 0.819365 -0.164907
vn 0.191962 0.962445 -0.191962
vn 0.191962 0.962445 0.191962
vn 0.90048 0.41637 -0.125586
vn 0.942235 0.332315 0.0419549
vn 0.964096 0.185224 -0.190292
vn 0.835802 0.141218 0.530558
vn 0.779998 0.442495 0.442495
vn 0.489089 0.489089 0.722207
vn 0.164907 0.819365 0.549042
vn 0.489089 0.722208 0.489089
vn -0.164907 0.819365 -0.549042
vn -0.164907 0.549042 -0.819365
vn -0.489089 0.489089 -0.722207
vn -0.489089 0.722208 -0.489089
vn -0.722208 0.489089 -0.489089
vn -0.164907 0.819365 0.549042
vn -0.819365 0.549042 -0.164907
vn 0.819365 0.164907 -0.549041
vn 0.549042 0.164907 -0.819365
vn 0.191962 0.191962 -0.962445
vn 0.164907 0.549042 -0.819365
vn 0.164907 0.819365 -0.549042
vn -0.549042 -0.164907 0.819365
vn -0.191962 -0.191962 0.962445
vn -0.722208 -0.489089 0.489089
vn -0.489089 -0.489089 0.722207
vn -0.164907 -0.549042 0.819365
vn 0.164907 -0.549042 0.819365
vn -0.819365 -0.549041 0.164907
vn -0.549042 -0.819365 0.164907
vn -0.489089 -0.722208 0.489089
vn 0.164907 -0.819365 0.549042
vn 0.489089 -0.722208 0.489089
vn 0.489089 -0.489089 0.722207
vn -0.819365 -0.549042 -0.164907
vn -0.164907 -0.819365 0.549042
vn -0.191962 -0.962445 0.191962
vn 0.489089 0.722208 -0.489089
vn 0.489089 0.489089 -0.722207
vn 0.771154 0.597807 -0.218973
vn 0.722208 0.489089 -0.489089
vn -0.549042 -0.819365 -0.164907
vn 0.835802 0.530558 0.141218
vn 0.771153 -0.218973 0.597807
vn 0.722208 -0.489089 0.489089
vn 0.854557 -0.168337 0.49132
vn 0.89524 0.432639 0.106624
vn 0.89524 0.106624 0.432638
vn 0.854557 0.49132 -0.168336
vt 0.960937 0.687662
vt 0.960937 0.775283
vt 0.958396 0.775283
vt 0.958396 0.687662
vt 0.845583 0.76094
vt 0.845583 0.852517
vt 0.843042 0.852517
vt 0.843042 0.76094
vt 0.963203 0.687662
vt 0.963203 0.775283
vt 0.847849 0.76094
vt 0.847849 0.852517
vt 0.909036 0.687662
vt 0.909036 0.775283
vt 0.907448 0.775283
vt 0.907448 0.687662
vt 0.816753 0.76094
vt 0.816753 0.852517
vt 0.815165 0.852517
vt 0.815165 0.76094
vt 0.911012 0.687662
vt 0.911012 0.775283
vt 0.818729 0.76094
vt 0.818729 0.852517
vt 0.913163 0.687662
vt 0.913163 0.775283
vt 0.820879 0.76094
vt 0.820879 0.852517
vt 0.915255 0.687662
vt 0.915255 0.775283
vt 0.822971 0.76094
vt 0.822971 0.852517
vt 0.917061 0.687662
vt 0.917061 0.775283
vt 0.824778 0.76094
vt 0.824778 0.852517
vt 0.740949 0.687685
vt 0.740949 0.77696
vt 0.738627 0.77696
vt 0.738627 0.687685
vt 0.740949 0.840178
vt 0.740949 0.95551
vt 0.738627 0.95551
vt 0.738627 0.866235
vt 0.743731 0.687685
vt 0.743731 0.77696
vt 0.743731 0.840178
vt 0.743731 0.95551
vt 0.746672 0.687685
vt 0.746672 0.77696
vt 0.746672 0.840178
vt 0.746672 0.95551
vt 0.749454 0.687685
vt 0.749454 0.77696
vt 0.749454 0.866235
vt 0.749454 0.95551
vt 0.751775 0.687685
vt 0.751775 0.77696
vt 0.751775 0.866235
vt 0.751775 0.95551
vt 0.943861 0.687662
vt 0.943861 0.775283
vt 0.942055 0.775283
vt 0.942055 0.687662
vt 0.851578 0.76094
vt 0.851578 0.852517
vt 0.849771 0.852517
vt 0.849771 0.76094
vt 0.945953 0.687662
vt 0.945953 0.775283
vt 0.85367 0.76094
vt 0.85367 0.852517
vt 0.948104 0.687662
vt 0.948104 0.775283
vt 0.85582 0.76094
vt 0.85582 0.852517
vt 0.95008 0.687662
vt 0.95008 0.775283
vt 0.857796 0.76094
vt 0.857796 0.852517
vt 0.951667 0.687662
vt 0.951667 0.775283
vt 0.859384 0.76094
vt 0.859384 0.852517
vt 0.955856 0.687662
vt 0.955856 0.775283
vt 0.95359 0.775283
vt 0.95359 0.687662
vt 0.840501 0.76094
vt 0.840501 0.852517
vt 0.838236 0.852517
vt 0.838236 0.76094
vt 0.729335 0.687685
vt 0.729335 0.77696
vt 0.727843 0.77696
vt 0.727843 0.687685
vt 0.729335 0.840178
vt 0.729335 0.95551
vt 0.727843 0.95551
vt 0.727843 0.840178
vt 0.730665 0.687685
vt 0.730665 0.77696
vt 0.730665 0.866235
vt 0.730665 0.95551
vt 0.920571 0.687662
vt 0.920571 0.775283
vt 0.918984 0.775283
vt 0.918984 0.687662
vt 0.87443 0.76094
vt 0.87443 0.852517
vt 0.872842 0.852517
vt 0.872842 0.76094
vt 0.922548 0.687662
vt 0.922548 0.775283
vt 0.876406 0.76094
vt 0.876406 0.852517
vt 0.924698 0.687662
vt 0.924698 0.775283
vt 0.878556 0.76094
vt 0.878556 0.852517
vt 0.92679 0.687662
vt 0.92679 0.775283
vt 0.880648 0.76094
vt 0.880648 0.852517
vt 0.928597 0.687662
vt 0.928597 0.775283
vt 0.882455 0.76094
vt 0.882455 0.852517
vt 0.932216 0.687662
vt 0.932216 0.775283
vt 0.930519 0.775283
vt 0.930519 0.687662
vt 0.863004 0.76094
vt 0.863004 0.852517
vt 0.861307 0.852517
vt 0.861307 0.76094
vt 0.93425 0.687662
vt 0.93425 0.775283
vt 0.865038 0.76094
vt 0.865038 0.852517
vt 0.936401 0.687662
vt 0.936401 0.775283
vt 0.867188 0.76094
vt 0.867188 0.852517
vt 0.938435 0.687662
vt 0.938435 0.775283
vt 0.869222 0.76094
vt 0.869222 0.852517
vt 0.940132 0.687662
vt 0.940132 0.775283
vt 0.87092 0.76094
vt 0.87092 0.852517
vt 0.932326 0.777787
vt 0.932326 0.865408
vt 0.930519 0.865408
vt 0.930519 0.777787
vt 0.89772 0.76094
vt 0.89772 0.852517
vt 0.895913 0.852517
vt 0.895913 0.76094
vt 0.934418 0.777787
vt 0.934418 0.865408
vt 0.899811 0.76094
vt 0.899811 0.852517
vt 0.936568 0.777787
vt 0.936568 0.865408
vt 0.901962 0.76094
vt 0.901962 0.852517
vt 0.938544 0.777787
vt 0.938544 0.865408
vt 0.903938 0.76094
vt 0.903938 0.852517
vt 0.940132 0.777787
vt 0.940132 0.865408
vt 0.905526 0.76094
vt 0.905526 0.852517
vt 0.726352 0.687685
vt 0.726352 0.77696
vt 0.725022 0.77696
vt 0.725022 0.687685
vt 0.726352 0.840178
vt 0.726352 0.95551
vt 0.725022 0.95551
vt 0.725022 0.866235
vt 0.354032 0.777033
vt 0.354032 0.780918
vt 0.354508 0.784592
vt 0.03558 0.782807
vt 0.0358216 0.778975
vt 0.03558 0.775143
vt 0.897395 0.872674
vt 0.899022 0.871491
vt 0.902175 0.875301
vt 0.899265 0.877415
vt 0.900216 0.869785
vt 0.90431 0.87225
vt 0.900847 0.867741
vt 0.905438 0.868593
vt 0.900847 0.865579
vt 0.905438 0.864727
vt 0.900216 0.863535
vt 0.90431 0.86107
vt 0.899022 0.861829
vt 0.902175 0.858019
vt 0.897395 0.860646
vt 0.899265 0.855905
vt 0.895511 0.860116
vt 0.895896 0.854955
vt 0.893574 0.860294
vt 0.892432 0.855275
vt 0.891795 0.861163
vt 0.889249 0.856828
vt 0.890365 0.862627
vt 0.886691 0.859446
vt 0.88944 0.864528
vt 0.885037 0.862846
vt 0.88912 0.86666
vt 0.884465 0.86666
vt 0.88944 0.868792
vt 0.885037 0.870473
vt 0.890365 0.870693
vt 0.886691 0.873874
vt 0.891795 0.872157
vt 0.889249 0.876492
vt 0.893574 0.873026
vt 0.892432 0.878045
vt 0.895511 0.873204
vt 0.895896 0.878365
vt 0.978143 0.872674
vt 0.97977 0.871491
vt 0.982923 0.875301
vt 0.980013 0.877415
vt 0.980964 0.869785
vt 0.985058 0.87225
vt 0.981595 0.867741
vt 0.986186 0.868593
vt 0.981595 0.865579
vt 0.986186 0.864727
vt 0.980964 0.863535
vt 0.985058 0.86107
vt 0.97977 0.861829
vt 0.982923 0.858019
vt 0.978143 0.860646
vt 0.980013 0.855905
vt 0.976259 0.860116
vt 0.976644 0.854955
vt 0.974322 0.860294
vt 0.97318 0.855275
vt 0.972543 0.861163
vt 0.969997 0.856828
vt 0.971113 0.862627
vt 0.967439 0.859446
vt 0.970188 0.864528
vt 0.965785 0.862846
vt 0.969868 0.86666
vt 0.965213 0.86666
vt 0.970188 0.868792
vt 0.965785 0.870473
vt 0.971113 0.870693
vt 0.967439 0.873874
vt 0.972543 0.872157
vt 0.969997 0.876492
vt 0.974322 0.873026
vt 0.97318 0.878045
vt 0.976259 0.873204
vt 0.976644 0.878365
vt 0.83932 0.932108
vt 0.842671 0.932108
vt 0.842026 0.937681
vt 0.838323 0.937681
vt 0.846687 0.932108
vt 0.846464 0.937681
vt 0.850933 0.932108
vt 0.851156 0.937681
vt 0.85495 0.932108
vt 0.855594 0.937681
vt 0.858301 0.932108
vt 0.859297 0.937681
vt 0.862314 0.944983
vt 0.865882 0.944983
vt 0.865336 0.950556
vt 0.861394 0.950556
vt 0.870012 0.944983
vt 0.8699 0.950556
vt 0.874258 0.944983
vt 0.874592 0.950556
vt 0.87816 0.944983
vt 0.878904 0.950556
vt 0.881295 0.944983
vt 0.882368 0.950556
vt 0.735501 0.957858
vt 0.739974 0.957858
vt 0.739448 0.963431
vt 0.734505 0.963431
vt 0.744991 0.957858
vt 0.744991 0.963431
vt 0.750008 0.957858
vt 0.750535 0.963431
vt 0.754482 0.957858
vt 0.755478 0.963431
vt 0.931679 0.932108
vt 0.934814 0.932108
vt 0.934071 0.937681
vt 0.930607 0.937681
vt 0.938716 0.932108
vt 0.938382 0.937681
vt 0.942962 0.932108
vt 0.943074 0.937681
vt 0.947093 0.932108
vt 0.947639 0.937681
vt 0.95066 0.932108
vt 0.95158 0.937681
vt 0.768062 0.957858
vt 0.773079 0.957858
vt 0.773606 0.963431
vt 0.768062 0.963431
vt 0.777553 0.957858
vt 0.778549 0.963431
vt 0.908608 0.932108
vt 0.911743 0.932108
vt 0.911 0.937681
vt 0.907536 0.937681
vt 0.915645 0.932108
vt 0.915311 0.937681
vt 0.919891 0.932108
vt 0.920004 0.937681
vt 0.924022 0.932108
vt 0.924568 0.937681
vt 0.927589 0.932108
vt 0.928509 0.937681
vt 0.816249 0.932108
vt 0.8196 0.932108
vt 0.818955 0.937681
vt 0.815252 0.937681
vt 0.823616 0.932108
vt 0.823393 0.937681
vt 0.827862 0.932108
vt 0.828085 0.937681
vt 0.831879 0.932108
vt 0.832523 0.937681
vt 0.83523 0.932108
vt 0.836226 0.937681
vt 0.816173 0.944983
vt 0.81974 0.944983
vt 0.819194 0.950556
vt 0.815252 0.950556
vt 0.82387 0.944983
vt 0.823758 0.950556
vt 0.828117 0.944983
vt 0.82845 0.950556
vt 0.832019 0.944983
vt 0.832762 0.950556
vt 0.835154 0.944983
vt 0.836226 0.950556
vt 0.758572 0.957858
vt 0.763045 0.957858
vt 0.762518 0.963431
vt 0.757575 0.963431
vt 0.843251 0.942837
vt 0.840216 0.942837
vt 0.846887 0.942837
vt 0.850733 0.942837
vt 0.85437 0.942837
vt 0.857404 0.942837
vt 0.866373 0.955712
vt 0.863143 0.955712
vt 0.870113 0.955712
vt 0.873958 0.955712
vt 0.877492 0.955712
vt 0.88033 0.955712
vt 0.740448 0.968587
vt 0.736397 0.968587
vt 0.744991 0.968587
vt 0.749534 0.968587
vt 0.753585 0.968587
vt 0.935483 0.942837
vt 0.932644 0.942837
vt 0.939016 0.942837
vt 0.942861 0.942837
vt 0.946601 0.942837
vt 0.949832 0.942837
vt 0.823971 0.955712
vt 0.820231 0.955712
vt 0.827817 0.955712
vt 0.83135 0.955712
vt 0.834189 0.955712
vt 0.763519 0.968587
vt 0.759468 0.968587
vt 0.768062 0.968587
vt 0.772605 0.968587
vt 0.776656 0.968587
vt 0.912412 0.942837
vt 0.909573 0.942837
vt 0.915945 0.942837
vt 0.91979 0.942837
vt 0.923531 0.942837
vt 0.926761 0.942837
vt 0.82018 0.942837
vt 0.817145 0.942837
vt 0.823817 0.942837
vt 0.827662 0.942837
vt 0.831299 0.942837
vt 0.834333 0.942837
vt 0.817001 0.955712
vt 0.789512 0.896223
vt 0.787858 0.899624
vt 0.783608 0.895944
vt 0.784418 0.894278
vt 0.785301 0.902242
vt 0.782355 0.897227
vt 0.782118 0.903795
vt 0.780795 0.897988
vt 0.778654 0.904114
vt 0.779098 0.898144
vt 0.775284 0.903165
vt 0.777448 0.897679
vt 0.772374 0.901051
vt 0.776022 0.896643
vt 0.770239 0.898
vt 0.774976 0.895149
vt 0.769111 0.894343
vt 0.774423 0.893357
vt 0.769111 0.890477
vt 0.774423 0.891463
vt 0.770239 0.88682
vt 0.774976 0.889671
vt 0.772374 0.883769
vt 0.776022 0.888177
vt 0.775284 0.881655
vt 0.777448 0.887141
vt 0.778654 0.880705
vt 0.779098 0.886675
vt 0.782118 0.881025
vt 0.780795 0.886832
vt 0.785301 0.882578
vt 0.782355 0.887593
vt 0.787858 0.885196
vt 0.783608 0.888876
vt 0.789512 0.888596
vt 0.784418 0.890542
vt 0.790084 0.89241
vt 0.784699 0.89241
vt 0.841587 0.901051
vt 0.839452 0.898
vt 0.844188 0.895149
vt 0.845234 0.896643
vt 0.838323 0.894343
vt 0.843635 0.893357
vt 0.838323 0.890477
vt 0.843635 0.891463
vt 0.839452 0.88682
vt 0.844188 0.889671
vt 0.841587 0.883769
vt 0.845234 0.888177
vt 0.844497 0.881655
vt 0.84666 0.887141
vt 0.847866 0.880705
vt 0.848311 0.886675
vt 0.85133 0.881025
vt 0.850008 0.886832
vt 0.854513 0.882578
vt 0.851567 0.887593
vt 0.85707 0.885196
vt 0.85282 0.888876
vt 0.858725 0.888596
vt 0.853631 0.890542
vt 0.859297 0.89241
vt 0.853911 0.89241
vt 0.858725 0.896223
vt 0.853631 0.894278
vt 0.85707 0.899624
vt 0.85282 0.895944
vt 0.854513 0.902242
vt 0.851567 0.897227
vt 0.85133 0.903795
vt 0.850008 0.897988
vt 0.847866 0.904114
vt 0.848311 0.898144
vt 0.844497 0.903165
vt 0.84666 0.897679
vt 0.980587 0.842804
vt 0.980871 0.84091
vt 0.986186 0.84091
vt 0.985614 0.844723
vt 0.980587 0.839016
vt 0.985614 0.837097
vt 0.979765 0.837328
vt 0.98396 0.833696
vt 0.978495 0.836028
vt 0.981403 0.831078
vt 0.976915 0.835256
vt 0.97822 0.829525
vt 0.975195 0.835098
vt 0.974756 0.829205
vt 0.973521 0.835569
vt 0.971386 0.830155
vt 0.972076 0.836619
vt 0.968476 0.832269
vt 0.971016 0.838134
vt 0.966341 0.83532
vt 0.970456 0.83995
vt 0.965213 0.838977
vt 0.970456 0.84187
vt 0.965213 0.842843
vt 0.971016 0.843686
vt 0.966341 0.8465
vt 0.972076 0.845201
vt 0.968476 0.849551
vt 0.973521 0.846251
vt 0.971386 0.851665
vt 0.975195 0.846722
vt 0.974756 0.852615
vt 0.976915 0.846564
vt 0.97822 0.852295
vt 0.978495 0.845792
vt 0.981403 0.850742
vt 0.979765 0.844492
vt 0.98396 0.848124
vt 0.784485 0.868554
vt 0.784769 0.86666
vt 0.790084 0.86666
vt 0.789512 0.870473
vt 0.784485 0.864766
vt 0.789512 0.862847
vt 0.783663 0.863078
vt 0.787858 0.859446
vt 0.782393 0.861778
vt 0.785301 0.856828
vt 0.780813 0.861006
vt 0.782118 0.855275
vt 0.779093 0.860848
vt 0.778654 0.854955
vt 0.777419 0.861319
vt 0.775284 0.855905
vt 0.775974 0.862369
vt 0.772374 0.858019
vt 0.774914 0.863884
vt 0.770239 0.86107
vt 0.774354 0.8657
vt 0.769111 0.864727
vt 0.774354 0.86762
vt 0.769111 0.868593
vt 0.774914 0.869436
vt 0.770239 0.87225
vt 0.775974 0.870951
vt 0.772374 0.875301
vt 0.777419 0.872001
vt 0.775284 0.877415
vt 0.779093 0.872472
vt 0.778654 0.878365
vt 0.780813 0.872313
vt 0.782118 0.878045
vt 0.782393 0.871542
vt 0.785301 0.876492
vt 0.783663 0.870242
vt 0.787858 0.873874
vt 0.95738 0.917087
vt 0.953677 0.917087
vt 0.953677 0.906358
vt 0.95738 0.906358
vt 0.882368 0.929962
vt 0.878426 0.929962
vt 0.878426 0.919233
vt 0.882368 0.919233
vt 0.873862 0.929962
vt 0.873862 0.919233
vt 0.86917 0.929962
vt 0.86917 0.919233
vt 0.864858 0.929962
vt 0.864858 0.919233
vt 0.861394 0.929962
vt 0.861394 0.919233
vt 0.928509 0.955712
vt 0.923566 0.955712
vt 0.923566 0.944983
vt 0.928509 0.944983
vt 0.918023 0.955712
vt 0.918023 0.944983
vt 0.912479 0.955712
vt 0.912479 0.944983
vt 0.907536 0.955712
vt 0.907536 0.944983
vt 0.974651 0.929962
vt 0.971187 0.929962
vt 0.971187 0.919233
vt 0.974651 0.919233
vt 0.966875 0.929962
vt 0.966875 0.919233
vt 0.962183 0.929962
vt 0.962183 0.919233
vt 0.957619 0.929962
vt 0.957619 0.919233
vt 0.953677 0.929962
vt 0.953677 0.919233
vt 0.974651 0.917087
vt 0.970948 0.917087
vt 0.970948 0.906358
vt 0.974651 0.906358
vt 0.96651 0.917087
vt 0.96651 0.906358
vt 0.961818 0.917087
vt 0.961818 0.906358
vt 0.800687 0.942837
vt 0.796123 0.942837
vt 0.796123 0.932108
vt 0.800687 0.932108
vt 0.792182 0.942837
vt 0.792182 0.932108
vt 0.905438 0.917087
vt 0.901736 0.917087
vt 0.901736 0.906358
vt 0.905438 0.906358
vt 0.897298 0.917087
vt 0.897298 0.906358
vt 0.892606 0.917087
vt 0.892606 0.906358
vt 0.888168 0.917087
vt 0.888168 0.906358
vt 0.884465 0.917087
vt 0.884465 0.906358
vt 0.905438 0.929962
vt 0.901497 0.929962
vt 0.901497 0.919233
vt 0.905438 0.919233
vt 0.896933 0.929962
vt 0.896933 0.919233
vt 0.892241 0.929962
vt 0.892241 0.919233
vt 0.887929 0.929962
vt 0.887929 0.919233
vt 0.884465 0.929962
vt 0.884465 0.919233
vt 0.732407 0.968587
vt 0.727464 0.968587
vt 0.727464 0.957858
vt 0.732407 0.957858
vt 0.72192 0.968587
vt 0.72192 0.957858
vt 0.716377 0.968587
vt 0.716377 0.957858
vt 0.711434 0.968587
vt 0.711434 0.957858
vt 0.813155 0.942837
vt 0.809691 0.942837
vt 0.809691 0.932108
vt 0.813155 0.932108
vt 0.805379 0.942837
vt 0.805379 0.932108
vt 0.965213 0.78941
vt 0.965785 0.785597
vt 0.967439 0.782196
vt 0.969997 0.779578
vt 0.97318 0.778025
vt 0.976644 0.777705
vt 0.980013 0.778655
vt 0.982923 0.780769
vt 0.985058 0.78382
vt 0.986186 0.787477
vt 0.986186 0.791343
vt 0.985058 0.795
vt 0.982923 0.798051
vt 0.980013 0.800165
vt 0.976644 0.801115
vt 0.97318 0.800795
vt 0.969997 0.799242
vt 0.967439 0.796624
vt 0.965785 0.793224
vt 0.965213 0.81516
vt 0.965785 0.811347
vt 0.967439 0.807946
vt 0.969997 0.805328
vt 0.97318 0.803775
vt 0.976644 0.803455
vt 0.980013 0.804405
vt 0.982923 0.806519
vt 0.985058 0.80957
vt 0.986186 0.813227
vt 0.986186 0.817093
vt 0.985058 0.82075
vt 0.982923 0.823801
vt 0.980013 0.825915
vt 0.976644 0.826865
vt 0.97318 0.826545
vt 0.969997 0.824992
vt 0.967439 0.822374
vt 0.965785 0.818973
vt 0.960937 0.777787
vt 0.960937 0.865408
vt 0.958396 0.865408
vt 0.958396 0.777787
vt 0.834048 0.76094
vt 0.834048 0.852517
vt 0.831507 0.852517
vt 0.831507 0.76094
vt 0.963203 0.777787
vt 0.963203 0.865408
vt 0.836313 0.76094
vt 0.836313 0.852517
vt 0.966713 0.687662
vt 0.966713 0.775283
vt 0.965126 0.775283
vt 0.965126 0.687662
vt 0.885965 0.76094
vt 0.885965 0.852517
vt 0.884378 0.852517
vt 0.884378 0.76094
vt 0.968689 0.687662
vt 0.968689 0.775283
vt 0.887941 0.76094
vt 0.887941 0.852517
vt 0.97084 0.687662
vt 0.97084 0.775283
vt 0.890092 0.76094
vt 0.890092 0.852517
vt 0.972932 0.687662
vt 0.972932 0.775283
vt 0.892184 0.76094
vt 0.892184 0.852517
vt 0.974738 0.687662
vt 0.974738 0.775283
vt 0.89399 0.76094
vt 0.89399 0.852517
vt 0.71483 0.687685
vt 0.71483 0.77696
vt 0.713583 0.77696
vt 0.713583 0.687685
vt 0.71483 0.928772
vt 0.71483 0.95551
vt 0.713583 0.95551
vt 0.713583 0.866235
vt 0.716325 0.687685
vt 0.716325 0.77696
vt 0.716325 0.928772
vt 0.716325 0.95551
vt 0.717906 0.687685
vt 0.717906 0.77696
vt 0.717906 0.928772
vt 0.717906 0.95551
vt 0.719401 0.687685
vt 0.719401 0.77696
vt 0.719401 0.866235
vt 0.719401 0.95551
vt 0.720649 0.687685
vt 0.720649 0.77696
vt 0.720649 0.866235
vt 0.720649 0.95551
vt 0.92079 0.777787
vt 0.92079 0.865408
vt 0.918984 0.865408
vt 0.918984 0.777787
vt 0.77083 0.76094
vt 0.77083 0.852517
vt 0.769023 0.852517
vt 0.769023 0.76094
vt 0.922882 0.777787
vt 0.922882 0.865408
vt 0.772922 0.76094
vt 0.772922 0.852517
vt 0.925033 0.777787
vt 0.925033 0.865408
vt 0.775072 0.76094
vt 0.775072 0.852517
vt 0.927009 0.777787
vt 0.927009 0.865408
vt 0.777049 0.76094
vt 0.777049 0.852517
vt 0.928597 0.777787
vt 0.928597 0.865408
vt 0.778636 0.76094
vt 0.778636 0.852517
vt 0.955856 0.777787
vt 0.955856 0.865408
vt 0.95359 0.865408
vt 0.95359 0.777787
vt 0.828966 0.76094
vt 0.828966 0.852517
vt 0.8267 0.852517
vt 0.8267 0.76094
vt 0.763629 0.687685
vt 0.763629 0.77696
vt 0.762138 0.77696
vt 0.762138 0.687685
vt 0.763629 0.928772
vt 0.763629 0.95551
vt 0.762138 0.95551
vt 0.762138 0.928772
vt 0.764958 0.687685
vt 0.764958 0.77696
vt 0.764958 0.866235
vt 0.764958 0.95551
vt 0.943642 0.777787
vt 0.943642 0.865408
vt 0.942055 0.865408
vt 0.942055 0.777787
vt 0.805217 0.76094
vt 0.805217 0.852517
vt 0.80363 0.852517
vt 0.80363 0.76094
vt 0.945618 0.777787
vt 0.945618 0.865408
vt 0.807193 0.76094
vt 0.807193 0.852517
vt 0.947769 0.777787
vt 0.947769 0.865408
vt 0.809344 0.76094
vt 0.809344 0.852517
vt 0.949861 0.777787
vt 0.949861 0.865408
vt 0.811436 0.76094
vt 0.811436 0.852517
vt 0.951667 0.777787
vt 0.951667 0.865408
vt 0.813242 0.76094
vt 0.813242 0.852517
vt 0.909145 0.777787
vt 0.909145 0.865408
vt 0.907448 0.865408
vt 0.907448 0.777787
vt 0.793791 0.76094
vt 0.793791 0.852517
vt 0.792094 0.852517
vt 0.792094 0.76094
vt 0.91118 0.777787
vt 0.91118 0.865408
vt 0.795825 0.76094
vt 0.795825 0.852517
vt 0.91333 0.777787
vt 0.91333 0.865408
vt 0.797976 0.76094
vt 0.797976 0.852517
vt 0.915364 0.777787
vt 0.915364 0.865408
vt 0.80001 0.76094
vt 0.80001 0.852517
vt 0.917061 0.777787
vt 0.917061 0.865408
vt 0.801707 0.76094
vt 0.801707 0.852517
vt 0.978467 0.687662
vt 0.978467 0.775283
vt 0.976661 0.775283
vt 0.976661 0.687662
vt 0.782365 0.76094
vt 0.782365 0.852517
vt 0.780559 0.852517
vt 0.780559 0.76094
vt 0.980559 0.687662
vt 0.980559 0.775283
vt 0.784457 0.76094
vt 0.784457 0.852517
vt 0.98271 0.687662
vt 0.98271 0.775283
vt 0.786608 0.76094
vt 0.786608 0.852517
vt 0.984686 0.687662
vt 0.984686 0.775283
vt 0.788584 0.76094
vt 0.788584 0.852517
vt 0.986274 0.687662
vt 0.986274 0.775283
vt 0.790172 0.76094
vt 0.790172 0.852517
vt 0.760647 0.687685
vt 0.760647 0.77696
vt 0.759317 0.77696
vt 0.759317 0.687685
vt 0.760647 0.928772
vt 0.760647 0.95551
vt 0.759317 0.95551
vt 0.759317 0.866235
vt 0.354032 0.765694
vt 0.354032 0.769579
vt 0.354508 0.773253
vt 0.03558 0.771468
vt 0.0358216 0.767636
vt 0.03558 0.763804
vt 0.920466 0.885549
vt 0.922093 0.884366
vt 0.925246 0.888176
vt 0.922336 0.89029
vt 0.923287 0.88266
vt 0.927381 0.885125
vt 0.923918 0.880616
vt 0.928509 0.881468
vt 0.923918 0.878454
vt 0.928509 0.877602
vt 0.923287 0.87641
vt 0.927381 0.873945
vt 0.922093 0.874704
vt 0.925246 0.870894
vt 0.920466 0.873521
vt 0.922336 0.86878
vt 0.918582 0.872991
vt 0.918966 0.86783
vt 0.916645 0.873169
vt 0.915502 0.86815
vt 0.914866 0.874038
vt 0.912319 0.869703
vt 0.913436 0.875502
vt 0.909762 0.872321
vt 0.912511 0.877403
vt 0.908108 0.875722
vt 0.912191 0.879535
vt 0.907536 0.879535
vt 0.912511 0.881667
vt 0.908108 0.883348
vt 0.913436 0.883568
vt 0.909762 0.886749
vt 0.914866 0.885032
vt 0.912319 0.889367
vt 0.916645 0.885901
vt 0.915502 0.89092
vt 0.918582 0.886079
vt 0.918966 0.89124
vt 0.943537 0.885549
vt 0.945164 0.884366
vt 0.948317 0.888176
vt 0.945407 0.89029
vt 0.946357 0.88266
vt 0.950451 0.885125
vt 0.946988 0.880616
vt 0.95158 0.881468
vt 0.946988 0.878454
vt 0.95158 0.877602
vt 0.946357 0.87641
vt 0.950451 0.873945
vt 0.945164 0.874704
vt 0.948317 0.870894
vt 0.943537 0.873521
vt 0.945407 0.86878
vt 0.941653 0.872991
vt 0.942037 0.86783
vt 0.939716 0.873169
vt 0.938573 0.86815
vt 0.937936 0.874038
vt 0.93539 0.869703
vt 0.936507 0.875502
vt 0.932833 0.872321
vt 0.935582 0.877403
vt 0.931179 0.875722
vt 0.935262 0.879535
vt 0.930607 0.879535
vt 0.935582 0.881667
vt 0.931179 0.883348
vt 0.936507 0.883568
vt 0.932833 0.886749
vt 0.937936 0.885032
vt 0.93539 0.889367
vt 0.939716 0.885901
vt 0.938573 0.89092
vt 0.941653 0.886079
vt 0.942037 0.89124
vt 0.885461 0.932108
vt 0.888812 0.932108
vt 0.888168 0.937681
vt 0.884465 0.937681
vt 0.892828 0.932108
vt 0.892606 0.937681
vt 0.897075 0.932108
vt 0.897298 0.937681
vt 0.901091 0.932108
vt 0.901736 0.937681
vt 0.904442 0.932108
vt 0.905438 0.937681
vt 0.839244 0.944983
vt 0.842811 0.944983
vt 0.842265 0.950556
vt 0.838323 0.950556
vt 0.846941 0.944983
vt 0.846829 0.950556
vt 0.851188 0.944983
vt 0.851521 0.950556
vt 0.85509 0.944983
vt 0.855833 0.950556
vt 0.858225 0.944983
vt 0.859297 0.950556
vt 0.781642 0.957858
vt 0.786116 0.957858
vt 0.785589 0.963431
vt 0.780646 0.963431
vt 0.791133 0.957858
vt 0.791133 0.963431
vt 0.79615 0.957858
vt 0.796677 0.963431
vt 0.800623 0.957858
vt 0.80162 0.963431
vt 0.95475 0.932108
vt 0.957885 0.932108
vt 0.957141 0.937681
vt 0.953677 0.937681
vt 0.961787 0.932108
vt 0.961453 0.937681
vt 0.966033 0.932108
vt 0.966145 0.937681
vt 0.970164 0.932108
vt 0.970709 0.937681
vt 0.973731 0.932108
vt 0.974651 0.937681
vt 0.814204 0.957858
vt 0.819221 0.957858
vt 0.819748 0.963431
vt 0.814204 0.963431
vt 0.823694 0.957858
vt 0.824691 0.963431
vt 0.770183 0.944983
vt 0.773318 0.944983
vt 0.772575 0.950556
vt 0.769111 0.950556
vt 0.77722 0.944983
vt 0.776886 0.950556
vt 0.781466 0.944983
vt 0.781579 0.950556
vt 0.785597 0.944983
vt 0.786143 0.950556
vt 0.789164 0.944983
vt 0.790084 0.950556
vt 0.86239 0.932108
vt 0.865741 0.932108
vt 0.865097 0.937681
vt 0.861394 0.937681
vt 0.869758 0.932108
vt 0.869535 0.937681
vt 0.874004 0.932108
vt 0.874227 0.937681
vt 0.87802 0.932108
vt 0.878665 0.937681
vt 0.881371 0.932108
vt 0.882368 0.937681
vt 0.793102 0.944983
vt 0.796669 0.944983
vt 0.796123 0.950556
vt 0.792182 0.950556
vt 0.8008 0.944983
vt 0.800687 0.950556
vt 0.805046 0.944983
vt 0.805379 0.950556
vt 0.808948 0.944983
vt 0.809691 0.950556
vt 0.812083 0.944983
vt 0.813155 0.950556
vt 0.804713 0.957858
vt 0.809187 0.957858
vt 0.80866 0.963431
vt 0.803717 0.963431
vt 0.889392 0.942837
vt 0.886358 0.942837
vt 0.893029 0.942837
vt 0.896874 0.942837
vt 0.900511 0.942837
vt 0.903546 0.942837
vt 0.843302 0.955712
vt 0.840072 0.955712
vt 0.847042 0.955712
vt 0.850887 0.955712
vt 0.854421 0.955712
vt 0.85726 0.955712
vt 0.78659 0.968587
vt 0.782539 0.968587
vt 0.791133 0.968587
vt 0.795676 0.968587
vt 0.799727 0.968587
vt 0.958553 0.942837
vt 0.955715 0.942837
vt 0.962087 0.942837
vt 0.965932 0.942837
vt 0.969672 0.942837
vt 0.972902 0.942837
vt 0.800901 0.955712
vt 0.79716 0.955712
vt 0.804746 0.955712
vt 0.808279 0.955712
vt 0.811118 0.955712
vt 0.809661 0.968587
vt 0.80561 0.968587
vt 0.814204 0.968587
vt 0.818747 0.968587
vt 0.822798 0.968587
vt 0.773987 0.955712
vt 0.771148 0.955712
vt 0.77752 0.955712
vt 0.781365 0.955712
vt 0.785106 0.955712
vt 0.788336 0.955712
vt 0.866321 0.942837
vt 0.863287 0.942837
vt 0.869958 0.942837
vt 0.873803 0.942837
vt 0.87744 0.942837
vt 0.880475 0.942837
vt 0.79393 0.955712
vt 0.835654 0.896223
vt 0.834 0.899624
vt 0.829749 0.895944
vt 0.83056 0.894278
vt 0.831442 0.902242
vt 0.828497 0.897227
vt 0.828259 0.903795
vt 0.826937 0.897988
vt 0.824795 0.904114
vt 0.82524 0.898144
vt 0.821426 0.903165
vt 0.823589 0.897679
vt 0.818516 0.901051
vt 0.822164 0.896643
vt 0.816381 0.898
vt 0.821118 0.895149
vt 0.815252 0.894343
vt 0.820565 0.893357
vt 0.815252 0.890477
vt 0.820565 0.891463
vt 0.816381 0.88682
vt 0.821118 0.889671
vt 0.818516 0.883769
vt 0.822164 0.888177
vt 0.821426 0.881655
vt 0.823589 0.887141
vt 0.824795 0.880705
vt 0.82524 0.886675
vt 0.828259 0.881025
vt 0.826937 0.886832
vt 0.831442 0.882578
vt 0.828497 0.887593
vt 0.834 0.885196
vt 0.829749 0.888876
vt 0.835654 0.888596
vt 0.83056 0.890542
vt 0.836226 0.89241
vt 0.83084 0.89241
vt 0.795445 0.901051
vt 0.79331 0.898
vt 0.798047 0.895149
vt 0.799093 0.896643
vt 0.792182 0.894343
vt 0.797494 0.893357
vt 0.792182 0.890477
vt 0.797494 0.891463
vt 0.79331 0.88682
vt 0.798047 0.889671
vt 0.795445 0.883769
vt 0.799093 0.888177
vt 0.798355 0.881655
vt 0.800518 0.887141
vt 0.801724 0.880705
vt 0.802169 0.886675
vt 0.805188 0.881025
vt 0.803866 0.886832
vt 0.808371 0.882578
vt 0.805426 0.887593
vt 0.810929 0.885196
vt 0.806679 0.888876
vt 0.812583 0.888596
vt 0.807489 0.890542
vt 0.813155 0.89241
vt 0.807769 0.89241
vt 0.812583 0.896223
vt 0.807489 0.894278
vt 0.810929 0.899624
vt 0.806679 0.895944
vt 0.808371 0.902242
vt 0.805426 0.897227
vt 0.805188 0.903795
vt 0.803866 0.897988
vt 0.801724 0.904114
vt 0.802169 0.898144
vt 0.798355 0.903165
vt 0.800518 0.897679
vt 0.807555 0.868554
vt 0.807839 0.86666
vt 0.813155 0.86666
vt 0.812583 0.870473
vt 0.807555 0.864766
vt 0.812583 0.862847
vt 0.806734 0.863078
vt 0.810929 0.859446
vt 0.805464 0.861778
vt 0.808371 0.856828
vt 0.803883 0.861006
vt 0.805188 0.855275
vt 0.802163 0.860848
vt 0.801724 0.854955
vt 0.80049 0.861319
vt 0.798355 0.855905
vt 0.799045 0.862369
vt 0.795445 0.858019
vt 0.797985 0.863884
vt 0.79331 0.86107
vt 0.797425 0.8657
vt 0.792182 0.864727
vt 0.797425 0.86762
vt 0.792182 0.868593
vt 0.797985 0.869436
vt 0.79331 0.87225
vt 0.799045 0.870951
vt 0.795445 0.875301
vt 0.80049 0.872001
vt 0.798355 0.877415
vt 0.802163 0.872472
vt 0.801724 0.878365
vt 0.803883 0.872313
vt 0.805188 0.878045
vt 0.805464 0.871542
vt 0.808371 0.876492
vt 0.806734 0.870242
vt 0.810929 0.873874
vt 0.853697 0.868554
vt 0.853981 0.86666
vt 0.859297 0.86666
vt 0.858725 0.870473
vt 0.853697 0.864766
vt 0.858725 0.862847
vt 0.852876 0.863078
vt 0.85707 0.859446
vt 0.851606 0.861778
vt 0.854513 0.856828
vt 0.850025 0.861006
vt 0.85133 0.855275
vt 0.848305 0.860848
vt 0.847866 0.854955
vt 0.846632 0.861319
vt 0.844497 0.855905
vt 0.845187 0.862369
vt 0.841587 0.858019
vt 0.844127 0.863884
vt 0.839452 0.86107
vt 0.843566 0.8657
vt 0.838323 0.864727
vt 0.843566 0.86762
vt 0.838323 0.868593
vt 0.844127 0.869436
vt 0.839452 0.87225
vt 0.845187 0.870951
vt 0.841587 0.875301
vt 0.846632 0.872001
vt 0.844497 0.877415
vt 0.848305 0.872472
vt 0.847866 0.878365
vt 0.850025 0.872313
vt 0.85133 0.878045
vt 0.851606 0.871542
vt 0.854513 0.876492
vt 0.852876 0.870242
vt 0.85707 0.873874
vt 0.865097 0.917087
vt 0.861394 0.917087
vt 0.861394 0.906358
vt 0.865097 0.906358
vt 0.859297 0.929962
vt 0.855355 0.929962
vt 0.855355 0.919233
vt 0.859297 0.919233
vt 0.850791 0.929962
vt 0.850791 0.919233
vt 0.846099 0.929962
vt 0.846099 0.919233
vt 0.841787 0.929962
vt 0.841787 0.919233
vt 0.838323 0.929962
vt 0.838323 0.919233
vt 0.95158 0.955712
vt 0.946637 0.955712
vt 0.946637 0.944983
vt 0.95158 0.944983
vt 0.941093 0.955712
vt 0.941093 0.944983
vt 0.93555 0.955712
vt 0.93555 0.944983
vt 0.930607 0.955712
vt 0.930607 0.944983
vt 0.790084 0.942837
vt 0.78662 0.942837
vt 0.78662 0.932108
vt 0.790084 0.932108
vt 0.782309 0.942837
vt 0.782309 0.932108
vt 0.777617 0.942837
vt 0.777617 0.932108
vt 0.773052 0.942837
vt 0.773052 0.932108
vt 0.769111 0.942837
vt 0.769111 0.932108
vt 0.882368 0.917087
vt 0.878665 0.917087
vt 0.878665 0.906358
vt 0.882368 0.906358
vt 0.874227 0.917087
vt 0.874227 0.906358
vt 0.869535 0.917087
vt 0.869535 0.906358
vt 0.939112 0.929962
vt 0.934548 0.929962
vt 0.934548 0.919233
vt 0.939112 0.919233
vt 0.930607 0.929962
vt 0.930607 0.919233
vt 0.859297 0.917087
vt 0.855594 0.917087
vt 0.855594 0.906358
vt 0.859297 0.906358
vt 0.851156 0.917087
vt 0.851156 0.906358
vt 0.846464 0.917087
vt 0.846464 0.906358
vt 0.842026 0.917087
vt 0.842026 0.906358
vt 0.838323 0.917087
vt 0.838323 0.906358
vt 0.928509 0.929962
vt 0.924568 0.929962
vt 0.924568 0.919233
vt 0.928509 0.919233
vt 0.920004 0.929962
vt 0.920004 0.919233
vt 0.915311 0.929962
vt 0.915311 0.919233
vt 0.911 0.929962
vt 0.911 0.919233
vt 0.907536 0.929962
vt 0.907536 0.919233
vt 0.974651 0.955712
vt 0.969708 0.955712
vt 0.969708 0.944983
vt 0.974651 0.944983
vt 0.964164 0.955712
vt 0.964164 0.944983
vt 0.95862 0.955712
vt 0.95862 0.944983
vt 0.953677 0.955712
vt 0.953677 0.944983
vt 0.95158 0.929962
vt 0.948116 0.929962
vt 0.948116 0.919233
vt 0.95158 0.919233
vt 0.943804 0.929962
vt 0.943804 0.919233
vt 0.815252 0.86666
vt 0.815825 0.862847
vt 0.817479 0.859446
vt 0.820036 0.856828
vt 0.823219 0.855275
vt 0.826683 0.854955
vt 0.830053 0.855905
vt 0.832962 0.858019
vt 0.835097 0.86107
vt 0.836226 0.864727
vt 0.836226 0.868593
vt 0.835097 0.87225
vt 0.832962 0.875301
vt 0.830053 0.877415
vt 0.826683 0.878365
vt 0.823219 0.878045
vt 0.820036 0.876492
vt 0.817479 0.873874
vt 0.815825 0.870473
vt 0.861394 0.86666
vt 0.861966 0.862847
vt 0.863621 0.859446
vt 0.866178 0.856828
vt 0.869361 0.855275
vt 0.872825 0.854955
vt 0.876194 0.855905
vt 0.879104 0.858019
vt 0.881239 0.86107
vt 0.882368 0.864727
vt 0.882368 0.868593
vt 0.881239 0.87225
vt 0.879104 0.875301
vt 0.876194 0.877415
vt 0.872825 0.878365
vt 0.869361 0.878045
vt 0.866178 0.876492
vt 0.863621 0.873874
vt 0.861966 0.870473
vt 0.03558 0.80916
vt 0.354508 0.80916
vt 0.352523 0.818609
vt 0.0375652 0.818609
vt 0.354508 0.875158
vt 0.03558 0.875158
vt 0.0375652 0.827581
vt 0.352523 0.827581
vt 0.03558 0.786482
vt 0.354508 0.786482
vt 0.352526 0.795931
vt 0.0375622 0.795931
vt 0.67543 0.829778
vt 0.356502 0.829778
vt 0.358484 0.70251
vt 0.673448 0.70251
vt 0.346473 0.0382959
vt 0.655373 0.0390385
vt 0.65067 0.0443662
vt 0.351171 0.0436463
vt 0.654905 0.671018
vt 0.650211 0.665667
vt 0.346473 0.670232
vt 0.351171 0.664905
vt 0.34448 0.670232
vt 0.0360473 0.671018
vt 0.0447883 0.661054
vt 0.335731 0.660312
vt 0.0355798 0.0390385
vt 0.0443355 0.0489591
vt 0.34448 0.0382959
vt 0.335731 0.0482587
vt 0.843042 0.687678
vt 0.845583 0.687678
vt 0.847849 0.687678
vt 0.815165 0.687678
vt 0.816753 0.687678
vt 0.818729 0.687678
vt 0.820879 0.687678
vt 0.822971 0.687678
vt 0.824778 0.687678
vt 0.738627 0.794815
vt 0.740949 0.794815
vt 0.746672 0.794815
vt 0.749454 0.794815
vt 0.751775 0.794815
vt 0.849771 0.687678
vt 0.851578 0.687678
vt 0.85367 0.687678
vt 0.85582 0.687678
vt 0.857796 0.687678
vt 0.859384 0.687678
vt 0.838236 0.687678
vt 0.840501 0.687678
vt 0.729335 0.794815
vt 0.730665 0.794815
vt 0.872842 0.687678
vt 0.87443 0.687678
vt 0.876406 0.687678
vt 0.878556 0.687678
vt 0.880648 0.687678
vt 0.882455 0.687678
vt 0.861307 0.687678
vt 0.863004 0.687678
vt 0.865038 0.687678
vt 0.867188 0.687678
vt 0.869222 0.687678
vt 0.87092 0.687678
vt 0.895913 0.687678
vt 0.89772 0.687678
vt 0.899811 0.687678
vt 0.901962 0.687678
vt 0.903938 0.687678
vt 0.905526 0.687678
vt 0.725022 0.794815
vt 0.726352 0.794815
vt 0.03558 0.75043
vt 0.03558 0.711313
vt 0.354508 0.711313
vt 0.354508 0.75043
vt 0.03558 0.695916
vt 0.354508 0.695916
vt 0.831507 0.687678
vt 0.834048 0.687678
vt 0.836313 0.687678
vt 0.884378 0.687678
vt 0.885965 0.687678
vt 0.887941 0.687678
vt 0.890092 0.687678
vt 0.892184 0.687678
vt 0.89399 0.687678
vt 0.713583 0.794815
vt 0.71483 0.794815
vt 0.717906 0.794815
vt 0.719401 0.794815
vt 0.720649 0.794815
vt 0.769023 0.687678
vt 0.77083 0.687678
vt 0.772922 0.687678
vt 0.775072 0.687678
vt 0.777049 0.687678
vt 0.778636 0.687678
vt 0.8267 0.687678
vt 0.828966 0.687678
vt 0.763629 0.794815
vt 0.764958 0.794815
vt 0.80363 0.687678
vt 0.805217 0.687678
vt 0.807193 0.687678
vt 0.809344 0.687678
vt 0.811436 0.687678
vt 0.813242 0.687678
vt 0.792094 0.687678
vt 0.793791 0.687678
vt 0.795825 0.687678
vt 0.797976 0.687678
vt 0.80001 0.687678
vt 0.801707 0.687678
vt 0.780559 0.687678
vt 0.782365 0.687678
vt 0.784457 0.687678
vt 0.786608 0.687678
vt 0.788584 0.687678
vt 0.790172 0.687678
vt 0.759317 0.794815
vt 0.760647 0.794815
vt 0.356502 0.965845
vt 0.356502 0.847749
vt 0.67543 0.847749
vt 0.67543 0.965845
vt 0.356502 0.832008
vt 0.67543 0.832008
vt 0.03558 0.830706
vt 0.0375652 0.820644
vt 0.352523 0.820644
vt 0.354508 0.830706
vt 0.356502 0.705469
vt 0.358484 0.695941
vt 0.673448 0.695941
vt 0.67543 0.705469
vt 0.0355827 0.693881
vt 0.0355827 0.686321
vt 0.595197 0.686321
vt 0.595197 0.693881
vt 0.0355827 0.684431
vt 0.595197 0.684431
vt 0.0355827 0.682542
vt 0.0355827 0.674982
vt 0.595197 0.674982
vt 0.595197 0.682542
vt 0.0355827 0.673092
vt 0.595197 0.673092
vt 0.773309 0.919397
vt 0.774117 0.921736
vt 0.770373 0.92375
vt 0.769111 0.920093
vt 0.775644 0.923688
vt 0.772762 0.926801
vt 0.777727 0.92504
vt 0.776017 0.928915
vt 0.780138 0.925647
vt 0.779787 0.929865
vt 0.782617 0.925443
vt 0.783662 0.929545
vt 0.784895 0.92445
vt 0.787223 0.927992
vt 0.786726 0.922775
vt 0.790084 0.925374
vt 0.78791 0.920599
vt 0.787867 0.92628
vt 0.763633 0.784548
vt 0.766179 0.784222
vt 0.767101 0.792105
vt 0.763633 0.782778
vt 0.766179 0.783336
vt 0.76697 0.77967
vt 0.766547 0.77967
vt 0.79554 0.922775
vt 0.79737 0.92445
vt 0.795043 0.927992
vt 0.792182 0.925374
vt 0.799648 0.925443
vt 0.798604 0.929545
vt 0.802128 0.925647
vt 0.802479 0.929865
vt 0.804539 0.92504
vt 0.806249 0.928915
vt 0.806621 0.923688
vt 0.809504 0.926801
vt 0.808149 0.921736
vt 0.811893 0.92375
vt 0.808957 0.919397
vt 0.813155 0.920093
vt 0.808957 0.916923
vt 0.813155 0.916227
vt 0.808149 0.914584
vt 0.811893 0.91257
vt 0.806621 0.912632
vt 0.809504 0.909519
vt 0.804539 0.91128
vt 0.806249 0.907405
vt 0.802128 0.910673
vt 0.802479 0.906455
vt 0.799648 0.910877
vt 0.798604 0.906775
vt 0.79737 0.91187
vt 0.795043 0.908328
vt 0.79554 0.913545
vt 0.792182 0.910946
vt 0.794356 0.91572
vt 0.792396 0.910553
vt 0.757488 0.792105
vt 0.757488 0.77967
vt 0.78791 0.91572
vt 0.786726 0.913545
vt 0.790084 0.910946
vt 0.78987 0.910553
vt 0.784895 0.91187
vt 0.787223 0.908328
vt 0.782617 0.910877
vt 0.783662 0.906775
vt 0.780138 0.910673
vt 0.779787 0.906455
vt 0.777727 0.91128
vt 0.776017 0.907405
vt 0.775644 0.912632
vt 0.772762 0.909519
vt 0.774117 0.914584
vt 0.770373 0.91257
vt 0.773309 0.916923
vt 0.769111 0.916227
vt 0.734505 0.792105
vt 0.734505 0.77967
vt 0.86493 0.895986
vt 0.866374 0.897938
vt 0.86365 0.901051
vt 0.863912 0.901404
vt 0.868341 0.89929
vt 0.866726 0.903165
vt 0.870619 0.899897
vt 0.870287 0.904114
vt 0.872961 0.899693
vt 0.873948 0.903795
vt 0.875113 0.8987
vt 0.877312 0.902242
vt 0.876842 0.897025
vt 0.880015 0.899624
vt 0.87796 0.894849
vt 0.881763 0.896223
vt 0.878347 0.89241
vt 0.882368 0.89241
vt 0.87796 0.88997
vt 0.881763 0.888597
vt 0.876842 0.887795
vt 0.880015 0.885196
vt 0.875113 0.88612
vt 0.877312 0.882578
vt 0.872961 0.885127
vt 0.873948 0.881025
vt 0.870619 0.884923
vt 0.870287 0.880705
vt 0.868341 0.88553
vt 0.866726 0.881655
vt 0.866374 0.886882
vt 0.86365 0.883769
vt 0.86493 0.888834
vt 0.861394 0.88682
vt 0.864167 0.891173
vt 0.863637 0.885269
vt 0.746681 0.784548
vt 0.751635 0.784222
vt 0.753694 0.792105
vt 0.746681 0.782778
vt 0.751635 0.783336
vt 0.753416 0.77967
vt 0.751849 0.77967
vt 0.948044 0.901709
vt 0.946601 0.899757
vt 0.949324 0.896644
vt 0.95158 0.899695
vt 0.944633 0.898405
vt 0.946248 0.89453
vt 0.942355 0.897798
vt 0.942687 0.89358
vt 0.940013 0.898002
vt 0.939026 0.8939
vt 0.937861 0.898995
vt 0.935662 0.895453
vt 0.936133 0.90067
vt 0.93296 0.898071
vt 0.935014 0.902846
vt 0.931211 0.901471
vt 0.934627 0.905285
vt 0.930607 0.905285
vt 0.935014 0.907724
vt 0.931211 0.909098
vt 0.936133 0.9099
vt 0.93296 0.912499
vt 0.937861 0.911575
vt 0.935662 0.915117
vt 0.940013 0.912568
vt 0.939026 0.91667
vt 0.942355 0.912772
vt 0.942687 0.91699
vt 0.944633 0.912165
vt 0.946248 0.91604
vt 0.946601 0.910812
vt 0.949324 0.913926
vt 0.948044 0.908861
vt 0.949063 0.914279
vt 0.916761 0.897798
vt 0.914483 0.898405
vt 0.912867 0.89453
vt 0.916429 0.89358
vt 0.912515 0.899757
vt 0.909792 0.896644
vt 0.911072 0.901709
vt 0.907536 0.899695
vt 0.910309 0.904048
vt 0.907674 0.899272
vt 0.720959 0.77967
vt 0.720959 0.792105
vt 0.902665 0.891173
vt 0.901902 0.888834
vt 0.905438 0.88682
vt 0.9053 0.886397
vt 0.900459 0.886882
vt 0.903182 0.883769
vt 0.898492 0.88553
vt 0.900107 0.881655
vt 0.896214 0.884923
vt 0.896546 0.880705
vt 0.893872 0.885127
vt 0.892885 0.881025
vt 0.89172 0.88612
vt 0.889521 0.882578
vt 0.889991 0.887795
vt 0.886818 0.885196
vt 0.888872 0.88997
vt 0.88507 0.888597
vt 0.888486 0.89241
vt 0.884465 0.89241
vt 0.888872 0.894849
vt 0.88507 0.896223
vt 0.889991 0.897025
vt 0.886818 0.899624
vt 0.89172 0.8987
vt 0.889521 0.902242
vt 0.893872 0.899693
vt 0.892885 0.903795
vt 0.896214 0.899897
vt 0.896546 0.904114
vt 0.898492 0.89929
vt 0.900107 0.903165
vt 0.900459 0.897938
vt 0.903182 0.901051
vt 0.901902 0.895986
vt 0.901728 0.901247
vt 0.714835 0.782778
vt 0.712162 0.783336
vt 0.711468 0.77967
vt 0.714835 0.784548
vt 0.712162 0.784222
vt 0.711346 0.792105
vt 0.911072 0.908861
vt 0.912515 0.910812
vt 0.909792 0.913926
vt 0.911613 0.914312
vt 0.914483 0.912165
vt 0.912867 0.91604
vt 0.916761 0.912772
vt 0.916429 0.91699
vt 0.919102 0.912568
vt 0.920089 0.91667
vt 0.921254 0.911575
vt 0.923454 0.915117
vt 0.922983 0.9099
vt 0.926156 0.912499
vt 0.924102 0.907724
vt 0.927905 0.909098
vt 0.924489 0.905285
vt 0.928509 0.905285
vt 0.924102 0.902846
vt 0.927905 0.901471
vt 0.922983 0.90067
vt 0.926156 0.898071
vt 0.921254 0.898995
vt 0.923454 0.895453
vt 0.919102 0.898002
vt 0.920089 0.8939
vt 0.966035 0.89929
vt 0.968117 0.897938
vt 0.971 0.901051
vt 0.967744 0.903165
vt 0.969645 0.895986
vt 0.973388 0.898
vt 0.970453 0.893647
vt 0.974651 0.894343
vt 0.970453 0.891173
vt 0.974651 0.890477
vt 0.969645 0.888834
vt 0.973388 0.88682
vt 0.968117 0.886882
vt 0.971 0.883769
vt 0.966035 0.88553
vt 0.967744 0.881655
vt 0.963623 0.884923
vt 0.963975 0.880705
vt 0.961144 0.885127
vt 0.960099 0.881025
vt 0.958866 0.88612
vt 0.956538 0.882578
vt 0.957036 0.887795
vt 0.953677 0.885196
vt 0.955852 0.88997
vt 0.955523 0.88451
vt 0.726356 0.782778
vt 0.723799 0.783336
vt 0.723013 0.77967
vt 0.726356 0.784548
vt 0.723799 0.784222
vt 0.722882 0.792105
vt 0.723433 0.792105
vt 0.832867 0.913545
vt 0.831037 0.91187
vt 0.833365 0.908328
vt 0.836226 0.910946
vt 0.828759 0.910877
vt 0.829804 0.906775
vt 0.82628 0.910673
vt 0.825929 0.906455
vt 0.823869 0.91128
vt 0.822159 0.907405
vt 0.821786 0.912632
vt 0.818904 0.909519
vt 0.820258 0.914584
vt 0.816515 0.91257
vt 0.819451 0.916923
vt 0.815252 0.916227
vt 0.819451 0.919397
vt 0.815252 0.920093
vt 0.820258 0.921736
vt 0.816515 0.92375
vt 0.821786 0.923688
vt 0.818903 0.926801
vt 0.823869 0.92504
vt 0.822159 0.928915
vt 0.82628 0.925647
vt 0.825929 0.929865
vt 0.828759 0.925443
vt 0.829804 0.929545
vt 0.831037 0.92445
vt 0.833365 0.927992
vt 0.832867 0.922775
vt 0.836226 0.925374
vt 0.834051 0.920599
vt 0.836012 0.925767
vt 0.732495 0.77967
vt 0.732495 0.792105
vt 0.955852 0.894849
vt 0.957036 0.897025
vt 0.953677 0.899624
vt 0.953892 0.900017
vt 0.958866 0.8987
vt 0.956538 0.902242
vt 0.961144 0.899693
vt 0.960099 0.903795
vt 0.963623 0.899897
vt 0.963975 0.904114
vt 0.981467 0.968587
vt 0.981467 0.957858
vt 0.984008 0.957858
vt 0.984008 0.968587
vt 0.986274 0.957858
vt 0.986274 0.968587
vt 0.942142 0.968587
vt 0.942142 0.957858
vt 0.945606 0.957858
vt 0.945606 0.968587
vt 0.949918 0.957858
vt 0.949918 0.968587
vt 0.95461 0.957858
vt 0.95461 0.968587
vt 0.959174 0.957858
vt 0.959174 0.968587
vt 0.963116 0.957858
vt 0.963116 0.968587
vt 0.711346 0.981462
vt 0.711346 0.970733
vt 0.720959 0.970733
vt 0.720959 0.981462
vt 0.976661 0.942837
vt 0.978 0.932108
vt 0.986274 0.932108
vt 0.986274 0.942837
vt 0.751849 0.792105
vt 0.755478 0.77967
vt 0.755478 0.792105
vt 0.976661 0.891337
vt 0.976661 0.880608
vt 0.978467 0.880608
vt 0.978467 0.891337
vt 0.980559 0.880608
vt 0.980559 0.891337
vt 0.98271 0.880608
vt 0.98271 0.891337
vt 0.984686 0.880608
vt 0.984686 0.891337
vt 0.986274 0.880608
vt 0.986274 0.891337
vt 0.976661 0.968587
vt 0.976661 0.957858
vt 0.978926 0.957858
vt 0.978926 0.968587
vt 0.976661 0.917087
vt 0.976661 0.906358
vt 0.986274 0.906358
vt 0.986274 0.917087
vt 0.87293 0.968587
vt 0.87293 0.957858
vt 0.876393 0.957858
vt 0.876393 0.968587
vt 0.880705 0.957858
vt 0.880705 0.968587
vt 0.885397 0.957858
vt 0.885397 0.968587
vt 0.889961 0.957858
vt 0.889961 0.968587
vt 0.893903 0.957858
vt 0.893903 0.968587
vt 0.826788 0.968587
vt 0.826788 0.957858
vt 0.830491 0.957858
vt 0.830491 0.968587
vt 0.834929 0.957858
vt 0.834929 0.968587
vt 0.839621 0.957858
vt 0.839621 0.968587
vt 0.844059 0.957858
vt 0.844059 0.968587
vt 0.847761 0.957858
vt 0.847761 0.968587
vt 0.95359 0.878462
vt 0.95359 0.867733
vt 0.955397 0.867733
vt 0.955397 0.878462
vt 0.957488 0.867733
vt 0.957488 0.878462
vt 0.959639 0.867733
vt 0.959639 0.878462
vt 0.961615 0.867733
vt 0.961615 0.878462
vt 0.963203 0.867733
vt 0.963203 0.878462
vt 0.976661 0.929962
vt 0.976661 0.919233
vt 0.984699 0.919233
vt 0.986274 0.929962
vt 0.727688 0.981462
vt 0.727688 0.970733
vt 0.730229 0.970733
vt 0.730229 0.981462
vt 0.732495 0.970733
vt 0.732495 0.981462
vt 0.919071 0.968587
vt 0.919071 0.957858
vt 0.922535 0.957858
vt 0.922535 0.968587
vt 0.926847 0.957858
vt 0.926847 0.968587
vt 0.931539 0.957858
vt 0.931539 0.968587
vt 0.936103 0.957858
vt 0.936103 0.968587
vt 0.940045 0.957858
vt 0.940045 0.968587
vt 0.965126 0.968587
vt 0.965126 0.957858
vt 0.972798 0.957858
vt 0.974738 0.968587
vt 0.976661 0.955712
vt 0.976661 0.944983
vt 0.986274 0.944983
vt 0.986274 0.955712
vt 0.884465 0.955712
vt 0.884465 0.944983
vt 0.887006 0.944983
vt 0.887006 0.955712
vt 0.89047 0.944983
vt 0.89047 0.955712
vt 0.894481 0.944983
vt 0.894481 0.955712
vt 0.898605 0.944983
vt 0.898605 0.955712
vt 0.902394 0.944983
vt 0.902394 0.955712
vt 0.905438 0.944983
vt 0.905438 0.955712
vt 0.722882 0.981462
vt 0.722882 0.970733
vt 0.725147 0.970733
vt 0.725147 0.981462
vt 0.734417 0.981462
vt 0.735985 0.970733
vt 0.74403 0.970733
vt 0.74403 0.981462
vt 0.896 0.968587
vt 0.896 0.957858
vt 0.899464 0.957858
vt 0.899464 0.968587
vt 0.903776 0.957858
vt 0.903776 0.968587
vt 0.908468 0.957858
vt 0.908468 0.968587
vt 0.913032 0.957858
vt 0.913032 0.968587
vt 0.916974 0.957858
vt 0.916974 0.968587
vt 0.849859 0.968587
vt 0.849859 0.957858
vt 0.853561 0.957858
vt 0.853561 0.968587
vt 0.857999 0.957858
vt 0.857999 0.968587
vt 0.862692 0.957858
vt 0.862692 0.968587
vt 0.867129 0.957858
vt 0.867129 0.968587
vt 0.870832 0.957858
vt 0.870832 0.968587
vt 0.976661 0.904212
vt 0.976661 0.893483
vt 0.978467 0.893483
vt 0.978467 0.904212
vt 0.980559 0.893483
vt 0.980559 0.904212
vt 0.98271 0.893483
vt 0.98271 0.904212
vt 0.984686 0.893483
vt 0.984686 0.904212
vt 0.986274 0.893483
vt 0.986274 0.904212
vt 0.745953 0.981462
vt 0.745953 0.970733
vt 0.755565 0.970733
vt 0.755565 0.981462
vt 0.354267 0.695916
vt 0.0360567 0.695916
vt 0.0360567 0.786482
vt 0.354267 0.786482
vt 0.0360567 0.754355
vt 0.354508 0.752465
vt 0.354267 0.756297
vt 0.354508 0.760129
vt 0.03558 0.761914
vt 0.0360567 0.75824
vt 0.0360567 0.79971
vt 0.354508 0.797821
vt 0.354267 0.801653
vt 0.354508 0.805485
vt 0.03558 0.80727
vt 0.0360567 0.803596
vt 0.694306 0.570025
vt 0.691164 0.570025
vt 0.692229 0.562172
vt 0.694306 0.562172
vt 0.97227 0.0347211
vt 0.97227 0.479529
vt 0.969765 0.479529
vt 0.969765 0.0347211
vt 0.694306 0.526309
vt 0.694306 0.517108
vt 0.696877 0.517108
vt 0.696877 0.526309
vt 0.836955 0.0241766
vt 0.836955 0.0299752
vt 0.83445 0.0299752
vt 0.83445 0.0261424
vt 0.828937 0.0347211
vt 0.828937 0.479529
vt 0.826432 0.479529
vt 0.826432 0.0347211
vt 0.969765 0.0299752
vt 0.836955 0.0347211
vt 0.937843 0.596674
vt 0.937843 0.587078
vt 0.940414 0.587078
vt 0.940414 0.593421
vt 0.940414 0.579225
vt 0.943556 0.579225
vt 0.942491 0.587078
vt 0.940414 0.570025
vt 0.937843 0.579225
vt 0.937843 0.570025
vt 0.695516 0.612933
vt 0.824538 0.612933
vt 0.824538 0.622145
vt 0.695516 0.622145
vt 0.696877 0.509255
vt 0.937843 0.509255
vt 0.937843 0.517108
vt 0.694306 0.579225
vt 0.696877 0.570025
vt 0.696877 0.579225
vt 0.826971 0.622145
vt 0.826971 0.632938
vt 0.824538 0.632938
vt 0.937843 0.49966
vt 0.940414 0.502913
vt 0.940414 0.509255
vt 0.969765 0.0241766
vt 0.97227 0.0261424
vt 0.97227 0.0299752
vt 0.967871 0.64215
vt 0.838849 0.64215
vt 0.838849 0.632938
vt 0.967871 0.632938
vt 0.943556 0.517108
vt 0.940414 0.517108
vt 0.942491 0.509255
vt 0.970305 0.622145
vt 0.970305 0.632938
vt 0.967871 0.622145
vt 0.691116 0.479529
vt 0.691116 0.0347211
vt 0.693622 0.0347211
vt 0.693622 0.479529
vt 0.937843 0.534162
vt 0.696877 0.534162
vt 0.937843 0.526309
vt 0.691164 0.526309
vt 0.694306 0.534162
vt 0.692229 0.534162
vt 0.693622 0.484275
vt 0.693622 0.490073
vt 0.691116 0.488108
vt 0.691116 0.484275
vt 0.826432 0.0299752
vt 0.826432 0.0241766
vt 0.828937 0.0261424
vt 0.828937 0.0299752
vt 0.691164 0.579225
vt 0.694306 0.587078
vt 0.692229 0.587078
vt 0.826432 0.490073
vt 0.826432 0.484275
vt 0.828937 0.484275
vt 0.828937 0.488108
vt 0.696877 0.587078
vt 0.696877 0.596674
vt 0.694306 0.593421
vt 0.940414 0.526309
vt 0.693082 0.632938
vt 0.693082 0.622145
vt 0.695516 0.632938
vt 0.824538 0.64215
vt 0.695516 0.64215
vt 0.693622 0.0299752
vt 0.836415 0.632938
vt 0.836415 0.622145
vt 0.838849 0.622145
vt 0.943556 0.570025
vt 0.940414 0.562172
vt 0.942491 0.562172
vt 0.838849 0.612933
vt 0.967871 0.612933
vt 0.937843 0.562172
vt 0.937843 0.552576
vt 0.940414 0.555829
vt 0.969765 0.490073
vt 0.969765 0.484275
vt 0.97227 0.484275
vt 0.97227 0.488108
vt 0.696877 0.562172
vt 0.836955 0.484275
vt 0.836955 0.490073
vt 0.83445 0.488108
vt 0.83445 0.484275
vt 0.836955 0.479529
vt 0.693622 0.0241766
vt 0.691116 0.0299752
vt 0.691116 0.0261424
vt 0.937843 0.543757
vt 0.940414 0.534162
vt 0.940414 0.540504
vt 0.943556 0.526309
vt 0.942491 0.534162
vt 0.83445 0.479529
vt 0.83445 0.0347211
vt 0.696877 0.543757
vt 0.694306 0.540504
vt 0.691164 0.517108
vt 0.692229 0.509255
vt 0.694306 0.509255
vt 0.696877 0.552576
vt 0.694306 0.555829
vt 0.696877 0.49966
vt 0.694306 0.502913
vt 0.826971 0.612933
vt 0.836415 0.612933
vt 0.836415 0.64215
vt 0.826971 0.64215
vt 0.693082 0.612933
vt 0.970305 0.612933
vt 0.970305 0.64215
vt 0.693082 0.64215
vt 0.826971 0.605493
vt 0.828937 0.612933
vt 0.836415 0.605493
vt 0.83445 0.612933
vt 0.836415 0.64959
vt 0.83445 0.64215
vt 0.828937 0.64215
vt 0.826971 0.64959
vt 0.691116 0.612933
vt 0.693082 0.605493
vt 0.97227 0.612933
vt 0.970305 0.605493
vt 0.97227 0.64215
vt 0.970305 0.64959
vt 0.691116 0.64215
vt 0.693082 0.64959
mtllib Bed.mtl
usemtl Default
g Default
f 2 77 78 1
f 79 21 20 80
f 3 81 77 2
f 82 22 21 79
f 4 83 81 3
f 84 23 22 82
f 5 85 83 4
f 86 24 23 84
f 6 87 85 5
f 88 25 24 86
f 7 89 87 6
f 90 26 25 88
f 8 91 89 7
f 92 27 26 90
f 9 93 91 8
f 94 28 27 92
f 10 95 93 9
f 96 29 28 94
f 11 97 95 10
f 98 30 29 96
f 12 99 97 11
f 100 31 30 98
f 13 101 99 12
f 102 32 31 100
f 14 103 101 13
f 104 33 32 102
f 15 105 103 14
f 106 34 33 104
f 16 107 105 15
f 108 35 34 106
f 17 109 107 16
f 110 36 35 108
f 18 111 109 17
f 112 37 36 110
f 19 113 111 18
f 114 38 37 112
f 1 78 113 19
f 80 20 38 114
f 40 115 116 39
f 117 59 58 118
f 41 119 115 40
f 120 60 59 117
f 42 121 119 41
f 122 61 60 120
f 43 123 121 42
f 124 62 61 122
f 44 125 123 43
f 126 63 62 124
f 45 127 125 44
f 128 64 63 126
f 46 129 127 45
f 130 65 64 128
f 47 131 129 46
f 132 66 65 130
f 48 133 131 47
f 134 67 66 132
f 49 135 133 48
f 136 68 67 134
f 50 137 135 49
f 138 69 68 136
f 51 139 137 50
f 140 70 69 138
f 52 141 139 51
f 142 71 70 140
f 53 143 141 52
f 144 72 71 142
f 54 145 143 53
f 146 73 72 144
f 55 147 145 54
f 148 74 73 146
f 56 149 147 55
f 150 75 74 148
f 57 151 149 56
f 152 76 75 150
f 39 116 151 57
f 118 58 76 152
f 26 27 160 159
f 27 28 161 160
f 28 29 162 161
f 29 30 163 162
f 30 31 164 163
f 31 32 165 164
f 32 33 166 165
f 33 34 167 166
f 34 35 168 167
f 35 36 169 168
f 36 37 170 169
f 37 38 171 170
f 38 20 153 171
f 20 21 154 153
f 21 22 155 154
f 22 23 156 155
f 23 24 157 156
f 24 25 158 157
f 25 26 159 158
f 64 65 179 178
f 65 66 180 179
f 66 67 181 180
f 67 68 182 181
f 68 69 183 182
f 69 70 184 183
f 70 71 185 184
f 71 72 186 185
f 72 73 187 186
f 73 74 188 187
f 74 75 189 188
f 75 76 190 189
f 76 58 172 190
f 58 59 173 172
f 59 60 174 173
f 60 61 175 174
f 61 62 176 175
f 62 63 177 176
f 63 64 178 177
f 179 180 218 217
f 180 181 219 218
f 181 182 220 219
f 182 183 221 220
f 183 184 222 221
f 184 185 223 222
f 185 186 224 223
f 186 187 225 224
f 187 188 226 225
f 188 189 227 226
f 189 190 228 227
f 190 172 210 228
f 172 173 211 210
f 173 174 212 211
f 174 175 213 212
f 175 176 214 213
f 176 177 215 214
f 177 178 216 215
f 178 179 217 216
f 153 154 192 191
f 154 155 193 192
f 155 156 194 193
f 156 157 195 194
f 157 158 196 195
f 158 159 197 196
f 159 160 198 197
f 160 161 199 198
f 161 162 200 199
f 162 163 201 200
f 163 164 202 201
f 164 165 203 202
f 165 166 204 203
f 166 167 205 204
f 167 168 206 205
f 168 169 207 206
f 169 170 208 207
f 170 171 209 208
f 171 153 191 209
f 217 218 256 255
f 218 219 257 256
f 219 220 258 257
f 220 221 259 258
f 221 222 260 259
f 222 223 261 260
f 223 224 262 261
f 224 225 263 262
f 225 226 264 263
f 226 227 265 264
f 227 228 266 265
f 228 210 248 266
f 210 211 249 248
f 211 212 250 249
f 212 213 251 250
f 213 214 252 251
f 214 215 253 252
f 215 216 254 253
f 216 217 255 254
f 204 205 243 242
f 205 206 244 243
f 206 207 245 244
f 207 208 246 245
f 208 209 247 246
f 209 191 229 247
f 191 192 230 229
f 192 193 231 230
f 193 194 232 231
f 194 195 233 232
f 195 196 234 233
f 196 197 235 234
f 197 198 236 235
f 198 199 237 236
f 199 200 238 237
f 200 201 239 238
f 201 202 240 239
f 202 203 241 240
f 203 204 242 241
f 230 231 269 268
f 231 232 270 269
f 232 233 271 270
f 233 234 272 271
f 234 235 273 272
f 235 236 274 273
f 236 237 275 274
f 237 238 276 275
f 238 239 277 276
f 239 240 278 277
f 240 241 279 278
f 241 242 280 279
f 242 243 281 280
f 243 244 282 281
f 244 245 283 282
f 245 246 284 283
f 246 247 285 284
f 247 229 267 285
f 229 230 268 267
f 255 256 294 293
f 256 257 295 294
f 257 258 296 295
f 258 259 297 296
f 259 260 298 297
f 260 261 299 298
f 261 262 300 299
f 262 263 301 300
f 263 264 302 301
f 264 265 303 302
f 265 266 304 303
f 266 248 286 304
f 248 249 287 286
f 249 250 288 287
f 250 251 289 288
f 251 252 290 289
f 252 253 291 290
f 253 254 292 291
f 254 255 293 292
f 267 268 269 270 271 272 273 274 275 276 277 278 279 280 281 282 283 284 285
f 286 287 288 289 290 291 292 293 294 295 296 297 298 299 300 301 302 303 304
f 2 1 305 306
f 1 19 323 305
f 19 18 322 323
f 18 17 321 322
f 17 16 320 321
f 16 15 319 320
f 15 14 318 319
f 14 13 317 318
f 13 12 316 317
f 12 11 315 316
f 11 10 314 315
f 10 9 313 314
f 9 8 312 313
f 8 7 311 312
f 7 6 310 311
f 6 5 309 310
f 5 4 308 309
f 4 3 307 308
f 3 2 306 307
f 40 39 324 325
f 39 57 342 324
f 57 56 341 342
f 56 55 340 341
f 55 54 339 340
f 54 53 338 339
f 53 52 337 338
f 52 51 336 337
f 51 50 335 336
f 50 49 334 335
f 49 48 333 334
f 48 47 332 333
f 47 46 331 332
f 46 45 330 331
f 45 44 329 330
f 44 43 328 329
f 43 42 327 328
f 42 41 326 327
f 41 40 325 326
f 332 331 369 370
f 331 330 368 369
f 330 329 367 368
f 329 328 366 367
f 328 327 365 366
f 327 326 364 365
f 326 325 363 364
f 325 324 362 363
f 324 342 380 362
f 342 341 379 380
f 341 340 378 379
f 340 339 377 378
f 339 338 376 377
f 338 337 375 376
f 337 336 374 375
f 336 335 373 374
f 335 334 372 373
f 334 333 371 372
f 333 332 370 371
f 319 318 356 357
f 318 317 355 356
f 317 316 354 355
f 316 315 353 354
f 315 314 352 353
f 314 313 351 352
f 313 312 350 351
f 312 311 349 350
f 311 310 348 349
f 310 309 347 348
f 309 308 346 347
f 308 307 345 346
f 307 306 344 345
f 306 305 343 344
f 305 323 361 343
f 323 322 360 361
f 322 321 359 360
f 321 320 358 359
f 320 319 357 358
f 343 361 360 359 358 357 356 355 354 353 352 351 350 349 348 347 346 345 344
f 362 380 379 378 377 376 375 374 373 372 371 370 369 368 367 366 365 364 363
f 382 457 458 381
f 459 401 400 460
f 383 461 457 382
f 462 402 401 459
f 384 463 461 383
f 464 403 402 462
f 385 465 463 384
f 466 404 403 464
f 386 467 465 385
f 468 405 404 466
f 387 469 467 386
f 470 406 405 468
f 388 471 469 387
f 472 407 406 470
f 389 473 471 388
f 474 408 407 472
f 390 475 473 389
f 476 409 408 474
f 391 477 475 390
f 478 410 409 476
f 392 479 477 391
f 480 411 410 478
f 393 481 479 392
f 482 412 411 480
f 394 483 481 393
f 484 413 412 482
f 395 485 483 394
f 486 414 413 484
f 396 487 485 395
f 488 415 414 486
f 397 489 487 396
f 490 416 415 488
f 398 491 489 397
f 492 417 416 490
f 399 493 491 398
f 494 418 417 492
f 381 458 493 399
f 460 400 418 494
f 420 495 496 419
f 497 439 438 498
f 421 499 495 420
f 500 440 439 497
f 422 501 499 421
f 502 441 440 500
f 423 503 501 422
f 504 442 441 502
f 424 505 503 423
f 506 443 442 504
f 425 507 505 424
f 508 444 443 506
f 426 509 507 425
f 510 445 444 508
f 427 511 509 426
f 512 446 445 510
f 428 513 511 427
f 514 447 446 512
f 429 515 513 428
f 516 448 447 514
f 430 517 515 429
f 518 449 448 516
f 431 519 517 430
f 520 450 449 518
f 432 521 519 431
f 522 451 450 520
f 433 523 521 432
f 524 452 451 522
f 434 525 523 433
f 526 453 452 524
f 435 527 525 434
f 528 454 453 526
f 436 529 527 435
f 530 455 454 528
f 437 531 529 436
f 532 456 455 530
f 419 496 531 437
f 498 438 456 532
f 406 407 540 539
f 407 408 541 540
f 408 409 542 541
f 409 410 543 542
f 410 411 544 543
f 411 412 545 544
f 412 413 546 545
f 413 414 547 546
f 414 415 548 547
f 415 416 549 548
f 416 417 550 549
f 417 418 551 550
f 418 400 533 551
f 400 401 534 533
f 401 402 535 534
f 402 403 536 535
f 403 404 537 536
f 404 405 538 537
f 405 406 539 538
f 444 445 559 558
f 445 446 560 559
f 446 447 561 560
f 447 448 562 561
f 448 449 563 562
f 449 450 564 563
f 450 451 565 564
f 451 452 566 565
f 452 453 567 566
f 453 454 568 567
f 454 455 569 568
f 455 456 570 569
f 456 438 552 570
f 438 439 553 552
f 439 440 554 553
f 440 441 555 554
f 441 442 556 555
f 442 443 557 556
f 443 444 558 557
f 559 560 598 597
f 560 561 599 598
f 561 562 600 599
f 562 563 601 600
f 563 564 602 601
f 564 565 603 602
f 565 566 604 603
f 566 567 605 604
f 567 568 606 605
f 568 569 607 606
f 569 570 608 607
f 570 552 590 608
f 552 553 591 590
f 553 554 592 591
f 554 555 593 592
f 555 556 594 593
f 556 557 595 594
f 557 558 596 595
f 558 559 597 596
f 533 534 572 571
f 534 535 573 572
f 535 536 574 573
f 536 537 575 574
f 537 538 576 575
f 538 539 577 576
f 539 540 578 577
f 540 541 579 578
f 541 542 580 579
f 542 543 581 580
f 543 544 582 581
f 544 545 583 582
f 545 546 584 583
f 546 547 585 584
f 547 548 586 585
f 548 549 587 586
f 549 550 588 587
f 550 551 589 588
f 551 533 571 589
f 597 598 636 635
f 598 599 637 636
f 599 600 638 637
f 600 601 639 638
f 601 602 640 639
f 602 603 641 640
f 603 604 642 641
f 604 605 643 642
f 605 606 644 643
f 606 607 645 644
f 607 608 646 645
f 608 590 628 646
f 590 591 629 628
f 591 592 630 629
f 592 593 631 630
f 593 594 632 631
f 594 595 633 632
f 595 596 634 633
f 596 597 635 634
f 584 585 623 622
f 585 586 624 623
f 586 587 625 624
f 587 588 626 625
f 588 589 627 626
f 589 571 609 627
f 571 572 610 609
f 572 573 611 610
f 573 574 612 611
f 574 575 613 612
f 575 576 614 613
f 576 577 615 614
f 577 578 616 615
f 578 579 617 616
f 579 580 618 617
f 580 581 619 618
f 581 582 620 619
f 582 583 621 620
f 583 584 622 621
f 610 611 649 648
f 611 612 650 649
f 612 613 651 650
f 613 614 652 651
f 614 615 653 652
f 615 616 654 653
f 616 617 655 654
f 617 618 656 655
f 618 619 657 656
f 619 620 658 657
f 620 621 659 658
f 621 622 660 659
f 622 623 661 660
f 623 624 662 661
f 624 625 663 662
f 625 626 664 663
f 626 627 665 664
f 627 609 647 665
f 609 610 648 647
f 635 636 674 673
f 636 637 675 674
f 637 638 676 675
f 638 639 677 676
f 639 640 678 677
f 640 641 679 678
f 641 642 680 679
f 642 643 681 680
f 643 644 682 681
f 644 645 683 682
f 645 646 684 683
f 646 628 666 684
f 628 629 667 666
f 629 630 668 667
f 630 631 669 668
f 631 632 670 669
f 632 633 671 670
f 633 634 672 671
f 634 635 673 672
f 647 648 649 650 651 652 653 654 655 656 657 658 659 660 661 662 663 664 665
f 666 667 668 669 670 671 672 673 674 675 676 677 678 679 680 681 682 683 684
f 382 381 685 686
f 381 399 703 685
f 399 398 702 703
f 398 397 701 702
f 397 396 700 701
f 396 395 699 700
f 395 394 698 699
f 394 393 697 698
f 393 392 696 697
f 392 391 695 696
f 391 390 694 695
f 390 389 693 694
f 389 388 692 693
f 388 387 691 692
f 387 386 690 691
f 386 385 689 690
f 385 384 688 689
f 384 383 687 688
f 383 382 686 687
f 420 419 704 705
f 419 437 722 704
f 437 436 721 722
f 436 435 720 721
f 435 434 719 720
f 434 433 718 719
f 433 432 717 718
f 432 431 716 717
f 431 430 715 716
f 430 429 714 715
f 429 428 713 714
f 428 427 712 713
f 427 426 711 712
f 426 425 710 711
f 425 424 709 710
f 424 423 708 709
f 423 422 707 708
f 422 421 706 707
f 421 420 705 706
f 712 711 749 750
f 711 710 748 749
f 710 709 747 748
f 709 708 746 747
f 708 707 745 746
f 707 706 744 745
f 706 705 743 744
f 705 704 742 743
f 704 722 760 742
f 722 721 759 760
f 721 720 758 759
f 720 719 757 758
f 719 718 756 757
f 718 717 755 756
f 717 716 754 755
f 716 715 753 754
f 715 714 752 753
f 714 713 751 752
f 713 712 750 751
f 699 698 736 737
f 698 697 735 736
f 697 696 734 735
f 696 695 733 734
f 695 694 732 733
f 694 693 731 732
f 693 692 730 731
f 692 691 729 730
f 691 690 728 729
f 690 689 727 728
f 689 688 726 727
f 688 687 725 726
f 687 686 724 725
f 686 685 723 724
f 685 703 741 723
f 703 702 740 741
f 702 701 739 740
f 701 700 738 739
f 700 699 737 738
f 723 741 740 739 738 737 736 735 734 733 732 731 730 729 728 727 726 725 724
f 742 760 759 758 757 756 755 754 753 752 751 750 749 748 747 746 745 744 743
f 80 777 778 79
f 79 778 779 82
f 82 779 780 84
f 84 780 781 86
f 86 781 782 88
f 88 782 783 90
f 90 783 784 92
f 92 784 785 94
f 98 786 787 100
f 100 787 788 102
f 102 788 789 104
f 104 789 790 106
f 106 790 791 108
f 108 791 792 110
f 110 792 793 112
f 112 793 794 114
f 114 794 777 80
f 117 795 796 120
f 120 796 797 122
f 122 797 798 124
f 124 798 799 126
f 126 799 800 128
f 128 800 801 130
f 130 801 802 132
f 132 802 803 134
f 134 803 804 136
f 136 804 805 138
f 138 805 806 140
f 140 806 807 142
f 142 807 808 144
f 144 808 809 146
f 146 809 810 148
f 148 810 811 150
f 150 811 812 152
f 460 813 814 459
f 459 814 815 462
f 462 815 816 464
f 464 816 817 466
f 466 817 818 468
f 468 818 819 470
f 470 819 820 472
f 472 820 821 474
f 478 822 823 480
f 480 823 824 482
f 482 824 825 484
f 484 825 826 486
f 486 826 827 488
f 488 827 828 490
f 490 828 829 492
f 492 829 830 494
f 494 830 813 460
f 497 831 832 500
f 500 832 833 502
f 502 833 834 504
f 504 834 835 506
f 506 835 836 508
f 508 836 837 510
f 510 837 838 512
f 512 838 839 514
f 514 839 840 516
f 516 840 841 518
f 518 841 842 520
f 520 842 843 522
f 522 843 844 524
f 524 844 845 526
f 526 845 846 528
f 528 846 847 530
f 530 847 848 532
f 839 838 990 991
f 838 837 989 990
f 837 836 988 989
f 836 835 987 988
f 835 834 986 987
f 834 833 985 986
f 833 832 984 985
f 832 831 983 984
f 831 852 1004 983
f 852 767 928 1004
f 767 495 907 928
f 495 499 908 907
f 499 501 909 908
f 501 503 910 909
f 503 505 911 910
f 505 507 912 911
f 507 509 913 912
f 509 511 914 913
f 511 513 915 914
f 513 515 916 915
f 515 517 917 916
f 517 519 918 917
f 519 521 919 918
f 521 523 920 919
f 523 525 921 920
f 525 527 922 921
f 527 529 923 922
f 529 531 924 923
f 531 848 1000 924
f 848 847 999 1000
f 847 846 998 999
f 846 845 997 998
f 845 844 996 997
f 844 843 995 996
f 843 842 994 995
f 842 841 993 994
f 841 840 992 993
f 840 839 991 992
f 93 785 937 861
f 785 784 936 937
f 784 783 935 936
f 783 782 934 935
f 782 781 933 934
f 781 780 932 933
f 780 779 931 932
f 779 778 930 931
f 778 777 929 930
f 777 794 946 929
f 794 793 945 946
f 793 792 944 945
f 792 791 943 944
f 791 790 942 943
f 790 789 941 942
f 789 788 940 941
f 788 787 939 940
f 787 786 938 939
f 786 850 1002 938
f 850 761 925 1002
f 761 97 862 925
f 97 99 863 862
f 99 101 864 863
f 101 103 865 864
f 103 105 866 865
f 105 107 867 866
f 107 109 868 867
f 109 111 869 868
f 111 113 870 869
f 113 78 854 870
f 78 77 853 854
f 77 81 855 853
f 81 83 856 855
f 83 85 857 856
f 85 87 858 857
f 87 89 859 858
f 89 91 860 859
f 91 93 861 860
f 826 825 977 978
f 825 824 976 977
f 824 823 975 976
f 823 822 974 975
f 822 477 898 974
f 477 479 899 898
f 479 481 900 899
f 481 483 901 900
f 483 485 902 901
f 485 487 903 902
f 487 489 904 903
f 489 491 905 904
f 491 493 906 905
f 493 458 890 906
f 458 457 889 890
f 457 461 891 889
f 461 463 892 891
f 463 465 893 892
f 465 467 894 893
f 467 469 895 894
f 469 471 896 895
f 471 473 897 896
f 473 765 927 897
f 765 851 1003 927
f 851 821 973 1003
f 821 820 972 973
f 820 819 971 972
f 819 818 970 971
f 818 817 969 970
f 817 816 968 969
f 816 815 967 968
f 815 814 966 967
f 814 813 965 966
f 813 830 982 965
f 830 829 981 982
f 829 828 980 981
f 828 827 979 980
f 827 826 978 979
f 127 129 877 876
f 129 131 878 877
f 131 133 879 878
f 133 135 880 879
f 135 137 881 880
f 137 139 882 881
f 139 141 883 882
f 141 143 884 883
f 143 145 885 884
f 145 147 886 885
f 147 149 887 886
f 149 151 888 887
f 151 763 926 888
f 763 849 1001 926
f 849 812 964 1001
f 812 811 963 964
f 811 810 962 963
f 810 809 961 962
f 809 808 960 961
f 808 807 959 960
f 807 806 958 959
f 806 805 957 958
f 805 804 956 957
f 804 803 955 956
f 803 802 954 955
f 802 801 953 954
f 801 800 952 953
f 800 799 951 952
f 799 798 950 951
f 798 797 949 950
f 797 796 948 949
f 796 795 947 948
f 795 115 871 947
f 115 119 872 871
f 119 121 873 872
f 121 123 874 873
f 123 125 875 874
f 125 127 876 875
f 929 854 853 930
f 930 853 855 931
f 931 855 856 932
f 932 856 857 933
f 933 857 858 934
f 934 858 859 935
f 935 859 860 936
f 936 860 861 937
f 938 862 863 939
f 939 863 864 940
f 940 864 865 941
f 941 865 866 942
f 942 866 867 943
f 943 867 868 944
f 944 868 869 945
f 945 869 870 946
f 946 870 854 929
f 947 871 872 948
f 948 872 873 949
f 949 873 874 950
f 950 874 875 951
f 951 875 876 952
f 952 876 877 953
f 953 877 878 954
f 954 878 879 955
f 955 879 880 956
f 956 880 881 957
f 957 881 882 958
f 958 882 883 959
f 959 883 884 960
f 960 884 885 961
f 961 885 886 962
f 962 886 887 963
f 963 887 888 964
f 965 890 889 966
f 966 889 891 967
f 967 891 892 968
f 968 892 893 969
f 969 893 894 970
f 970 894 895 971
f 971 895 896 972
f 972 896 897 973
f 974 898 899 975
f 975 899 900 976
f 976 900 901 977
f 977 901 902 978
f 978 902 903 979
f 979 903 904 980
f 980 904 905 981
f 981 905 906 982
f 982 906 890 965
f 983 907 908 984
f 984 908 909 985
f 985 909 910 986
f 986 910 911 987
f 987 911 912 988
f 988 912 913 989
f 989 913 914 990
f 990 914 915 991
f 991 915 916 992
f 992 916 917 993
f 993 917 918 994
f 994 918 919 995
f 995 919 920 996
f 996 920 921 997
f 997 921 922 998
f 998 922 923 999
f 999 923 924 1000
f 964 888 926 1001
f 1002 925 862 938
f 973 897 927 1003
f 1004 928 907 983
usemtl Bed
f 1026 1017 1020 1027
f 1074 1087 1086 1075
f 1092 1078 1077 1089
f 1019 1022 1021 1020
f 1057 1048 1047 1058
f 1022 1076 1075 1023
f 1048 1050 1049 1045
f 1052 1041 1044 1049
f 1038 1052 1051 1039
f 1068 1019 1018 1065
f 1080 1072 1071 1077
f 1056 1026 1025 1053
f 1017 1064 1063 1018
f 1072 1074 1073 1069
f 1076 1068 1067 1073
f 1097 1043 1042 1098
f 1066 1070 1069 1067
f 1082 1099 1098 1083
f 1094 1111 1110 1095
f 1102 1090 1089 1103
f 1099 1092 1091 1100
f 1096 1097 1100 1093
f 1059 1062 1061 1060
f 1064 1056 1055 1061
f 1043 1046 1045 1044
f 1054 1057 1060 1055
f 1070 1104 1103 1071
f 1106 1066 1065 1107
f 1050 1054 1053 1051
f 1062 1108 1107 1063
f 1109 1059 1058 1110
f 1041 1036 1035 1042
f 1036 1038 1037 1033
f 1034 1084 1083 1035
f 1046 1096 1095 1047
f 1040 1029 1032 1037
f 1084 1085 1088 1081
f 1028 1040 1039 1025
f 1031 1034 1033 1032
f 1085 1031 1030 1086
f 1108 1109 1112 1105
f 1111 1102 1101 1112
f 1104 1106 1105 1101
f 1029 1024 1023 1030
f 1090 1094 1093 1091
f 1078 1082 1081 1079
f 1024 1028 1027 1021
f 1087 1080 1079 1088
f 1017 1018 1019 1020
f 1021 1022 1023 1024
f 1025 1026 1027 1028
f 1029 1030 1031 1032
f 1033 1034 1035 1036
f 1037 1038 1039 1040
f 1041 1042 1043 1044
f 1045 1046 1047 1048
f 1049 1050 1051 1052
f 1053 1054 1055 1056
f 1057 1058 1059 1060
f 1061 1062 1063 1064
f 1065 1066 1067 1068
f 1069 1070 1071 1072
f 1073 1074 1075 1076
f 1077 1078 1079 1080
f 1081 1082 1083 1084
f 1085 1086 1087 1088
f 1089 1090 1091 1092
f 1093 1094 1095 1096
f 1097 1098 1099 1100
f 1101 1102 1103 1104
f 1105 1106 1107 1108
f 1109 1110 1111 1112
f 1028 1024 1029 1040
f 1038 1036 1041 1052
f 1056 1064 1017 1026
f 1068 1076 1022 1019
f 1050 1048 1057 1054
f 1034 1031 1085 1084
f 1046 1043 1097 1096
f 1080 1087 1074 1072
f 1062 1059 1109 1108
f 1070 1066 1106 1104
f 1092 1099 1082 1078
f 1102 1111 1094 1090
f 1020 1021 1027
f 1032 1033 1037
f 1044 1045 1049
f 1055 1060 1061
f 1067 1069 1073
f 1079 1081 1088
f 1091 1093 1100
f 1101 1105 1112
f 1051 1053 1025 1039
f 1030 1023 1075 1086
f 1042 1035 1083 1098
f 1058 1047 1095 1110
f 1018 1063 1107 1065
f 1089 1077 1071 1103
usemtl Wood
f 98 96 94 117 118 152
f 478 476 474 497 498 532
f 151 97 761 763
f 98 152 764 762
f 473 495 767 765
f 497 474 766 768
f 768 766 771 772
f 766 762 769 771
f 762 764 770 769
f 764 768 772 770
f 770 772 771 769
f 763 761 773 774
f 761 765 775 773
f 765 767 776 775
f 767 763 774 776
f 773 775 776 774
f 94 785 795 117
f 785 93 115 795
f 532 848 822 478
f 848 531 477 822
f 152 812 849 764
f 762 850 786 98
f 474 821 851 766
f 768 852 831 497
f 764 849 852 768
f 849 763 767 852
f 766 851 850 762
f 851 765 761 850
f 116 115 1008 1009
f 115 93 1005 1008
f 93 95 1006 1005
f 95 97 1007 1006
f 97 151 1010 1007
f 151 116 1009 1010
f 477 531 1016 1013
f 531 496 1015 1016
f 496 495 1014 1015
f 495 473 1011 1014
f 473 475 1012 1011
f 475 477 1013 1012
f 1007 1010 1009 1008 1005 1006
f 1013 1016 1015 1014 1011 1012
