# WaveFront *.obj file (generated by CINEMA 4D)

g grp1
usemtl Mat
v -122.049975 177.452652 -71.317341
v 259.629959 236.275313 -7.978126
v -135.291002 27.678053 -41.460398
v 248.049564 283.428948 -23.379235
v 213.59685 217.595912 -5.356867
v 189.907774 315.746688 -9.763807
v 213.683303 320.086776 -59.122126
v 213.045692 287.030148 -51.465066
v 19.479736 173.245941 -63.69178
v 177.001274 306.779443 -20.745959
v 206.973368 304.307927 45.664308
v 261.459614 233.934892 -5.961504
v -134.385249 271.804838 -45.346465
v 237.944949 235.83934 5.263586
v 264.012916 285.688377 -7.405208
v 259.689121 289.238756 15.728211
v 221.05868 301.700921 39.220677
v 78.772858 49.94614 -21.96604
v 100.397114 133.31472 18.605167
v 93.410885 121.503643 24.326665
v 81.164987 8.762605 -32.818944
v 218.01815 338.373036 -54.537921
v 78.771847 49.952134 21.969292
v 88.037619 36.412902 17.964934
v 263.065208 233.874529 -6.459154
v 258.693089 291.052666 14.942721
v 263.408455 295.848534 -35.670044
v 250.710082 273.663652 9.456797
v -77.087824 140.21555 -47.556444
v 224.065946 270.036563 -52.436523
v 82.426541 35.008294 16.727424
v 94.216897 25.152783 17.583005
v 61.409656 127.995177 18.332786
v 83.634686 131.222292 19.700476
v 63.781176 111.215953 27.467434
v 76.058373 104.711326 24.283949
v 263.991287 243.073693 -2.851194
v 260.744772 243.33649 -7.442674
v 64.48185 62.976708 -34.48974
v 77.153255 80.062571 25.086534
v -139.909594 15.133012 18.004426
v 254.754589 273.077681 -17.043039
v -148.966456 17.977838 23.611551
v -149.816492 17.086039 37.361337
v -197.872375 213.479739 -27.791064
v -165.718763 155.578644 -11.321517
v -115.592734 13.731918 48.870598
v -109.82891 13.188537 44.002098
v 206.973407 304.307918 -45.662313
v 252.570743 227.528111 -10.175901
v -103.979752 14.569762 30.235779
v 106.154409 280.75048 -10.114106
v -136.408564 17.132819 -48.341841
v 221.625053 317.096437 -2.883997
v -108.251422 16.332232 23.913977
v -269.427729 232.504665 -10.922591
v -112.807825 15.432447 17.193187
v -121.990093 12.085173 15.668355
v -357.06935 238.209738 -15.932152
v 222.526002 335.429103 -46.376614
v 258.693087 291.052666 -14.940544
v 175.435163 310.118651 -4.835394
v 254.461603 278.938319 -23.404266
v -86.633656 220.554013 -62.926424
v 230.083819 306.267865 28.337564
v -158.586693 38.018599 -22.563272
v 89.343548 280.140478 -26.951849
v 258.317653 291.340512 14.827879
v 110.635188 131.146642 7.085301
v -156.047726 282.505031 0.000746
v 218.018708 338.37366 54.540364
v -186.935807 259.224744 -28.335012
v -152.965795 38.293329 19.141916
v 255.422309 277.837004 -19.45178
v 46.792302 269.136965 -40.911798
v 55.874266 108.559246 -37.843467
v -159.156127 33.403415 27.799296
v 272.438635 256.014977 -10.052329
v 212.729977 327.992819 -52.493786
v 250.557704 264.772231 -20.782036
v -158.59119 38.027715 22.565157
v 227.570848 285.010193 -47.577072
v -163.978773 69.876715 17.465001
v 105.846643 10.667266 -15.258566
v 115.964119 273.769664 -37.357587
v 263.065208 233.874529 6.46133
v -177.099535 77.537368 32.929334
v -178.700996 76.547389 29.696626
v -143.660865 68.282432 -38.552139
v -174.979088 78.090959 23.786702
v -166.531047 82.742841 19.837854
v -74.614305 161.206645 -64.481681
v 265.960551 243.862112 16.362789
v 224.602156 329.009391 -39.281171
v 250.276484 277.513072 -29.605743
v 249.597001 280.625604 12.020871
v 266.676095 246.716228 19.316294
v 91.93173 68.574053 -31.724644
v -162.740968 97.688606 23.991725
v -101.490436 108.784118 -42.579573
v -167.065295 107.881971 29.728939
v 117.411296 10.6999 -38.095207
v 255.692374 267.264512 -15.110428
v -166.987051 124.746745 29.766629
v -169.313224 103.22864 33.822115
v -170.322292 139.683037 -45.754185
v -87.074682 291.158677 -16.658003
v 252.822226 251.726033 -28.941792
v -170.153791 94.735684 36.274372
v -154.413757 81.971673 -17.932709
v 270.005058 247.160888 -13.982054
v 17.06437 155.831878 -57.514592
v -109.828937 13.188405 -44.000321
v -175.935896 235.893777 -51.698116
v -106.49762 194.518559 -71.707864
v 247.967114 278.619525 -29.510778
v -160.873652 90.550892 44.564599
v 204.676685 311.767106 41.020227
v -151.980401 138.942721 -12.840231
v -163.504981 70.1734 42.970524
v 16.325996 119.280409 -13.630887
v 263.53718 304.174759 31.843483
v 246.098301 235.445575 0.000556
v 239.709051 253.178887 -41.143029
v -118.443529 157.60973 -70.075082
v -116.111444 26.316775 -38.048703
v -145.910798 15.889344 42.085671
v -31.418177 140.079363 -42.722031
v -152.634636 35.337374 41.023201
v 203.285309 319.90707 0.00109
v 259.337977 288.678536 15.656069
v -147.37437 43.556095 41.927921
v 212.48216 301.847867 -51.289574
v -136.407905 17.132856 48.343775
v -135.291618 27.678873 41.462807
v -100.98149 110.32722 -49.742783
v 222.526515 335.428293 46.376829
v -121.110061 22.804727 47.018155
v -131.150893 23.609519 44.302579
v -206.606301 244.792284 -20.13738
v -116.111752 26.316864 38.05107
v -125.088463 26.025237 32.721777
v 97.009268 185.415526 -69.744556
v -112.128963 21.118625 42.46615
v 255.421507 289.195628 -26.632021
v 95.127149 65.149096 -37.928201
v -137.937878 115.984575 -57.732171
v -107.998783 21.923672 37.387031
v -112.917317 24.907526 33.471486
v -106.452871 9.116561 -30.126522
v -107.684654 23.222802 29.084592
v -69.623187 148.136267 -34.072542
v -114.974383 26.102809 29.03431
v 89.085151 236.092589 -61.34856
v 256.696604 281.118071 -18.359729
v 270.00506 247.160888 13.983494
v 233.51666 262.971235 -48.868541
v -117.707734 23.34542 19.492266
v -123.027294 18.211177 15.231561
v -135.762162 20.030796 -16.886925
v 46.123865 192.665325 -63.470926
v -140.57689 67.766302 -28.223462
v 238.120886 233.849493 2.781228
v -148.967689 17.980648 -23.607026
v -132.21109 25.860495 21.170785
v -75.696544 151.986533 -41.138081
v -135.763695 20.029399 16.890051
v 173.95354 246.454162 -48.034236
v 271.041662 240.84247 -10.426078
v -197.606213 267.599257 10.582411
v 212.261532 297.549828 46.330195
v 245.678499 285.217471 -37.579975
v 250.710081 273.663652 -9.455356
v 139.338182 264.69638 -41.807722
v 62.546303 126.327746 -25.700361
v -127.504285 137.532961 -6.621087
v 266.16005 246.019078 19.073358
v 267.812737 250.793116 17.277109
v -142.546145 49.583918 37.488347
v -117.709847 23.346011 -19.48887
v 114.952002 25.596622 -25.981561
v 64.865803 47.645383 -36.440149
v 105.824868 116.956323 -43.919049
v -150.995884 63.35766 43.440299
v 212.482186 301.847876 51.291755
v 245.132219 298.447636 -28.953967
v -143.660104 68.283369 38.553853
v 265.316392 233.4954 -2.452192
v -105.546687 107.352357 -33.463784
v 149.742488 165.039828 -39.940495
v 67.848332 181.373883 -66.09297
v 250.557706 264.772231 20.786423
v -135.582193 82.663219 24.758127
v 110.553815 17.766877 -43.299329
v 253.559058 269.985761 -18.177475
v 157.243157 155.166633 -0.665256
v -149.400546 83.911143 46.904943
v 259.971097 289.542076 -15.476474
v -149.281185 98.531336 -19.021141
v 250.007035 265.757199 24.774981
v 94.945238 102.438431 -53.941807
v -136.634322 86.695099 44.007343
v -114.974419 26.102585 -29.031763
v -107.998788 21.923672 -37.38481
v -129.192325 99.082906 51.601703
v 248.776173 271.299099 -30.087198
v -115.840506 103.837138 -51.695339
v -115.835011 103.842081 51.699956
v -120.734238 115.854863 58.983817
v 18.166415 278.654881 -26.411499
v -196.653282 229.615792 -23.974032
v 114.18751 25.035226 -33.609311
v -100.96543 119.836219 59.166558
v -100.983466 110.325785 49.74409
v -104.497213 9.930741 -39.108876
v 67.752938 278.253176 -3.338628
v -48.168938 290.820058 -16.144896
v 259.548512 288.258927 15.770911
v -101.490369 108.784137 42.582708
v 105.449431 208.367039 -65.73539
v -191.214474 199.66773 -42.56669
v -131.521956 84.611851 33.489759
v -130.036934 129.922526 -12.446409
v 78.058448 133.389031 -70.298568
v 206.899826 269.862031 -56.317046
v -116.204112 137.351127 -65.546177
v 254.238544 271.582509 -17.407444
v -105.547227 107.351802 33.46511
v -117.319192 101.55412 24.836037
v 268.000469 250.268253 17.051841
v -54.123808 147.571346 -39.025731
v 63.781126 111.215992 -27.465244
v -135.124899 96.497248 19.439063
v -86.25459 126.974839 42.487201
v -110.098038 130.488081 17.38212
v 155.433024 208.12484 -46.645084
v -93.729917 134.723725 28.368249
v -130.037267 129.922035 12.448808
v -82.890304 129.960003 53.206542
v -82.140149 139.918141 39.200946
v 120.68984 16.327345 -27.392289
v 86.698997 49.287691 -23.211199
v -92.994207 140.135318 20.410262
v -108.127614 136.826235 9.911772
v -127.504284 137.532961 6.625519
v -106.569137 136.143815 0.000743
v -125.722768 137.684607 0.000744
v -82.643685 138.69537 13.225262
v -83.335683 136.38159 0.000741
v -75.695553 151.987729 41.143209
v -57.078043 132.016841 12.261617
v -57.101602 130.495931 0.00074
v -69.622977 148.1364 34.075244
v -54.850395 137.275304 25.61423
v -33.42276 123.812263 12.430933
v -32.63727 122.48348 0.000738
v -33.117986 128.90949 26.46303
v -10.353465 119.432055 13.47261
v -9.591532 117.891269 0.000737
v -10.963011 124.519719 30.163744
v 16.325997 119.280409 13.632357
v 19.055551 117.348126 0.000463
v 17.146826 124.206107 30.176993
v 54.678183 124.312292 9.863167
v 61.140224 124.393095 0.000732
v 134.926752 286.335657 -9.014371
v 41.012656 127.878845 29.987796
v 16.044784 134.982137 44.819373
v -10.365242 134.577972 45.130038
v 36.171613 136.563425 43.606169
v -31.418172 140.079363 42.723509
v 17.064377 155.831878 57.519009
v -7.270391 156.174935 58.903742
v -54.123803 147.571346 39.027949
v -30.515632 159.554687 58.615167
v 205.155796 217.778398 -18.988224
v 249.385705 268.051124 -28.039181
v 265.398113 243.563959 16.221445
v -77.087819 140.21555 47.560873
v -74.860182 144.661275 55.769878
v -68.656523 164.100399 53.821858
v -50.30235 162.469912 56.733519
v -69.409585 177.969192 61.302917
v -74.614297 161.206645 64.483902
v -84.308157 139.493378 62.556616
v -99.910501 138.498075 65.865685
v 22.104912 234.172667 -58.685102
v -116.204104 137.351127 65.548402
v 99.734315 26.903323 -23.986539
v -118.443521 157.60973 70.077308
v -137.938605 115.984277 57.734352
v -101.385662 168.813108 72.223146
v -141.418594 154.755614 64.044413
v -84.306873 172.725361 71.295946
v -122.053939 177.472711 71.319081
v -154.676244 281.585551 -17.938931
v -76.032888 176.069883 67.932112
v -89.075733 197.138415 70.824208
v 234.59897 241.970834 -34.35289
v 265.655769 244.205898 -16.825135
v -170.100437 128.432952 -37.000103
v -145.694212 175.465269 64.505028
v 94.835135 23.344066 -45.797697
v -164.137889 156.745352 55.631895
v 157.988257 258.174706 -46.359449
v -135.124959 96.496563 -19.437354
v -185.096777 178.544721 44.521742
v 108.807391 22.723445 -16.194197
v -51.545011 192.716112 -67.628068
v -170.323185 139.685689 45.756516
v -154.717581 120.290918 52.758455
v 259.982865 288.440761 15.624413
v -166.024586 116.973187 41.845932
v -178.132762 150.345231 36.195916
v -170.100036 128.429023 37.004286
v 259.284457 281.191443 -18.03959
v 66.77967 49.235612 -41.889463
v 102.464519 24.348978 -40.055465
v -171.705885 146.748278 25.961418
v -165.718761 155.578644 11.323009
v -180.418558 163.454894 23.036915
v -156.521906 152.74745 0.000746
v -148.756716 145.742707 7.543521
v 85.366297 14.732871 -17.882142
v -177.921485 170.083366 0.000747
v 172.699105 271.233583 -47.462229
v -182.914904 173.432929 8.800163
v -189.397598 177.701228 18.667758
v -191.229094 177.561574 32.579271
v -195.101035 194.06641 15.998563
v -190.893046 193.326888 -1.095355
v 262.315039 233.934892 6.640955
v -197.028729 197.060964 30.361786
v -191.214469 199.66773 42.568187
v -197.872372 213.479739 27.793296
v -170.424376 195.644228 56.700526
v -192.03455 216.358877 42.069065
v 203.426588 229.274072 -35.938021
v -174.21708 218.587258 54.950529
v -191.683406 232.242425 38.598031
v -196.653279 229.615792 23.975529
v -198.048324 212.650797 16.883286
v -167.064813 107.883851 -29.727587
v 189.753138 316.474488 5.4256
v -199.246476 228.67881 12.718014
v -197.058265 214.425515 2.577379
v -174.80308 255.880781 42.384144
v -186.93548 259.224641 28.336808
v -175.932027 235.892744 51.703107
v -156.622672 259.993025 48.826349
v -121.87776 279.367505 -34.638905
v -154.479083 218.178005 60.681378
v -125.879049 242.134462 62.577147
v -133.696407 216.137409 65.372368
v -126.835904 260.886957 54.875585
v -106.506423 194.532064 71.709399
v -111.365195 248.870121 -60.084783
v 110.45714 15.272454 -14.083784
v -157.044505 274.173829 -37.263339
v -86.629655 220.541362 62.931504
v -72.167661 196.743495 64.743264
v 229.004032 223.308559 -5.608434
v 126.877815 156.882405 -56.656967
v -76.655099 222.98534 61.038153
v 225.303145 313.9527 -18.888726
v 100.063302 27.158211 -33.549154
v -54.511022 213.721923 66.347137
v -51.545003 192.716112 67.630279
v -42.008378 175.11373 64.910403
v 20.586477 269.503411 -39.380582
v -76.655944 222.993115 -61.035192
v -5.934246 172.462662 64.688549
v 246.195947 305.071835 -8.883768
v 19.479744 173.245941 63.693252
v -23.383013 191.676573 68.079808
v 38.375703 155.862067 54.98438
v 20.745215 191.074447 66.038681
v 43.61501 175.316779 60.562324
v 50.671916 157.140063 56.947741
v -16.263029 214.859533 66.20386
v 46.076756 139.008238 46.203368
v 262.736866 233.672067 -2.740769
v 55.607184 154.831436 63.580618
v 50.015249 128.863842 33.607535
v 62.546306 126.327746 25.701826
v -99.910509 138.498075 -65.863469
v 49.862864 138.67991 58.185238
v 55.873664 108.562613 37.845195
v 215.082918 317.154034 -18.850189
v -174.217087 218.587258 -54.949037
v 52.476571 124.402928 53.385535
v 190.130088 250.6923 -51.952858
v -178.132766 150.345231 -36.193686
v 259.311737 233.552336 -12.304878
v 69.991662 67.688398 26.597687
v 63.016446 73.696054 44.491311
v 99.950198 9.926707 -23.124661
v 64.482016 62.975906 34.491202
v 250.480405 236.072014 -22.205414
v 208.769379 303.520632 -57.01694
v 63.683278 109.459161 61.458751
v -141.418602 154.755614 -64.042922
v 62.990615 132.288768 67.120262
v 74.832562 101.91692 62.576715
v -138.514225 8.702356 26.680395
v 78.058426 133.389612 70.300839
v -447.951238 232.027644 -9.838535
v 46.733412 253.046547 -53.368496
v 93.656528 131.421414 65.41283
v 118.01893 140.43811 -57.008051
v -162.740971 97.688606 -23.987286
v 266.758985 238.263856 0.077751
v 60.22501 180.805484 -62.299147
v -82.89031 129.960733 -53.202116
v 103.257867 119.558679 54.109074
v 222.243552 337.042717 45.093939
v 118.01894 140.438114 57.010245
v 102.448816 148.601976 65.971685
v 68.256151 154.74157 69.150807
v 87.886793 157.696304 69.846002
v 67.850923 181.38078 66.095581
v 83.072139 190.983178 70.083916
v -132.837796 29.824393 -29.659583
v 60.227826 180.811199 62.301959
v 97.009277 185.415526 69.746019
v 71.385663 215.859478 65.457262
v 87.807908 212.090564 67.94535
v 46.123873 192.665325 63.475337
v 16.044778 134.982137 -44.814962
v 48.445007 213.605605 63.576195
v 22.42147 214.530238 63.8103
v 67.751014 236.986303 61.109301
v 47.683074 235.379979 59.806277
v 22.104919 234.172667 58.687304
v 89.085159 236.092589 61.350023
v 70.28343 257.02773 54.583906
v 89.507717 257.239753 54.100242
v 112.846453 234.268373 58.813189
v 46.733419 253.046547 53.370702
v 69.6967 274.78044 39.655889
v -5.688366 233.308398 60.717659
v 23.218738 253.430829 51.200478
v 46.792307 269.136965 40.914
v 20.585289 269.502878 39.383076
v -9.893162 253.041025 52.519225
v -53.523391 232.155249 61.108931
v -156.622678 259.993025 -48.824119
v 212.261073 297.549285 -46.328891
v 63.682631 109.465344 -61.458664
v -68.708988 273.423062 37.241259
v -81.268808 249.6122 51.691477
v 49.862857 138.67991 -58.18377
v -176.514672 266.146648 32.261098
v -111.367204 248.869728 60.087189
v -111.339507 264.191399 51.405879
v -103.145959 270.844864 43.320546
v -83.382059 282.125916 30.314664
v 221.059393 301.700674 -39.218513
v -121.877755 279.367505 34.640387
v -134.385244 271.804838 45.348689
v -157.044501 274.173829 37.265566
v -154.676242 281.585551 17.941158
v -124.87911 287.081789 17.394185
v -87.07468 291.158677 16.660223
v 87.151269 55.488898 -47.483952
v -48.168936 290.820058 16.147112
v -23.208941 282.806691 26.48694
v -9.274979 287.718562 15.21512
v 18.166418 278.654881 26.413703
v 40.342818 277.70768 23.110038
v 89.796761 16.715836 -47.627156
v 41.399878 280.231016 11.451826
v 135.892184 146.369187 -19.764644
v 67.9264 278.968869 25.135223
v 91.21857 274.572826 40.999397
v 89.343552 280.140478 26.954048
v 88.288622 279.978526 10.901906
v 115.964123 273.769664 37.361989
v 114.206153 279.539033 25.794582
v 149.534138 146.413619 -0.638285
v 117.945147 255.012103 50.597553
v 135.259079 285.985642 11.490101
v 150.626595 293.219967 9.414106
v 136.642343 282.904028 23.334308
v -176.514676 266.146648 -32.259605
v 138.693312 276.59362 32.947922
v -108.127615 136.826235 -9.907341
v 153.364261 291.887472 21.264865
v 175.07607 308.097546 13.899215
v -126.839864 260.888076 -54.872751
v 261.154834 243.341657 -8.372454
v 194.616724 313.39255 27.125383
v 188.958296 307.697647 34.73361
v -203.626832 256.954542 -19.130038
v 156.845669 288.233313 30.544078
v -263.175534 241.942526 -16.792985
v 188.249607 298.021713 44.252938
v -33.11799 128.90949 -26.460818
v 157.423347 274.846976 40.928466
v -178.700853 76.547281 -29.694994
v 188.875559 283.621505 51.096354
v 68.255142 154.737765 -69.149449
v 172.699111 271.233583 47.464419
v 184.798376 267.286258 52.469082
v 205.630861 287.889485 54.624377
v 139.338187 264.69638 41.809913
v 142.280652 249.146326 49.179687
v 157.988263 258.179115 46.360904
v 173.953546 246.454162 48.035685
v -185.096958 178.545402 -44.519431
v 190.130094 250.6923 51.95504
v 159.113869 233.763364 48.245491
v 181.256322 228.827345 42.901649
v 134.321207 232.03043 54.041344
v 105.449439 208.367039 65.737581
v 249.924582 273.603303 -30.163758
v 115.901747 176.701121 63.498603
v 143.512968 218.099733 52.492759
v 178.539363 213.006838 -35.324311
v 167.565068 219.274087 43.266053
v 155.433029 208.12484 46.64727
v 181.256316 228.827345 -42.899463
v 137.970023 177.220602 54.163691
v 252.40989 270.495938 -26.985725
v 149.742011 165.039109 39.942976
v -159.154029 33.399008 -27.797707
v 126.877822 156.882405 56.659156
v -109.407173 9.95261 23.542624
v 117.594001 127.924493 41.098776
v 127.499134 136.38159 40.724803
v 137.720827 148.233154 42.286948
v 17.146822 124.206107 -30.174787
v 105.824874 116.956323 43.921244
v 136.900001 146.829292 27.818306
v 118.927329 132.384889 27.873278
v 115.4488 137.315785 19.048339
v 176.629537 192.240559 -14.650554
v 135.892187 146.369187 19.7661
v 245.26741 240.221749 -3.937201
v 134.321201 232.03043 -54.036944
v 161.240508 192.789004 36.802302
v 204.278441 317.210906 -20.73476
v -121.110893 22.805464 -47.015672
v 152.757172 164.131374 23.827118
v 262.022024 243.311468 -8.970959
v 109.255948 12.458744 -47.509254
v 145.956776 154.152599 20.419736
v 178.546232 213.013296 35.328213
v 155.498289 158.433337 9.819803
v 195.381901 237.526654 46.262251
v 177.960785 201.752754 26.744199
v 157.42646 274.849311 -40.926815
v 55.607176 154.831436 -63.576938
v 203.426705 229.273656 35.938921
v 87.885074 157.693475 -69.844192
v 210.132909 243.217129 48.679009
v 62.989868 132.292333 -67.118791
v -191.683411 232.242425 -38.595799
v 208.27512 254.623357 54.799216
v 206.899677 269.860961 56.319224
v 71.383445 215.859446 -65.455219
v -109.407416 9.952566 -23.540563
v 227.570854 285.010193 47.579256
v 213.044088 287.029819 51.468058
v 103.25786 119.558679 -54.106878
v 224.065952 270.036563 52.4387
v 233.513625 262.971331 48.872031
v -136.314675 9.216873 41.137997
v 235.740862 294.391937 39.365094
v 245.678979 285.216389 37.581957
v -191.427161 272.145597 0.000732
v 257.760166 294.757213 -11.49865
v 245.131219 298.448372 28.956114
v 156.860201 288.240691 -30.5431
v -476.976722 234.343156 -8.604817
v 38.375696 155.862067 -54.982914
v 161.240425 192.787987 -36.799629
v -131.521219 84.612483 -33.485973
v 246.196599 305.071278 8.886373
v 257.624634 294.706039 12.059085
v 266.769608 246.175891 -18.994621
v 212.731004 327.994355 52.496915
v -136.636019 86.694005 -44.005018
v 256.363683 268.363139 23.418261
v 159.113863 233.763364 -48.243302
v 269.817328 247.60038 14.35305
v 262.998886 285.928448 9.823019
v 255.421769 289.195513 26.633754
v -473.240787 239.775929 -13.585287
v -147.377465 43.565261 -41.923856
v 222.244607 337.042339 -45.090707
v 264.52338 238.67469 5.267702
v 256.711597 239.663756 -5.935804
v 63.016481 73.695881 -44.489103
v 248.209206 276.24425 34.539739
v 258.877688 224.650259 1.110844
v -125.088644 26.025179 -32.718656
v 266.066535 246.560145 19.390648
v -140.665599 34.703927 -20.58142
v -115.34813 8.329553 20.891887
v -197.028732 197.060964 -30.359554
v 253.124707 278.938319 23.383624
v 251.1908 278.311825 26.415897
v 253.852046 278.402363 21.650683
v 254.097937 277.837004 20.313066
v 208.769421 303.521273 57.019335
v 248.928552 277.513072 28.203315
v 73.213372 44.178029 -23.264383
v 211.58716 310.524141 -31.954037
v 22.421462 214.530238 -63.808828
v 253.980888 275.269976 18.789199
v -178.542813 273.905865 -15.505893
v -42.006853 175.1135 -64.908206
v 50.015245 128.863842 -33.605333
v 253.230716 269.900362 -24.203007
v 253.406684 273.077681 18.44099
v 260.01237 278.515233 14.657453
v 211.5854 310.522908 31.957786
v 205.884791 323.213489 -41.888416
v 85.484179 75.625524 -26.881343
v -196.8999 241.982685 22.773368
v 252.339967 269.985761 19.32292
v 197.283107 292.21881 -54.018075
v -103.979821 14.569735 -30.233576
v -198.51889 223.374228 -8.938319
v 36.171608 136.563425 -43.603965
v -176.096569 80.035856 -33.515058
v -163.978585 69.874933 -17.463569
v 252.362798 269.632398 21.180272
v 251.988065 269.900362 24.004948
v 215.082351 317.154051 18.85203
v -120.728501 115.866064 -58.985051
v 250.20656 277.376899 -9.970673
v 251.061986 270.495938 26.16781
v 81.001106 15.11415 -42.408095
v -101.385465 168.810184 -72.220999
v 249.304016 272.001388 28.038412
v -264.58466 251.395252 -15.344528
v -50.302356 162.469912 -56.731309
v 265.960549 243.862112 -16.361349
v 115.549797 10.548425 -25.446156
v 248.588444 273.603303 28.637654
v 248.447835 275.583602 28.716424
v 246.62826 237.127575 0.202105
v 253.05706 268.355176 29.591203
v 247.885425 281.575245 26.976124
v -119.169162 7.392314 -44.530239
v -170.420026 195.615327 -56.698096
v 261.459615 233.934892 5.963681
v -142.545602 49.586475 -37.483415
v 248.997149 264.746734 36.139256
v 213.683127 320.086551 59.124204
v 152.756938 164.130881 -23.824886
v 241.489709 308.724826 0.000478
v 239.705618 253.179077 41.147358
v 259.337975 288.678536 -15.654628
v 268.571015 240.034513 -0.183718
v 210.96684 324.64384 -39.430971
v 252.822451 251.72542 28.943468
v 46.076751 139.008238 -46.201906
v 268.263658 238.810589 -2.097531
v -478.125608 233.096374 0.000765
v 257.668451 258.825721 23.639747
v 256.249339 267.875826 14.35562
v -23.187228 282.806634 -26.481744
v -30.515639 159.554687 -58.613692
v 248.975672 282.913604 -15.287277
v -68.704557 273.421516 -37.24069
v -171.706428 146.74853 -25.959718
v 250.479766 236.072259 22.208022
v -141.982413 81.913876 -19.789108
v -119.170052 7.392558 44.534478
v 267.740666 273.736569 3.717223
v -7.270398 156.174935 -58.901536
v 138.693308 276.59362 -32.943523
v 268.528279 250.515576 -16.921572
v 247.885421 281.575245 -26.973946
v -130.570657 11.750692 48.045549
v 86.405866 87.171337 -55.969763
v -145.68076 175.456333 -64.507033
v 210.967296 324.644674 39.433366
v 252.150162 233.90249 -16.742022
v -83.382063 282.125916 -30.312446
v 212.217191 318.325064 32.513435
v -74.860188 144.661275 -55.768398
v 75.656556 14.738383 -28.633916
v 262.854644 243.225339 -8.45785
v 228.840234 310.722317 -25.245255
v 204.498673 311.827199 -57.998325
v -182.914905 173.432929 -8.797932
v 266.76961 246.175891 18.996798
v 188.250347 298.023221 -44.250528
v 254.556426 275.41773 -30.104153
v 188.874426 283.620822 -51.094371
v 248.42427 283.899331 -19.275837
v 241.586853 238.504848 5.991655
v -149.402285 83.90746 -46.902252
v -92.994209 140.135318 -20.408041
v 273.886608 247.638001 4.369985
v 273.218916 254.758484 3.917407
v 276.139515 257.742129 5.713444
v 96.466089 16.19359 -14.159871
v 258.400101 290.789869 -15.224705
v 269.050052 248.556877 18.449843
v 249.385709 268.051124 28.040623
v -169.507857 103.016164 -35.313395
v 251.026629 270.056445 10.55148
v 259.971099 289.542076 15.478652
v 17.334545 286.975777 0.000735
v -136.314594 9.216814 -41.135656
v 274.676586 251.340573 -3.308953
v 265.398111 243.563959 -16.219269
v 261.07941 242.738379 24.189017
v 263.535893 304.173526 -31.839974
v 262.646567 235.755756 16.681285
v 255.30526 275.269976 -17.491365
v -138.514381 8.702325 -26.678749
v 260.744773 243.33649 7.44485
v -111.339513 264.191399 -51.403654
v -5.688373 233.308398 -60.715446
v 71.348327 62.452246 -48.323465
v 268.98093 237.51321 6.813159
v 250.206561 277.376899 9.972852
v -144.978301 50.758521 -20.357402
v 248.776176 271.299099 30.089376
v 259.311675 233.552274 12.307272
v -166.531839 82.739952 -19.835787
v 269.465423 246.883348 -14.033585
v 197.086115 307.876303 -52.882665
v 266.852031 243.104584 0.00072
v 255.188212 278.402363 -21.173678
v 228.840287 310.722144 25.247668
v -132.210635 25.86022 -21.168795
v 52.476246 124.40435 -53.383609
v 251.109078 267.101456 -13.083928
v 259.982863 288.440761 -15.622972
v -195.669029 194.403412 -17.493546
v -189.3976 177.701228 -18.664054
v 248.049567 283.428948 23.381417
v 93.426051 41.186582 -40.993054
v -9.896806 253.040607 -52.517135
v 259.314414 289.536908 -15.674503
v -178.542811 273.905865 15.50739
v 252.526938 278.311825 -27.30743
v 252.887793 234.22913 16.802705
v -33.422762 123.812263 -12.428722
v -381.959673 230.762786 -10.513161
v 250.403031 232.155362 4.137908
v 48.444999 213.605605 -63.574734
v 256.413863 270.443764 13.631
v 250.640154 272.001388 -29.393729
v 257.669072 258.825598 -23.636937
v -143.706632 68.426068 -21.387712
v -449.669818 238.567888 -15.194074
v -131.150297 23.609961 -44.299995
v 265.85156 234.827457 7.57078
v 263.838183 237.072637 -1.088077
v -448.608435 246.311199 -14.221386
v -115.348065 8.329523 -20.889677
v 266.816533 231.729469 -1.597186
v 41.012652 127.878845 -29.98633
v 257.818237 238.017732 -7.279311
v 252.574453 227.528428 10.176469
v -69.409592 177.969192 -61.300697
v -152.963942 38.289579 -19.13975
v 266.265302 242.993433 -3.010943
v -174.979212 78.08901 -23.784287
v 142.280646 249.146326 -49.1775
v 229.556502 223.763338 6.766231
v 77.154098 80.049724 -25.084255
v -139.905364 15.130305 -18.001416
v 211.380188 217.537807 9.843858
v 188.172622 205.437085 -18.413779
v 264.483771 243.078832 0.00072
v 205.155613 217.778273 18.989728
v -84.308165 139.493378 -62.555131
v 189.970058 206.041452 16.356261
v 227.444873 226.732423 16.381616
v 176.534212 192.582256 15.661508
v -166.985367 124.743802 -29.76242
v 163.745206 169.166084 2.863198
v 234.600276 241.969914 34.353217
v 205.742951 224.357768 28.548661
v -154.717618 120.291234 -52.756154
v 69.696695 274.78044 -39.653689
v 177.961219 201.753137 -26.741653
v 54.687078 124.313822 -9.860159
v -16.263378 214.859889 -66.201451
v 146.271313 154.691988 -20.846252
v 194.616756 313.392541 -27.123222
v 143.510031 218.094645 -52.491373
v 250.944937 265.247051 16.680078
v -152.632133 35.331077 -41.021169
v -113.71124 8.090618 28.890501
v 102.847081 118.310886 31.482214
v 86.485087 105.33125 27.351653
v 184.793393 267.284889 -52.465838
v -130.569907 11.750379 -48.043833
v 266.160047 246.019078 -19.071183
v 94.682067 104.957083 34.342738
v 97.65867 101.665702 44.635893
v -9.274981 287.718562 -15.212909
v 85.484419 75.618222 26.882919
v 225.883369 309.247344 27.593433
v 94.944995 102.437516 53.943045
v 251.026627 270.056445 -10.547094
v 259.595635 289.845368 15.426383
v 86.405974 87.182187 55.975616
v 93.229379 80.010505 48.109483
v 265.316392 233.4954 2.456576
v -10.353466 119.432055 -13.471137
v 117.94514 255.012103 -50.595356
v 79.794895 58.329052 49.345767
v 71.347877 62.45214 48.324836
v 87.150598 55.496146 47.487743
v 89.50771 257.239753 -54.098042
v 93.42643 41.186567 40.995503
v 263.40846 295.848601 35.672166
v 95.127205 65.148917 37.929897
v 91.932069 68.56239 31.725151
v 86.698695 49.291512 23.214127
v -126.789471 289.602425 0.000744
v 93.422756 39.888449 26.390141
v 96.590087 36.857387 33.023679
v 220.721231 321.440576 28.190472
v 237.956715 235.83934 -5.268768
v 90.046216 35.09486 44.661621
v -110.09989 130.486205 -17.37903
v -207.429422 234.694027 -12.875521
v 82.661954 35.930714 46.244503
v -82.140154 139.918141 -39.198728
v -361.587252 246.460764 -14.667393
v 114.20615 279.539033 -25.790178
v 94.834609 23.344536 45.799372
v -154.48797 218.200888 -60.673683
v 97.659085 101.668406 -44.634804
v -164.137558 156.745237 -55.629889
v -107.684678 23.222744 -29.082138
v -112.807822 15.433218 -17.191489
v 205.742914 224.357972 -28.546831
v 83.07213 190.983178 -70.081722
v -113.711181 8.090653 -28.886903
v 71.984797 42.642456 43.485554
v -84.30776 172.725103 -71.293756
v -103.145964 270.844864 -43.318325
v 79.795783 58.321869 -49.342236
v -160.873806 90.554188 -44.563315
v 75.64523 27.003917 21.397189
v -124.879112 287.081789 -17.39196
v 73.213375 44.178029 23.268792
v 118.927898 132.385472 -27.87137
v 67.740389 43.832908 33.740673
v -152.208386 72.150518 -16.793226
v -196.899903 241.982685 -22.771872
v 64.865569 47.645569 36.44182
v 259.595633 289.845368 -15.424942
v 43.615003 175.316779 -60.560118
v 69.993883 67.676477 -26.594791
v 66.779625 49.236338 41.891799
v 105.914662 20.638362 -48.226763
v 105.91481 20.638369 48.228952
v -363.492997 251.914492 -8.678407
v 110.553243 17.767789 43.302236
v -146.698006 114.320376 -16.132249
v 112.875982 23.919895 40.148755
v 88.039407 36.413562 -17.962241
v 117.593996 127.924493 -41.096582
v 205.250691 320.274117 -51.550519
v 97.863246 10.696374 -46.691894
v 114.187473 25.035232 33.611568
v 167.565063 219.274087 -43.264599
v 102.448808 148.601976 -65.969486
v 82.42644 35.006144 -16.72534
v 108.648194 10.798576 -42.386637
v 20.745207 191.074447 -66.037209
v 114.952511 25.596238 25.98369
v -121.983288 12.084511 -15.666769
v -171.719301 66.055208 -33.835146
v 204.498057 311.826439 57.999476
v 119.930938 16.02275 -33.470016
v 259.314416 289.536908 15.67668
v 91.218565 274.572826 -40.9972
v 210.135326 243.218094 -48.677279
v 268.340578 251.041226 17.14607
v -129.192331 99.082906 -51.599476
v 259.54851 288.258927 -15.768733
v 101.133274 27.352758 26.816523
v 262.854645 243.225339 8.460026
v 108.80556 22.724375 16.197148
v 23.218732 253.430829 -51.19901
v -174.803086 255.880781 -42.381914
v 136.64234 282.904028 -23.332115
v 98.645883 27.018143 36.982606
v 61.409654 127.995177 -18.330585
v -104.49704 9.930986 39.110576
v 204.278363 317.210899 20.736996
v 67.751006 236.986303 -61.104886
v 89.978289 7.148788 -30.207388
v 264.612614 242.912443 -5.988743
v 265.655771 244.205898 16.826573
v 94.217049 25.152375 -17.580702
v 100.676903 15.370678 -49.641944
v 259.759803 288.860371 -15.50592
v -141.98177 81.914548 19.791333
v -140.576872 67.766302 28.22574
v -143.707001 68.426183 21.389226
v -5.934254 172.462662 -64.686344
v -133.703106 216.160471 -65.367023
v 261.3308 243.351935 6.353114
v -140.043056 50.789862 29.555561
v -132.837705 29.824396 29.662393
v -14.315522 293.139005 0.000737
v 248.975674 282.913604 15.289457
v 261.079663 242.739755 -24.187707
v -151.980399 138.942721 12.842459
v 90.046825 35.092845 -44.660019
v -146.698689 114.324387 16.133906
v 115.901182 176.707564 -63.497315
v -149.28436 98.523649 19.025368
v 197.282958 292.218225 54.020275
v 248.283692 275.007909 30.606906
v -154.415412 81.971091 17.934409
v 267.812735 250.793116 -17.274934
v -152.208182 72.150196 16.794672
v -144.977385 50.75749 20.360237
v 262.022025 243.311468 8.975344
v -140.667016 34.711786 20.586099
v -23.390702 191.676758 -68.077616
v 94.279362 129.049142 -8.243575
v 83.635087 131.222235 -19.698567
v 93.410882 121.503643 -24.325203
v -166.024538 116.971861 -41.844002
v 216.711507 329.385083 36.404295
v 50.671909 157.140063 -56.945536
v 265.714659 233.410001 0.00072
v 208.879287 323.047298 33.090111
v 75.646548 26.998167 -21.395413
v 205.884773 323.213467 41.890571
v -100.965437 119.836219 -59.165079
v 67.740608 43.832233 -33.737477
v 230.08363 306.267444 -28.336371
v 205.251202 320.274503 51.553385
v 197.088279 307.878972 52.886601
v 256.364223 268.363475 -23.4144
v 96.465087 16.193813 14.161402
v 266.454964 272.977556 -5.64002
v 110.456592 15.27177 14.086004
v 237.264733 236.228789 2.915947
v 115.615784 17.502344 20.475061
v 76.820467 14.257792 -37.48163
v -251.118251 259.73751 -8.946649
v 120.302681 16.011073 29.010041
v 120.362668 14.694862 37.885547
v -88.915094 295.154632 0.000742
v 109.255903 12.458691 47.511462
v -117.317723 101.556716 -24.83241
v 100.677077 15.37081 49.64423
v -82.643687 138.69537 -13.223043
v 89.796053 16.716036 47.628823
v 81.00096 15.117648 42.41347
v 76.820578 14.258295 37.484382
v 75.656418 14.738876 28.635425
v -125.882762 242.13247 -62.575284
v 85.366178 14.733017 17.884374
v 108.648307 10.798152 42.38834
v 195.381895 237.526654 -46.260071
v 238.366777 234.652655 -4.994178
v 97.860839 10.696079 46.694004
v 269.817326 247.60038 -14.350875
v 259.759805 288.860371 15.509569
v 208.879054 323.047007 -33.087784
v 114.522708 9.567095 35.676164
v 250.944935 265.247051 -16.678636
v 249.596999 280.625604 -12.018694
v 115.549655 10.548425 25.448283
v 263.032241 233.358995 -10.296846
v 99.951094 9.926741 23.126643
v 70.283423 257.02773 -54.581703
v 105.846973 10.667309 15.260195
v 261.3308 243.351935 -6.350937
v 258.317651 291.340512 -14.825702
v 89.978373 7.148835 30.20907
v 189.335198 203.454309 -5.493653
v 250.007032 265.757199 -24.772804
v 249.783972 275.583602 -30.267562
v 137.720822 148.233154 -42.284757
v 81.164553 8.762908 32.819869
v 40.342056 277.707594 -23.108665
v 82.662249 35.930556 -46.24304
v 208.275868 254.623601 -54.797906
v -81.273209 249.613804 -51.686939
v 265.093333 243.907746 16.683022
v 96.590288 36.856844 -33.02031
v 269.465425 246.883348 14.035761
v 216.710963 329.381754 -36.397595
v -203.187325 227.952054 0.000683
v 225.195973 314.15677 18.883006
v -207.428731 234.69399 12.877525
v 219.06831 336.73487 55.352002
v 224.603376 329.008084 39.282879
v 277.959466 258.041677 -4.052359
v -229.17633 228.521739 0.000835
v -206.607518 244.792195 20.139433
v -203.626292 256.954428 19.131844
v -465.274844 251.346932 -8.077015
v 68.900169 278.857329 -26.215681
v -108.251399 16.331518 -23.911765
v 112.846446 234.268373 -58.811729
v 204.676045 311.767284 -41.016432
v -269.403882 232.505361 10.925655
v -115.59284 13.731501 -48.868571
v -263.17492 241.942369 16.794865
v -112.128977 21.11867 -42.462428
v -251.120542 259.737267 8.948989
v -246.220863 264.198422 0.000753
v -163.502363 70.166612 -42.968148
v 258.024665 291.077715 -15.109863
v 248.996164 264.744745 -36.136831
v -264.583259 251.395436 15.346262
v 127.499129 136.38159 -40.722611
v -57.078045 132.016841 -12.260138
v 93.422834 39.888036 -26.387918
v 266.676093 246.716228 -19.314118
v 262.315038 233.934892 -6.639515
v -112.917057 24.90724 -33.469277
v 235.740857 294.391937 -39.363649
v 136.899997 146.828548 -27.816114
v 265.247488 299.366904 -33.848329
v 153.370822 291.891566 -21.262525
v -191.227955 177.559246 -32.576411
v -135.581531 82.66383 -24.755708
v -357.075572 238.209641 15.934123
v -86.254595 126.974839 -42.48572
v -123.026107 18.211986 -15.229567
v -336.244024 256.478358 0.000757
v -381.966731 230.762802 10.515346
v -326.348923 226.443872 0.000882
v -363.50652 251.913941 8.680648
v 265.093331 243.907746 -16.680845
v 258.400103 290.789869 15.226146
v 256.696526 281.118191 18.361465
v 248.283688 275.007909 -30.604725
v 47.683066 235.379979 -59.804079
v -54.850398 137.275304 -25.612751
v -72.167905 196.744288 -64.741102
v 225.88519 309.247746 -27.590832
v -106.452709 9.116505 30.129527
v -393.040299 254.287223 0.000705
v 111.652142 281.328147 9.650452
v 256.413069 270.44409 -13.627794
v -192.034556 216.358877 -42.06683
v 247.967117 278.619525 29.512956
v -411.555703 227.702812 0.00076
v -361.603892 246.460239 14.669498
v -449.676795 238.568148 15.195791
v -197.603443 267.599789 -10.581136
v 259.292596 239.270787 5.794303
v 41.142374 280.955645 -6.612646
v 237.264732 236.228789 -2.918184
v -447.950062 232.027551 9.840179
v -464.796481 230.347556 0.000698
v -93.726484 134.72436 -28.369127
v 115.615717 17.502331 -20.472299
v 261.154835 243.341657 8.376839
v -448.978821 251.500019 8.415097
v -464.964358 253.539541 0.000753
v 266.571187 250.11644 -20.491579
v 238.120886 233.853902 -2.875486
v 71.984654 42.641921 -43.483572
v 205.630779 287.890486 -54.622522
v 251.109079 267.101456 13.087578
v 264.651016 238.524515 -5.074213
v -197.921004 212.261022 -14.005782
v -76.032897 176.069883 -67.929892
v -476.976582 234.343082 8.607145
v -49.388033 296.170519 0.000739
v -465.491488 246.275526 13.851586
v -473.238199 239.775669 13.587844
v -481.472555 243.418462 9.138518
v -484.040443 241.810514 -4.261057
v 162.87429 170.501167 -11.11385
v -474.614169 245.667304 -12.54535
v -475.407537 250.413457 6.661721
v 87.807899 212.090564 -67.943157
v 266.265302 242.993433 3.012383
v -478.360365 249.731148 -4.088119
v 115.964289 21.149844 -40.421791
v -68.656822 164.099952 -53.819914
v 212.217493 318.325482 -32.51181
v 219.067983 336.734493 -55.350604
v -53.522585 232.155734 -61.10656
v 263.217584 233.576376 0.00072
v 269.278451 247.32284 14.404581
v 93.657275 131.422319 -65.41081
v 93.229569 80.01872 -48.1094
v 259.68912 289.238756 -15.726035
v 262.641947 239.317776 2.696342
v 227.44561 226.734084 -16.380634
v -10.963015 124.519719 -30.161534
v -148.756717 145.742707 -7.542032
v 137.975745 177.230874 -54.159013
v 74.833012 101.915193 -62.574133
v -150.995949 63.35911 -43.438402
v 258.024667 291.077715 15.111304
v -10.365247 134.577972 -45.127832
v -54.51103 213.721923 -66.345656
v 188.958862 307.697692 -34.733077
v 268.000467 250.268253 -17.049666
v -149.81595 17.085231 -37.359122
v 268.528281 250.515576 16.923747
v -200.357682 231.560749 -13.576396
v 263.991287 243.073693 2.852635
v 258.962139 235.831985 9.046923
v -140.042954 50.789987 -29.552206
v 266.066532 246.560145 -19.38847
v -180.418561 163.454894 -23.035421
v 254.55518 275.419428 30.107062
v 247.321482 274.980133 -34.657212
v 268.340575 251.041226 -17.144632
v -89.074373 197.138486 -70.821636
v -145.910122 15.8888 -42.084389
v 269.278449 247.32284 -14.400197
v 248.424273 283.899331 19.278015
v 115.559759 131.042572 -1.375714
v 100.397111 133.31472 -18.60297
v 139.229338 139.372072 0.000697
v 115.448798 137.315785 -19.046143
v 238.366777 234.667384 4.995621
v 265.247619 299.36696 33.850494
v 262.646697 235.75609 -16.680011
v 86.486226 105.33465 -27.34867
v 76.057159 104.704619 -24.282805
v 102.847077 118.310886 -31.480755
v 150.693523 293.721595 -7.098181
v 220.720728 321.44066 -28.189344
v 94.682237 104.957215 -34.340741

vt -0.307129 0.29541 0
vt -0.242065 0.152832 0
vt -0.28418 0.039063 0
vt 0.711914 0.163086 0
vt 0.149048 0.387695 0
vt -0.214844 0.098145 0
vt -0.160522 0.948853 0
vt -0.380859 0.803101 0
vt 0.731934 0.043945 0
vt 0.711914 0.163086 0
vt -0.225708 0.085449 0
vt -0.235352 0.098633 0
vt -0.237305 0.072754 0
vt 0.224854 0.398926 0
vt 0.828613 0.375977 0
vt 0.740234 0.213379 0
vt 0.180176 0.245605 0
vt -0.625488 0.990334 0
vt 0.078735 0.270508 0
vt 0.078735 0.71875 0
vt 0.091736 0.698975 0
vt 0.742676 0.088867 0
vt -0.276367 0.195801 0
vt -0.258789 0.048828 0
vt -0.390381 0.78772 0
vt 0.228027 0.054199 0
vt 0.563477 0.643799 0
vt 0.930176 0.410156 0
vt -0.460205 0.927246 0
vt 0.204468 0.094238 0
vt 0.227661 0.12207 0
vt 0.202148 0.027344 0
vt 0.227539 0.066406 0
vt 0.717773 0.758545 0
vt 0.749023 0.026367 0
vt 0.760254 0.167969 0
vt -0.276855 0.047363 0
vt -0.638184 0.993328 0
vt 0.218994 0.086914 0
vt 0.151489 0.424316 0
vt 0.199707 0.811401 0
vt 0.270752 0.803223 0
vt -0.243164 0.182129 0
vt -0.063293 0.9104 0
vt 0.201294 0.02832 0
vt 0.833496 0.05127 0
vt 0.792969 0.556152 0
vt 0.756348 0.182129 0
vt 0.62207 0.26416 0
vt -0.266357 0.05127 0
vt -0.283691 0.183105 0
vt 0.269287 0.863403 0
vt 0.644531 0.651123 0
vt 0.946289 0.402344 0
vt -0.291748 0.93634 0
vt 0.707031 0.750488 0
vt 0.721191 0.748047 0
vt 0.228027 0.054199 0
vt -0.258789 0.048828 0
vt 0.211304 0.155273 0
vt 0.232666 0.137207 0
vt 0.204834 0.03125 0
vt 0.830078 0.092773 0
vt -0.628906 0.857666 0
vt 0.842773 0.10791 0
vt -0.055725 0.910156 0
vt -0.377441 0.883911 0
vt -0.38208 0.795044 0
vt 0.721191 0.748047 0
vt 0.110962 0.277344 0
vt 0.110962 0.608398 0
vt 0.863281 0.288086 0
vt 0.800293 0.209961 0
vt -0.358643 0.778564 0
vt 0.233643 0.058594 0
vt -0.256592 0.147461 0
vt 0.181152 0.899841 0
vt 0.693848 0.776978 0
vt 0.756348 0.753418 0
vt 0.126099 0.318848 0
vt 0.854492 0.071777 0
vt -0.257568 0.040039 0
vt -0.262207 0.041016 0
vt -0.39209 0.796631 0
vt 0.295898 0.332031 0
vt 0.749023 0.75708 0
vt 0.137451 0.308594 0
vt 0.076904 0.784424 0
vt 0.129272 0.473145 0
vt 0.144165 0.450195 0
vt -0.283691 0.183105 0
vt -0.460205 0.927246 0
vt 0.233765 0.129883 0
vt 0.759277 0.01416 0
vt 0.189087 0.405762 0
vt 0.763672 0.124512 0
vt -0.250488 0.123535 0
vt -0.241089 0.060547 0
vt -0.62793 0.94104 0
vt 0.205566 0.102539 0
vt 0.202026 0.02832 0
vt 0.69873 0.763672 0
vt 0.187866 0.28418 0
vt 0.757813 0.152832 0
vt 0.106689 0.341797 0
vt 0.119385 0.356445 0
vt 0.241577 0.248535 0
vt 0.255859 0.26709 0
vt 0.095398 0.318848 0
vt 0.103149 0.323242 0
vt 0.104004 0.317383 0
vt 0.218628 0.118164 0
vt 0.281494 0.930481 0
vt 0.178589 0.267578 0
vt -0.221069 0.167969 0
vt 0.216064 0.070801 0
vt -0.276367 0.195801 0
vt 0.215698 0.041992 0
vt 0.218506 0.070313 0
vt 0.26001 0.829956 0
vt -0.262939 0.078125 0
vt 0.123413 0.269531 0
vt 0.221558 0.286621 0
vt -0.229858 0.125 0
vt 0.548828 0.603027 0
vt 0.843262 0.272461 0
vt 0.73877 0.193848 0
vt 0.713379 0.025391 0
vt 0.104614 0.540039 0
vt 0.387695 0.7854 0
vt 0.808594 0.472656 0
vt -0.291992 0.90155 0
vt 0.080994 0.324219 0
vt 0.097656 0.331543 0
vt 0.229858 0.233398 0
vt 0.169678 0.918091 0
vt -0.251953 0.213379 0
vt -0.539551 0.932678 0
vt 0.085205 0.305664 0
vt 0.174805 0.933228 0
vt 0.181885 0.920288 0
vt 0.086182 0.292969 0
vt 0.3479 0.323242 0
vt 0.117737 0.447266 0
vt 0.122864 0.436523 0
vt 0.320313 0.308594 0
vt 0.317139 0.290527 0
vt 0.295898 0.332031 0
vt 0.314453 0.337891 0
vt 0.131714 0.407715 0
vt 0.130493 0.419922 0
vt 0.299561 0.310059 0
vt 0.309082 0.313477 0
vt 0.215088 0.101563 0
vt 0.219238 0.078613 0
vt 0.214233 0.079102 0
vt 0.233643 0.058594 0
vt 0.093811 0.328613 0
vt 0.164551 0.272949 0
vt 0.143677 0.563721 0
vt -0.418701 0.924805 0
vt 0.21936 0.049805 0
vt 0.221802 0.047852 0
vt 0.167603 0.957855 0
vt 0.168091 0.35498 0
vt 0.234863 0.783203 0
vt 0.127808 0.373535 0
vt 0.132446 0.391113 0
vt 0.27124 0.283691 0
vt 0.286621 0.297852 0
vt 0.69873 0.143066 0
vt 0.854492 0.071777 0
vt 0.849609 0.051758 0
vt 0.695313 0.086426 0
vt -0.291748 0.91925 0
vt -0.376953 0.904114 0
vt 0.730469 0.066406 0
vt 0.843262 0.272461 0
vt 0.769043 0.238281 0
vt 0.842773 0.063477 0
vt 0.833496 0.063965 0
vt 0.843262 0.074219 0
vt 0.832031 0.074707 0
vt 0.819824 0.062012 0
vt 0.820313 0.071777 0
vt 0.814453 0.091309 0
vt 0.812988 0.106445 0
vt -0.33667 0.862061 0
vt 0.685547 0.776733 0
vt 0.765625 0.776855 0
vt 0.180786 0.630859 0
vt 0.140503 0.583496 0
vt 0.774902 0.484375 0
vt -0.226929 0.098633 0
vt -0.279297 0.035156 0
vt 0.221313 0.05957 0
vt 0.731934 0.043945 0
vt 0.222534 0.333984 0
vt 0.32666 0.402344 0
vt 0.766113 0.026855 0
vt 0.769043 0.018555 0
vt 0.759277 0.01416 0
vt 0.752441 0.012207 0
vt -0.327148 0.220215 0
vt 0.223022 0.125 0
vt 0.229004 0.063965 0
vt 0.854492 0.093262 0
vt -0.269287 0.106445 0
vt -0.575195 0.887939 0
vt 0.13623 0.959198 0
vt 0.190796 0.903442 0
vt 0.097778 0.256348 0
vt 0.832031 0.074707 0
vt 0.72998 0.01416 0
vt 0.721191 0.017578 0
vt 0.202026 0.158203 0
vt 0.206665 0.029297 0
vt 0.234497 0.831787 0
vt 0.086182 0.292969 0
vt 0.543457 0.710693 0
vt 0.943848 0.308594 0
vt -0.199219 0.171875 0
vt -0.33667 0.862061 0
vt 0.76416 0.802002 0
vt 0.086182 0.292969 0
vt 0.209839 0.373047 0
vt 0.171875 0.428711 0
vt 0.800293 0.171875 0
vt 0.763184 0.085449 0
vt 0.729004 0.206543 0
vt -0.377197 0.957855 0
vt 0.280029 0.959869 0
vt 0.151611 0.983658 0
vt 0.174805 0.995571 0
vt 0.104675 0.279785 0
vt 0.154541 0.697021 0
vt 0.819824 0.062012 0
vt 0.715332 0.039063 0
vt 0.713379 0.025391 0
vt 0.706543 0.029785 0
vt -0.418945 0.88501 0
vt -0.539551 0.887817 0
vt -0.500488 0.887268 0
vt 0.705078 0.04541 0
vt 0.696777 0.040039 0
vt 0.693848 0.145996 0
vt 0.691895 0.054199 0
vt 0.691895 0.073242 0
vt 0.845703 0.195313 0
vt -0.248779 0.900818 0
vt -0.334717 0.902588 0
vt -0.418701 0.905884 0
vt -0.078064 0.900757 0
vt 0.228027 0.054199 0
vt 0.154297 0.331055 0
vt 0.799805 0.234863 0
vt 0.203125 0.15918 0
vt 0.125 0.717529 0
vt -0.262207 0.041016 0
vt -0.287598 0.163086 0
vt -0.38208 0.795044 0
vt 0.237793 0.061523 0
vt 0.326416 0.895691 0
vt 0.341309 0.869995 0
vt 0.742188 0.040039 0
vt 0.103149 0.323242 0
vt -0.249146 0.881653 0
vt 0.226318 0.146484 0
vt 0.218018 0.039551 0
vt 0.72168 0.82251 0
vt 0.289551 0.351074 0
vt 0.213989 0.043945 0
vt 0.687012 0.795532 0
vt 0.157227 0.933044 0
vt 0.356934 0.307129 0
vt 0.853516 0.061523 0
vt -0.064331 0.901794 0
vt 0.202026 0.158203 0
vt 0.599609 0.585693 0
vt 0.85498 0.267578 0
vt 0.672363 0.220215 0
vt -0.602051 0.913818 0
vt 0.201294 0.159668 0
vt 0.201294 0.028809 0
vt 0.76416 0.802002 0
vt 0.178345 0.950104 0
vt 0.099487 0.292969 0
vt -0.23584 0.153809 0
vt 0.143677 0.563721 0
vt 0.096802 0.446289 0
vt 0.330322 0.27832 0
vt 0.11499 0.503418 0
vt 0.120667 0.244629 0
vt 0.110962 0.277344 0
vt 0.276855 0.4375 0
vt 0.87207 0.641113 0
vt 0.221924 0.140625 0
vt 0.215088 0.086914 0
vt 0.204956 0.113281 0
vt 0.716309 0.061035 0
vt 0.72168 0.82251 0
vt 0.106689 0.341797 0
vt 0.760742 0.291992 0
vt 0.75 0.149414 0
vt 0.201904 0.030273 0
vt 0.230713 0.072266 0
vt 0.734375 0.09082 0
vt 0.132446 0.391113 0
vt 0.205933 0.842651 0
vt 0.833496 0.174316 0
vt 0.744629 0.162109 0
vt 0.859863 0.131348 0
vt 0.854492 0.093262 0
vt -0.460205 0.927246 0
vt 0.774902 0.072266 0
vt -0.331543 0.159668 0
vt 0.20105 0.027832 0
vt 0.091248 0.263184 0
vt 0.095581 0.27002 0
vt 0.862793 0.374512 0
vt 0.712402 0.230957 0
vt -0.335205 0.954498 0
vt 0.213989 0.043945 0
vt 0.228027 0.054199 0
vt 0.261719 0.296875 0
vt 0.373047 0.584229 0
vt 0.831055 0.134766 0
vt 0.830078 0.092773 0
vt 0.830078 0.106934 0
vt -0.055725 0.910156 0
vt 0.206055 0.158691 0
vt 0.229126 0.124512 0
vt 0.203247 0.100586 0
vt 0.202393 0.252441 0
vt 0.217285 0.302734 0
vt 0.100159 0.506592 0
vt -0.501465 0.950165 0
vt 0.201294 0.159668 0
vt 0.707031 0.750488 0
vt 0.842773 0.10791 0
vt -0.390381 0.78772 0
vt -0.39502 0.814209 0
vt 0.223267 0.069336 0
vt 0.844727 0.134766 0
vt 0.842773 0.094727 0
vt 0.215088 0.086914 0
vt 0.119507 0.54126 0
vt 0.286865 0.777954 0
vt 0.79834 0.442383 0
vt 0.744629 0.162109 0
vt 0.861816 0.169434 0
vt 0.862305 0.156738 0
vt -0.276367 0.195801 0
vt -0.287354 0.230957 0
vt 0.219238 0.078613 0
vt 0.743164 0.147461 0
vt 0.091248 0.263184 0
vt 0.072876 0.28418 0
vt 0.731934 0.270996 0
vt -0.248047 0.95108 0
vt -0.575195 0.887939 0
vt 0.203003 0.029297 0
vt 0.205933 0.029785 0
vt 0.713379 0.025391 0
vt 0.269287 0.863403 0
vt -0.256836 0.088867 0
vt -0.426758 0.812988 0
vt 0.262695 0.378906 0
vt 0.814941 0.135742 0
vt 0.82373 0.161133 0
vt 0.827637 0.196777 0
vt 0.835449 0.196289 0
vt 0.83252 0.161621 0
vt -0.243164 0.182129 0
vt -0.250977 0.180176 0
vt -0.23584 0.153809 0
vt -0.242065 0.152832 0
vt 0.845703 0.20459 0
vt 0.845703 0.195313 0
vt 0.845215 0.186035 0
vt 0.846191 0.161133 0
vt 0.861816 0.200195 0
vt 0.860352 0.181641 0
vt -0.293213 0.029785 0
vt -0.378662 0.783936 0
vt 0.756836 0.772583 0
vt 0.833496 0.05127 0
vt 0.267334 0.332031 0
vt 0.73584 0.391113 0
vt 0.201294 0.159668 0
vt -0.270508 0.206543 0
vt -0.283203 0.061035 0
vt -0.077209 0.913513 0
vt -0.334229 0.782593 0
vt -0.371826 0.803223 0
vt 0.168091 0.35498 0
vt 0.800293 0.209961 0
vt -0.426758 0.812988 0
vt 0.871582 0.096191 0
vt -0.355957 0.224121 0
vt -0.426758 0.812988 0
vt 0.110107 0.258301 0
vt 0.209351 0.288574 0
vt 0.202393 0.033203 0
vt -0.255615 0.061035 0
vt -0.256836 0.088867 0
vt -0.312256 0.208496 0
vt 0.214111 0.14502 0
vt 0.744141 0.061035 0
vt 0.77832 0.040527 0
vt 0.24585 0.277832 0
vt 0.861816 0.21875 0
vt -0.640625 0.969543 0
vt -0.543945 0.975037 0
vt 0.218018 0.039551 0
vt 0.901367 0.257324 0
vt 0.723145 0.195801 0
vt 0.864258 0.237793 0
vt 0.848145 0.245605 0
vt 0.845703 0.224609 0
vt -0.058075 0.920837 0
vt 0.216797 0.136719 0
vt 0.737305 0.041016 0
vt 0.82373 0.161133 0
vt 0.723145 0.195801 0
vt -0.335449 0.882996 0
vt 0.218872 0.094238 0
vt 0.219849 0.037598 0
vt 0.730469 0.066406 0
vt 0.738281 0.0625 0
vt 0.204102 0.30957 0
vt 0.11499 0.503418 0
vt 0.772949 0.098633 0
vt 0.877441 0.273926 0
vt 0.869629 0.255371 0
vt 0.863281 0.288086 0
vt 0.85498 0.267578 0
vt 0.839355 0.249023 0
vt 0.834961 0.205566 0
vt -0.602051 0.913818 0
vt 0.230591 0.138672 0
vt 0.22998 0.132324 0
vt 0.776855 0.785156 0
vt 0.311279 0.884338 0
vt 0.76416 0.098633 0
vt -0.303467 0.026855 0
vt -0.265381 0.09082 0
vt 0.224243 0.144043 0
vt 0.227661 0.12207 0
vt 0.733887 0.14502 0
vt 0.877441 0.273926 0
vt 0.202148 0.160645 0
vt 0.203857 0.15625 0
vt 0.207764 0.151367 0
vt 0.215088 0.119629 0
vt 0.246338 0.390137 0
vt 0.829102 0.229004 0
vt 0.828125 0.207031 0
vt -0.296387 0.13916 0
vt -0.305908 0.145996 0
vt -0.29248 0.882202 0
vt 0.261719 0.296875 0
vt -0.390381 0.78772 0
vt -0.239624 0.167969 0
vt -0.27417 0.081055 0
vt 0.871582 0.096191 0
vt 0.071594 0.266602 0
vt 0.143677 0.563721 0
vt 0.760254 0.167969 0
vt -0.241089 0.060547 0
vt -0.625488 0.889648 0
vt -0.248047 0.95108 0
vt -0.541016 0.954193 0
vt 0.356934 0.50415 0
vt 0.215088 0.101563 0
vt 0.205933 0.029785 0
vt 0.21814 0.831909 0
vt 0.629395 0.531982 0
vt 0.30957 0.841797 0
vt 0.708496 0.269531 0
vt -0.267822 0.270996 0
vt -0.234375 0.265625 0
vt -0.286133 0.025391 0
vt -0.399414 0.80127 0
vt 0.228394 0.292969 0
vt 0.171875 0.428711 0
vt 0.229248 0.100098 0
vt 0.232422 0.046387 0
vt 0.799805 0.234863 0
vt 0.800293 0.209961 0
vt 0.800781 0.197754 0
vt -0.291748 0.952728 0
vt 0.214111 0.094238 0
vt 0.214233 0.079102 0
vt 0.216064 0.070801 0
vt 0.721191 0.136719 0
vt 0.731445 0.760498 0
vt 0.745605 0.765503 0
vt -0.224487 0.196289 0
vt -0.390869 0.144043 0
vt 0.772949 0.098633 0
vt 0.798828 0.158691 0
vt 0.802734 0.185547 0
vt 0.800293 0.171875 0
vt -0.367676 0.794434 0
vt 0.722168 0.175781 0
vt 0.652344 0.160645 0
vt 0.849609 0.051758 0
vt 0.138306 0.288574 0
vt -0.220093 0.153809 0
vt -0.360352 0.187012 0
vt 0.217163 0.067871 0
vt 0.140503 0.583496 0
vt -0.24707 0.088379 0
vt -0.399414 0.80127 0
vt 0.216064 0.070801 0
vt 0.706543 0.029785 0
vt 0.833984 0.407227 0
vt -0.286377 0.138672 0
vt 0.203735 0.159668 0
vt 0.209717 0.15332 0
vt 0.078735 0.270508 0
vt 0.782227 0.125488 0
vt 0.827637 0.196777 0
vt -0.24646 0.166504 0
vt -0.161499 0.916443 0
vt -0.376953 0.922485 0
vt 0.716309 0.157715 0
vt 0.115234 0.285156 0
vt 0.149536 0.299316 0
vt -0.226929 0.098633 0
vt -0.254883 0.162109 0
vt -0.253174 0.047852 0
vt 0.201294 0.028809 0
vt 0.21106 0.033203 0
vt 0.861328 0.190918 0
vt 0.294434 0.489258 0
vt 0.804688 0.060059 0
vt 0.806152 0.071777 0
vt -0.038696 0.899658 0
vt 0.21228 0.143066 0
vt 0.204224 0.027344 0
vt 0.205933 0.842651 0
vt 0.270752 0.803223 0
vt 0.722168 0.29834 0
vt 0.801758 0.089844 0
vt 0.797852 0.131348 0
vt -0.283691 0.183105 0
vt 0.294678 0.940521 0
vt 0.281494 0.930481 0
vt 0.136597 0.6875 0
vt 0.946289 0.402344 0
vt 0.853516 0.061523 0
vt 0.223267 0.119141 0
vt 0.875488 0.399902 0
vt 0.786133 0.084961 0
vt 0.782227 0.125488 0
vt 0.203003 0.09668 0
vt 0.229126 0.124512 0
vt 0.232544 0.05127 0
vt 0.243652 0.052734 0
vt 0.856445 0.105957 0
vt 0.774414 0.046875 0
vt 0.789063 0.066895 0
vt 0.789063 0.054199 0
vt 0.77832 0.040527 0
vt 0.774902 0.072266 0
vt 0.762207 0.072754 0
vt 0.773926 0.085449 0
vt 0.76416 0.098633 0
vt -0.287354 0.230957 0
vt -0.541016 0.954193 0
vt 0.219849 0.037598 0
vt 0.219238 0.078613 0
vt 0.753906 0.038574 0
vt 0.763184 0.085449 0
vt -0.261475 0.173828 0
vt -0.50293 0.969635 0
vt 0.233643 0.058594 0
vt 0.751953 0.19873 0
vt 0.764648 0.046875 0
vt 0.764648 0.037109 0
vt 0.772949 0.058594 0
vt 0.766113 0.059082 0
vt -0.334717 0.920532 0
vt -0.57373 0.912659 0
vt -0.500488 0.887268 0
vt 0.747559 0.213379 0
vt 0.754395 0.047852 0
vt 0.746582 0.047852 0
vt 0.742188 0.040039 0
vt 0.753906 0.038574 0
vt 0.758789 0.060547 0
vt 0.748047 0.061035 0
vt 0.744141 0.061035 0
vt 0.730469 0.066406 0
vt -0.377441 0.26416 0
vt 0.201294 0.02832 0
vt 0.095398 0.318848 0
vt 0.11499 0.503418 0
vt 0.159546 0.741211 0
vt 0.738281 0.173828 0
vt 0.749023 0.026367 0
vt 0.756348 0.024414 0
vt -0.249512 0.149414 0
vt -0.048401 0.900452 0
vt -0.378662 0.783936 0
vt -0.424316 0.783447 0
vt 0.217163 0.067871 0
vt 0.706055 0.072754 0
vt -0.279297 0.035156 0
vt -0.318115 0.181641 0
vt -0.57373 0.912659 0
vt 0.215942 0.146484 0
vt 0.236572 0.054199 0
vt 0.229614 0.577637 0
vt 0.699219 0.396484 0
vt -0.234375 0.265625 0
vt -0.280762 0.091309 0
vt -0.332031 0.1875 0
vt 0.734375 0.09082 0
vt 0.217285 0.804932 0
vt 0.744629 0.162109 0
vt 0.739746 0.026855 0
vt 0.740723 0.048828 0
vt 0.73291 0.028809 0
vt 0.737305 0.041016 0
vt -0.273193 0.004395 0
vt -0.282715 0.007324 0
vt -0.349854 0.779907 0
vt 0.764648 0.046875 0
vt 0.727051 0.03125 0
vt 0.720215 0.035156 0
vt -0.434814 0.80249 0
vt 0.234131 0.141602 0
vt 0.707031 0.821045 0
vt 0.129272 0.473145 0
vt 0.182129 0.680176 0
vt 0.846191 0.161133 0
vt 0.733398 0.05127 0
vt 0.731934 0.043945 0
vt 0.722656 0.047363 0
vt 0.727051 0.054688 0
vt -0.287354 0.230957 0
vt 0.248291 0.312012 0
vt 0.766602 0.319336 0
vt 0.898926 0.29834 0
vt 0.772949 0.058594 0
vt -0.460205 0.927246 0
vt 0.219482 0.138672 0
vt 0.236572 0.054199 0
vt 0.734375 0.752197 0
vt 0.856445 0.105957 0
vt 0.812988 0.106445 0
vt 0.752441 0.088379 0
vt 0.224487 0.056641 0
vt 0.720215 0.035156 0
vt 0.706543 0.029785 0
vt 0.356445 0.809082 0
vt 0.784668 0.098145 0
vt 0.828125 0.186523 0
vt 0.73877 0.193848 0
vt 0.714844 0.052734 0
vt 0.716309 0.061035 0
vt 0.70166 0.057129 0
vt 0.706055 0.072754 0
vt -0.276855 0.047363 0
vt -0.293701 0.086426 0
vt -0.280762 0.091309 0
vt 0.09375 0.259277 0
vt 0.223267 0.119141 0
vt 0.190796 0.861328 0
vt 0.171143 0.93927 0
vt 0.205933 0.842651 0
vt 0.753418 0.166504 0
vt -0.261475 0.173828 0
vt -0.249512 0.149414 0
vt -0.256592 0.147461 0
vt -0.263184 0.158203 0
vt -0.204712 0.933777 0
vt 0.774902 0.072266 0
vt 0.784668 0.098145 0
vt -0.327148 0.220215 0
vt -0.0755 0.884766 0
vt 0.680664 0.605957 0
vt 0.543457 0.710693 0
vt 0.869629 0.255371 0
vt 0.672852 0.26709 0
vt 0.720215 0.070801 0
vt 0.725586 0.081055 0
vt -0.417725 0.797852 0
vt 0.901367 0.257324 0
vt 0.585449 0.546387 0
vt 0.176392 0.710205 0
vt 0.863281 0.288086 0
vt 0.845215 0.186035 0
vt 0.706055 0.086426 0
vt 0.71875 0.091309 0
vt 0.868164 0.068359 0
vt -0.271729 0.167969 0
vt -0.375488 0.775635 0
vt 0.094421 0.285645 0
vt 0.187866 0.28418 0
vt 0.209351 0.288574 0
vt 0.30542 0.385254 0
vt 0.310547 0.919495 0
vt -0.063293 0.9104 0
vt 0.22522 0.129883 0
vt 0.716309 0.061035 0
vt 0.085205 0.305664 0
vt 0.104004 0.317383 0
vt 0.217285 0.302734 0
vt 0.83252 0.161621 0
vt 0.218018 0.039551 0
vt 0.740723 0.048828 0
vt 0.154785 0.360352 0
vt 0.854492 0.071777 0
vt 0.842773 0.063477 0
vt -0.248291 0.934998 0
vt 0.203247 0.087891 0
vt 0.202637 0.879456 0
vt 0.690918 0.751221 0
vt 0.765625 0.776855 0
vt 0.116455 0.330566 0
vt 0.748047 0.198242 0
vt -0.24646 0.166504 0
vt -0.334717 0.937897 0
vt -0.41333 0.8125 0
vt 0.70166 0.057129 0
vt 0.687012 0.795532 0
vt 0.715332 0.039063 0
vt 0.11499 0.503418 0
vt 0.728027 0.167969 0
vt 0.738281 0.173828 0
vt 0.733887 0.14502 0
vt 0.707031 0.750488 0
vt 0.828125 0.276367 0
vt 0.151611 0.983658 0
vt 0.706055 0.072754 0
vt 0.159302 0.511963 0
vt 0.797852 0.131348 0
vt -0.291992 0.90155 0
vt -0.334717 0.902588 0
vt -0.65918 0.334961 0
vt 0.859375 0.494141 0
vt -0.397217 0.192383 0
vt 0.207642 0.037109 0
vt 0.22522 0.129883 0
vt 0.736816 0.078125 0
vt 0.77002 0.125 0
vt 0.772949 0.098633 0
vt 0.763672 0.124512 0
vt -0.283203 0.061035 0
vt -0.284912 0.052734 0
vt 0.241333 0.131348 0
vt 0.741699 0.124023 0
vt 0.520996 0.527344 0
vt 0.799805 0.234863 0
vt 0.845703 0.224609 0
vt 0.784668 0.098145 0
vt -0.248291 0.934998 0
vt -0.418945 0.943451 0
vt 0.705078 0.04541 0
vt 0.154785 0.360352 0
vt 0.217285 0.804932 0
vt 0.77002 0.125 0
vt -0.247559 0.19873 0
vt -0.263184 0.158203 0
vt -0.357422 0.807739 0
vt -0.38208 0.795044 0
vt 0.230713 0.072266 0
vt 0.390381 0.305176 0
vt 0.763184 0.085449 0
vt 0.779785 0.153809 0
vt 0.778809 0.167969 0
vt 0.883789 0.195801 0
vt 0.167603 0.957855 0
vt 0.702148 0.744629 0
vt 0.718262 0.739258 0
vt 0.76123 0.768311 0
vt -0.254883 0.162109 0
vt -0.077209 0.913513 0
vt -0.405518 0.774536 0
vt -0.426758 0.812988 0
vt 0.706543 0.019531 0
vt 0.277832 0.31543 0
vt 0.756348 0.182129 0
vt 0.763672 0.153809 0
vt 0.757813 0.152832 0
vt 0.748535 0.180176 0
vt 0.767578 0.767822 0
vt 0.188477 0.262207 0
vt -0.311035 0.230957 0
vt -0.328369 0.24707 0
vt -0.626465 0.96962 0
vt -0.541016 0.954193 0
vt 0.900391 0.239258 0
vt -0.271729 0.167969 0
vt -0.29248 0.882202 0
vt 0.679688 0.797729 0
vt 0.744141 0.001953 0
vt 0.791016 0.409668 0
vt 0.623535 0.307129 0
vt -0.291748 0.93634 0
vt -0.334717 0.937897 0
vt 0.20105 0.160645 0
vt 0.204956 0.113281 0
vt 0.806152 0.071777 0
vt -0.267822 0.043945 0
vt -0.298096 0.057129 0
vt 0.206177 0.11084 0
vt 0.728027 0.167969 0
vt 0.722168 0.175781 0
vt 0.702148 0.196777 0
vt -0.459961 0.88623 0
vt -0.395996 0.800171 0
vt 0.226318 0.146484 0
vt 0.707031 0.16748 0
vt 0.831055 0.134766 0
vt 0.21106 0.033203 0
vt 0.749512 0.076172 0
vt 0.213989 0.043945 0
vt 0.31543 0.443359 0
vt 0.106995 0.585449 0
vt 0.773926 0.085449 0
vt 0.778809 0.182129 0
vt 0.769043 0.238281 0
vt 0.772461 0.210449 0
vt 0.775391 0.196289 0
vt 0.748047 0.061035 0
vt 0.127319 0.277832 0
vt -0.268799 0.185059 0
vt -0.316406 0.155762 0
vt -0.331543 0.159668 0
vt 0.21814 0.148926 0
vt 0.678223 0.77478 0
vt 0.24585 0.277832 0
vt 0.204224 0.108398 0
vt 0.862305 0.156738 0
vt 0.233887 0.046875 0
vt 0.727051 0.098145 0
vt 0.730957 0.125 0
vt 0.214355 0.42627 0
vt 0.184448 0.603516 0
vt 0.743164 0.147461 0
vt 0.747559 0.213379 0
vt 0.740234 0.213379 0
vt 0.751953 0.19873 0
vt 0.748047 0.198242 0
vt -0.266357 0.05127 0
vt -0.272705 0.054688 0
vt -0.267822 0.043945 0
vt -0.276855 0.047363 0
vt -0.500977 0.929871 0
vt 0.205933 0.029785 0
vt 0.262695 0.89563 0
vt 0.326172 0.472656 0
vt 0.739746 0.242676 0
vt 0.791016 0.409668 0
vt 0.861816 0.169434 0
vt -0.291016 0.269531 0
vt -0.275635 0.242188 0
vt 0.754883 0.100098 0
vt 0.708496 0.269531 0
vt 0.724121 0.242188 0
vt 0.722168 0.29834 0
vt 0.731934 0.270996 0
vt 0.207764 0.151367 0
vt 0.219482 0.138672 0
vt 0.077942 0.262207 0
vt 0.816895 0.339844 0
vt -0.603516 0.963074 0
vt -0.459961 0.88623 0
vt -0.34668 0.800049 0
vt 0.086182 0.292969 0
vt 0.184448 0.603516 0
vt 0.13916 0.61084 0
vt -0.272705 0.054688 0
vt 0.236694 0.134277 0
vt 0.149536 0.299316 0
vt 0.568848 0.510742 0
vt 0.141846 0.728516 0
vt 0.692383 0.29541 0
vt 0.22998 0.132324 0
vt 0.163696 0.383301 0
vt 0.680176 0.279785 0
vt 0.712402 0.230957 0
vt -0.260742 0.010254 0
vt -0.204712 0.933777 0
vt -0.35376 0.787964 0
vt 0.257568 0.875671 0
vt 0.278809 0.364746 0
vt 0.333008 0.511963 0
vt 0.203125 0.15918 0
vt 0.221802 0.848633 0
vt 0.762207 0.811523 0
vt 0.471191 0.766846 0
vt 0.772461 0.210449 0
vt -0.260254 0.101563 0
vt 0.223389 0.123047 0
vt 0.744141 0.001953 0
vt 0.107361 0.737305 0
vt 0.749023 0.123535 0
vt -0.260742 0.193848 0
vt 0.896484 0.391113 0
vt 0.224609 0.131836 0
vt 0.228149 0.134277 0
vt 0.691895 0.249023 0
vt 0.672852 0.26709 0
vt -0.354004 0.260254 0
vt -0.291992 0.90155 0
vt -0.605469 0.98584 0
vt 0.143066 0.763184 0
vt 0.833984 0.407227 0
vt 0.824707 0.173828 0
vt -0.349854 0.779907 0
vt 0.223022 0.125 0
vt 0.849609 0.051758 0
vt 0.213989 0.276367 0
vt 0.828125 0.276367 0
vt 0.729004 0.206543 0
vt 0.73877 0.193848 0
vt 0.730957 0.185059 0
vt 0.706543 0.214355 0
vt -0.360352 0.187012 0
vt -0.381592 0.189453 0
vt -0.280762 0.091309 0
vt -0.38208 0.795044 0
vt 0.721191 0.748047 0
vt 0.211548 0.267578 0
vt 0.161987 0.664307 0
vt 0.769043 0.238281 0
vt 0.706543 0.019531 0
vt 0.171875 0.428711 0
vt 0.653809 0.572754 0
vt 0.169189 0.807251 0
vt 0.252197 0.790283 0
vt 0.398682 0.80481 0
vt 0.848633 0.463379 0
vt -0.418701 0.924805 0
vt 0.733398 0.05127 0
vt 0.742676 0.088867 0
vt 0.138306 0.288574 0
vt 0.743164 0.147461 0
vt 0.738281 0.0625 0
vt 0.727051 0.054688 0
vt 0.688477 0.230957 0
vt 0.671387 0.24707 0
vt 0.6875 0.208496 0
vt 0.672363 0.220215 0
vt 0.221313 0.130371 0
vt 0.206299 0.150391 0
vt 0.697266 0.818237 0
vt 0.122864 0.436523 0
vt 0.0896 0.273926 0
vt 0.65918 0.374023 0
vt 0.731934 0.270996 0
vt -0.268799 0.125 0
vt -0.29248 0.882202 0
vt -0.377197 0.957855 0
vt 0.27124 0.283691 0
vt 0.568848 0.510742 0
vt 0.680664 0.605957 0
vt 0.848633 0.463379 0
vt 0.694824 0.175293 0
vt 0.66748 0.1875 0
vt 0.228149 0.134277 0
vt 0.228027 0.054199 0
vt 0.646973 0.292969 0
vt 0.643555 0.224121 0
vt 0.621582 0.229492 0
vt -0.283447 0.157715 0
vt -0.625488 0.889648 0
vt 0.224243 0.144043 0
vt 0.093567 0.727783 0
vt 0.645508 0.260254 0
vt 0.62207 0.26416 0
vt 0.63916 0.187012 0
vt 0.618164 0.189453 0
vt -0.367676 0.794434 0
vt 0.22998 0.132324 0
vt 0.232666 0.137207 0
vt 0.229858 0.056152 0
vt 0.232544 0.05127 0
vt 0.179932 0.379395 0
vt 0.107361 0.737305 0
vt -0.440674 0.794312 0
vt 0.224487 0.056641 0
vt 0.228027 0.054199 0
vt 0.694336 0.804077 0
vt 0.623535 0.307129 0
vt 0.73877 0.80957 0
vt 0.730957 0.125 0
vt 0.829102 0.229004 0
vt -0.262207 0.041016 0
vt -0.260254 0.101563 0
vt 0.734375 0.752197 0
vt 0.785645 0.030762 0
vt -0.625488 0.889648 0
vt 0.202148 0.160645 0
vt 0.697266 0.818237 0
vt 0.60498 0.268066 0
vt 0.604004 0.230957 0
vt 0.602539 0.192383 0
vt -0.41333 0.225586 0
vt 0.201172 0.161133 0
vt 0.758789 0.060547 0
vt 0.860352 0.181641 0
vt 0.828125 0.186523 0
vt 0.824707 0.173828 0
vt 0.586426 0.225586 0
vt -0.409668 0.195801 0
vt 0.589844 0.195801 0
vt -0.626465 0.914795 0
vt -0.575195 0.887939 0
vt 0.202393 0.161133 0
vt 0.883301 0.179199 0
vt 0.100891 0.266602 0
vt 0.283447 0.402344 0
vt -0.377441 0.883911 0
vt -0.601563 0.888184 0
vt 0.861328 0.190918 0
vt 0.566406 0.253906 0
vt 0.182129 0.680176 0
vt 0.824707 0.173828 0
vt -0.235352 0.098633 0
vt -0.29248 0.882202 0
vt -0.424316 0.783447 0
vt 0.216064 0.117676 0
vt 0.699707 0.809326 0
vt -0.578613 0.861816 0
vt 0.262695 0.378906 0
vt 0.54248 0.293945 0
vt -0.248779 0.900818 0
vt -0.335449 0.882996 0
vt 0.533203 0.271973 0
vt 0.506348 0.487305 0
vt -0.637207 0.913025 0
vt -0.293213 0.861816 0
vt 0.202393 0.161133 0
vt 0.705566 0.813232 0
vt 0.110962 0.277344 0
vt 0.311279 0.884338 0
vt 0.104675 0.279785 0
vt 0.09375 0.259277 0
vt 0.246338 0.390137 0
vt 0.550781 0.319824 0
vt 0.326416 0.895691 0
vt 0.500977 0.302734 0
vt -0.298096 0.057129 0
vt 0.493896 0.279785 0
vt 0.554199 0.469727 0
vt 0.829102 0.229004 0
vt 0.509277 0.330078 0
vt 0.462646 0.312988 0
vt -0.360596 0.803467 0
vt 0.63916 0.187012 0
vt 0.455566 0.288086 0
vt 0.836426 0.226074 0
vt 0.470459 0.344727 0
vt 0.419678 0.324707 0
vt 0.633301 0.151367 0
vt 0.137451 0.308594 0
vt 0.390381 0.305176 0
vt 0.417725 0.29834 0
vt 0.154785 0.360352 0
vt 0.419678 0.357422 0
vt 0.356934 0.307129 0
vt 0.385498 0.324219 0
vt -0.634277 0.29248 0
vt 0.365234 0.29248 0
vt 0.141724 0.367188 0
vt 0.205566 0.085938 0
vt 0.37207 0.825195 0
vt 0.531738 0.684814 0
vt 0.920898 0.313965 0
vt 0.373047 0.362793 0
vt 0.426514 0.389648 0
vt 0.477539 0.375488 0
vt 0.383789 0.396484 0
vt 0.207764 0.151367 0
vt 0.095581 0.27002 0
vt 0.519531 0.365723 0
vt 0.437012 0.434082 0
vt 0.486816 0.421387 0
vt 0.204346 0.161133 0
vt 0.206299 0.150391 0
vt 0.100891 0.266602 0
vt 0.126099 0.318848 0
vt 0.270752 0.803223 0
vt 0.341309 0.869995 0
vt -0.397949 0.813721 0
vt 0.214111 0.14502 0
vt 0.53418 0.40918 0
vt 0.30957 0.80127 0
vt -0.227295 0.210449 0
vt -0.205322 0.900208 0
vt 0.216675 0.051758 0
vt 0.086365 0.277832 0
vt 0.736816 0.078125 0
vt -0.27832 0.017578 0
vt -0.161499 0.916443 0
vt 0.84668 0.17334 0
vt 0.200439 0.159668 0
vt 0.687012 0.795532 0
vt -0.236328 0.085449 0
vt -0.38208 0.795044 0
vt -0.434814 0.80249 0
vt 0.229858 0.056152 0
vt -0.244873 0.100098 0
vt -0.378662 0.783936 0
vt 0.204224 0.115723 0
vt 0.30542 0.385254 0
vt 0.141846 0.728516 0
vt 0.778809 0.167969 0
vt -0.24939 0.861572 0
vt -0.398193 0.785645 0
vt 0.202148 0.160645 0
vt 0.214355 0.109375 0
vt 0.120667 0.244629 0
vt 0.126587 0.296875 0
vt 0.262695 0.378906 0
vt -0.397705 0.825928 0
vt 0.203003 0.029297 0
vt 0.112732 0.245605 0
vt 0.137451 0.308594 0
vt 0.286865 0.777954 0
vt -0.390381 0.78772 0
vt -0.440674 0.794312 0
vt 0.202026 0.02832 0
vt 0.715332 0.039063 0
vt 0.12561 0.250488 0
vt 0.072876 0.28418 0
vt 0.806152 0.071777 0
vt -0.395996 0.800171 0
vt 0.201294 0.159668 0
vt 0.283447 0.402344 0
vt 0.638184 0.377441 0
vt 0.789063 0.054199 0
vt 0.800293 0.171875 0
vt 0.168091 0.35498 0
vt 0.125 0.717529 0
vt 0.661133 0.335449 0
vt 0.779785 0.153809 0
vt 0.691895 0.332031 0
vt 0.22998 0.132324 0
vt 0.746582 0.047852 0
vt 0.096802 0.446289 0
vt 0.309082 0.313477 0
vt 0.76416 0.545898 0
vt 0.722168 0.29834 0
vt 0.723145 0.325195 0
vt -0.318115 0.181641 0
vt 0.722656 0.047363 0
vt 0.716309 0.157715 0
vt 0.681641 0.181641 0
vt 0.883301 0.179199 0
vt 0.317139 0.290527 0
vt 0.861816 0.21875 0
vt 0.772949 0.098633 0
vt 0.728027 0.363281 0
vt 0.760742 0.291992 0
vt 0.766602 0.319336 0
vt 0.765137 0.265625 0
vt 0.699219 0.396484 0
vt 0.692871 0.369141 0
vt 0.773438 0.351074 0
vt 0.20105 0.157227 0
vt 0.106689 0.341797 0
vt 0.663086 0.401855 0
vt 0.65918 0.374023 0
vt 0.746582 0.417969 0
vt 0.73584 0.391113 0
vt -0.41333 0.8125 0
vt 0.204346 0.161133 0
vt 0.112732 0.245605 0
vt 0.110535 0.239746 0
vt 0.115234 0.285156 0
vt 0.180786 0.350098 0
vt 0.760254 0.167969 0
vt 0.202026 0.158203 0
vt 0.097656 0.331543 0
vt 0.705078 0.04541 0
vt 0.119507 0.54126 0
vt 0.804688 0.060059 0
vt -0.11853 0.915771 0
vt 0.232422 0.046387 0
vt 0.091675 0.336426 0
vt 0.769043 0.791992 0
vt 0.302734 0.522217 0
vt 0.105835 0.563721 0
vt 0.675293 0.435059 0
vt -0.221069 0.167969 0
vt -0.25 0.076172 0
vt -0.265625 0.14502 0
vt -0.602051 0.913818 0
vt 0.205078 0.157227 0
vt 0.164551 0.272949 0
vt 0.283447 0.402344 0
vt 0.842773 0.094727 0
vt 0.830078 0.106934 0
vt 0.227661 0.12207 0
vt 0.214233 0.079102 0
vt -0.291016 0.269531 0
vt -0.603027 0.938324 0
vt 0.223267 0.069336 0
vt 0.726563 0.045898 0
vt 0.799805 0.103516 0
vt 0.772949 0.098633 0
vt 0.791016 0.409668 0
vt 0.783691 0.380371 0
vt -0.41333 0.8125 0
vt 0.356934 0.50415 0
vt 0.337158 0.553711 0
vt 0.270508 0.623047 0
vt 0.124451 0.6521 0
vt 0.119812 0.682861 0
vt 0.643555 0.224121 0
vt 0.828613 0.375977 0
vt 0.816895 0.339844 0
vt 0.804688 0.309082 0
vt -0.263184 0.158203 0
vt -0.389893 0.774414 0
vt 0.162476 0.486328 0
vt 0.738281 0.173828 0
vt -0.304688 0.175293 0
vt -0.332031 0.1875 0
vt 0.862793 0.374512 0
vt 0.875488 0.399902 0
vt -0.316406 0.155762 0
vt 0.683105 0.155762 0
vt 0.255859 0.26709 0
vt 0.84668 0.17334 0
vt -0.205566 0.88147 0
vt -0.541016 0.954193 0
vt -0.395996 0.800171 0
vt 0.229004 0.063965 0
vt 0.6875 0.208496 0
vt 0.833984 0.298828 0
vt 0.847168 0.335449 0
vt 0.797852 0.285156 0
vt 0.799316 0.259766 0
vt -0.251465 0.198242 0
vt 0.729004 0.206543 0
vt 0.828125 0.276367 0
vt 0.829102 0.252441 0
vt 0.867188 0.32959 0
vt 0.851074 0.293457 0
vt 0.843262 0.272461 0
vt -0.334717 0.920532 0
vt -0.418701 0.905884 0
vt -0.390381 0.78772 0
vt 0.216064 0.070801 0
vt 0.786133 0.084961 0
vt 0.740723 0.048828 0
vt 0.097656 0.331543 0
vt 0.851074 0.293457 0
vt 0.722656 0.047363 0
vt -0.906738 0.483398 0
vt 0.154297 0.331055 0
vt 0.217285 0.804932 0
vt 0.782227 0.125488 0
vt -0.269287 0.066406 0
vt -0.389404 0.819702 0
vt 0.220093 0.150879 0
vt 0.142822 0.658203 0
vt 0.124451 0.6521 0
vt 0.123657 0.750732 0
vt 0.898926 0.29834 0
vt 0.883301 0.318848 0
vt 0.920898 0.313965 0
vt 0.901855 0.34668 0
vt -0.420898 0.155273 0
vt 0.223022 0.063477 0
vt 0.283447 0.402344 0
vt 0.943848 0.308594 0
vt 0.943848 0.274414 0
vt 0.578613 0.155273 0
vt 0.592285 0.148926 0
vt 0.928223 0.277344 0
vt -0.293213 0.214355 0
vt -0.601563 0.888184 0
vt 0.237915 0.126953 0
vt 0.212036 0.04541 0
vt 0.174805 0.933228 0
vt 0.095581 0.27002 0
vt 0.50293 0.727051 0
vt 0.229004 0.063965 0
vt 0.217285 0.302734 0
vt 0.949707 0.345703 0
vt 0.671387 0.24707 0
vt -0.254883 0.162109 0
vt 0.221558 0.286621 0
vt 0.187378 0.489258 0
vt 0.515625 0.658936 0
vt 0.706543 0.214355 0
vt 0.935059 0.359863 0
vt 0.918945 0.376465 0
vt 0.896484 0.391113 0
vt 0.885254 0.365723 0
vt 0.930176 0.410156 0
vt 0.946289 0.402344 0
vt 0.180786 0.630859 0
vt 0.962402 0.395996 0
vt 0.819824 0.062012 0
vt 0.691895 0.249023 0
vt 0.6875 0.208496 0
vt -0.260254 0.101563 0
vt 0.908203 0.419434 0
vt 0.884277 0.426758 0
vt 0.91748 0.450195 0
vt 0.838379 0.432617 0
vt 0.833984 0.407227 0
vt 0.88916 0.457031 0
vt -0.220093 0.153809 0
vt -0.539551 0.932678 0
vt 0.725586 0.081055 0
vt 0.0896 0.273926 0
vt 0.178589 0.267578 0
vt 0.799316 0.259766 0
vt 0.848633 0.463379 0
vt -0.161865 0.899536 0
vt 0.091248 0.263184 0
vt 0.896484 0.487305 0
vt 0.706055 0.086426 0
vt 0.083252 0.254883 0
vt 0.92627 0.482422 0
vt 0.937988 0.446289 0
vt -0.276367 0.195801 0
vt 0.229126 0.124512 0
vt 0.221191 0.058105 0
vt 0.24585 0.277832 0
vt 0.685547 0.776733 0
vt 0.72998 0.01416 0
vt -0.39209 0.796631 0
vt 0.295654 0.907715 0
vt 0.937988 0.446289 0
vt -0.243164 0.182129 0
vt 0.764648 0.046875 0
vt 0.725586 0.081055 0
vt 0.167603 0.957855 0
vt 0.644531 0.651123 0
vt 0.942871 0.473633 0
vt 0.959473 0.46582 0
vt -0.293213 0.029785 0
vt 0.956055 0.443359 0
vt 0.969238 0.4375 0
vt 0.820313 0.071777 0
vt -0.266357 0.05127 0
vt 0.867676 0.533691 0
vt -0.276855 0.047363 0
vt -0.161865 0.881226 0
vt -0.440674 0.794312 0
vt 0.311279 0.884338 0
vt 0.900391 0.522217 0
vt 0.843262 0.074219 0
vt 0.833496 0.063965 0
vt 0.859375 0.494141 0
vt 0.820313 0.500244 0
vt 0.831543 0.542969 0
vt -0.23584 0.153809 0
vt -0.541992 0.862549 0
vt -0.397705 0.825928 0
vt 0.21228 0.15625 0
vt 0.230591 0.138672 0
vt 0.190796 0.861328 0
vt 0.748535 0.180176 0
vt 0.808594 0.472656 0
vt 0.79834 0.442383 0
vt 0.776855 0.785156 0
vt 0.241821 0.357422 0
vt 0.270264 0.570801 0
vt 0.786133 0.511719 0
vt 0.762207 0.518555 0
vt 0.774902 0.484375 0
vt 0.759766 0.451172 0
vt 0.15979 0.969055 0
vt 0.209106 0.34082 0
vt 0.76416 0.545898 0
vt 0.792969 0.556152 0
vt 0.77002 0.784058 0
vt 0.74707 0.493164 0
vt 0.709473 0.42627 0
vt 0.728027 0.462891 0
vt -0.117249 0.93219 0
vt 0.224243 0.144043 0
vt 0.221924 0.140625 0
vt 0.226074 0.041992 0
vt 0.206299 0.150391 0
vt 0.229614 0.080566 0
vt 0.241577 0.248535 0
vt 0.861816 0.169434 0
vt 0.708496 0.269531 0
vt -0.459961 0.88623 0
vt 0.206909 0.159668 0
vt 0.209473 0.035156 0
vt 0.096802 0.446289 0
vt 0.19458 0.345703 0
vt 0.756348 0.182129 0
vt -0.161011 0.932983 0
vt -0.426758 0.812988 0
vt 0.230469 0.049805 0
vt 0.737305 0.041016 0
vt 0.749023 0.75708 0
vt -0.117249 0.93219 0
vt -0.452393 0.80188 0
vt 0.742188 0.040039 0
vt 0.731445 0.760498 0
vt 0.706543 0.029785 0
vt 0.263184 0.415527 0
vt 0.104614 0.540039 0
vt -0.626465 0.96962 0
vt 0.14563 0.947113 0
vt 0.181152 0.899841 0
vt 0.063416 0.740234 0
vt -0.282715 0.007324 0
vt -0.626465 0.96962 0
vt 0.685547 0.776733 0
vt 0.09375 0.259277 0
vt 0.836426 0.226074 0
vt 0.645508 0.260254 0
vt 0.223267 0.119141 0
vt 0.73291 0.028809 0
vt 0.717773 0.758545 0
vt 0.756348 0.753418 0
vt 0.095581 0.27002 0
vt -0.287598 0.163086 0
vt -0.419189 0.961365 0
vt -0.500488 0.887268 0
vt 0.725586 0.081055 0
vt 0.820313 0.071777 0
vt -0.283447 0.157715 0
vt -0.397949 0.813721 0
vt 0.267334 0.949219 0
vt 0.703125 0.13916 0
vt 0.506348 0.487305 0
vt 0.142822 0.658203 0
vt 0.159546 0.741211 0
vt 0.864258 0.237793 0
vt -0.267822 0.043945 0
vt 0.203003 0.029297 0
vt 0.721191 0.748047 0
vt 0.09375 0.259277 0
vt 0.224854 0.398926 0
vt 0.864258 0.237793 0
vt -0.447266 0.807007 0
vt 0.204834 0.03125 0
vt 0.075073 0.277344 0
vt 0.246338 0.390137 0
vt 0.749023 0.123535 0
vt -0.39502 0.814209 0
vt 0.203613 0.028809 0
vt 0.079773 0.281738 0
vt 0.544434 0.4375 0
vt 0.754883 0.100098 0
vt -0.318115 0.181641 0
vt 0.083252 0.254883 0
vt 0.136719 0.258789 0
vt 0.248291 0.312012 0
vt 0.101624 0.772217 0
vt 0.773438 0.351074 0
vt 0.763672 0.153809 0
vt -0.292725 0.16748 0
vt -0.205566 0.88147 0
vt 0.745605 0.818848 0
vt 0.446289 0.723389 0
vt 0.833984 0.298828 0
vt 0.495361 0.452148 0
vt -0.292725 0.16748 0
vt 0.683105 0.155762 0
vt 0.706543 0.029785 0
vt 0.110962 0.277344 0
vt 0.261719 0.296875 0
vt 0.158813 0.587646 0
vt 0.804688 0.060059 0
vt 0.444824 0.46875 0
vt -0.262207 0.041016 0
vt 0.205933 0.029785 0
vt 0.554199 0.469727 0
vt 0.506348 0.487305 0
vt 0.74707 0.100098 0
vt 0.392334 0.443359 0
vt 0.455322 0.502441 0
vt 0.397949 0.487305 0
vt 0.368896 0.455566 0
vt -0.266357 0.05127 0
vt 0.520996 0.527344 0
vt 0.568848 0.510742 0
vt 0.848145 0.245605 0
vt 0.363525 0.405273 0
vt 0.241333 0.131348 0
vt 0.217285 0.120605 0
vt 0.230469 0.049805 0
vt 0.267334 0.949219 0
vt 0.093811 0.328613 0
vt 0.351318 0.460938 0
vt 0.353516 0.365723 0
vt 0.340332 0.334961 0
vt 0.229248 0.100098 0
vt 0.214233 0.079102 0
vt 0.727051 0.054688 0
vt 0.2771 0.892822 0
vt 0.116394 0.272461 0
vt 0.151245 0.27832 0
vt 0.109314 0.47998 0
vt 0.34375 0.424316 0
vt 0.289551 0.351074 0
vt 0.315918 0.361816 0
vt -0.261475 0.0625 0
vt -0.376953 0.940491 0
vt -0.500977 0.862793 0
vt 0.161987 0.664307 0
vt 0.868164 0.068359 0
vt 0.205933 0.842651 0
vt 0.888672 0.211426 0
vt 0.222534 0.333984 0
vt 0.171875 0.428711 0
vt 0.680176 0.279785 0
vt 0.278809 0.364746 0
vt 0.32666 0.402344 0
vt -0.25 0.076172 0
vt -0.500488 0.909546 0
vt 0.315918 0.361816 0
vt 0.145386 0.541016 0
vt 0.295654 0.907715 0
vt 0.749512 0.076172 0
vt -0.62793 0.94104 0
vt 0.211304 0.155273 0
vt 0.224243 0.144043 0
vt 0.104858 0.251465 0
vt 0.373047 0.362793 0
vt 0.801758 0.089844 0
vt -0.411865 0.827881 0
vt -0.427734 0.826904 0
vt 0.19458 0.345703 0
vt 0.783691 0.380371 0
vt 0.834961 0.205566 0
vt 0.24585 0.277832 0
vt 0.261719 0.296875 0
vt 0.277832 0.31543 0
vt 0.236084 0.32373 0
vt 0.256104 0.345215 0
vt -0.070068 0.93988 0
vt 0.223389 0.123047 0
vt 0.733887 0.14502 0
vt 0.079773 0.281738 0
vt 0.863281 0.288086 0
vt 0.706543 0.214355 0
vt 0.228394 0.292969 0
vt 0.267334 0.332031 0
vt 0.739258 0.101563 0
vt 0.190796 0.314453 0
vt 0.845703 0.195313 0
vt 0.843262 0.074219 0
vt 0.833496 0.063965 0
vt 0.812988 0.106445 0
vt -0.276367 0.195801 0
vt 0.214111 0.094238 0
vt 0.241211 0.056641 0
vt 0.756348 0.024414 0
vt 0.209106 0.34082 0
vt 0.262695 0.378906 0
vt 0.283447 0.402344 0
vt -0.161865 0.899536 0
vt -0.376953 0.904114 0
vt 0.739258 0.101563 0
vt 0.141846 0.338867 0
vt 0.240601 0.815308 0
vt 0.300049 0.42334 0
vt 0.31543 0.443359 0
vt 0.246338 0.390137 0
vt 0.263184 0.415527 0
vt 0.221802 0.047852 0
vt 0.707031 0.16748 0
vt 0.833496 0.05127 0
vt 0.819336 0.050781 0
vt 0.663086 0.401855 0
vt 0.845215 0.186035 0
vt 0.276855 0.4375 0
vt 0.286865 0.460449 0
vt -0.118347 0.881409 0
vt -0.161865 0.881226 0
vt -0.316406 0.155762 0
vt 0.202148 0.027344 0
vt 0.753906 0.038574 0
vt 0.129272 0.473145 0
vt 0.789063 0.054199 0
vt 0.107361 0.737305 0
vt 0.237549 0.424805 0
vt 0.24707 0.450195 0
vt 0.253418 0.474609 0
vt -0.273193 0.004395 0
vt -0.293213 0.214355 0
vt -0.283691 0.183105 0
vt -0.62793 0.94104 0
vt -0.357178 0.796143 0
vt -0.371826 0.803223 0
vt 0.75293 0.805786 0
vt 0.688477 0.230957 0
vt 0.215942 0.146484 0
vt 0.223267 0.06543 0
vt 0.255859 0.26709 0
vt 0.694336 0.756592 0
vt -0.250977 0.180176 0
vt -0.248047 0.95108 0
vt -0.248535 0.918213 0
vt 0.214355 0.109375 0
vt 0.216064 0.117676 0
vt 0.204224 0.072754 0
vt 0.248291 0.312012 0
vt 0.240601 0.815308 0
vt -0.073425 0.928528 0
vt -0.291748 0.93634 0
vt -0.418701 0.924805 0
vt 0.200439 0.159668 0
vt 0.205933 0.842651 0
vt 0.188721 0.57666 0
vt 0.738281 0.173828 0
vt -0.226929 0.098633 0
vt -0.501465 0.950165 0
vt -0.579102 0.980347 0
vt 0.229614 0.080566 0
vt 0.245605 0.8573 0
vt 0.729004 0.206543 0
vt 0.722168 0.175781 0
vt 0.216187 0.45752 0
vt -0.501465 0.950165 0
vt 0.214111 0.094238 0
vt 0.204224 0.115723 0
vt 0.237793 0.061523 0
vt 0.861816 0.169434 0
vt 0.373047 0.584229 0
vt 0.220825 0.489746 0
vt 0.223755 0.513428 0
vt 0.260742 0.503418 0
vt 0.326172 0.472656 0
vt 0.333008 0.511963 0
vt 0.294434 0.489258 0
vt 0.302734 0.522217 0
vt 0.356934 0.50415 0
vt 0.360596 0.546387 0
vt 0.337158 0.553711 0
vt -0.244873 0.100098 0
vt -0.25 0.076172 0
vt -0.262939 0.078125 0
vt -0.256836 0.088867 0
vt -0.252686 0.100098 0
vt 0.371338 0.498535 0
vt 0.375244 0.540283 0
vt 0.308105 0.55835 0
vt 0.373047 0.584229 0
vt 0.387695 0.578125 0
vt 0.346924 0.594971 0
vt 0.407471 0.522705 0
vt -0.262939 0.078125 0
vt 0.204834 0.03125 0
vt 0.229858 0.233398 0
vt 0.086365 0.277832 0
vt 0.161987 0.563965 0
vt 0.150024 0.796021 0
vt 0.419678 0.563965 0
vt 0.468994 0.547119 0
vt 0.402832 0.62207 0
vt 0.437988 0.604004 0
vt 0.484375 0.584229 0
vt 0.364502 0.639404 0
vt 0.414307 0.660889 0
vt 0.381348 0.678223 0
vt 0.321777 0.661133 0
vt 0.453857 0.637451 0
vt 0.433105 0.700439 0
vt 0.535156 0.562988 0
vt 0.497314 0.623047 0
vt 0.469482 0.674316 0
vt 0.563477 0.643799 0
vt 0.515625 0.658936 0
vt 0.548828 0.603027 0
vt 0.599609 0.585693 0
vt 0.227661 0.12207 0
vt 0.091248 0.263184 0
vt 0.585449 0.546387 0
vt 0.629395 0.531982 0
vt 0.869629 0.255371 0
vt -0.257568 0.040039 0
vt -0.460205 0.862427 0
vt 0.214111 0.094238 0
vt 0.207642 0.037109 0
vt 0.722656 0.047363 0
vt 0.599609 0.585693 0
vt -0.328369 0.24707 0
vt -0.625488 0.990334 0
vt -0.357422 0.807739 0
vt 0.233887 0.046875 0
vt 0.76416 0.802002 0
vt 0.183594 0.793457 0
vt 0.842773 0.10791 0
vt -0.058075 0.920837 0
vt -0.371826 0.803223 0
vt 0.203247 0.100586 0
vt 0.758789 0.060547 0
vt 0.187378 0.489258 0
vt 0.800293 0.209961 0
vt 0.680664 0.605957 0
vt 0.623535 0.624512 0
vt -0.447266 0.807007 0
vt 0.236694 0.134277 0
vt 0.230713 0.116211 0
vt 0.737305 0.742432 0
vt 0.653809 0.572754 0
vt 0.689941 0.556641 0
vt -0.390869 0.144043 0
vt 0.257324 0.940033 0
vt 0.697266 0.818237 0
vt 0.618164 0.189453 0
vt 0.63916 0.187012 0
vt -0.272705 0.054688 0
vt -0.434814 0.80249 0
vt 0.879883 0.557861 0
vt -0.434814 0.80249 0
vt 0.241333 0.131348 0
vt 0.233887 0.046875 0
vt 0.182739 0.980896 0
vt 0.222534 0.333984 0
vt 0.265381 0.537109 0
vt 0.243774 0.135742 0
vt 0.167603 0.957855 0
vt 0.75 0.567139 0
vt 0.740234 0.589355 0
vt 0.713379 0.629395 0
vt -0.272705 0.054688 0
vt -0.117126 0.863403 0
vt -0.360596 0.803467 0
vt 0.225098 0.058594 0
vt 0.083252 0.267578 0
vt 0.169189 0.807251 0
vt 0.781738 0.60376 0
vt 0.796875 0.573975 0
vt 0.842285 0.574463 0
vt 0.854004 0.611816 0
vt 0.799316 0.635986 0
vt 0.729004 0.658447 0
vt 0.236694 0.134277 0
vt 0.214966 0.068848 0
vt 0.136597 0.6875 0
vt 0.119812 0.682861 0
vt 0.833496 0.174316 0
vt 0.658203 0.676025 0
vt 0.644531 0.651123 0
vt 0.577148 0.671875 0
vt 0.588867 0.694336 0
vt 0.531738 0.684814 0
vt 0.491455 0.703125 0
vt 0.543457 0.710693 0
vt -0.381592 0.189453 0
vt -0.248535 0.918213 0
vt 0.356934 0.50415 0
vt 0.759766 0.451172 0
vt 0.711914 0.163086 0
vt 0.621582 0.229492 0
vt 0.50293 0.727051 0
vt -0.602051 0.913818 0
vt -0.291992 0.90155 0
vt 0.233521 0.121582 0
vt 0.688477 0.230957 0
vt 0.446289 0.723389 0
vt 0.460449 0.749023 0
vt 0.395996 0.716309 0
vt 0.412109 0.73999 0
vt 0.428467 0.765625 0
vt 0.356201 0.74292 0
vt 0.371826 0.762939 0
vt 0.34375 0.424316 0
vt 0.375244 0.540283 0
vt 0.371338 0.498535 0
vt 0.105835 0.563721 0
vt 0.331787 0.705078 0
vt 0.356445 0.809082 0
vt 0.34082 0.835327 0
vt 0.339355 0.791626 0
vt 0.233521 0.066895 0
vt 0.109314 0.47998 0
vt 0.127808 0.373535 0
vt 0.104858 0.251465 0
vt 0.178345 0.319336 0
vt 0.323242 0.774292 0
vt -0.395508 0.230957 0
vt 0.754395 0.047852 0
vt 0.748535 0.039551 0
vt 0.324219 0.817261 0
vt 0.30957 0.841797 0
vt 0.294434 0.870483 0
vt 0.311279 0.884338 0
vt 0.328857 0.860352 0
vt -0.262207 0.041016 0
vt -0.073425 0.928528 0
vt 0.219482 0.138672 0
vt 0.727051 0.054688 0
vt 0.812988 0.106445 0
vt 0.151245 0.27832 0
vt -0.294678 0.04541 0
vt 0.228149 0.134277 0
vt 0.2771 0.892822 0
vt 0.757813 0.152832 0
vt -0.226929 0.098633 0
vt -0.244873 0.100098 0
vt 0.277832 0.850342 0
vt 0.269287 0.863403 0
vt 0.763672 0.153809 0
vt 0.748535 0.180176 0
vt -0.603027 0.938324 0
vt 0.201294 0.028809 0
vt 0.751953 0.19873 0
vt 0.738281 0.173828 0
vt 0.30957 0.80127 0
vt 0.292725 0.827026 0
vt -0.459961 0.907715 0
vt -0.539063 0.911194 0
vt 0.205566 0.070313 0
vt 0.25293 0.842407 0
vt 0.26001 0.829956 0
vt 0.760254 0.167969 0
vt -0.048401 0.900452 0
vt -0.389404 0.819702 0
vt 0.215942 0.146484 0
vt 0.292725 0.827026 0
vt 0.723145 0.195801 0
vt 0.286865 0.777954 0
vt 0.270752 0.803223 0
vt 0.215698 0.041992 0
vt 0.197754 0.875305 0
vt 0.123047 0.563965 0
vt 0.25293 0.842407 0
vt 0.956055 0.443359 0
vt 0.234497 0.831787 0
vt 0.240601 0.815308 0
vt 0.218628 0.118164 0
vt 0.214355 0.109375 0
vt 0.200439 0.028809 0
vt 0.702148 0.744629 0
vt 0.129272 0.473145 0
vt 0.194824 0.646484 0
vt 0.789063 0.066895 0
vt 0.252197 0.790283 0
vt 0.217285 0.804932 0
vt 0.234863 0.783203 0
vt 0.21814 0.831909 0
vt 0.171143 0.93927 0
vt 0.756836 0.772583 0
vt 0.229614 0.577637 0
vt 0.205933 0.842651 0
vt 0.751953 0.19873 0
vt 0.306641 0.748779 0
vt 0.284668 0.720947 0
vt 0.266113 0.753174 0
vt 0.226318 0.748047 0
vt -0.35376 0.787964 0
vt 0.232544 0.14209 0
vt 0.130981 0.348145 0
vt 0.211548 0.267578 0
vt 0.356934 0.307129 0
vt 0.294434 0.870483 0
vt 0.203125 0.772705 0
vt 0.239746 0.710693 0
vt 0.194092 0.725342 0
vt 0.282227 0.681152 0
vt 0.312988 0.607178 0
vt -0.256836 0.088867 0
vt -0.161011 0.932983 0
vt 0.265381 0.537109 0
vt 0.270264 0.570801 0
vt 0.270508 0.623047 0
vt 0.250488 0.672363 0
vt -0.500977 0.929871 0
vt 0.205566 0.118164 0
vt 0.21936 0.049805 0
vt -0.870605 0.473145 0
vt 0.797852 0.285156 0
vt 0.800293 0.171875 0
vt 0.208374 0.694336 0
vt 0.220459 0.662109 0
vt 0.216064 0.117676 0
vt -0.870605 0.473145 0
vt -0.881836 0.447266 0
vt 0.099487 0.292969 0
vt 0.278809 0.364746 0
vt 0.763184 0.085449 0
vt 0.229614 0.577637 0
vt 0.223145 0.615234 0
vt -0.236084 0.124512 0
vt -0.334717 0.902588 0
vt 0.229126 0.094238 0
vt 0.213989 0.043945 0
vt 0.784668 0.098145 0
vt 0.188721 0.57666 0
vt 0.184448 0.603516 0
vt -0.060455 0.890747 0
vt 0.190796 0.861328 0
vt 0.623535 0.624512 0
vt 0.234497 0.831787 0
vt 0.835449 0.187012 0
vt 0.22644 0.544189 0
vt -0.454834 0.817139 0
vt 0.706543 0.019531 0
vt 0.696289 0.026855 0
vt 0.698242 0.257813 0
vt 0.187378 0.489258 0
vt 0.185669 0.514404 0
vt 0.188477 0.544189 0
vt 0.728027 0.167969 0
vt 0.098206 0.320801 0
vt 0.220825 0.215332 0
vt 0.858887 0.04541 0
vt 0.079773 0.281738 0
vt 0.154297 0.331055 0
vt 0.193604 0.457031 0
vt 0.161011 0.542236 0
vt 0.162476 0.486328 0
vt 0.159302 0.511963 0
vt 0.139038 0.5 0
vt -0.367676 0.794434 0
vt -0.357422 0.807739 0
vt 0.193604 0.376465 0
vt 0.109131 0.649902 0
vt 0.269287 0.863403 0
vt 0.145386 0.541016 0
vt -0.224487 0.196289 0
vt -0.380859 0.803101 0
vt 0.204224 0.108398 0
vt 0.159546 0.741211 0
vt 0.694824 0.175293 0
vt -0.161011 0.932983 0
vt -0.57666 0.958618 0
vt 0.123413 0.269531 0
vt 0.798828 0.158691 0
vt 0.772461 0.210449 0
vt 0.194824 0.646484 0
vt 0.180786 0.630859 0
vt -0.277344 0.175781 0
vt -0.255615 0.061035 0
vt 0.205078 0.157227 0
vt 0.200928 0.03125 0
vt 0.21936 0.049805 0
vt 0.864746 0.054199 0
vt -0.249512 0.149414 0
vt -0.335449 0.882996 0
vt 0.200439 0.028809 0
vt 0.772461 0.805298 0
vt 0.158813 0.587646 0
vt 0.155518 0.613037 0
vt 0.140503 0.583496 0
vt 0.090332 0.32666 0
vt 0.174194 0.287598 0
vt -0.419189 0.862061 0
vt -0.459961 0.907715 0
vt 0.232544 0.14209 0
vt 0.75293 0.805786 0
vt 0.711914 0.163086 0
vt 0.143677 0.563721 0
vt 0.161987 0.563965 0
vt 0.123047 0.563965 0
vt 0.182129 0.680176 0
vt 0.176392 0.710205 0
vt 0.13916 0.61084 0
vt 0.122803 0.583008 0
vt 0.179565 0.755249 0
vt 0.161987 0.664307 0
vt 0.154541 0.697021 0
vt 0.174805 0.995571 0
vt 0.117371 0.255371 0
vt 0.159302 0.511963 0
vt 0.563477 0.643799 0
vt 0.515625 0.658936 0
vt 0.782227 0.125488 0
vt 0.744629 0.162109 0
vt 0.728027 0.167969 0
vt -0.460693 0.946625 0
vt 0.202148 0.160645 0
vt 0.217285 0.120605 0
vt 0.206177 0.11084 0
vt 0.63916 0.187012 0
vt 0.728027 0.462891 0
vt 0.643555 0.224121 0
vt 0.159546 0.741211 0
vt 0.143066 0.763184 0
vt -0.626465 0.914795 0
vt -0.454834 0.817139 0
vt 0.20105 0.027832 0
vt 0.098206 0.320801 0
vt 0.202393 0.252441 0
vt 0.180786 0.630859 0
vt 0.150024 0.796021 0
vt 0.165161 0.775513 0
vt -0.380859 0.803101 0
vt 0.216064 0.117676 0
vt 0.690918 0.807007 0
vt 0.608887 0.144043 0
vt 0.718262 0.739258 0
vt 0.220825 0.489746 0
vt -0.377441 0.883911 0
vt -0.460205 0.862427 0
vt 0.221802 0.848633 0
vt 0.189087 0.405762 0
vt 0.155518 0.613037 0
vt 0.199707 0.811401 0
vt 0.294434 0.870483 0
vt 0.84668 0.17334 0
vt 0.169189 0.807251 0
vt 0.183594 0.793457 0
vt 0.225098 0.058594 0
vt 0.66748 0.1875 0
vt 0.184326 0.82666 0
vt 0.199707 0.811401 0
vt 0.756348 0.182129 0
vt -0.291016 0.269531 0
vt -0.334717 0.937897 0
vt -0.335205 0.954498 0
vt 0.209595 0.85083 0
vt 0.071594 0.266602 0
vt 0.270264 0.570801 0
vt 0.184326 0.82666 0
vt 0.789063 0.054199 0
vt -0.293213 0.019531 0
vt -0.303467 0.026855 0
vt 0.764648 0.037109 0
vt 0.202881 0.886536 0
vt -0.574219 0.935547 0
vt 0.233643 0.058594 0
vt 0.667969 0.159668 0
vt 0.198242 0.27832 0
vt 0.755859 0.124023 0
vt -0.250488 0.123535 0
vt 0.229858 0.056152 0
vt 0.197754 0.875305 0
vt 0.190796 0.861328 0
vt 0.749023 0.123535 0
vt 0.756348 0.182129 0
vt -0.254883 0.162109 0
vt -0.297607 0.196777 0
vt -0.367676 0.794434 0
vt 0.205078 0.40332 0
vt 0.75 0.149414 0
vt -0.205322 0.900208 0
vt 0.681641 0.181641 0
vt 0.204224 0.283203 0
vt 0.778809 0.182129 0
vt -0.643555 0.94046 0
vt -0.204956 0.917236 0
vt 0.104004 0.317383 0
vt 0.149902 0.823364 0
vt 0.775391 0.196289 0
vt -0.389404 0.819702 0
vt 0.215698 0.041992 0
vt 0.227539 0.066406 0
vt 0.806152 0.047852 0
vt -0.249512 0.149414 0
vt -0.539551 0.932678 0
vt -0.57666 0.958618 0
vt 0.206177 0.038086 0
vt 0.868164 0.068359 0
vt 0.754883 0.100098 0
vt -0.230835 0.238281 0
vt -0.626465 0.914795 0
vt -0.248535 0.918213 0
vt -0.539063 0.911194 0
vt -0.574219 0.935547 0
vt 0.221313 0.130371 0
vt 0.103882 0.262695 0
vt 0.211548 0.267578 0
vt -0.625488 0.990334 0
vt 0.202148 0.160645 0
vt 0.243774 0.135742 0
vt 0.215698 0.041992 0
vt 0.116394 0.272461 0
vt 0.163696 0.383301 0
vt 0.916504 0.614502 0
vt 0.824707 0.173828 0
vt -0.048279 0.910278 0
vt -0.418701 0.905884 0
vt -0.376953 0.904114 0
vt -0.417725 0.797852 0
vt 0.248291 0.312012 0
vt 0.155518 0.613037 0
vt -0.459961 0.88623 0
vt -0.539551 0.932678 0
vt 0.221436 0.128906 0
vt 0.216064 0.117676 0
vt 0.212036 0.04541 0
vt 0.385498 0.324219 0
vt -0.227295 0.210449 0
vt 0.123413 0.269531 0
vt 0.227173 0.366211 0
vt 0.563477 0.643799 0
vt 0.847168 0.335449 0
vt -0.060455 0.890747 0
vt -0.0755 0.884766 0
vt -0.287598 0.163086 0
vt -0.115845 0.947327 0
vt 0.856445 0.105957 0
vt 0.158813 0.587646 0
vt 0.778809 0.167969 0
vt 0.643555 0.224121 0
vt -0.261475 0.173828 0
vt -0.287598 0.163086 0
vt 0.221924 0.140625 0
vt 0.213989 0.043945 0
vt 0.726563 0.004395 0
vt 0.109924 0.708252 0
vt 0.824707 0.173828 0
vt -0.270508 0.206543 0
vt -0.260742 0.193848 0
vt -0.268799 0.185059 0
vt -0.293213 0.214355 0
vt 0.226074 0.041992 0
vt 0.869629 0.255371 0
vt 0.205566 0.118164 0
vt 0.13623 0.959198 0
vt 0.14563 0.947113 0
vt 0.365234 0.29248 0
vt 0.77002 0.125 0
vt -0.418701 0.924805 0
vt -0.418701 0.905884 0
vt -0.419189 0.862061 0
vt -0.500488 0.909546 0
vt 0.204224 0.115723 0
vt 0.103882 0.262695 0
vt 0.763672 0.124512 0
vt 0.697266 0.818237 0
vt 0.847168 0.335449 0
vt 0.733887 0.14502 0
vt 0.756836 0.772583 0
vt 0.76123 0.768311 0
vt 0.085205 0.305664 0
vt -0.251953 0.213379 0
vt -0.259521 0.213379 0
vt -0.247559 0.19873 0
vt -0.251465 0.198242 0
vt -0.272949 0.045898 0
vt -0.389404 0.819702 0
vt 0.201294 0.159668 0
vt 0.214355 0.109375 0
vt 0.871582 0.096191 0
vt 0.846191 0.161133 0
vt -0.11853 0.915771 0
vt -0.902832 0.446289 0
vt 0.104675 0.279785 0
vt 0.198242 0.27832 0
vt 0.168091 0.35498 0
vt 0.800781 0.197754 0
vt -0.401123 0.789063 0
vt 0.21936 0.049805 0
vt -0.418945 0.88501 0
vt 0.218872 0.094238 0
vt 0.206177 0.038086 0
vt 0.100891 0.266602 0
vt 0.122925 0.609863 0
vt -0.37793 0.861938 0
vt -0.459961 0.907715 0
vt -0.50293 0.969635 0
vt 0.22522 0.129883 0
vt 0.207642 0.037109 0
vt 0.116394 0.272461 0
vt -0.064331 0.901794 0
vt -0.078064 0.900757 0
vt -0.217285 0.125488 0
vt -0.213745 0.084961 0
vt 0.193604 0.376465 0
vt 0.141846 0.728516 0
vt 0.387695 0.7854 0
vt 0.802734 0.185547 0
vt -0.626465 0.96962 0
vt -0.064331 0.901794 0
vt -0.371582 0.814819 0
vt 0.203857 0.104492 0
vt 0.202393 0.252441 0
vt 0.800293 0.209961 0
vt -0.41333 0.8125 0
vt 0.233765 0.129883 0
vt 0.711914 0.163086 0
vt 0.097656 0.331543 0
vt 0.30542 0.385254 0
vt 0.74707 0.493164 0
vt 0.854492 0.071777 0
vt -0.25 0.076172 0
vt -0.334717 0.902588 0
vt -0.389404 0.819702 0
vt 0.219238 0.109863 0
vt 0.123657 0.750732 0
vt 0.214111 0.094238 0
vt 0.774902 0.072266 0
vt 0.726563 0.045898 0
vt 0.189575 0.969437 0
vt 0.203125 0.772705 0
vt -0.199463 0.209961 0
vt -0.243164 0.182129 0
vt -0.235352 0.098633 0
vt -0.543945 0.975037 0
vt -0.57666 0.958618 0
vt 0.218872 0.094238 0
vt 0.215088 0.101563 0
vt 0.201294 0.028809 0
vt 0.103882 0.262695 0
vt 0.110962 0.277344 0
vt 0.830078 0.106934 0
vt -0.265381 0.09082 0
vt -0.371582 0.814819 0
vt 0.209717 0.15332 0
vt 0.211304 0.155273 0
vt 0.202881 0.886536 0
vt 0.167603 0.957855 0
vt 0.140503 0.583496 0
vt 0.048523 0.756836 0
vt -0.235352 0.098633 0
vt -0.251709 0.061035 0
vt -0.255615 0.061035 0
vt -0.269287 0.066406 0
vt 0.875488 0.399902 0
vt 0.206177 0.038086 0
vt 0.203613 0.032227 0
vt -0.272949 0.045898 0
vt -0.265381 0.09082 0
vt -0.260254 0.101563 0
vt 0.088562 0.758545 0
vt -0.447266 0.807007 0
vt 0.689453 0.037109 0
vt 0.65918 0.374023 0
vt 0.860352 0.181641 0
vt 0.678223 0.77478 0
vt 0.767578 0.767822 0
vt 0.858887 0.04541 0
vt 0.853516 0.061523 0
vt 0.204224 0.283203 0
vt 0.829102 0.252441 0
vt 0.202148 0.160645 0
vt 0.218994 0.086914 0
vt 0.110107 0.258301 0
vt 0.229126 0.094238 0
vt 0.830078 0.092773 0
vt 0.20105 0.160645 0
vt 0.215088 0.086914 0
vt -0.380859 0.803101 0
vt 0.204224 0.080078 0
vt -0.418701 0.924805 0
vt 0.202026 0.02832 0
vt 0.861328 0.190918 0
vt 0.178345 0.950104 0
vt 0.270264 0.570801 0
vt 0.201904 0.030273 0
vt 0.842773 0.094727 0
vt -0.204956 0.917236 0
vt -0.391846 0.804321 0
vt 0.286865 0.460449 0
vt 0.088562 0.758545 0
vt 0.252197 0.790283 0
vt 0.702148 0.196777 0
vt -0.371826 0.803223 0
vt 0.221191 0.058105 0
vt 0.772461 0.805298 0
vt 0.844727 0.134766 0
vt 0.778809 0.182129 0
vt 0.232544 0.14209 0
vt 0.299561 0.310059 0
vt 0.814453 0.091309 0
vt 0.806152 0.071777 0
vt 0.692383 0.29541 0
vt -0.391846 0.804321 0
vt 0.209839 0.373047 0
vt 0.203735 0.159668 0
vt 0.236694 0.134277 0
vt 0.730469 0.106445 0
vt 0.141724 0.367188 0
vt 0.112732 0.245605 0
vt -0.284912 0.052734 0
vt -0.161743 0.862305 0
vt 0.225098 0.058594 0
vt 0.883301 0.149414 0
vt 0.756348 0.182129 0
vt 0.680176 0.279785 0
vt -0.360352 0.187012 0
vt -0.334717 0.902588 0
vt -0.334717 0.920532 0
vt -0.334717 0.937897 0
vt 0.261475 0.918701 0
vt 0.387695 0.578125 0
vt 0.831543 0.542969 0
vt 0.212158 0.032227 0
vt 0.786133 0.084961 0
vt -0.205322 0.900208 0
vt 0.218872 0.094238 0
vt 0.227173 0.366211 0
vt -0.501465 0.950165 0
vt -0.39209 0.796631 0
vt 0.201172 0.161133 0
vt 0.203857 0.083984 0
vt 0.214111 0.094238 0
vt 0.215088 0.101563 0
vt 0.201904 0.030273 0
vt 0.203613 0.032227 0
vt 0.104858 0.251465 0
vt 0.209106 0.34082 0
vt 0.203003 0.091797 0
vt 0.218994 0.086914 0
vt 0.753906 0.038574 0
vt 0.76123 0.768311 0
vt 0.114075 0.305176 0
vt -0.254883 0.162109 0
vt 0.218994 0.101563 0
vt 0.685547 0.776733 0
vt 0.164551 0.272949 0
vt 0.800293 0.209961 0
vt -0.261475 0.0625 0
vt -0.266602 0.028809 0
vt -0.272705 0.03125 0
vt 0.744141 0.061035 0
vt 0.796387 0.043945 0
vt -0.118347 0.881409 0
vt 0.71875 0.091309 0
vt 0.189575 0.969437 0
vt 0.085571 0.248535 0
vt 0.324219 0.817261 0
vt 0.294434 0.870483 0
vt -0.161865 0.899536 0
vt 0.236572 0.054199 0
vt -0.277344 0.175781 0
vt 0.224487 0.056641 0
vt 0.219238 0.078613 0
vt 0.080994 0.324219 0
vt 0.19458 0.345703 0
vt 0.24707 0.450195 0
vt -0.269775 0.01416 0
vt -0.27832 0.017578 0
vt -0.294678 0.04541 0
vt -0.256592 0.147461 0
vt -0.337402 0.791382 0
vt 0.099487 0.292969 0
vt 0.658203 0.676025 0
vt 0.97168 0.461426 0
vt -0.283447 0.157715 0
vt 0.859863 0.131348 0
vt 0.158813 0.587646 0
vt 0.165161 0.775513 0
vt 0.675293 0.435059 0
vt 0.207642 0.037109 0
vt 0.756348 0.024414 0
vt 0.209106 0.34082 0
vt 0.942871 0.473633 0
vt 0.869629 0.255371 0
vt -0.273193 0.004395 0
vt 0.205078 0.157227 0
vt 0.206055 0.158691 0
vt 0.730957 0.185059 0
vt 0.681641 0.181641 0
vt -0.291992 0.90155 0
vt 0.215088 0.086914 0
vt 0.218872 0.094238 0
vt 0.243652 0.052734 0
vt 0.203857 0.083984 0
vt 0.161621 0.29248 0
vt 0.267334 0.949219 0
vt 0.257324 0.940033 0
vt 0.182739 0.980896 0
vt 0.786133 0.511719 0
vt 0.779785 0.153809 0
vt -0.267822 0.270996 0
vt 0.738281 0.0625 0
vt 0.257568 0.875671 0
vt 0.736328 0.158203 0
vt 0.829102 0.252441 0
vt 0.174194 0.287598 0
vt 0.806152 0.071777 0
vt -0.500977 0.929871 0
vt 0.141724 0.367188 0
vt 0.749023 0.026367 0
vt 0.79834 0.442383 0
vt 0.707031 0.16748 0
vt -0.277344 0.29834 0
vt -0.267822 0.270996 0
vt -0.239624 0.167969 0
vt 0.127319 0.277832 0
vt 0.093018 0.483398 0
vt -0.251465 0.198242 0
vt 0.204224 0.108398 0
vt 0.820313 0.071777 0
vt -0.376953 0.922485 0
vt -0.460205 0.927246 0
vt -0.574219 0.935547 0
vt -0.276855 0.047363 0
vt 0.099487 0.292969 0
vt 0.094421 0.285645 0
vt 0.692871 0.369141 0
vt 0.691895 0.249023 0
vt 0.223389 0.123047 0
vt -0.270508 0.206543 0
vt -0.051544 0.929138 0
vt 0.719727 0.814087 0
vt 0.736328 0.158203 0
vt 0.828125 0.207031 0
vt 0.814941 0.135742 0
vt -0.236328 0.085449 0
vt 0.214355 0.109375 0
vt -0.225708 0.085449 0
vt 0.200928 0.03125 0
vt -0.262939 0.078125 0
vt -0.335449 0.882996 0
vt 0.209473 0.035156 0
vt 0.772949 0.058594 0
vt 0.078735 0.270508 0
vt 0.801758 0.089844 0
vt -0.247559 0.19873 0
vt -0.248779 0.900818 0
vt -0.579102 0.980347 0
vt 0.205566 0.085938 0
vt 0.091248 0.263184 0
vt 0.151245 0.27832 0
vt 0.804688 0.060059 0
vt -0.605469 0.98584 0
vt 0.200928 0.03125 0
vt 0.754395 0.047852 0
vt 0.126099 0.318848 0
vt -0.633301 0.887512 0
vt -0.204346 0.949677 0
vt 0.739258 0.101563 0
vt 0.289551 0.351074 0
vt 0.168091 0.35498 0
vt 0.835449 0.187012 0
vt 0.229126 0.124512 0
vt 0.203003 0.029297 0
vt 0.861816 0.21875 0
vt 0.116455 0.330566 0
vt 0.726563 0.004395 0
vt 0.230957 0.256836 0
vt 0.236084 0.32373 0
vt -0.252686 0.100098 0
vt 0.278809 0.364746 0
vt 0.842773 0.063477 0
vt -0.229858 0.125 0
vt -0.226929 0.098633 0
vt -0.236084 0.124512 0
vt -0.227295 0.210449 0
vt -0.637207 0.913025 0
vt -0.541016 0.954193 0
vt -0.401123 0.789063 0
vt 0.215942 0.146484 0
vt 0.077942 0.262207 0
vt 0.116455 0.330566 0
vt -0.376953 0.922485 0
vt 0.705566 0.813232 0
vt 0.883789 0.1875 0
vt 0.119385 0.356445 0
vt 0.734375 0.752197 0
vt 0.749023 0.75708 0
vt 0.756348 0.753418 0
vt -0.250977 0.180176 0
vt -0.24939 0.861572 0
vt 0.73877 0.010254 0
vt 0.300049 0.42334 0
vt 0.407471 0.522705 0
vt 0.763184 0.085449 0
vt -0.376953 0.904114 0
vt 0.127686 0.971771 0
vt 0.115234 0.285156 0
vt 0.140503 0.583496 0
vt 0.763672 0.153809 0
vt -0.405518 0.774536 0
vt 0.737305 0.041016 0
vt 0.103149 0.323242 0
vt 0.130493 0.81311 0
vt 0.207642 0.037109 0
vt 0.277832 0.850342 0
vt -0.229858 0.125 0
vt 0.209473 0.035156 0
vt 0.726563 0.045898 0
vt 0.789063 0.054199 0
vt 0.568848 0.510742 0
vt -0.298096 0.057129 0
vt 0.203125 0.15918 0
vt 0.232544 0.05127 0
vt 0.223267 0.06543 0
vt 0.165894 0.324219 0
vt 0.831055 0.134766 0
vt -0.400635 0.774292 0
vt -0.426758 0.812988 0
vt 0.207764 0.151367 0
vt 0.742188 0.040039 0
vt 0.245605 0.8573 0
vt -0.381592 0.189453 0
vt 0.150024 0.796021 0
vt 0.709473 0.42627 0
vt 0.746582 0.417969 0
vt 0.618164 0.189453 0
vt -0.445557 0.822144 0
vt 0.2771 0.892822 0
vt 0.098206 0.320801 0
vt 0.109924 0.708252 0
vt 0.791016 0.409668 0
vt 0.82373 0.161133 0
vt -0.052765 0.878967 0
vt 0.197754 0.875305 0
vt 0.830078 0.106934 0
vt -0.291748 0.91925 0
vt 0.209717 0.15332 0
vt 0.214111 0.094238 0
vt 0.748047 0.061035 0
vt 0.233765 0.845825 0
vt 0.083252 0.267578 0
vt 0.752441 0.088379 0
vt -0.266357 0.05127 0
vt -0.204956 0.917236 0
vt 0.215088 0.086914 0
vt 0.215088 0.101563 0
vt 0.204834 0.03125 0
vt 0.239258 0.049316 0
vt 0.766113 0.059082 0
vt 0.749512 0.076172 0
vt -0.269287 0.106445 0
vt 0.203857 0.15625 0
vt 0.203857 0.861938 0
vt 0.713379 0.138672 0
vt 0.759277 0.01416 0
vt 0.828613 0.375977 0
vt 0.778809 0.167969 0
vt 0.214111 0.14502 0
vt 0.209595 0.85083 0
vt 0.884766 0.164063 0
vt 0.104675 0.279785 0
vt 0.189087 0.405762 0
vt 0.698242 0.257813 0
vt 0.731445 0.760498 0
vt 0.74707 0.100098 0
vt 0.20105 0.157227 0
vt 0.202637 0.155273 0
vt 0.209595 0.85083 0
vt 0.694824 0.791382 0
vt 0.267334 0.332031 0
vt 0.760254 0.167969 0
vt -0.287354 0.230957 0
vt -0.220947 0.182129 0
vt -0.235352 0.098633 0
vt 0.720215 0.035156 0
vt 0.097778 0.256348 0
vt 0.956055 0.443359 0
vt 0.814453 0.091309 0
vt 0.76416 0.098633 0
vt -0.24707 0.088379 0
vt -0.633301 0.887512 0
vt -0.055725 0.910156 0
vt 0.21228 0.15625 0
vt 0.693848 0.776978 0
vt 0.834961 0.205566 0
vt -0.283447 0.157715 0
vt -0.292725 0.16748 0
vt -0.25 0.076172 0
vt -0.397705 0.825928 0
vt 0.223267 0.06543 0
vt 0.777832 0.015625 0
vt 0.769043 0.005371 0
vt -0.298096 0.057129 0
vt 0.218994 0.101563 0
vt 0.203003 0.029297 0
vt 0.764648 0.046875 0
vt 0.722656 0.047363 0
vt 0.702148 0.744629 0
vt 0.106995 0.585449 0
vt -0.221069 0.167969 0
vt -0.056305 0.901428 0
vt 0.202026 0.02832 0
vt 0.221802 0.848633 0
vt 0.078735 0.270508 0
vt 0.205078 0.40332 0
vt -0.117126 0.863403 0
vt -0.248291 0.934998 0
vt 0.21106 0.033203 0
vt 0.762207 0.072754 0
vt 0.691895 0.073242 0
vt 0.577148 0.671875 0
vt 0.867188 0.32959 0
vt 0.799805 0.103516 0
vt 0.731934 0.043945 0
vt 0.098206 0.320801 0
vt 0.229126 0.094238 0
vt 0.233643 0.058594 0
vt 0.188477 0.262207 0
vt 0.814453 0.091309 0
vt 0.223267 0.069336 0
vt 0.796387 0.043945 0
vt 0.785645 0.030762 0
vt -0.260254 0.101563 0
vt 0.208374 0.068848 0
vt 0.71875 0.091309 0
vt 0.739258 0.101563 0
vt 0.209351 0.288574 0
vt 0.119812 0.682861 0
vt -0.118958 0.899231 0
vt 0.205933 0.029785 0
vt 0.310547 0.919495 0
vt 0.69873 0.143066 0
vt 0.721191 0.017578 0
vt 0.130981 0.348145 0
vt 0.163696 0.383301 0
vt -0.271729 0.167969 0
vt 0.219238 0.078613 0
vt 0.713379 0.138672 0
vt 0.095398 0.318848 0
vt 0.150024 0.796021 0
vt 0.740234 0.213379 0
vt -0.115845 0.947327 0
vt -0.39209 0.796631 0
vt -0.397949 0.813721 0
vt -0.397705 0.825928 0
vt 0.091248 0.248535 0
vt 0.884277 0.426758 0
vt 0.845703 0.20459 0
vt 0.819824 0.062012 0
vt -0.239624 0.167969 0
vt -0.293213 0.019531 0
vt -0.539551 0.887817 0
vt 0.206299 0.150391 0
vt 0.190796 0.861328 0
vt 0.726074 0.152344 0
vt 0.219238 0.078613 0
vt 0.214233 0.079102 0
vt 0.754395 0.047852 0
vt 0.169189 0.807251 0
vt 0.828125 0.276367 0
vt -0.286133 0.025391 0
vt 0.269287 0.863403 0
vt 0.869629 0.255371 0
vt 0.76123 0.768311 0
vt 0.599609 0.585693 0
vt 0.748047 0.198242 0
vt -0.603027 0.860229 0
vt 0.229126 0.124512 0
vt 0.24707 0.450195 0
vt 0.19397 0.428223 0
vt 0.848145 0.245605 0
vt 0.091675 0.336426 0
vt 0.140503 0.583496 0
vt -0.259521 0.213379 0
vt -0.301025 0.143066 0
vt -0.337402 0.791382 0
vt 0.218994 0.086914 0
vt 0.736816 0.078125 0
vt 0.681641 0.181641 0
vt -0.268799 0.185059 0
vt -0.251709 0.061035 0
vt 0.746582 0.047852 0
vt 0.095398 0.318848 0
vt 0.759277 0.01416 0
vt 0.763672 0.153809 0
vt -0.279297 0.035156 0
vt -0.286133 0.025391 0
vt 0.204102 0.30957 0
vt 0.32666 0.402344 0
vt 0.672852 0.26709 0
vt 0.672363 0.220215 0
vt 0.203613 0.032227 0
vt 0.204834 0.03125 0
vt -0.198853 0.197754 0
vt 0.225098 0.058594 0
vt 0.12561 0.250488 0
vt 0.214355 0.42627 0
vt 0.759766 0.451172 0
vt 0.75 0.149414 0
vt -0.269775 0.01416 0
vt 0.216797 0.136719 0
vt 0.218994 0.101563 0
vt 0.223999 0.044434 0
vt 0.232544 0.05127 0
vt 0.783691 0.380371 0
vt 0.846191 0.161133 0
vt 0.229248 0.087891 0
vt 0.219238 0.078613 0
vt 0.237549 0.424805 0
vt 0.497314 0.623047 0
vt 0.743164 0.147461 0
vt 0.723145 0.195801 0
vt 0.171143 0.250488 0
vt 0.799805 0.103516 0
vt 0.742676 0.088867 0
vt -0.220947 0.182129 0
vt -0.633301 0.887512 0
vt -0.248291 0.934998 0
vt 0.229126 0.124512 0
vt 0.766113 0.059082 0
vt 0.721191 0.748047 0
vt 0.086365 0.277832 0
vt 0.842773 0.094727 0
vt 0.681641 0.181641 0
vt -0.230835 0.238281 0
vt -0.227295 0.210449 0
vt -0.220947 0.182129 0
vt -0.224487 0.196289 0
vt -0.293701 0.086426 0
vt 0.705566 0.813232 0
vt -0.247559 0.19873 0
vt -0.260742 0.193848 0
vt -0.424316 0.783447 0
vt 0.236694 0.134277 0
vt 0.746582 0.047852 0
vt 0.749023 0.026367 0
vt 0.84668 0.17334 0
vt 0.802734 0.185547 0
vt -0.227295 0.210449 0
vt -0.434814 0.80249 0
vt 0.217285 0.120605 0
vt 0.687012 0.795532 0
vt 0.078857 0.295898 0
vt 0.095398 0.318848 0
vt 0.623535 0.624512 0
vt 0.091736 0.698975 0
vt -0.251953 0.213379 0
vt 0.218018 0.039551 0
vt 0.694824 0.791382 0
vt -0.272705 0.054688 0
vt 0.215088 0.119629 0
vt 0.219849 0.037598 0
vt 0.772949 0.058594 0
vt 0.733398 0.05127 0
vt 0.690918 0.807007 0
vt 0.207764 0.151367 0
vt 0.216675 0.051758 0
vt 0.230713 0.072266 0
vt 0.083252 0.267578 0
vt 0.203735 0.159668 0
vt 0.080994 0.324219 0
vt -0.224487 0.196289 0
vt -0.277344 0.175781 0
vt -0.261475 0.0625 0
vt 0.21106 0.033203 0
vt 0.744141 0.061035 0
vt 0.091248 0.248535 0
vt 0.599609 0.585693 0
vt 0.754883 0.100098 0
vt 0.748535 0.039551 0
vt 0.854492 0.093262 0
vt 0.861816 0.169434 0
vt 0.237915 0.126953 0
vt 0.209473 0.035156 0
vt 0.218506 0.070313 0
vt 0.731934 0.043945 0
vt 0.766113 0.026855 0
vt 0.73291 0.028809 0
vt 0.119507 0.54126 0
vt 0.861328 0.190918 0
vt -0.25 0.076172 0
vt 0.206177 0.077637 0
vt -0.378662 0.783936 0
vt 0.753418 0.166504 0
vt -0.400635 0.774292 0
vt 0.696777 0.040039 0
vt 0.551758 0.735596 0
vt 0.072876 0.28418 0
vt 0.154785 0.360352 0
vt 0.713379 0.629395 0
vt 0.13916 0.61084 0
vt 0.845703 0.195313 0
vt 0.835449 0.196289 0
vt 0.749512 0.076172 0
vt -0.048279 0.910278 0
vt -0.417725 0.797852 0
vt 0.211304 0.155273 0
vt 0.086182 0.292969 0
vt 0.223022 0.125 0
vt 0.204834 0.075195 0
vt -0.271729 0.167969 0
vt -0.244873 0.100098 0
vt -0.427734 0.826904 0
vt 0.211304 0.155273 0
vt 0.25293 0.842407 0
vt 0.74707 0.100098 0
vt 0.206055 0.158691 0
vt 0.77832 0.040527 0
vt 0.090332 0.32666 0
vt 0.109924 0.708252 0
vt -0.261475 0.173828 0
vt 0.220093 0.150879 0
vt 0.229004 0.063965 0
vt 0.104858 0.251465 0
vt 0.836426 0.226074 0
vt -0.334717 0.937897 0
vt -0.418701 0.924805 0
vt -0.279297 0.070801 0
vt 0.680664 0.605957 0
vt 0.428467 0.765625 0
vt 0.491455 0.703125 0
vt 0.835449 0.196289 0
vt 0.789063 0.066895 0
vt 0.691895 0.249023 0
vt -0.539063 0.911194 0
vt 0.228149 0.134277 0
vt 0.15979 0.969055 0
vt 0.214111 0.14502 0
vt 0.234131 0.141602 0
vt 0.223999 0.044434 0
vt 0.203857 0.861938 0
vt 0.745605 0.765503 0
vt 0.814453 0.091309 0
vt -0.371826 0.803223 0
vt 0.232666 0.137207 0
vt 0.730469 0.066406 0
vt 0.246338 0.390137 0
vt 0.792969 0.556152 0
vt -0.051544 0.929138 0
vt 0.221313 0.130371 0
vt 0.22522 0.129883 0
vt 0.762207 0.072754 0
vt 0.720215 0.035156 0
vt -0.918457 0.452148 0
vt 0.643555 0.224121 0
vt -0.291748 0.91925 0
vt 0.237793 0.061523 0
vt 0.262695 0.89563 0
vt 0.098999 0.246094 0
vt 0.548828 0.603027 0
vt 0.078735 0.71875 0
vt 0.117371 0.255371 0
vt -0.258057 0.124023 0
vt -0.268799 0.125 0
vt 0.074402 0.748535 0
vt 0.057617 0.764282 0
vt 0.742188 0.040039 0
vt 0.760742 0.291992 0
vt -0.048401 0.900452 0
vt -0.248535 0.918213 0
vt 0.233521 0.066895 0
vt 0.190796 0.314453 0
vt 0.829102 0.229004 0
vt -0.269775 0.01416 0
vt -0.335449 0.882996 0
vt 0.209717 0.15332 0
vt 0.223022 0.063477 0
vt 0.248291 0.312012 0
vt 0.723145 0.195801 0
vt -0.25 0.076172 0
vt -0.398193 0.785645 0
vt 0.203613 0.028809 0
vt 0.229858 0.056152 0
vt 0.748047 0.061035 0
vt 0.090332 0.32666 0
vt 0.774902 0.484375 0
vt 0.277832 0.31543 0
vt 0.25293 0.842407 0
vt 0.773926 0.085449 0
vt 0.746582 0.047852 0
vt -0.239624 0.167969 0
vt -0.253174 0.047852 0
vt 0.68457 0.813965 0
vt -0.890625 0.47998 0
vt 0.171143 0.93927 0
vt -0.279297 0.070801 0
vt -0.27417 0.081055 0
vt 0.203003 0.09668 0
vt 0.212036 0.04541 0
vt 0.270752 0.920288 0
vt 0.68457 0.813965 0
vt 0.182739 0.980896 0
vt 0.223755 0.513428 0
vt 0.375244 0.540283 0
vt 0.151489 0.424316 0
vt 0.824707 0.173828 0
vt -0.260742 0.193848 0
vt 0.217163 0.067871 0
vt 0.679688 0.797729 0
vt 0.864746 0.054199 0
vt 0.315918 0.361816 0
vt 0.155518 0.613037 0
vt 0.762207 0.518555 0
vt 0.688477 0.230957 0
vt -0.272705 0.03125 0
vt 0.853516 0.061523 0
vt 0.769043 0.005371 0
vt 0.211548 0.267578 0
vt 0.30542 0.385254 0
vt 0.753906 0.038574 0
vt -0.286133 0.025391 0
vt -0.301025 0.143066 0
vt 0.281494 0.930481 0
vt 0.136597 0.6875 0
vt 0.65918 0.374023 0
vt 0.828125 0.186523 0
vt -0.380859 0.803101 0
vt -0.395996 0.800171 0
vt 0.203857 0.15625 0
vt 0.736816 0.078125 0
vt 0.142578 0.263184 0
vt 0.236084 0.32373 0
vt -0.060455 0.890747 0
vt 0.827637 0.196777 0
vt -0.447266 0.807007 0
vt 0.141724 0.367188 0
vt 0.898438 0.588135 0
vt 0.843262 0.074219 0
vt -0.438965 0.809937 0
vt 0.218506 0.070313 0
vt 0.716309 0.061035 0
vt 0.679688 0.797729 0
vt 0.098206 0.320801 0
vt -0.27832 0.136719 0
vt -0.637207 0.913025 0
vt -0.056305 0.901428 0
vt -0.362793 0.786499 0
vt 0.21814 0.148926 0
vt 0.214966 0.068848 0
vt 0.181152 0.899841 0
vt 0.713379 0.025391 0
vt 0.209106 0.34082 0
vt -0.284912 0.052734 0
vt -0.205566 0.88147 0
vt -0.395996 0.800171 0
vt 0.214111 0.14502 0
vt 0.554199 0.469727 0
vt 0.568848 0.510742 0
vt -0.205566 0.88147 0
vt -0.249146 0.881653 0
vt -0.377441 0.883911 0
vt -0.378662 0.783936 0
vt -0.38208 0.795044 0
vt 0.205566 0.070313 0
vt 0.838379 0.432617 0
vt 0.71582 0.183105 0
vt -0.213745 0.084961 0
vt 0.157227 0.933044 0
vt 0.078735 0.270508 0
vt 0.199707 0.811401 0
vt 0.830078 0.092773 0
vt 0.820313 0.071777 0
vt -0.269287 0.066406 0
vt -0.266357 0.05127 0
vt -0.307617 0.073242 0
vt -0.378174 0.229492 0
vt 0.200439 0.159668 0
vt 0.204224 0.080078 0
vt 0.213257 0.295898 0
vt 0.843262 0.074219 0
vt -0.117249 0.93219 0
vt -0.376953 0.904114 0
vt 0.202026 0.158203 0
vt 0.218994 0.101563 0
vt 0.215088 0.101563 0
vt 0.208374 0.119629 0
vt 0.207642 0.037109 0
vt 0.203491 0.293945 0
vt 0.708496 0.269531 0
vt -0.265625 0.14502 0
vt -0.273682 0.152344 0
vt -0.118958 0.899231 0
vt -0.161865 0.899536 0
vt -0.205322 0.900208 0
vt -0.236084 0.124512 0
vt -0.293213 0.861816 0
vt 0.200928 0.03125 0
vt 0.862793 0.374512 0
vt 0.748047 0.198242 0
vt -0.265625 0.14502 0
vt 0.211304 0.155273 0
vt 0.77832 0.040527 0
vt 0.535156 0.562988 0
vt 0.13916 0.61084 0
vt -0.24707 0.088379 0
vt 0.230713 0.116211 0
vt 0.707031 0.750488 0
vt 0.075073 0.277344 0
vt -0.11853 0.915771 0
vt -0.161499 0.916443 0
vt -0.310303 0.037109 0
vt -0.293457 0.072754 0
vt 0.202637 0.879456 0
vt 0.387695 0.7854 0
vt -0.357422 0.807739 0
vt 0.218018 0.039551 0
vt 0.774414 0.046875 0
vt 0.122803 0.583008 0
vt -0.260254 0.101563 0
vt -0.355957 0.224121 0
vt 0.075073 0.277344 0
vt 0.141846 0.338867 0
vt 0.143066 0.763184 0
vt 0.183594 0.793457 0
vt 0.820313 0.500244 0
vt -0.256836 0.088867 0
vt -0.417725 0.797852 0
vt -0.41333 0.8125 0
vt -0.438965 0.809937 0
vt -0.625488 0.889648 0
vt -0.398193 0.785645 0
vt 0.220093 0.150879 0
vt 0.190796 0.903442 0
vt 0.685547 0.776733 0
vt 0.076904 0.784424 0
vt -0.283203 0.061035 0
vt -0.391846 0.804321 0
vt -0.397949 0.813721 0
vt 0.221313 0.05957 0
vt 0.842773 0.063477 0
vt 0.104675 0.279785 0
vt 0.692871 0.369141 0
vt -0.266357 0.05127 0
vt -0.318115 0.181641 0
vt 0.203125 0.15918 0
vt 0.203735 0.159668 0
vt 0.103882 0.262695 0
vt 0.057617 0.764282 0
vt 0.048523 0.756836 0
vt 0.848145 0.245605 0
vt -0.248779 0.900818 0
vt 0.267334 0.332031 0
vt -0.27832 0.017578 0
vt -0.078064 0.900757 0
vt 0.233521 0.121582 0
vt 0.227539 0.066406 0
vt 0.187256 0.877197 0
vt 0.261719 0.296875 0
vt 0.143677 0.563721 0
vt 0.66748 0.1875 0
vt -0.161499 0.916443 0
vt -0.390381 0.78772 0
vt 0.15979 0.969055 0
vt 0.127319 0.277832 0
vt 0.188477 0.262207 0
vt 0.162476 0.486328 0
vt 0.744629 0.162109 0
vt -0.400635 0.774292 0
vt 0.21814 0.148926 0
vt 0.074402 0.748535 0
vt -0.266602 0.028809 0
vt 0.749512 0.076172 0
vt 0.149536 0.299316 0
vt 0.629395 0.531982 0
vt 0.689941 0.556641 0
vt 0.918945 0.376465 0
vt -0.304199 0.086426 0
vt -0.332031 0.1875 0
vt 0.097778 0.256348 0
vt 0.50293 0.727051 0
vt 0.772949 0.058594 0
vt 0.093567 0.727783 0
vt 0.109924 0.708252 0
vt -0.161865 0.899536 0
vt -0.357178 0.796143 0
vt -0.360596 0.803467 0
vt 0.221191 0.058105 0
vt 0.112732 0.245605 0
vt 0.218994 0.101563 0
vt 0.219238 0.109863 0
vt 0.125 0.717529 0
vt 0.107361 0.737305 0
vt -0.358643 0.778564 0
vt 0.219238 0.109863 0
vt 0.229248 0.087891 0
vt 0.204834 0.075195 0
vt 0.749023 0.026367 0
vt 0.257568 0.875671 0
vt 0.749023 0.75708 0
vt 0.119812 0.682861 0
vt 0.136597 0.6875 0
vt -0.401123 0.789063 0
vt 0.088562 0.758545 0
vt 0.101624 0.772217 0
vt 0.142822 0.658203 0
vt 0.124451 0.6521 0
vt -0.30127 0.257813 0
vt 0.224487 0.056641 0
vt 0.720215 0.035156 0
vt 0.721191 0.017578 0
vt 0.969238 0.4375 0
vt 0.215698 0.041992 0
vt 0.122925 0.609863 0
vt 0.110962 0.608398 0
vt 0.294434 0.870483 0
vt -0.252686 0.100098 0
vt -0.411865 0.827881 0
vt 0.740723 0.048828 0
vt 0.69873 0.763672 0
vt 0.11731 0.787842 0
vt 0.123657 0.750732 0
vt 0.141846 0.728516 0
vt -0.27417 0.081055 0
vt -0.331543 0.159668 0
vt -0.500488 0.887268 0
vt 0.224609 0.131836 0
vt 0.72168 0.82251 0
vt 0.769043 0.791992 0
vt 0.229004 0.063965 0
vt 0.72998 0.01416 0
vt 0.104675 0.279785 0
vt 0.289551 0.351074 0
vt 0.79834 0.442383 0
vt 0.729004 0.206543 0
vt -0.24646 0.166504 0
vt -0.500488 0.909546 0
vt -0.362793 0.786499 0
vt 0.221802 0.047852 0
vt 0.104858 0.251465 0
vt 0.078735 0.270508 0
vt 0.276855 0.4375 0
vt 0.179932 0.379395 0
vt -0.268799 0.125 0
vt 0.711914 0.163086 0
vt -0.642578 0.307129 0
vt 0.126587 0.296875 0
vt 0.154785 0.360352 0
vt 0.141846 0.338867 0
vt 0.230591 0.138672 0
vt 0.219238 0.109863 0
vt 0.295898 0.332031 0
vt 0.217163 0.283203 0
vt 0.209839 0.373047 0
vt 0.796875 0.573975 0
vt 0.763672 0.153809 0
vt -0.249146 0.881653 0
vt 0.230713 0.116211 0
vt 0.73877 0.010254 0
vt 0.360596 0.546387 0
vt 0.375244 0.540283 0
vt -0.24646 0.166504 0
vt 0.206055 0.158691 0
vt 0.224487 0.056641 0
vt 0.25293 0.842407 0
vt 0.577148 0.671875 0
vt 0.800781 0.197754 0
vt -0.271729 0.167969 0
vt -0.626465 0.914795 0
vt -0.291748 0.91925 0
vt -0.579102 0.980347 0
vt 0.180786 0.350098 0
vt 0.746582 0.417969 0
vt 0.775391 0.196289 0
vt -0.293457 0.072754 0
vt 0.833496 0.063965 0
vt -0.220947 0.182129 0
vt 0.294678 0.940521 0
vt 0.093018 0.483398 0
vt 0.182129 0.680176 0
vt 0.398682 0.80481 0
vt 0.778809 0.182129 0
vt -0.255615 0.061035 0
vt -0.251709 0.061035 0
vt -0.391602 0.828247 0
vt -0.452393 0.80188 0
vt 0.223999 0.044434 0
vt 0.638184 0.377441 0
vt 0.691895 0.249023 0
vt 0.166992 0.457031 0
vt 0.151489 0.408691 0
vt 0.151489 0.424316 0
vt -0.459961 0.907715 0
vt 0.216064 0.070801 0
vt 0.217163 0.283203 0
vt 0.629395 0.531982 0
vt 0.184326 0.82666 0
vt 0.326416 0.895691 0
vt 0.71582 0.183105 0
vt 0.74707 0.100098 0
vt 0.163696 0.383301 0
vt 0.169556 0.407227 0
vt 0.762207 0.072754 0
vt 0.804688 0.309082 0
vt 0.169556 0.407227 0
vt 0.171875 0.428711 0
vt 0.189087 0.405762 0
vt 0.19397 0.428223 0
vt 0.205078 0.157227 0
vt 0.21228 0.143066 0
vt 0.752441 0.012207 0
vt 0.286865 0.460449 0
vt 0.24707 0.450195 0
vt 0.093567 0.727783 0
vt 0.141724 0.367188 0
vt 0.149048 0.387695 0
vt 0.746582 0.047852 0
vt 0.694824 0.791382 0
vt 0.690918 0.807007 0
vt -0.902832 0.446289 0
vt 0.749023 0.75708 0
vt 0.851074 0.293457 0
vt 0.214355 0.42627 0
vt 0.205078 0.40332 0
vt 0.130493 0.419922 0
vt 0.694336 0.756592 0
vt -0.272949 0.045898 0
vt 0.760254 0.167969 0
vt 0.209839 0.373047 0
vt 0.224854 0.398926 0
vt 0.193604 0.376465 0
vt 0.180786 0.350098 0
vt -0.434814 0.80249 0
vt 0.759766 0.451172 0
vt -0.283203 0.061035 0
vt -0.371826 0.803223 0
vt 0.090332 0.32666 0
vt 0.853516 0.061523 0
vt 0.506348 0.487305 0
vt 0.839355 0.249023 0
vt 0.206665 0.029297 0
vt 0.720215 0.035156 0
vt 0.70166 0.057129 0
vt 0.123413 0.269531 0
vt 0.139038 0.5 0
vt 0.751953 0.19873 0
vt 0.190796 0.314453 0
vt 0.209106 0.34082 0
vt 0.227173 0.366211 0
vt 0.204102 0.30957 0
vt 0.222534 0.333984 0
vt 0.241821 0.357422 0
vt 0.178345 0.319336 0
vt 0.19458 0.345703 0
vt -0.541992 0.862549 0
vt 0.227539 0.066406 0
vt 0.727051 0.03125 0
vt 0.228394 0.292969 0
vt 0.314453 0.337891 0
vt 0.26001 0.829956 0
vt 0.920898 0.313965 0
vt 0.775391 0.196289 0
vt 0.138306 0.288574 0
vt 0.149536 0.299316 0
vt 0.165894 0.324219 0
vt -0.270508 0.206543 0
vt 0.219238 0.109863 0
vt 0.862793 0.374512 0
vt 0.723145 0.195801 0
vt 0.179932 0.379395 0
vt 0.154297 0.331055 0
vt 0.168091 0.35498 0
vt 0.141846 0.338867 0
vt 0.163696 0.383301 0
vt 0.116455 0.330566 0
vt 0.130981 0.348145 0
vt 0.215942 0.146484 0
vt 0.286865 0.460449 0
vt 0.814453 0.666748 0
vt 0.883301 0.318848 0
vt 0.114075 0.305176 0
vt 0.126099 0.318848 0
vt 0.126587 0.296875 0
vt 0.137451 0.308594 0
vt -0.250977 0.180176 0
vt -0.258789 0.048828 0
vt 0.862305 0.156738 0
vt 0.165894 0.324219 0
vt 0.402832 0.62207 0
vt 0.792969 0.556152 0
vt 0.861816 0.200195 0
vt 0.800293 0.171875 0
vt -0.29248 0.882202 0
vt 0.215088 0.101563 0
vt 0.218018 0.039551 0
vt 0.143066 0.763184 0
vt 0.784668 0.098145 0
vt 0.151245 0.27832 0
vt 0.161621 0.29248 0
vt -0.259521 0.213379 0
vt -0.355957 0.224121 0
vt -0.378174 0.229492 0
vt 0.753906 0.038574 0
vt -0.539551 0.887817 0
vt -0.575195 0.887939 0
vt -0.601563 0.888184 0
vt 0.184448 0.603516 0
vt 0.174194 0.287598 0
vt 0.164551 0.272949 0
vt -0.261475 0.173828 0
vt -0.236084 0.124512 0
vt -0.541016 0.954193 0
vt 0.233887 0.046875 0
vt 0.85498 0.267578 0
vt 0.835449 0.187012 0
vt -0.204956 0.917236 0
vt -0.248535 0.918213 0
vt -0.334717 0.920532 0
vt -0.291748 0.952728 0
vt -0.601563 0.888184 0
vt 0.212158 0.032227 0
vt 0.773926 0.085449 0
vt 0.085205 0.305664 0
vt 0.136719 0.258789 0
vt 0.142578 0.263184 0
vt 0.180786 0.350098 0
vt 0.766602 0.319336 0
vt 0.203613 0.028809 0
vt 0.295654 0.907715 0
vt 0.716797 0.007324 0
vt 0.256104 0.345215 0
vt 0.766602 0.319336 0
vt 0.698242 0.257813 0
vt -0.256592 0.147461 0
vt -0.304688 0.175293 0
vt 0.232544 0.05127 0
vt 0.223267 0.069336 0
vt 0.733398 0.05127 0
vt 0.749023 0.123535 0
vt -0.318115 0.181641 0
vt 0.22522 0.129883 0
vt 0.203613 0.028809 0
vt 0.106689 0.341797 0
vt 0.116455 0.330566 0
vt 0.234497 0.831787 0
vt 0.295654 0.907715 0
vt -0.272705 0.03125 0
vt -0.279297 0.035156 0
vt -0.294678 0.04541 0
vt -0.302734 0.040039 0
vt -0.230835 0.238281 0
vt -0.236328 0.085449 0
vt 0.21936 0.049805 0
vt 0.110107 0.258301 0
vt 0.083252 0.267578 0
vt 0.187866 0.28418 0
vt -0.291748 0.91925 0
vt 0.109314 0.47998 0
vt 0.223145 0.615234 0
vt 0.789063 0.054199 0
vt 0.728027 0.167969 0
vt -0.27417 0.081055 0
vt -0.334229 0.782593 0
vt 0.754395 0.047852 0
vt 0.181152 0.899841 0
vt 0.315918 0.361816 0
vt 0.835449 0.187012 0
vt 0.828125 0.186523 0
vt 0.187866 0.28418 0
vt 0.178589 0.267578 0
vt 0.198242 0.27832 0
vt 0.204224 0.283203 0
vt -0.277344 0.29834 0
vt -0.229858 0.125 0
vt -0.362793 0.786499 0
vt 0.204224 0.072754 0
vt 0.236084 0.32373 0
vt 0.151489 0.408691 0
vt 0.100159 0.506592 0
vt -0.242065 0.152832 0
vt 0.203857 0.15625 0
vt 0.197754 0.875305 0
vt 0.694336 0.804077 0
vt 0.749023 0.75708 0
vt 0.224609 0.131836 0
vt 0.22998 0.132324 0
vt 0.232666 0.137207 0
vt 0.203491 0.293945 0
vt 0.142822 0.658203 0
vt 0.797852 0.131348 0
vt -0.198853 0.197754 0
vt -0.459961 0.88623 0
vt 0.707031 0.821045 0
vt 0.769043 0.018555 0
vt 0.222534 0.333984 0
vt 0.861816 0.200195 0
vt -0.248779 0.900818 0
vt 0.218872 0.094238 0
vt 0.220093 0.241699 0
vt -0.293213 0.029785 0
vt -0.500977 0.862793 0
vt -0.397949 0.813721 0
vt 0.221924 0.140625 0
vt 0.110535 0.239746 0
vt 0.31543 0.443359 0
vt 0.230957 0.256836 0
vt -0.260742 0.010254 0
vt -0.626465 0.914795 0
vt -0.362793 0.786499 0
vt -0.417725 0.797852 0
vt 0.203857 0.15625 0
vt 0.200439 0.028809 0
vt 0.419678 0.324707 0
vt 0.333008 0.511963 0
vt 0.754883 0.100098 0
vt 0.202393 0.252441 0
vt 0.211548 0.267578 0
vt 0.213989 0.276367 0
vt -0.27832 0.136719 0
vt -0.286377 0.138672 0
vt -0.293213 0.861816 0
vt 0.206909 0.159668 0
vt 0.074402 0.748535 0
vt 0.722168 0.175781 0
vt -0.334717 0.937897 0
vt -0.57666 0.958618 0
vt -0.500488 0.887268 0
vt 0.203003 0.029297 0
vt 0.83252 0.161621 0
vt 0.740234 0.213379 0
vt 0.217163 0.283203 0
vt 0.221191 0.279297 0
vt 0.221558 0.286621 0
vt -0.048401 0.900452 0
vt 0.138306 0.288574 0
vt 0.218628 0.118164 0
vt 0.20105 0.027832 0
vt 0.184448 0.603516 0
vt 0.748535 0.180176 0
vt 0.645508 0.260254 0
vt -0.460693 0.946625 0
vt 0.21936 0.049805 0
vt 0.286621 0.297852 0
vt 0.138306 0.288574 0
vt 0.585449 0.546387 0
vt 0.101624 0.772217 0
vt 0.234863 0.783203 0
vt 0.203491 0.293945 0
vt 0.209351 0.288574 0
vt 0.217285 0.302734 0
vt 0.21814 0.148926 0
vt 0.226318 0.146484 0
vt 0.69873 0.143066 0
vt 0.360596 0.546387 0
vt 0.122925 0.609863 0
vt 0.12561 0.250488 0
vt 0.120667 0.244629 0
vt 0.19458 0.345703 0
vt 0.863281 0.288086 0
vt -0.204712 0.933777 0
vt -0.291748 0.93634 0
vt -0.376953 0.940491 0
vt -0.117249 0.93219 0
vt -0.454834 0.817139 0
vt 0.112732 0.245605 0
vt 0.110535 0.239746 0
vt -0.198853 0.197754 0
vt -0.260742 0.193848 0
vt -0.347168 0.160645 0
vt -0.366211 0.151367 0
vt 0.225098 0.058594 0
vt 0.962402 0.395996 0
vt 0.110107 0.258301 0
vt 0.104858 0.251465 0
vt 0.716309 0.061035 0
vt 0.309082 0.313477 0
vt 0.340332 0.334961 0
vt 0.737305 0.742432 0
vt 0.217285 0.302734 0
vt -0.34668 0.800049 0
vt -0.405518 0.774536 0
vt 0.752441 0.088379 0
vt 0.672852 0.26709 0
vt -0.253174 0.047852 0
vt 0.214355 0.109375 0
vt 0.204224 0.027344 0
vt 0.758789 0.060547 0
vt 0.694336 0.756592 0
vt -0.291748 0.93634 0
vt -0.418945 0.88501 0
vt -0.459961 0.907715 0
vt 0.221191 0.12207 0
vt 0.762207 0.811523 0
vt 0.774902 0.484375 0
vt 0.883301 0.318848 0
vt 0.77002 0.125 0
vt 0.103882 0.262695 0
vt 0.097778 0.256348 0
vt 0.100891 0.266602 0
vt 0.09375 0.259277 0
vt -0.287598 0.163086 0
vt 0.230591 0.138672 0
vt 0.215088 0.119629 0
vt -0.890625 0.47998 0
vt 0.179932 0.379395 0
vt 0.798828 0.158691 0
vt -0.297607 0.196777 0
vt -0.62793 0.94104 0
vt -0.452393 0.80188 0
vt 0.745605 0.818848 0
vt -0.395996 0.800171 0
vt 0.314453 0.337891 0
vt 0.169678 0.918091 0
vt 0.221558 0.286621 0
vt 0.24707 0.450195 0
vt 0.460449 0.749023 0
vt -0.418945 0.88501 0
vt 0.21228 0.143066 0
vt 0.745605 0.818848 0
vt 0.877441 0.273926 0
vt 0.814941 0.135742 0
vt 0.712402 0.230957 0
vt 0.234131 0.141602 0
vt 0.221191 0.12207 0
vt 0.202026 0.02832 0
vt 0.174805 0.933228 0
vt 0.76416 0.545898 0
vt 0.820313 0.071777 0
vt 0.778809 0.167969 0
vt 0.151489 0.408691 0
vt 0.095581 0.27002 0
vt 0.091248 0.263184 0
vt 0.0896 0.273926 0
vt -0.307861 0.054199 0
vt -0.307617 0.073242 0
vt 0.434814 0.786377 0
vt 0.789063 0.054199 0
vt 0.081421 0.452148 0
vt 0.154541 0.697021 0
vt 0.240601 0.815308 0
vt 0.959473 0.46582 0
vt 0.877441 0.273926 0
vt 0.845703 0.195313 0
vt -0.418945 0.943451 0
vt 0.201294 0.02832 0
vt 0.257324 0.940033 0
vt 0.719727 0.814087 0
vt 0.34082 0.835327 0
vt 0.765137 0.265625 0
vt 0.233765 0.129883 0
vt 0.727051 0.03125 0
vt 0.745605 0.818848 0
vt 0.137451 0.308594 0
vt 0.828125 0.207031 0
vt 0.83252 0.161621 0
vt -0.276855 0.047363 0
vt 0.236572 0.054199 0
vt 0.202026 0.02832 0
vt 0.223022 0.063477 0
vt 0.167603 0.957855 0
vt 0.721191 0.017578 0
vt 0.25293 0.842407 0
vt -0.199219 0.171875 0
vt -0.236328 0.085449 0
vt -0.273682 0.152344 0
vt 0.736816 0.078125 0
vt 0.083252 0.267578 0
vt 0.161987 0.563965 0
vt 0.749512 0.076172 0
vt -0.26001 0.242676 0
vt -0.270508 0.206543 0
vt 0.269287 0.863403 0
vt 0.116394 0.272461 0
vt 0.104675 0.279785 0
vt 0.094421 0.285645 0
vt 0.099487 0.292969 0
vt -0.239624 0.167969 0
vt -0.248291 0.934998 0
vt -0.500488 0.887268 0
vt 0.219482 0.138672 0
vt -0.539063 0.911194 0
vt 0.079773 0.281738 0
vt 0.075073 0.277344 0
vt 0.233765 0.129883 0
vt 0.749512 0.076172 0
vt 0.109314 0.47998 0
vt 0.127319 0.277832 0
vt 0.088562 0.758545 0
vt -0.419189 0.862061 0
vt 0.229004 0.063965 0
vt 0.093018 0.483398 0
vt 0.585449 0.546387 0
vt 0.21814 0.831909 0
vt 0.328857 0.860352 0
vt -0.118347 0.881409 0
vt 0.215088 0.086914 0
vt 0.21106 0.033203 0
vt 0.774902 0.072266 0
vt 0.311279 0.884338 0
vt 0.491455 0.703125 0
vt 0.117371 0.255371 0
vt 0.123413 0.269531 0
vt 0.115234 0.285156 0
vt 0.127319 0.277832 0
vt -0.258057 0.124023 0
vt -0.291992 0.90155 0
vt -0.651855 0.323242 0
vt 0.859375 0.494141 0
vt -0.251709 0.061035 0
vt -0.258789 0.048828 0
vt 0.744141 0.001953 0
vt 0.73877 0.010254 0
vt -0.28418 0.039063 0
vt 0.270752 0.920288 0
vt 0.762207 0.518555 0
vt 0.845703 0.195313 0
vt -0.226929 0.098633 0
vt -0.575195 0.887939 0
vt 0.077942 0.262207 0
vt 0.223755 0.513428 0
vt 0.883301 0.318848 0
vt 0.774414 0.046875 0
vt -0.276367 0.195801 0
vt 0.223267 0.119141 0
vt 0.086182 0.292969 0
vt 0.772949 0.098633 0
vt -0.291748 0.91925 0
vt 0.225098 0.058594 0
vt 0.223267 0.069336 0
vt 0.216064 0.070801 0
vt 0.158813 0.587646 0
vt 0.20105 0.157227 0
vt 0.693848 0.776978 0
vt 0.203857 0.15625 0
vt 0.21936 0.049805 0
vt 0.727051 0.054688 0
vt 0.694824 0.175293 0
vt 0.213257 0.295898 0
vt 0.446289 0.723389 0
vt 0.845215 0.186035 0
vt -0.248291 0.934998 0
vt -0.459961 0.88623 0
vt 0.224243 0.144043 0
vt 0.371338 0.498535 0
vt 0.360596 0.546387 0
vt 0.213989 0.043945 0
vt 0.221069 0.066406 0
vt 0.716309 0.157715 0
vt 0.707031 0.16748 0
vt 0.743164 0.147461 0
vt 0.736328 0.158203 0
vt 0.75 0.149414 0
vt 0.738281 0.173828 0
vt 0.733887 0.14502 0
vt 0.726074 0.152344 0
vt -0.055725 0.910156 0
vt 0.862305 0.156738 0
vt 0.819336 0.050781 0
vt 0.214355 0.42627 0
vt 0.748047 0.198242 0
vt -0.293213 0.029785 0
vt -0.401123 0.789063 0
vt 0.281494 0.930481 0
vt 0.141724 0.367188 0
vt 0.804688 0.309082 0
vt -0.204712 0.933777 0
vt 0.224609 0.131836 0
vt 0.230713 0.116211 0
vt 0.218628 0.118164 0
vt 0.749023 0.123535 0
vt 0.755859 0.124023 0
vt 0.749512 0.076172 0
vt 0.736816 0.078125 0
vt 0.742676 0.088867 0
vt 0.74707 0.100098 0
vt 0.754883 0.100098 0
vt -0.398193 0.785645 0
vt 0.253418 0.474609 0
vt 0.216187 0.45752 0
vt 0.606445 0.721924 0
vt -0.438965 0.809937 0
vt 0.203735 0.159668 0
vt 0.205078 0.157227 0
vt 0.714844 0.052734 0
vt 0.734375 0.09082 0
vt 0.213257 0.295898 0
vt 0.263184 0.415527 0
vt 0.830078 0.092773 0
vt 0.712402 0.230957 0
vt 0.608887 0.144043 0
vt 0.911621 0.275391 0
vt -0.417725 0.797852 0
vt 0.233765 0.129883 0
vt 0.294678 0.940521 0
vt 0.282227 0.681152 0
vt 0.812988 0.106445 0
vt 0.835449 0.187012 0
vt 0.652344 0.160645 0
vt 0.633301 0.151367 0
vt 0.901367 0.257324 0
vt 0.900391 0.239258 0
vt -0.27832 0.017578 0
vt -0.283691 0.183105 0
vt -0.334717 0.920532 0
vt -0.459717 0.808228 0
vt 0.090332 0.32666 0
vt 0.179565 0.755249 0
vt 0.709473 0.42627 0
vt 0.845703 0.224609 0
vt 0.683105 0.155762 0
vt 0.667969 0.159668 0
vt 0.89502 0.226074 0
vt 0.888672 0.211426 0
vt 0.200439 0.028809 0
vt 0.204224 0.072754 0
vt 0.233765 0.845825 0
vt 0.221802 0.848633 0
vt 0.265381 0.537109 0
vt 0.30957 0.841797 0
vt -0.623535 0.858398 0
vt 0.722168 0.29834 0
vt 0.703125 0.13916 0
vt 0.693848 0.145996 0
vt 0.883789 0.195801 0
vt 0.883301 0.179199 0
vt 0.737305 0.041016 0
vt 0.103149 0.323242 0
vt 0.721191 0.136719 0
vt 0.713379 0.138672 0
vt 0.884766 0.164063 0
vt 0.883301 0.149414 0
vt 0.741699 0.124023 0
vt 0.730957 0.125 0
vt 0.87793 0.12207 0
vt -0.500488 0.909546 0
vt 0.167603 0.957855 0
vt 0.734375 0.09082 0
vt 0.739258 0.101563 0
vt 0.871582 0.096191 0
vt 0.869629 0.08252 0
vt -0.205688 0.861816 0
vt -0.539551 0.932678 0
vt 0.819824 0.062012 0
vt 0.221191 0.279297 0
vt 0.762207 0.518555 0
vt 0.779785 0.153809 0
vt 0.748535 0.180176 0
vt -0.048401 0.900452 0
vt -0.902832 0.446289 0
vt -0.669434 0.27832 0
vt -0.265625 0.14502 0
vt -0.357178 0.796143 0
vt -0.881836 0.447266 0
vt -0.876953 0.436523 0
vt -0.682617 0.290527 0
vt 0.820313 0.500244 0
vt -0.34668 0.800049 0
vt -0.357178 0.796143 0
vt -0.855469 0.450195 0
vt 0.260742 0.503418 0
vt 0.294434 0.489258 0
vt 0.861328 0.190918 0
vt -0.500488 0.909546 0
vt 0.221069 0.066406 0
vt 0.779785 0.795166 0
vt 0.845703 0.195313 0
vt 0.763672 0.124512 0
vt 0.214355 0.109375 0
vt 0.714844 0.052734 0
vt 0.149536 0.299316 0
vt 0.387695 0.578125 0
vt -0.301025 0.143066 0
vt -0.070068 0.93988 0
vt -0.460205 0.927246 0
vt 0.728027 0.462891 0
vt 0.709473 0.42627 0
vt 0.728027 0.167969 0
vt 0.776855 0.785156 0
vt 0.728027 0.462891 0
vt -0.293213 0.029785 0
vt 0.232666 0.137207 0
vt 0.70166 0.057129 0
vt 0.178345 0.319336 0
vt 0.845703 0.20459 0
vt 0.744629 0.162109 0
vt -0.625488 0.889648 0
vt 0.157227 0.933044 0
vt 0.276855 0.4375 0
vt 0.836426 0.226074 0
vt 0.71582 0.183105 0
vt -0.229858 0.125 0
vt 0.230591 0.138672 0
vt 0.763672 0.124512 0
vt 0.753418 0.166504 0
vt -0.307129 0.29541 0
vt 0.229736 0.10791 0
vt 0.756348 0.024414 0
vt 0.269287 0.863403 0
vt 0.76416 0.098633 0
vt -0.248535 0.918213 0
vt 0.707031 0.750488 0
vt 0.696777 0.040039 0
vt 0.276855 0.4375 0
vt 0.839355 0.249023 0
vt 0.706543 0.214355 0
vt -0.073425 0.928528 0
vt -0.071472 0.869507 0
vt 0.229126 0.094238 0
vt 0.667969 0.159668 0
vt 0.696289 0.026855 0
vt 0.095581 0.27002 0
vt -0.214844 0.098145 0
vt -0.252686 0.100098 0
vt 0.228149 0.134277 0
vt 0.261475 0.918701 0
vt 0.799316 0.259766 0
vt -0.250488 0.123535 0
vt 0.216064 0.070801 0
vt 0.250244 0.935547 0
vt 0.324219 0.817261 0
vt 0.753418 0.166504 0
vt -0.266602 0.028809 0
vt -0.118958 0.899231 0
vt -0.395996 0.800171 0
vt 0.221313 0.130371 0
vt 0.218506 0.070313 0
vt 0.859863 0.131348 0
vt -0.259521 0.213379 0
vt 0.181885 0.920288 0
vt 0.203491 0.293945 0
vt 0.739746 0.242676 0
vt -0.294678 0.04541 0
vt -0.377441 0.883911 0
vt 0.707031 0.750488 0
vt 0.180176 0.245605 0
vt 0.109314 0.47998 0
vt 0.772461 0.210449 0
vt -0.275635 0.242188 0
vt -0.500488 0.909546 0
vt 0.069702 0.272461 0
vt 0.769043 0.238281 0
vt 0.763184 0.085449 0
vt 0.227661 0.12207 0
vt 0.830078 0.106934 0
vt -0.225708 0.085449 0
vt -0.318115 0.181641 0
vt 0.151489 0.424316 0
vt 0.086365 0.277832 0
vt 0.071594 0.266602 0
vt 0.773926 0.085449 0
vt 0.132446 0.391113 0
vt 0.694336 0.756592 0
vt 0.752441 0.012207 0
vt 0.237549 0.424805 0
vt 0.214355 0.42627 0
vt -0.603516 0.963074 0
vt -0.418945 0.943451 0
vt -0.267822 0.043945 0
vt -0.312256 0.208496 0
vt 0.131714 0.407715 0
vt 0.085571 0.248535 0
vt 0.204224 0.283203 0
vt -0.272949 0.045898 0
vt -0.418945 0.943451 0
vt -0.445557 0.822144 0
vt 0.098999 0.246094 0
vt 0.091248 0.248535 0
vt 0.223267 0.119141 0
vt 0.741699 0.689697 0
vt 0.898926 0.29834 0
vt 0.75 0.149414 0
vt -0.073425 0.928528 0
vt -0.349854 0.779907 0
vt 0.116943 0.237793 0
vt 0.85498 0.267578 0
vt 0.842773 0.094727 0
vt -0.312256 0.208496 0
vt -0.327148 0.220215 0
vt -0.118958 0.899231 0
vt -0.362793 0.786499 0
vt 0.193604 0.376465 0
vt 0.760742 0.291992 0
vt 0.877441 0.273926 0
vt 0.239502 0.13916 0
vt -0.682617 0.290527 0
vt 0.161987 0.664307 0
vt 0.84668 0.17334 0
vt 0.833496 0.174316 0
vt 0.828125 0.186523 0
vt -0.161865 0.899536 0
vt 0.155762 0.256836 0
vt 0.198242 0.27832 0
vt 0.797852 0.285156 0
vt 0.204834 0.03125 0
vt 0.171143 0.250488 0
vt 0.187866 0.28418 0
vt 0.222534 0.333984 0
vt 0.733398 0.05127 0
vt 0.188477 0.262207 0
vt 0.180176 0.245605 0
vt 0.241821 0.357422 0
vt -0.376953 0.904114 0
vt 0.215088 0.086914 0
vt 0.740723 0.048828 0
vt 0.193604 0.237305 0
vt -0.077209 0.913513 0
vt -0.395996 0.800171 0
vt 0.219482 0.138672 0
vt 0.203247 0.100586 0
vt 0.206665 0.029297 0
vt 0.733398 0.05127 0
vt 0.221191 0.279297 0
vt 0.816895 0.339844 0
vt -0.247559 0.19873 0
vt -0.249146 0.881653 0
vt -0.335449 0.882996 0
vt 0.218994 0.086914 0
vt 0.169678 0.918091 0
vt 0.181152 0.899841 0
vt 0.187866 0.28418 0
vt 0.124451 0.6521 0
vt -0.298096 0.057129 0
vt -0.115845 0.947327 0
vt -0.461182 0.965179 0
vt -0.447266 0.807007 0
vt 0.691895 0.054199 0
vt 0.854492 0.093262 0
vt -0.24707 0.088379 0
vt 0.742676 0.088867 0
vt -0.876953 0.436523 0
vt 0.829102 0.252441 0
vt 0.752441 0.088379 0
vt 0.786133 0.084961 0
vt -0.243896 0.124023 0
vt -0.307617 0.073242 0
vt -0.118347 0.881409 0
vt -0.358643 0.778564 0
vt 0.22522 0.129883 0
vt 0.21106 0.033203 0
vt 0.204224 0.283203 0
vt 0.842773 0.10791 0
vt -0.261475 0.0625 0
vt -0.389893 0.774414 0
vt 0.218628 0.118164 0
vt 0.73877 0.193848 0
vt -0.261475 0.173828 0
vt -0.244873 0.100098 0
vt -0.312256 0.208496 0
vt 0.203125 0.15918 0
vt 0.201904 0.030273 0
vt 0.174194 0.287598 0
vt -0.275635 0.242188 0
vt -0.279297 0.035156 0
vt -0.460693 0.946625 0
vt 0.70166 0.057129 0
vt 0.203491 0.293945 0
vt -0.378662 0.783936 0
vt 0.833496 0.174316 0
vt -0.501465 0.950165 0
vt 0.730957 0.125 0
vt 0.745605 0.765503 0
vt 0.839355 0.249023 0
vt -0.291016 0.269531 0
vt -0.236328 0.085449 0
vt -0.327148 0.220215 0
vt 0.093811 0.328613 0
vt 0.209351 0.288574 0
vt -0.272705 0.098145 0
vt -0.117249 0.93219 0
vt -0.371826 0.803223 0
vt 0.21106 0.033203 0
vt 0.733398 0.05127 0
vt 0.09375 0.259277 0
vt -0.267822 0.270996 0
vt -0.307861 0.054199 0
vt -0.060455 0.890747 0
vt 0.221436 0.128906 0
vt 0.091675 0.336426 0
vt 0.691895 0.073242 0
vt -0.578613 0.861816 0
vt 0.202026 0.02832 0
vt 0.796387 0.043945 0
vt 0.295898 0.332031 0
vt 0.220825 0.489746 0
vt 0.723145 0.195801 0
vt -0.224487 0.196289 0
vt -0.237305 0.072754 0
vt -0.052765 0.878967 0
vt 0.097656 0.331543 0
vt 0.204224 0.283203 0
vt 0.772461 0.210449 0
vt 0.762207 0.072754 0
vt 0.229004 0.063965 0
vt 0.230713 0.072266 0
vt 0.774414 0.046875 0
vt 0.093567 0.727783 0
vt -0.251953 0.213379 0
vt -0.250488 0.123535 0
vt -0.0755 0.884766 0
vt 0.229126 0.124512 0
vt 0.122925 0.609863 0
vt -0.161865 0.881226 0
vt -0.357178 0.796143 0
vt 0.102417 0.676514 0
vt 0.752441 0.088379 0
vt -0.11853 0.915771 0
vt -0.397949 0.813721 0
vt -0.252686 0.100098 0
vt 0.854492 0.093262 0
vt -0.273193 0.004395 0
vt 0.202026 0.02832 0
vt 0.687012 0.795532 0
vt 0.100891 0.266602 0
vt 0.746582 0.417969 0
vt -0.249512 0.149414 0
vt -0.334717 0.902588 0
vt 0.209473 0.035156 0
vt 0.737305 0.041016 0
vt 0.256104 0.345215 0
vt 0.110962 0.608398 0
vt -0.389893 0.774414 0
vt 0.214111 0.14502 0
vt 0.705078 0.04541 0
vt 0.0896 0.273926 0
vt 0.253418 0.474609 0
vt 0.774902 0.484375 0
vt 0.828613 0.375977 0
vt 0.956055 0.443359 0
vt -0.378174 0.229492 0
vt 0.233765 0.129883 0
vt 0.250488 0.672363 0
vt 0.799805 0.103516 0
vt 0.62207 0.26416 0
vt 0.618164 0.189453 0
vt -0.500977 0.929871 0
vt 0.713379 0.025391 0
vt 0.077942 0.262207 0
vt 0.143677 0.563721 0
vt 0.689941 0.556641 0
vt 0.799805 0.103516 0
vt -0.205688 0.861816 0
vt -0.398193 0.785645 0
vt 0.202637 0.155273 0
vt 0.21814 0.148926 0
vt 0.232422 0.046387 0
vt 0.690918 0.807007 0
vt 0.734375 0.752197 0
vt 0.804688 0.309082 0
vt 0.685547 0.776733 0
vt -0.28418 0.039063 0
vt -0.296387 0.13916 0
vt -0.602051 0.913818 0
vt 0.69873 0.143066 0
vt 0.861328 0.190918 0
vt -0.417725 0.797852 0
vt 0.221191 0.058105 0
vt -0.243896 0.124023 0
vt -0.328369 0.24707 0
vt -0.603027 0.938324 0
vt 0.211548 0.267578 0
vt -0.250977 0.180176 0
vt -0.263184 0.158203 0
vt -0.603027 0.860229 0
vt 0.229614 0.577637 0
vt 0.577148 0.671875 0
vt 0.885254 0.365723 0
vt -0.243164 0.182129 0
vt 0.15979 0.969055 0
vt 0.167603 0.957855 0
vt 0.798828 0.158691 0
vt -0.251465 0.198242 0
vt -0.273682 0.152344 0
vt 0.764648 0.037109 0
vt 0.733887 0.14502 0
vt 0.862793 0.374512 0
vt -0.460693 0.946625 0
vt 0.203247 0.087891 0
vt 0.130981 0.348145 0
vt 0.767578 0.767822 0
vt 0.104004 0.317383 0
vt 0.748047 0.198242 0
vt -0.254883 0.162109 0
vt -0.257568 0.040039 0
vt 0.229004 0.063965 0
vt 0.884766 0.164063 0
vt -0.906738 0.483398 0
vt 0.183594 0.793457 0
vt 0.843262 0.272461 0
vt -0.302734 0.040039 0
vt -0.41333 0.8125 0
vt 0.206909 0.159668 0
vt 0.216064 0.117676 0
vt 0.726563 0.045898 0
vt 0.188477 0.262207 0
vt -0.500977 0.862793 0
vt -0.541992 0.862549 0
vt -0.578613 0.861816 0
vt 0.736328 0.158203 0
vt 0.896484 0.391113 0
vt 0.848145 0.245605 0
vt -0.265625 0.14502 0
vt 0.77832 0.040527 0
vt 0.192871 0.961823 0
vt 0.69873 0.763672 0
vt 0.765625 0.776855 0
vt 0.30957 0.841797 0
vt 0.848145 0.245605 0
vt 0.21814 0.148926 0
vt 0.748047 0.061035 0
vt 0.767578 0.767822 0
vt 0.292725 0.827026 0
vt 0.328857 0.860352 0
vt 0.842773 0.063477 0
vt -0.073425 0.928528 0
vt -0.117249 0.93219 0
vt -0.161011 0.932983 0
vt 0.75293 0.805786 0
vt 0.192871 0.961823 0
vt 0.726563 0.004395 0
vt 0.808594 0.472656 0
vt 0.969238 0.4375 0
vt 0.775391 0.196289 0
vt -0.286133 0.025391 0
vt -0.28418 0.039063 0
vt -0.293213 0.029785 0
vt 0.116394 0.272461 0
vt 0.136719 0.258789 0
vt 0.236084 0.32373 0
vt 0.838379 0.432617 0
vt 0.760742 0.291992 0
vt 0.82373 0.161133 0
vt 0.747559 0.213379 0
vt -0.312256 0.208496 0
vt 0.230713 0.072266 0
vt 0.223267 0.069336 0
vt 0.762207 0.811523 0
vt 0.708984 0.759766 0
vt 0.844727 0.134766 0
vt 0.856445 0.105957 0
vt -0.263184 0.158203 0
vt 0.203003 0.091797 0
vt 0.726074 0.152344 0
vt 0.690918 0.751221 0
vt 0.193604 0.237305 0
vt 0.836426 0.226074 0
vt 0.864258 0.237793 0
vt -0.256592 0.147461 0
vt -0.237305 0.072754 0
vt -0.623535 0.858398 0
vt 0.779785 0.795166 0
vt 0.742676 0.088867 0
vt 0.883789 0.195801 0
vt 0.189087 0.405762 0
vt 0.220093 0.241699 0
vt 0.694336 0.756592 0
vt 0.845703 0.224609 0
vt -0.251709 0.061035 0
vt -0.539551 0.932678 0
vt 0.204834 0.03125 0
vt 0.861816 0.200195 0
vt 0.211304 0.155273 0
vt 0.224243 0.144043 0
vt 0.223999 0.044434 0
vt 0.742188 0.040039 0
vt 0.744141 0.061035 0
vt 0.797852 0.131348 0
vt 0.802734 0.185547 0
vt -0.605469 0.98584 0
vt -0.461182 0.965179 0
vt 0.82373 0.161133 0
vt 0.800293 0.171875 0
vt -0.196899 0.185547 0
vt -0.199219 0.171875 0
vt 0.204102 0.30957 0
vt 0.107361 0.737305 0
vt 0.176392 0.710205 0
vt 0.434814 0.786377 0
vt 0.85498 0.267578 0
vt 0.764648 0.046875 0
vt 0.091675 0.336426 0
vt -0.23584 0.153809 0
vt -0.376953 0.940491 0
vt 0.203125 0.15918 0
vt 0.205566 0.118164 0
vt 0.206177 0.038086 0
vt 0.802734 0.185547 0
vt 0.730957 0.185059 0
vt 0.205078 0.157227 0
vt 0.215942 0.146484 0
vt 0.229858 0.233398 0
vt 0.261719 0.296875 0
vt 0.708984 0.759766 0
vt 0.76123 0.768311 0
vt 0.217163 0.283203 0
vt -0.643555 0.94046 0
vt -0.401123 0.789063 0
vt 0.201294 0.028809 0
vt 0.103882 0.262695 0
vt 0.671387 0.24707 0
vt -0.249146 0.881653 0
vt -0.33667 0.862061 0
vt -0.391846 0.804321 0
vt -0.679199 0.308594 0
vt 0.154541 0.697021 0
vt 0.324219 0.817261 0
vt -0.265381 0.09082 0
vt -0.603027 0.938324 0
vt 0.207764 0.151367 0
vt 0.883789 0.1875 0
vt 0.320313 0.308594 0
vt 0.718262 0.739258 0
vt 0.690918 0.807007 0
vt 0.221802 0.047852 0
vt 0.257324 0.940033 0
vt -0.258789 0.048828 0
vt -0.262207 0.041016 0
vt -0.266602 0.028809 0
vt 0.2771 0.892822 0
vt 0.333008 0.511963 0
vt -0.283203 0.061035 0
vt -0.063293 0.9104 0
vt -0.118347 0.881409 0
vt -0.411865 0.827881 0
vt 0.214233 0.079102 0
vt 0.736328 0.158203 0
vt -0.255371 0.001953 0
vt -0.602051 0.913818 0
vt -0.601563 0.888184 0
vt -0.29248 0.882202 0
vt 0.752441 0.012207 0
vt 0.73584 0.391113 0
vt -0.056305 0.901428 0
vt 0.758789 0.060547 0
vt 0.115234 0.285156 0
vt 0.835449 0.196289 0
vt -0.292725 0.16748 0
vt -0.161865 0.881226 0
vt 0.241211 0.056641 0
vt 0.241821 0.357422 0
vt 0.328857 0.860352 0
vt 0.833984 0.298828 0
vt 0.930176 0.410156 0
vt -0.362793 0.786499 0
vt 0.206055 0.158691 0
vt 0.842773 0.063477 0
vt 0.769043 0.018555 0
vt 0.213989 0.276367 0
vt 0.385498 0.324219 0
vt -0.277344 0.175781 0
vt -0.271729 0.167969 0
vt -0.297607 0.196777 0
vt -0.460693 0.946625 0
vt 0.229858 0.056152 0
vt 0.208374 0.227051 0
vt 0.286621 0.297852 0
vt 0.678223 0.77478 0
vt -0.643555 0.94046 0
vt -0.500977 0.929871 0
vt -0.543945 0.975037 0
vt 0.239258 0.049316 0
vt 0.71582 0.183105 0
vt -0.298096 0.057129 0
vt -0.293457 0.072754 0
vt -0.335205 0.954498 0
vt -0.419189 0.961365 0
vt 0.236694 0.134277 0
vt 0.746582 0.047852 0
vt 0.814941 0.135742 0
vt -0.048279 0.910278 0
vt -0.50293 0.969635 0
vt 0.204468 0.094238 0
vt 0.694336 0.756592 0
vt 0.708496 0.269531 0
vt -0.24939 0.861572 0
vt -0.37793 0.861938 0
vt -0.460205 0.862427 0
vt 0.214111 0.094238 0
vt 0.845703 0.224609 0
vt 0.698242 0.257813 0
vt -0.287598 0.163086 0
vt 0.209717 0.15332 0
vt 0.234131 0.141602 0
vt 0.748535 0.039551 0
vt 0.161621 0.29248 0
vt 0.221558 0.286621 0
vt 0.835449 0.187012 0
vt 0.206177 0.077637 0
vt -0.347168 0.160645 0
vt 0.214966 0.068848 0
vt -0.377441 0.26416 0
vt -0.397705 0.825928 0
vt -0.447266 0.807007 0
vt 0.202148 0.160645 0
vt 0.206909 0.159668 0
vt 0.202393 0.033203 0
vt 0.114075 0.305176 0
vt 0.230469 0.049805 0
vt 0.833984 0.407227 0
vt -0.214844 0.098145 0
vt 0.748535 0.039551 0
vt 0.77832 0.040527 0
vt 0.260742 0.503418 0
vt 0.814453 0.091309 0
vt 0.731934 0.270996 0
vt 0.117737 0.447266 0
vt -0.65918 0.334961 0
vt 0.30957 0.80127 0
vt 0.83252 0.161621 0
vt 0.765137 0.265625 0
vt -0.199463 0.209961 0
vt -0.389404 0.819702 0
vt -0.399414 0.80127 0
vt 0.719727 0.814087 0
vt 0.315918 0.361816 0
vt 0.460449 0.749023 0
vt 0.681641 0.181641 0
vt -0.35376 0.787964 0
vt 0.221313 0.05957 0
vt 0.229248 0.087891 0
vt 0.0896 0.273926 0
vt 0.800781 0.197754 0
vt -0.255615 0.061035 0
vt 0.726563 0.004395 0
vt 0.716797 0.007324 0
vt 0.712402 0.230957 0
vt -0.204346 0.949677 0
vt -0.291748 0.952728 0
vt 0.232666 0.137207 0
vt 0.151245 0.27832 0
vt 0.250488 0.672363 0
vt 0.233765 0.845825 0
vt 0.387695 0.7854 0
vt 0.398682 0.80481 0
vt 0.434814 0.786377 0
vt 0.943848 0.274414 0
vt -0.500977 0.929871 0
vt -0.375488 0.775635 0
vt 0.219238 0.078613 0
vt 0.741699 0.124023 0
vt 0.131714 0.407715 0
vt 0.708984 0.759766 0
vt 0.844727 0.134766 0
vt 0.82373 0.161133 0
vt -0.37793 0.861938 0
vt 0.221436 0.128906 0
vt 0.89502 0.226074 0
vt 0.77002 0.784058 0
vt 0.19397 0.428223 0
vt 0.797852 0.285156 0
vt -0.625488 0.889648 0
vt -0.603516 0.963074 0
vt -0.051544 0.929138 0
vt -0.161743 0.862305 0
vt -0.205688 0.861816 0
vt 0.214233 0.079102 0
vt 0.712402 0.230957 0
vt 0.233643 0.058594 0
vt 0.277832 0.31543 0
vt 0.221191 0.279297 0
vt 0.760742 0.291992 0
vt 0.833496 0.174316 0
vt -0.048401 0.900452 0
vt -0.461182 0.965179 0
vt -0.39209 0.796631 0
vt 0.230469 0.049805 0
vt 0.232544 0.05127 0
vt 0.706055 0.072754 0
vt 0.799316 0.259766 0
vt -0.626465 0.96962 0
vt 0.239502 0.13916 0
vt 0.727051 0.098145 0
vt 0.753418 0.166504 0
vt -0.376465 0.816528 0
vt 0.223267 0.119141 0
vt 0.717773 0.758545 0
vt 0.6875 0.208496 0
vt 0.70166 0.057129 0
vt 0.512695 0.747559 0
vt 0.959473 0.46582 0
vt 0.747559 0.213379 0
vt -0.243164 0.182129 0
vt 0.203857 0.104492 0
vt 0.230713 0.116211 0
vt -0.244873 0.100098 0
vt -0.039734 0.913391 0
vt 0.204224 0.080078 0
vt 0.720215 0.070801 0
vt -0.236328 0.085449 0
vt -0.071472 0.869507 0
vt -0.117126 0.863403 0
vt 0.215088 0.086914 0
vt 0.187256 0.877197 0
vt -0.251465 0.198242 0
vt -0.268799 0.185059 0
vt -0.354004 0.260254 0
vt -0.501465 0.950165 0
vt 0.236572 0.054199 0
vt -0.287354 0.230957 0
vt -0.304688 0.175293 0
vt 0.739258 0.101563 0
vt 0.230957 0.256836 0
vt 0.834961 0.205566 0
vt 0.724121 0.242188 0
vt 0.77002 0.125 0
vt 0.13623 0.959198 0
vt -0.249512 0.149414 0
vt -0.277344 0.175781 0
vt -0.357178 0.796143 0
vt 0.149536 0.299316 0
vt 0.223145 0.615234 0
vt -0.070068 0.93988 0
vt -0.160522 0.948853 0
vt -0.360596 0.803467 0
vt 0.769043 0.018555 0
vt 0.270508 0.623047 0
vt 0.233765 0.129883 0
vt 0.205566 0.102539 0
vt 0.203491 0.293945 0
vt 0.724121 0.242188 0
vt 0.215698 0.041992 0
vt 0.801758 0.089844 0
vt 0.799805 0.103516 0
vt -0.355957 0.224121 0
vt -0.902832 0.446289 0
vt 0.149048 0.387695 0
vt 0.690918 0.751221 0
vt 0.706543 0.029785 0
vt 0.784668 0.098145 0
vt 0.71582 0.183105 0
vt 0.621582 0.229492 0
vt -0.640625 0.969543 0
vt 0.230469 0.049805 0
vt 0.236572 0.054199 0
vt 0.218994 0.086914 0
vt 0.218506 0.070313 0
vt 0.190796 0.314453 0
vt 0.151489 0.408691 0
vt 0.199707 0.811401 0
vt 0.214233 0.079102 0
vt 0.832031 0.074707 0
vt 0.221191 0.12207 0
vt 0.716309 0.157715 0
vt 0.098206 0.320801 0
vt 0.77002 0.784058 0
vt 0.187866 0.28418 0
vt -0.302734 0.040039 0
vt -0.35376 0.787964 0
vt 0.194824 0.646484 0
vt 0.158813 0.587646 0
vt 0.786133 0.511719 0
vt 0.832031 0.074707 0
vt -0.227295 0.210449 0
vt -0.236084 0.124512 0
vt -0.380859 0.803101 0
vt 0.833496 0.063965 0
vt 0.256104 0.345215 0
vt -0.24707 0.088379 0
vt -0.064331 0.901794 0
vt 0.221802 0.047852 0
vt 0.725586 0.081055 0
vt 0.262695 0.89563 0
vt 0.181152 0.899841 0
vt 0.831055 0.134766 0
vt 0.24707 0.450195 0
vt 0.125 0.717529 0
vt 0.668945 0.707275 0
vt 0.755859 0.124023 0
vt -0.239624 0.167969 0
vt -0.24646 0.166504 0
vt -0.283691 0.183105 0
vt -0.395996 0.800171 0
vt 0.797852 0.285156 0
vt 0.84668 0.17334 0
vt 0.753418 0.166504 0
vt -0.390381 0.78772 0
vt 0.223999 0.044434 0
vt 0.261475 0.918701 0
vt 0.75 0.149414 0
vt -0.221069 0.167969 0
vt -0.279297 0.070801 0
vt -0.063293 0.9104 0
vt 0.270752 0.920288 0
vt 0.757813 0.152832 0
vt 0.702148 0.196777 0
vt -0.27417 0.081055 0
vt -0.048279 0.910278 0
vt -0.056305 0.901428 0
vt -0.077209 0.913513 0
vt -0.038696 0.899658 0
vt 0.842773 0.10791 0
vt 0.221802 0.047852 0
vt 0.31543 0.443359 0
vt 0.180786 0.350098 0
vt 0.277832 0.850342 0
vt 0.76416 0.098633 0
vt -0.063293 0.9104 0
vt -0.077209 0.913513 0
vt -0.23584 0.153809 0
vt -0.242065 0.152832 0
vt -0.367676 0.794434 0
vt 0.785645 0.030762 0
vt 0.71582 0.183105 0
vt -0.275635 0.242188 0
vt -0.355957 0.224121 0
vt 0.229614 0.577637 0
vt 0.791016 0.409668 0
vt 0.723145 0.325195 0
vt 0.722168 0.175781 0
vt -0.24646 0.166504 0
vt 0.26001 0.829956 0
vt -0.262939 0.078125 0
vt -0.058075 0.920837 0
vt 0.766113 0.026855 0
vt 0.707031 0.16748 0
vt -0.261475 0.0625 0
vt -0.39502 0.814209 0
vt 0.219482 0.138672 0
vt 0.73291 0.028809 0
vt 0.165894 0.324219 0
vt 0.830078 0.106934 0
vt -0.293213 0.019531 0
vt 0.705566 0.813232 0
vt 0.877441 0.273926 0
vt 0.115234 0.285156 0
vt 0.208374 0.694336 0
vt 0.699219 0.396484 0
vt -0.293457 0.072754 0
vt 0.221069 0.066406 0
vt 0.842773 0.10791 0
vt 0.772461 0.210449 0
vt 0.775391 0.196289 0
vt -0.460693 0.946625 0
vt 0.202148 0.160645 0
vt 0.215088 0.101563 0
vt 0.204224 0.027344 0
vt 0.230469 0.049805 0
vt 0.828125 0.207031 0
vt -0.305908 0.145996 0
vt -0.376465 0.816528 0
vt -0.401123 0.789063 0
vt 0.216064 0.117676 0
vt 0.224854 0.398926 0
vt 0.847168 0.335449 0
vt 0.237915 0.126953 0
vt 0.853516 0.061523 0
vt -0.399414 0.80127 0
vt -0.265381 0.09082 0
vt -0.269287 0.106445 0
vt -0.292725 0.16748 0
vt -0.643555 0.94046 0
vt 0.73877 0.80957 0
vt 0.730469 0.106445 0
vt 0.198242 0.27832 0
vt 0.224854 0.398926 0
vt 0.205566 0.070313 0
vt 0.734375 0.09082 0
vt 0.188721 0.57666 0
vt 0.125 0.717529 0
vt 0.663086 0.401855 0
vt 0.762207 0.072754 0
vt 0.828125 0.186523 0
vt -0.262939 0.078125 0
vt -0.291748 0.93634 0
vt -0.447266 0.807007 0
vt 0.270752 0.920288 0
vt 0.715332 0.039063 0
vt 0.204102 0.30957 0
vt -0.26001 0.242676 0
vt -0.237305 0.072754 0
vt -0.640625 0.969543 0
vt -0.57373 0.912659 0
vt 0.181885 0.920288 0
vt 0.0896 0.273926 0
vt 0.221924 0.140625 0
vt 0.201904 0.030273 0
vt 0.093811 0.328613 0
vt 0.208374 0.227051 0
vt 0.495361 0.452148 0
vt 0.730957 0.185059 0
vt -0.225708 0.085449 0
vt -0.407227 0.148926 0
vt 0.30542 0.385254 0
vt 0.773926 0.085449 0
vt -0.277344 0.175781 0
vt -0.601563 0.888184 0
vt 0.078735 0.71875 0
vt 0.73584 0.391113 0
vt 0.834961 0.205566 0
vt 0.62207 0.26416 0
vt -0.272705 0.098145 0
vt -0.268799 0.125 0
vt -0.048279 0.910278 0
vt 0.219482 0.138672 0
vt 0.213257 0.295898 0
vt 0.799805 0.234863 0
vt -0.221069 0.167969 0
vt -0.220093 0.153809 0
vt 0.123657 0.750732 0
vt -0.366211 0.151367 0
vt 0.123047 0.563965 0
vt -0.256836 0.088867 0
vt -0.039734 0.913391 0
vt 0.203613 0.028809 0
vt 0.203613 0.032227 0
vt 0.075073 0.277344 0
vt 0.73877 0.193848 0
vt -0.301025 0.143066 0
vt -0.57666 0.958618 0
vt 0.214355 0.109375 0
vt 0.213989 0.276367 0
vt 0.412109 0.73999 0
vt 0.672363 0.220215 0
vt -0.224487 0.196289 0
vt 0.219238 0.109863 0
vt 0.206665 0.029297 0
vt 0.245605 0.8573 0
vt 0.209106 0.34082 0
vt 0.74707 0.493164 0
vt 0.935059 0.359863 0
vt 0.827637 0.196777 0
vt 0.733398 0.05127 0
vt -0.078064 0.900757 0
vt 0.281494 0.930481 0
vt 0.096802 0.446289 0
vt 0.623535 0.624512 0
vt 0.122803 0.583008 0
vt 0.845215 0.186035 0
vt 0.680176 0.279785 0
vt 0.224609 0.131836 0
vt 0.752441 0.088379 0
vt -0.265625 0.14502 0
vt -0.376953 0.940491 0
vt -0.574219 0.935547 0
vt -0.539063 0.911194 0
vt 0.094421 0.285645 0
vt 0.223145 0.615234 0
vt 0.229736 0.10791 0
vt -0.217285 0.125488 0
vt -0.286377 0.138672 0
vt -0.367676 0.794434 0
vt 0.520996 0.527344 0
vt 0.722168 0.175781 0
vt -0.243896 0.124023 0
vt -0.250488 0.123535 0
vt 0.694336 0.804077 0
vt 0.816895 0.339844 0
vt -0.267822 0.043945 0
vt -0.272705 0.03125 0
vt 0.205078 0.157227 0
vt 0.727051 0.03125 0
vt 0.777832 0.015625 0
vt 0.103882 0.262695 0
vt -0.603027 0.860229 0
vt -0.57666 0.958618 0
vt -0.39502 0.814209 0
vt 0.749023 0.026367 0
vt 0.869629 0.08252 0
vt 0.126587 0.296875 0
vt 0.765137 0.265625 0
vt -0.242065 0.152832 0
vt -0.24707 0.088379 0
vt -0.160522 0.948853 0
vt -0.377197 0.957855 0
vt -0.376953 0.922485 0
vt -0.427734 0.826904 0
vt 0.68457 0.813965 0
vt 0.856445 0.105957 0
vt 0.104004 0.317383 0
vt -0.198853 0.197754 0
vt -0.23584 0.153809 0
vt 0.228149 0.134277 0
vt 0.223999 0.044434 0
vt 0.221558 0.286621 0
vt 0.314453 0.337891 0
vt 0.169556 0.407227 0
vt -0.196899 0.185547 0
vt 0.310547 0.919495 0
vt 0.078857 0.295898 0
vt 0.122925 0.609863 0
vt -0.269287 0.066406 0
vt 0.204346 0.161133 0
vt 0.203613 0.032227 0
vt 0.764648 0.037109 0
vt -0.038696 0.899658 0
vt 0.219238 0.109863 0
vt 0.769043 0.791992 0
vt -0.65918 0.265137 0
vt 0.340332 0.265137 0
vt 0.100159 0.506592 0
vt -0.060455 0.890747 0
vt -0.35376 0.787964 0
vt 0.202026 0.158203 0
vt 0.229248 0.100098 0
vt -0.870605 0.473145 0
vt 0.229126 0.124512 0
vt 0.779785 0.795166 0
vt 0.104614 0.540039 0
vt 0.119507 0.54126 0
vt 0.371338 0.498535 0
vt 0.6875 0.208496 0
vt -0.62793 0.94104 0
vt -0.626465 0.914795 0
vt 0.20105 0.157227 0
vt 0.218994 0.101563 0
vt 0.76416 0.802002 0
vt 0.671387 0.24707 0
vt -0.623535 0.858398 0
vt -0.204956 0.917236 0
vt -0.279297 0.035156 0
vt -0.375488 0.775635 0
vt 0.241211 0.056641 0
vt 0.757813 0.152832 0
vt 0.722656 0.047363 0
vt 0.730469 0.106445 0
vt 0.178345 0.319336 0
vt 0.73584 0.391113 0
vt 0.833496 0.174316 0
vt -0.25 0.076172 0
vt 0.738281 0.0625 0
vt 0.248291 0.312012 0
vt 0.294434 0.489258 0
vt 0.885254 0.365723 0
vt 0.860352 0.181641 0
vt 0.747559 0.213379 0
vt -0.258057 0.124023 0
vt -0.35376 0.787964 0
vt 0.302734 0.522217 0
vt 0.653809 0.572754 0
vt 0.896484 0.391113 0
vt -0.251953 0.213379 0
vt 0.417725 0.29834 0
vt 0.302734 0.522217 0
vt 0.845703 0.195313 0
vt 0.724121 0.242188 0
vt 0.203247 0.087891 0
vt 0.233643 0.058594 0
vt 0.341309 0.869995 0
vt 0.355957 0.845825 0
vt -0.251465 0.198242 0
vt -0.266357 0.05127 0
vt -0.311035 0.230957 0
vt -0.539551 0.887817 0
vt -0.376465 0.816528 0
vt 0.203613 0.032227 0
vt 0.720215 0.070801 0
vt 0.220093 0.241699 0
vt -0.259521 0.213379 0
vt 0.227539 0.066406 0
vt 0.738281 0.0625 0
vt 0.228394 0.292969 0
vt 0.740234 0.213379 0


vn -0.41042095 -0.83919157 -0.35680828
vn -0.36225545 -0.92450524 -0.11857933
vn -0.08010598 -0.99579983 -0.04433647
vn -0.04676032 -0.99702366 0.06129676
vn 0.10805581 -0.62653447 -0.77186689
vn 0.15164801 -0.98417997 0.09161148
vn 0.17294247 -0.77307068 -0.61028897
vn 0.49343681 -0.72310584 -0.48336121
vn -0.37710935 -0.23122197 -0.89684165
vn -0.92623296 0.22958771 -0.29896819
vn 0.23977534 -0.23356618 -0.94231344
vn 0.17578301 0.13550650 -0.97505811
vn 0.49710573 -0.73819031 -0.45602737
vn 0.35619110 -0.31548265 -0.87954454
vn -0.60616595 -0.22473042 0.76292797
vn 0.14841630 -0.30925247 -0.93932716
vn 0.58329488 -0.33607665 -0.73947249
vn -0.13045296 0.04205421 -0.99056220
vn -0.04096341 0.98698848 0.15548552
vn 0.66183605 -0.40339243 -0.63186043
vn -0.83816997 -0.45346839 0.30304706
vn 0.62814131 -0.25222343 -0.73608549
vn 0.65204835 -0.65362502 -0.38419692
vn 0.69377442 -0.40980218 -0.59223241
vn 0.71701129 -0.37681787 -0.58643252
vn 0.36064953 -0.34508850 -0.86651362
vn 0.60619265 -0.30280066 -0.73541977
vn 0.36625586 -0.85599514 -0.36486842
vn 0.63985331 -0.61669453 -0.45855817
vn 0.74488011 -0.62510528 -0.23323167
vn 0.57441090 -0.65080770 -0.49648914
vn -0.71877031 0.67788414 0.15440962
vn -0.47535411 -0.18926533 -0.85919562
vn -0.39865789 0.91706267 0.00824243
vn 0.65241514 -0.74537030 -0.13703139
vn -0.88280725 -0.07457798 0.46377742
vn -0.87111013 -0.43648207 0.22505676
vn 0.64876773 -0.74124219 -0.17222205
vn -0.33197608 0.16096533 -0.92945255
vn 0.76501511 -0.64106448 0.06154852
vn 0.59805690 -0.79116868 0.12798462
vn 0.00892306 -0.99911131 -0.04119419
vn -0.64638611 -0.75777734 0.08921046
vn -0.08762805 0.16379248 0.98259521
vn -0.15147097 -0.46479742 -0.87236455
vn 0.17035694 -0.96509649 -0.19891525
vn 0.87192914 -0.36762361 -0.32340756
vn 0.05901602 0.08751119 -0.99441385
vn -0.24968792 -0.79904367 -0.54697821
vn 0.63123691 0.04772523 -0.77412032
vn 0.87533429 0.38540506 -0.29198084
vn -0.11510786 0.63708057 -0.76215387
vn -0.00732933 0.30954486 -0.95085659
vn 0.45333759 0.33007677 -0.82797002
vn -0.07165932 -0.27748133 -0.95805483
vn -0.37924570 0.38367528 -0.84200117
vn 0.86094538 -0.42078248 -0.28585862
vn -0.41522328 0.70078731 -0.58007480
vn -0.65315866 0.71955914 -0.23583553
vn 0.81111344 -0.51979186 0.26816303
vn -0.05100748 -0.15807675 -0.98610850
vn 0.87561514 -0.48243017 -0.02364846
vn 0.77434829 -0.43233669 0.46202782
vn -0.03378493 0.54869380 -0.83534046
vn 0.46625093 -0.79674918 0.38444871
vn -0.00718798 -0.18013770 -0.98361514
vn 0.53618242 -0.78097656 0.32028739
vn 0.39573243 0.42662402 0.81325752
vn -0.82903189 0.42185488 0.36707572
vn -0.11203002 0.93231668 -0.34385300
vn -0.32188300 0.34789969 0.88054366
vn 0.58325834 0.63468735 -0.50693360
vn 0.95761686 0.05230028 0.28325718
vn -0.02437498 0.94840293 -0.31612930
vn -0.38448288 0.30919735 -0.86981028
vn 0.28856872 0.47604461 0.83072837
vn -0.02180269 -0.16419539 0.98618686
vn 0.95119140 0.03922244 0.30609887
vn -0.68372033 0.72880431 0.03702408
vn 0.91579993 0.31600267 0.24789676
vn 0.87667611 0.35018802 0.32985958
vn 0.51083843 0.13728704 0.84864384
vn 0.29376857 0.93662735 0.19086444
vn 0.48032487 -0.82107285 -0.30842729
vn 0.64597929 -0.74067733 0.18468309
vn 0.37209267 -0.65363750 -0.65901826
vn 0.34537869 -0.25826517 0.90222650
vn 0.02097938 -0.38973425 -0.92068837
vn 0.77433497 -0.52502079 -0.35321172
vn -0.50591409 -0.58394608 -0.63486842
vn 0.64478129 -0.71465284 -0.27116121
vn -0.93880585 -0.22287129 -0.26262515
vn -0.60683164 -0.28917006 0.74036210
vn -0.10052168 -0.96168995 -0.25504476
vn 0.67963456 0.73114305 -0.05938613
vn 0.42062683 0.29496900 0.85794310
vn 0.15476612 0.56453109 0.81077253
vn 0.90016167 -0.28762193 -0.32708195
vn 0.56071606 -0.01377104 0.82789363
vn -0.76069303 -0.50057540 -0.41324372
vn 0.63588291 0.05751429 0.76963955
vn 0.04698111 0.06621717 -0.99669858
vn 0.01504223 0.72110405 -0.69266347
vn 0.11116672 -0.34590197 -0.93166184
vn 0.66572139 -0.35544675 0.65610413
vn 0.62507998 -0.17668002 0.76030204
vn -0.12169992 -0.15579417 0.98026390
vn 0.21828395 -0.19120685 0.95697025
vn 0.28159820 -0.36972088 0.88544279
vn 0.24377818 0.81717450 -0.52230071
vn -0.08722473 -0.09171501 0.99195776
vn 0.14097123 0.33443273 -0.93181643
vn -0.22307857 0.13461359 -0.96546110
vn 0.28320674 -0.09114211 -0.95471832
vn 0.55486767 -0.48415981 0.67654353
vn 0.39185538 -0.72780877 0.56279992
vn 0.09719403 0.99477803 0.03114484
vn 0.22470515 0.04018524 -0.97359783
vn 0.20770328 -0.59891630 0.77340715
vn 0.29984181 -0.62302804 0.72244789
vn 0.43528938 0.12282916 -0.89187227
vn -0.01401905 -0.94879770 0.31557312
vn -0.27272085 0.15138639 -0.95010815
vn 0.64475436 -0.71467334 0.27117121
vn 0.15881529 -0.46373279 0.87162469
vn 0.37213744 -0.65362031 0.65901003
vn 0.09048530 -0.48910909 0.86751640
vn -0.02026799 -0.22795319 -0.97346112
vn -0.07001742 -0.37207175 0.92555938
vn 0.02719686 -0.32849673 0.94411346
vn -0.05413582 0.25121703 -0.96641571
vn -0.33847944 -0.73747437 -0.58443410
vn 0.69768064 0.03466768 -0.71556962
vn -0.02951410 -0.51034599 -0.85946256
vn -0.32476291 -0.19632914 0.92519399
vn -0.23625304 -0.20869979 -0.94901470
vn -0.30281371 -0.19437987 0.93301679
vn -0.68373302 0.72879160 -0.03704002
vn -0.74619293 0.44460449 0.49550273
vn 0.08704695 -0.12633003 0.98816170
vn -0.58952838 0.01294556 0.80764392
vn -0.22567918 -0.04697868 0.97306830
vn -0.31582377 0.09808528 -0.94373440
vn -0.63491410 0.10761675 0.76505080
vn 0.88035615 0.37991239 -0.28397117
vn -0.13258281 0.91412496 0.38314143
vn 0.43462830 -0.31016624 -0.84551472
vn 0.63668747 -0.18748627 -0.74798260
vn -0.00225168 -0.98112075 -0.19338305
vn -0.88976006 0.29093823 0.35168450
vn -0.57243381 -0.62836950 -0.52675545
vn 0.23185179 0.18886392 -0.95424062
vn 0.01008140 -0.98507467 -0.17183204
vn 0.52188496 -0.76756315 0.37213292
vn -0.09062968 -0.99298440 0.07594894
vn 0.72825471 0.00851105 -0.68525370
vn -0.65842247 -0.24523314 0.71157611
vn -0.05666292 -0.07334037 0.99569599
vn 0.53334931 -0.84541976 -0.02835378
vn -0.27873185 0.56402455 -0.77729329
vn 0.34070103 -0.44002925 -0.83084118
vn -0.07791878 0.90860596 0.41032166
vn 0.85320848 -0.50769988 0.11948271
vn 0.19642609 -0.10971606 -0.97436091
vn -0.65753048 -0.24451027 0.71264886
vn 0.35936165 -0.93319809 -0.00072736
vn 0.89828150 0.36649846 0.24242366
vn 0.33369170 0.89573506 -0.29378316
vn -0.84794876 -0.32620701 0.41781802
vn -0.89654029 -0.38910922 0.21168259
vn 0.02456308 0.66687826 -0.74476174
vn 0.28569757 -0.66056278 -0.69428648
vn -0.77740027 -0.23694128 0.58267285
vn 0.57473468 -0.25885346 -0.77632141
vn -0.77972881 -0.37526975 0.50119418
vn -0.53202471 -0.13830221 0.83535753
vn -0.31566920 0.09814759 0.94377964
vn 0.01494172 0.17111844 -0.98513716
vn 0.01228445 0.09370037 -0.99552465
vn -0.31275169 0.10356654 -0.94417178
vn 0.68353256 0.72771319 0.05671645
vn 0.71745607 -0.09172593 0.69053830
vn 0.42225863 0.90291045 -0.08031419
vn -0.20918894 -0.80150532 0.56020461
vn -0.95193100 -0.29345164 0.08782656
vn -0.84190683 -0.53262966 -0.08659405
vn 0.84488669 -0.35576668 -0.39949537
vn -0.00275842 0.20122766 -0.97954062
vn 0.52174308 -0.76754901 -0.37236096
vn -0.38702337 0.72220380 0.57326659
vn -0.79800333 -0.40630243 -0.44509440
vn 0.15696758 -0.79210113 -0.58986183
vn 0.20629434 -0.96368815 -0.16955174
vn -0.41524122 0.70075034 0.58010662
vn -0.82568689 0.49361530 -0.27310273
vn 0.35325501 0.72138324 0.59566527
vn 0.02747467 0.99144560 -0.12759612
vn -0.56749583 -0.28192051 -0.77360798
vn -0.48970357 -0.27820201 -0.82631353
vn 0.12566631 -0.94801197 0.29237182
vn -0.60189398 0.74115408 0.29734539
vn 0.71488389 0.51236437 0.47584008
vn -0.85278316 -0.48854373 0.18462366
vn 0.78345210 -0.10706898 -0.61215933
vn 0.89806212 -0.43978721 0.00846436
vn 0.99965422 -0.02628826 0.00059946
vn -0.49969855 -0.21874263 -0.83812470
vn -0.85592782 -0.33819092 -0.39117065
vn -0.60622041 -0.22471407 -0.76288951
vn -0.76164843 -0.32026554 -0.56331311
vn 0.41241421 -0.70669988 0.57488242
vn -0.27939322 -0.79705168 -0.53539523
vn 0.32529351 -0.45993133 -0.82622473
vn -0.82151425 0.32318371 -0.46975166
vn -0.00662257 0.73830427 0.67443528
vn -0.04790830 0.26237188 0.96377684
vn 0.80755266 -0.35555211 0.47057560
vn -0.45517839 0.07336053 -0.88737302
vn -0.89660739 -0.38533316 -0.21820529
vn -0.13013137 -0.87602493 -0.46437717
vn 0.48475437 -0.35691970 0.79851207
vn -0.02817785 -0.99880896 -0.03983297
vn -0.78576822 -0.09021676 -0.61190624
vn -0.82938968 0.35812031 -0.42879203
vn -0.04714493 0.90982699 -0.41230112
vn 0.21483731 -0.88340502 -0.41646188
vn -0.54791100 0.35010158 -0.75975155
vn -0.84671925 0.22324500 0.48293703
vn -0.44634210 0.28759180 -0.84738993
vn -0.93900330 0.28718067 -0.18920907
vn 0.08936781 0.99555843 0.02961081
vn 0.69521215 -0.42252233 0.58151092
vn 0.83390442 0.53613760 -0.13099578
vn 0.38966125 -0.10013334 -0.91549846
vn 0.13903901 -0.92294592 0.35894147
vn 0.01954446 -0.91399833 0.40524692
vn -0.02461212 -0.51620181 0.85611327
vn -0.00453373 0.27356980 0.96184147
vn -0.19443168 -0.97574382 -0.10059984
vn -0.92468174 -0.19413628 0.32752831
vn -0.67933441 -0.05715746 0.73159947
vn -0.97729914 0.14209923 0.15714385
vn -0.68429194 -0.05861273 0.72684874
vn -0.48972177 -0.27812816 0.82632761
vn -0.87895991 0.00514365 -0.47686793
vn -0.68282484 -0.19768615 -0.70332811
vn 0.35694948 -0.57390265 -0.73703651
vn -0.00805363 0.15574583 0.98776433
vn 0.98733441 0.11938262 -0.10449192
vn -0.89978251 -0.03117489 -0.43522357
vn -0.91418234 0.02255741 -0.40467496
vn -0.85725332 -0.09076538 0.50683171
vn 0.24620681 0.01556122 0.96909239
vn 0.80588660 -0.35402077 0.47456938
vn -0.02956736 -0.51033293 0.85946848
vn 0.85163277 -0.49619943 -0.16884240
vn 0.02331788 -0.99912590 -0.03469468
vn -0.92946480 -0.24677624 -0.27422013
vn -0.14060260 0.95912048 -0.24559887
vn 0.00277979 0.32427584 -0.94595848
vn -0.93875727 -0.22291251 0.26276377
vn -0.63468339 -0.24623958 0.73249100
vn -0.52564987 -0.82133258 -0.22159649
vn -0.19140633 0.98120346 0.02456377
vn -0.60004249 -0.74069674 -0.30218761
vn -0.87561107 -0.30717999 0.37275423
vn -0.84794425 -0.32620001 -0.41783264
vn -0.69101064 -0.45823007 -0.55904338
vn -0.80863330 -0.48100714 -0.33873930
vn -0.70419675 -0.69720372 -0.13421591
vn -0.64653183 -0.67336647 -0.35857245
vn -0.85714309 -0.38807278 -0.33868161
vn -0.85363806 -0.48531107 -0.18914338
vn -0.77746487 -0.57092099 -0.26381356
vn -0.94554787 -0.23756880 -0.22248660
vn -0.62721360 -0.26135762 0.73368610
vn -0.98789101 -0.15507534 0.00479463
vn -0.06012638 0.97993517 -0.19003125
vn -0.71007351 -0.20691100 -0.67304046
vn -0.99221229 -0.09508166 -0.08046270
vn -0.98454513 -0.15199719 -0.08699273
vn -0.97412271 -0.01419843 0.22557338
vn -0.49008684 0.79061577 -0.36707164
vn -0.26393194 0.96330381 -0.04884364
vn -0.84372170 -0.35911696 -0.39895953
vn -0.99692293 0.07772518 0.01017239
vn -0.98706575 -0.15786713 0.02791371
vn -0.94476181 0.14134327 0.29571474
vn -0.99052811 -0.06942822 -0.11846426
vn -0.93994577 -0.33670670 -0.05595133
vn -0.92788597 0.09906659 0.35946272
vn -0.92633599 0.01130494 0.37652866
vn -0.65951829 0.36578681 0.65668534
vn -0.89977015 -0.03119274 0.43524785
vn -0.64546119 0.35239180 0.67764288
vn -0.94660943 -0.29605705 -0.12759625
vn -0.86575065 -0.20560743 0.45629091
vn -0.59087410 0.18468329 0.78534061
vn -0.64823986 0.07789636 0.75744125
vn -0.56255978 -0.00291740 0.82675146
vn -0.58271240 -0.03439586 0.81195024
vn 0.28302295 -0.01857960 0.95893316
vn -0.82430810 -0.55452657 -0.11408959
vn -0.84427072 -0.44578564 -0.29745942
vn -0.01947063 -0.88837165 0.45871200
vn -0.82585405 -0.33735318 0.45183837
vn -0.86318488 -0.20742575 0.46031122
vn -0.88155697 -0.35813665 0.30756374
vn -0.57176338 -0.09017896 0.81544736
vn 0.53131971 0.83937176 0.11469268
vn 0.47880549 0.77510962 -0.41225038
vn -0.55398282 -0.11219233 0.82493389
vn -0.87677536 -0.32198598 0.35719742
vn -0.43297490 0.77144328 -0.46627030
vn 0.09880502 0.91013741 -0.40235241
vn -0.62063770 -0.21196910 0.75490260
vn -0.12540717 0.30927980 -0.94266592
vn 0.22677198 -0.46320949 -0.85674468
vn -0.61209190 -0.21808737 0.76011934
vn -0.31737982 -0.15574764 0.93542114
vn -0.20185852 0.16456190 -0.96549082
vn -0.12800850 0.35309537 0.92678880
vn 0.08343187 0.82148111 -0.56409921
vn -0.35540839 -0.18114122 0.91699113
vn 0.12207671 0.25690685 -0.95869502
vn -0.17760281 -0.17359284 0.96867062
vn -0.07166597 -0.27747110 0.95805729
vn -0.35291328 -0.09356695 0.93096587
vn -0.36153515 -0.08393783 0.92857244
vn -0.21928979 -0.23588342 0.94671590
vn -0.24492879 -0.07207129 0.96685863
vn 0.00196446 -0.29244533 0.95628022
vn -0.00361778 -0.21854891 0.97581929
vn 0.05985110 -0.34025441 0.93842676
vn 0.08710912 -0.12632036 -0.98815746
vn 0.16500678 0.21044991 -0.96357854
vn -0.26682511 -0.10836807 0.95763287
vn 0.52770515 -0.84904717 -0.02541992
vn 0.01132371 -0.20470734 0.97875772
vn -0.07526673 -0.07584000 0.99427522
vn 0.21580904 -0.34068712 0.91507308
vn 0.56619228 -0.58067649 0.58501377
vn 0.09865938 -0.19964609 0.97488859
vn 0.21610789 -0.24832975 0.94426146
vn 0.87815977 -0.18929699 -0.43932001
vn -0.16935097 -0.73579119 -0.65569168
vn -0.03856010 0.01228157 0.99918081
vn 0.97068491 -0.03856523 -0.23724148
vn 0.04747111 0.02939597 0.99843997
vn 0.38986783 -0.01522544 -0.92074495
vn 0.81397722 -0.58080712 -0.01020637
vn -0.02239798 -0.99942968 -0.02527134
vn 0.35311714 -0.23796041 0.90481110
vn -0.28132252 0.06256648 0.95757145
vn -0.81638469 -0.12692666 -0.56338767
vn -0.14334981 0.10813772 0.98374644
vn 0.04646591 0.02837121 0.99851690
vn -0.10731755 -0.48654740 -0.86703781
vn -0.21596413 0.04290509 0.97545817
vn -0.27969856 0.02838309 0.95966823
vn -0.27820643 0.02724481 0.96013483
vn 0.98534945 0.06537227 0.15752122
vn 0.21061352 0.25681259 -0.94323340
vn -0.33949537 -0.57107363 -0.74740739
vn -0.07030557 0.95339689 -0.29341354
vn -0.82903493 0.42184133 -0.36708443
vn -0.27272862 0.15126658 0.95012500
vn -0.24285091 -0.13208147 0.96102961
vn -0.20178263 0.16448965 0.96551899
vn -0.23187435 0.20151211 0.95164445
vn 0.06606507 -0.99220020 -0.10570793
vn -0.23814814 0.30102904 0.92339969
vn -0.38552563 0.40769097 0.82774275
vn -0.99238368 -0.12235050 -0.01431739
vn -0.11713913 0.14092388 0.98306606
vn -0.19584895 0.36397912 0.91058354
vn -0.06233040 0.92079817 -0.38502683
vn -0.38567803 0.57606695 0.72069364
vn -0.42203427 0.59989488 0.67971553
vn -0.17954833 0.57337892 0.79937414
vn -0.20731713 0.61443150 0.76124473
vn 0.04395192 -0.13337114 -0.99009109
vn 0.06274627 0.25125639 -0.96588464
vn -0.42633106 0.86081760 0.27791166
vn -0.31598621 0.84575213 0.42994890
vn -0.31699107 0.93530802 0.15721189
vn -0.28031157 0.95731716 0.07049319
vn -0.08945106 0.85979479 0.50274390
vn -0.11202272 0.93231715 0.34385409
vn -0.17988527 0.98159949 0.06406045
vn -0.15655868 0.89114264 0.42585699
vn -0.23253092 0.95858412 0.16445623
vn 0.08467395 0.76461281 0.63890341
vn 0.02455579 0.66686553 0.74477338
vn -0.10299461 0.98273075 0.15372826
vn -0.14060295 0.95912304 0.24558869
vn -0.01912333 0.91142880 0.41101319
vn -0.07765365 0.82171394 0.56458490
vn 0.01152554 0.97264148 0.23202523
vn -0.02437504 0.94840727 0.31611630
vn 0.02531345 0.83689320 0.54678059
vn 0.01480688 0.80731925 0.58992913
vn 0.02296189 0.73768883 0.67475028
vn 0.03771614 0.75252748 0.65747995
vn 0.08295760 0.94782167 0.30781833
vn 0.08186368 0.94710575 0.31030475
vn -0.47052148 -0.86057572 0.19498452
vn 0.08114226 0.87308594 0.48076696
vn 0.14491531 0.94626212 0.28911511
vn 0.18730638 0.96187570 0.19927736
vn 0.08803581 0.86873390 0.48739214
vn 0.10569470 0.88360193 0.45615377
vn 0.16333120 0.96107789 0.22282776
vn 0.25416176 0.96652286 0.03514760
vn -0.17535247 0.95242254 -0.24928462
vn -0.51155211 -0.72763496 0.45701400
vn 0.02705641 0.99884600 0.03968152
vn 0.10412339 0.99423423 -0.02562449
vn -0.05978178 0.97672732 0.20598513
vn 0.02823617 -0.05286331 0.99820248
vn -0.06670034 0.99746814 -0.02466512
vn -0.05950605 0.99761216 -0.03505716
vn -0.18998168 0.10532937 -0.97612125
vn -0.05406928 0.99851589 -0.00652077
vn -0.13015594 -0.87598920 0.46443767
vn -0.05631087 -0.07322313 -0.99572459
vn 0.02363956 0.99965279 -0.01163918
vn -0.05096845 0.99170878 0.11796573
vn 0.21827143 -0.19129721 -0.95695505
vn -0.19501637 0.98059809 0.01989972
vn -0.42633073 0.90429130 0.02234619
vn -0.20656015 0.94076089 0.26889003
vn -0.13311341 0.98254515 0.12994558
vn -0.42292275 0.90579829 0.02580311
vn -0.37902070 0.88382565 0.27421804
vn -0.55374375 0.83236826 0.02304213
vn -0.06311612 0.82809214 0.55702761
vn -0.52892046 0.84479716 0.08099940
vn -0.44421740 0.87312817 0.20079370
vn -0.33471894 0.75342665 0.56596070
vn -0.53616106 0.81611157 0.21562286
vn -0.58555262 0.05128487 0.80901050
vn -0.44498397 0.87360659 -0.19697916
vn -0.22018036 -0.76799389 0.60141998
vn -0.21007049 -0.09764047 -0.97279840
vn -0.45552937 0.88597424 0.08684833
vn -0.48253124 -0.00375307 0.87587072
vn -0.62064079 -0.21196972 -0.75489990
vn -0.64549286 0.35242165 -0.67759718
vn -0.38793688 0.89643470 0.21426576
vn -0.43715951 0.84518085 0.30750756
vn -0.48611726 0.80530893 0.33936344
vn 0.83276101 -0.54380840 -0.10383410
vn -0.50094707 0.72459932 0.47329469
vn -0.22299135 0.13464562 0.96547678
vn -0.88135215 -0.35854332 -0.30767690
vn -0.46640493 0.63748655 0.61325145
vn 0.13629501 0.58874843 -0.79674272
vn -0.34363700 -0.85282921 -0.39318692
vn -0.43294548 0.77147688 0.46624203
vn -0.47259967 0.52734680 0.70608421
vn -0.31671952 -0.76606279 -0.55931793
vn 0.98153294 -0.01583290 0.19063687
vn -0.37923955 0.38366350 0.84200931
vn -0.82774434 -0.39260766 -0.40087222
vn -0.17071290 -0.73546143 0.65570846
vn -0.27205326 0.58246386 0.76597838
vn -0.34889837 0.18632509 0.91845135
vn 0.27665879 0.16834618 -0.94610754
vn -0.35543071 -0.18116548 -0.91697769
vn -0.33194570 0.16095902 0.92946449
vn -0.23807456 0.14018585 0.96107671
vn -0.31966757 0.28380885 0.90402720
vn -0.18005775 0.07949806 0.98043830
vn -0.65950386 0.36577286 -0.65670760
vn -0.84891926 -0.04163512 0.52688006
vn -0.08211093 0.00416107 -0.99661451
vn 0.40032952 0.11365664 0.90929557
vn -0.38167161 0.00198699 0.92429586
vn -0.09097305 0.01834913 0.99568429
vn -0.98783425 -0.15415486 -0.02048840
vn -0.21011129 -0.09764449 0.97278919
vn -0.15784723 -0.11211452 0.98107828
vn -0.13851921 -0.07509758 0.98750837
vn 0.44230211 0.41993479 -0.79247941
vn -0.18006953 0.07947762 -0.98043780
vn -0.03436016 -0.47686565 0.87830435
vn 0.23064859 -0.69739694 0.67855636
vn 0.06052120 -0.83169494 -0.55192455
vn 0.25102036 -0.07362143 0.96517805
vn 0.00236216 -0.39608883 0.91820916
vn 0.35003499 -0.39798938 0.84798583
vn 0.34066647 -0.44001509 0.83086285
vn 0.09832379 -0.82283349 -0.55971195
vn 0.15965740 -0.70663055 0.68933503
vn 0.38123608 -0.59995873 0.70335523
vn 0.32388118 -0.71833837 0.61570363
vn 0.02097977 -0.38973423 0.92068837
vn -0.13978818 -0.32984525 0.93362807
vn 0.33139258 0.04277379 -0.94252287
vn 0.05716273 -0.43917403 0.89658162
vn 0.35698531 -0.57391479 0.73700971
vn 0.18683487 -0.20257885 0.96127756
vn -0.12841269 0.47819998 -0.86881239
vn 0.32956171 -0.73520431 0.59233749
vn 0.33804174 -0.45299782 0.82493682
vn 0.18134327 -0.22336048 0.95771850
vn 0.35941475 -0.57748272 0.73303121
vn 0.22144712 -0.76363583 -0.60648289
vn -0.66275015 -0.24633131 -0.70716556
vn 0.48908873 -0.64773348 0.58415199
vn 0.13782046 0.92681678 -0.34930815
vn -0.24230904 -0.95344846 -0.17950587
vn 0.57442903 -0.73478391 0.36072690
vn 0.14280476 0.98822436 -0.05494919
vn -0.08729809 -0.09185796 -0.99193808
vn 0.48488687 -0.73404696 0.47545744
vn 0.66998915 -0.46663396 0.57737967
vn 0.37125799 -0.77535589 0.51087253
vn 0.37094737 -0.77594484 0.51020355
vn 0.08295754 0.94781754 -0.30783104
vn -0.06509115 0.58420466 -0.80899200
vn 0.38583091 -0.87723135 0.28565656
vn 0.17207903 -0.78410202 0.59629928
vn -0.31482343 0.09077188 0.94479980
vn 0.59661225 0.54204170 0.59181468
vn 0.52327203 -0.15104677 -0.83867232
vn 0.52456421 -0.76330981 0.37708160
vn 0.14431338 -0.25284253 -0.95668401
vn 0.61974361 -0.64197100 0.45143227
vn 0.49193280 -0.86614765 0.08826302
vn 0.50205140 -0.86200695 0.06991715
vn 0.87797096 -0.45856045 -0.13743837
vn 0.66962104 -0.20474513 -0.71392373
vn 0.70467228 -0.70671229 0.06320380
vn 0.14017166 0.92679443 -0.34843076
vn 0.65739074 -0.75347587 0.01056102
vn 0.87571400 -0.48276061 0.00819592
vn 0.33045473 -0.94276817 0.04458517
vn 0.34785992 -0.93735563 0.01891829
vn 0.35592349 -0.86802430 0.34619688
vn 0.03697003 -0.99870142 0.03505255
vn -0.28305668 -0.86049384 -0.42359092
vn 0.14705583 0.92252216 -0.35682971
vn 0.93909154 0.33993104 0.05053680
vn 0.26006472 -0.07252828 0.96286343
vn 0.12183533 0.01888123 0.99237072
vn 0.84036673 -0.46182143 0.28373354
vn 0.71297098 -0.62696556 0.31398499
vn 0.82923311 -0.53719786 0.15424304
vn -0.53805397 -0.80797062 -0.24016953
vn 0.77249588 -0.53451184 0.34285157
vn 0.67971586 -0.64351090 0.35196601
vn 0.68998621 -0.66059937 0.29585046
vn 0.69727291 -0.60594224 0.38294191
vn 0.75937133 -0.53719025 0.36712643
vn -0.94475849 0.14133319 -0.29573015
vn 0.53974278 -0.75633124 0.36964954
vn 0.33898704 0.08119452 0.93728077
vn -0.76198490 0.60745690 -0.22444405
vn -0.82518472 0.37606317 0.42148152
vn 0.67121372 0.73947219 0.05150761
vn -0.08416877 -0.99425872 -0.06606980
vn 0.62607018 -0.46779484 0.62386226
vn -0.94885806 -0.17143471 0.26510097
vn -0.04062507 0.03509351 -0.99855798
vn 0.62707462 -0.49259952 0.60342616
vn 0.43445272 -0.31012200 0.84562118
vn 0.91425628 -0.35719667 0.19117008
vn -0.99720791 0.07461172 0.00307845
vn 0.51369750 -0.31722161 0.79717334
vn 0.66696162 -0.19497388 0.71912960
vn 0.66961574 -0.20473897 0.71393047
vn 0.36067190 -0.11164186 0.92598697
vn 0.42611130 -0.02080935 0.90443139
vn 0.36066137 -0.10801344 0.92642133
vn -0.41048462 -0.85640127 -0.31317605
vn 0.22479418 0.04009717 0.97358091
vn -0.01005501 0.96726866 0.25355518
vn 0.22598885 0.18472074 -0.95645558
vn 0.38983981 -0.01522387 0.92075684
vn -0.12007741 0.12670390 -0.98464589
vn 0.30513358 0.09601075 0.94745735
vn 0.31958833 0.03854724 0.94677210
vn 0.21258926 0.17424144 0.96148101
vn 0.03410288 -0.02335937 0.99914530
vn 0.05325843 0.21190704 0.97583756
vn -0.00743440 0.30964328 0.95082373
vn -0.17714186 0.39392996 0.90190906
vn -0.27863803 0.56395046 0.77738069
vn 0.15908252 0.44724086 0.88015247
vn 0.05739107 0.59838205 0.79915279
vn 0.23031629 0.16528625 0.95897594
vn 0.13527832 0.33592107 0.93212489
vn 0.23173160 0.18892951 0.95425683
vn 0.08515922 0.58043024 0.80984483
vn -0.02375651 0.89317108 0.44908913
vn 0.04224564 0.89662096 0.44077904
vn 0.14418117 0.58063254 0.80129747
vn 0.14097036 0.33440397 0.93182688
vn 0.08276600 0.93017089 0.35767570
vn 0.13622499 0.58875877 0.79674705
vn -0.08246702 0.92263772 0.37674770
vn -0.00809131 0.96053298 0.27804842
vn -0.04378509 0.60514076 0.79491354
vn -0.06458128 0.95669759 0.28382914
vn -0.18495560 0.85762937 0.47985757
vn 0.09881176 0.91014139 0.40234174
vn 0.01214940 0.64377757 0.76511623
vn -0.11510781 0.63708065 0.76215382
vn -0.02245798 0.81486839 0.57921080
vn 0.08342870 0.82146773 0.56411916
vn -0.14278708 0.60621517 0.78237780
vn -0.03761294 0.61181392 0.79010695
vn -0.27219042 0.58242017 -0.76596287
vn -0.41431304 0.88013570 -0.23174522
vn -0.06511867 0.58417641 0.80901019
vn -0.34891232 0.18630696 -0.91844973
vn 0.01503793 0.72102267 0.69274828
vn 0.04007052 0.66272482 0.74779019
vn 0.02499608 0.59485143 0.80344693
vn 0.00805886 0.61455087 0.78883603
vn -0.52320535 -0.84511821 -0.10968766
vn 0.07429313 0.69469262 0.71545978
vn 0.87951847 -0.34776493 0.32481813
vn -0.79804315 -0.40627416 0.44504881
vn 0.11949165 0.46827011 0.87546836
vn 0.27660264 0.58544231 0.76206842
vn -0.03537027 0.53205552 0.84597037
vn -0.27219591 -0.04335803 0.96126451
vn -0.03135408 0.43549581 0.89964455
vn -0.15785283 -0.11205981 -0.98108363
vn 0.96772030 -0.19882718 0.15487150
vn -0.38552496 0.40767580 -0.82775054
vn -0.00168722 0.38337117 0.92359282
vn 0.03207977 0.38930275 0.92055106
vn -0.19322880 -0.00795745 0.98112145
vn 0.00098269 0.28451957 0.95866973
vn 0.05689797 0.35889546 0.93164192
vn -0.07963501 0.36518984 0.92752070
vn 0.23962242 0.76503582 0.59774685
vn 0.06274635 0.25126245 0.96588305
vn -0.05708233 0.33900856 0.93904995
vn -0.10493064 0.33540299 0.93621279
vn 0.06189327 0.25282038 0.96553150
vn -0.05413446 0.25118343 0.96642452
vn -0.08677485 0.31832712 0.94400104
vn 0.02054909 0.30718403 0.95142825
vn 0.01494104 0.17108605 0.98514280
vn -0.07722156 0.16746398 0.98284925
vn 0.06226828 0.08998297 0.99399483
vn 0.01228487 0.09370034 0.99552465
vn 0.00290922 0.32424391 0.94596904
vn 0.12481596 0.31952860 0.93932021
vn -0.09829964 0.18434992 0.97793266
vn 0.12207812 0.25693390 0.95868760
vn 0.16501127 0.21047421 0.96357246
vn -0.00262659 0.20114399 0.97955816
vn -0.08385731 0.26817456 0.95971369
vn 0.05588754 0.73116433 -0.67990831
vn 0.14764377 0.11722220 0.98206938
vn 0.33139283 0.04274404 0.94252413
vn -0.12010066 0.12670881 0.98464243
vn 0.05906379 0.08750033 0.99441197
vn -0.96233486 -0.26517403 -0.05995293
vn -0.08214218 0.00430495 0.99661132
vn 0.00591433 -0.09153070 0.99578469
vn 0.10147491 -0.01603900 0.99470880
vn -0.44839580 0.06247681 0.89164895
vn -0.28054794 0.04651070 0.95871247
vn 0.71115453 -0.60281072 -0.36177129
vn 0.50117085 -0.76937157 -0.39609994
vn 0.11001605 -0.18004096 0.97748745
vn -0.05093465 -0.15820967 0.98609095
vn -0.12797184 0.35308227 -0.92679886
vn -0.11435084 0.36221951 -0.92505184
vn -0.31271391 0.10353114 0.94418818
vn 0.01199277 -0.03063574 0.99945867
vn -0.44949847 0.12348868 0.88470428
vn -0.03779873 0.01604363 0.99915657
vn 0.27617255 -0.08743693 0.95712251
vn 0.73808140 0.30221766 -0.60324152
vn -0.40047899 0.09839070 0.91100815
vn 0.35225533 -0.58898845 0.72732991
vn 0.47927645 0.87525985 -0.06491754
vn 0.06093870 0.22795201 0.97176353
vn -0.13517270 -0.12348106 0.98309754
vn 0.28590912 -0.29304714 0.91234826
vn 0.23980878 -0.02940712 0.97037465
vn -0.04064903 0.03512176 0.99855602
vn 0.18164741 -0.12468849 0.97542657
vn 0.28632150 -0.09793850 0.95311492
vn 0.44107109 -0.13305401 0.88755446
vn -0.20351131 -0.04074026 0.97822460
vn -0.40292256 0.01172824 0.91515892
vn 0.38962086 -0.10016245 0.91551246
vn 0.31443159 -0.14937601 0.93745378
vn 0.62814160 -0.25226594 0.73607067
vn 0.88671062 -0.17877216 -0.42636228
vn -0.01052431 -0.27294063 -0.96197331
vn 0.74916233 -0.39219264 0.53379841
vn 0.78315573 -0.59518915 0.18004717
vn 0.09200214 -0.52127194 -0.84841686
vn 0.63097296 -0.35512918 0.68975097
vn 0.49969703 -0.52208113 0.69118316
vn 0.71791131 -0.65786131 0.22764411
vn 0.81397474 -0.58081112 0.01017698
vn -0.03437805 -0.47691990 -0.87827419
vn 0.61273123 -0.78966062 -0.03156803
vn 0.55621578 -0.74939775 0.35920331
vn 0.62601769 -0.77877979 0.04004852
vn 0.74018722 -0.59782604 -0.30777737
vn 0.40487582 -0.91437033 0.00157309
vn 0.36626711 -0.85599070 0.36486754
vn 0.51636989 -0.64464665 -0.56373117
vn 0.63346289 -0.75029078 -0.18917852
vn 0.57441097 -0.65080766 0.49648909
vn 0.15908218 0.44724101 -0.88015245
vn -0.31967204 0.28376799 -0.90403845
vn 0.33456074 -0.88562474 0.32208374
vn 0.47487735 0.16912766 -0.86364769
vn 0.31546709 -0.92867764 0.19503423
vn 0.09870302 -0.19966440 -0.97488043
vn 0.49072542 0.37739066 -0.78534378
vn 0.01195664 -0.03059508 -0.99946034
vn 0.22820018 -0.89968960 0.37213345
vn 0.23071611 -0.80786487 -0.54233240
vn 0.34563149 -0.56673517 -0.74789714
vn 0.35225998 -0.58898148 -0.72733329
vn 0.48474125 -0.35694754 -0.79850759
vn 0.61153182 -0.75739432 -0.22887263
vn 0.64598160 -0.74067751 -0.18467430
vn 0.55488264 -0.48419122 -0.67650877
vn 0.80100801 -0.54352051 -0.25094150
vn 0.40037847 0.11364744 -0.90927517
vn 0.66393601 -0.59630333 0.45123310
vn -0.72562243 -0.18626906 -0.66240164
vn -0.08666520 0.31822370 -0.94404598
vn 0.39222497 -0.22969815 0.89072910
vn 0.74682601 -0.57451952 0.33493020
vn 0.43019149 -0.41549005 0.80143827
vn 0.84105047 -0.43408966 0.32280066
vn 0.80923447 -0.44984515 -0.37786097
vn 0.14491131 0.94625845 -0.28912915
vn 0.08186327 0.94710133 -0.31031836
vn 0.86092796 -0.42078064 0.28591379
vn 0.56489769 -0.28179665 0.77555223
vn -0.59089542 0.18468030 -0.78532528
vn -0.75570534 -0.65177622 -0.06400930
vn 0.04651970 0.02839261 -0.99851378
vn -0.04150631 -0.10006526 -0.99411477
vn 0.64906143 0.00566895 -0.76071488
vn 0.95490246 -0.05111654 -0.29248656
vn 0.59532661 -0.00737454 -0.80344997
vn -0.28125747 0.06253134 -0.95759285
vn -0.05960984 -0.32974077 -0.94218771
vn -0.35198390 0.91685305 0.18838210
vn 0.95056355 -0.11859945 0.28698975
vn 0.89340266 0.02048274 -0.44878964
vn 0.16428188 -0.98137016 -0.09961968
vn 0.68333943 0.13159567 -0.71814331
vn -0.35293477 -0.09353940 -0.93096049
vn -0.18493400 -0.86293077 -0.47026577
vn 0.49346155 -0.57050643 0.65651969
vn 0.14855242 -0.95148172 -0.26947119
vn -0.94497104 0.01789178 -0.32666439
vn 0.61025928 0.17546044 -0.77252653
vn 0.90810633 0.12175389 -0.40064809
vn 0.36064515 -0.10797941 -0.92643161
vn 0.22782404 -0.68793789 -0.68908466
vn 0.97068548 -0.03854487 0.23724247
vn 0.91578562 0.11413726 -0.38510958
vn 0.92604523 -0.01749579 0.37700681
vn 0.76815397 -0.54159299 -0.34149160
vn 0.88678976 -0.17870445 0.42622604
vn 0.52325818 -0.15102235 0.83868536
vn 0.61243218 -0.24255668 0.75239157
vn 0.56493264 -0.28177686 -0.77553395
vn -0.11436098 0.36225101 0.92503825
vn -0.42632260 0.86082104 -0.27791398
vn 0.56432229 0.40838796 -0.71746751
vn 0.65520134 -0.18107063 0.73343345
vn 0.63618658 -0.25928088 0.72666365
vn -0.58985424 0.32558651 -0.73896238
vn 0.23300206 -0.23926180 0.94258359
vn -0.95395646 -0.27891149 -0.11034241
vn 0.25966439 -0.25519456 0.93137003
vn -0.57354230 0.00788220 0.81913803
vn -0.23253067 0.95858302 -0.16446298
vn -0.13045150 0.04208877 0.99056092
vn 0.00098254 0.28451532 -0.95867099
vn -0.23632800 -0.20868342 0.94899963
vn 0.35786673 -0.15803367 -0.92030254
vn 0.76871993 -0.54138980 -0.34053890
vn -0.18345396 -0.24185389 0.95281233
vn 0.69587635 -0.61402503 -0.37246391
vn -0.58247983 -0.06353821 0.81035803
vn -0.72560584 -0.18628740 0.66241465
vn -0.63734246 -0.34784151 0.68760517
vn -0.92624188 0.22954941 0.29896997
vn -0.52564982 -0.82133260 0.22159654
vn -0.81643986 -0.12689281 0.56331534
vn -0.76248433 0.16638507 0.62524687
vn -0.97604918 -0.20404966 0.07544359
vn -0.77683339 -0.58643488 0.22939926
vn -0.13878703 -0.16484997 0.97650532
vn -0.01044436 -0.27299461 0.96195887
vn -0.10723692 -0.48659383 0.86702174
vn -0.08588450 -0.49871090 0.86250292
vn 0.14838946 -0.30927962 0.93932246
vn 0.13910824 -0.13886265 0.98049277
vn 0.10203391 -0.51385528 0.85178743
vn 0.11129931 -0.34577403 0.93169350
vn 0.06056650 -0.83169906 0.55191337
vn -0.15092909 -0.79242201 0.59100573
vn 0.09209453 -0.52127096 0.84840744
vn 0.09838454 -0.82283258 0.55970263
vn 0.04397620 -0.13337270 0.99008980
vn 0.04700521 0.06621572 0.99669754
vn 0.14770725 0.98516965 -0.08731163
vn 0.04865684 -0.33976491 0.93925093
vn 0.04294704 -0.13570158 0.98981849
vn 0.04722518 -0.33774618 0.94005175
vn -0.31020826 -0.94715558 -0.08165263
vn -0.19127657 -0.94081153 -0.27979805
vn 0.04015733 -0.54136452 0.83982846
vn 0.01800942 -0.52075851 0.85351405
vn -0.05963906 -0.32973800 0.94218684
vn -0.22630766 -0.50050370 0.83563203
vn -0.10064540 -0.62620549 0.77313465
vn 0.01925862 -0.83018039 0.55716212
vn -0.02296129 -0.38949550 0.92074211
vn -0.00718897 -0.18013683 0.98361529
vn -0.00926805 -0.80569789 0.59225418
vn 0.12694532 -0.79429852 0.59411678
vn -0.24968788 -0.79904360 0.54697832
vn -0.26850480 -0.78066275 0.56433221
vn -0.01080976 -0.95660416 0.29119001
vn -0.23677546 -0.91152003 0.33625676
vn -0.19126808 -0.94081638 0.27978752
vn -0.31673260 -0.76604624 0.55933320
vn -0.18976912 -0.97746188 0.09249839
vn -0.31020837 -0.94715595 0.08164789
vn -0.19443167 -0.97574382 0.10059986
vn -0.32618594 -0.93803885 0.11698652
vn -0.31139407 -0.89098668 0.33041862
vn -0.34364845 -0.85282455 0.39318702
vn -0.21731297 -0.96862664 0.12057160
vn -0.00632555 -0.99354361 0.11327441
vn -0.00715744 -0.95830344 0.28566288
vn -0.01877731 -0.99044378 0.13663281
vn 0.61152783 -0.75739378 0.22888506
vn 0.15159975 -0.94937939 0.27512958
vn 0.14438927 -0.97530000 0.16715754
vn 0.14855952 -0.95147200 0.26950159
vn 0.16428097 -0.98137237 0.09959940
vn 0.42951513 0.85054107 0.30347429
vn -0.82586803 -0.33734634 -0.45181793
vn 0.16530121 -0.94570636 0.27984814
vn 0.06605849 -0.99220116 0.10570306
vn -0.29581721 -0.94050091 -0.16718321
vn -0.54850769 -0.14111264 -0.82415201
vn -0.70656769 -0.33410984 -0.62380503
vn -0.96233064 -0.26519092 0.05994599
vn -0.84580336 -0.34604291 0.40604308
vn 0.33141434 0.27024841 -0.90395262
vn 0.01214928 0.64377749 -0.76511629
vn -0.77917626 -0.09880447 -0.61896853
vn -0.13974082 -0.32986473 -0.93362828
vn 0.17682173 -0.98408260 -0.01776260
vn -0.78555728 -0.10345453 -0.61007944
vn -0.98262574 -0.18351248 -0.02774556
vn -0.27094634 0.30900163 0.91165019
vn 0.87412110 -0.23644373 0.42427193
vn -0.21909566 -0.89482727 0.38894890
vn -0.76927098 -0.26210565 0.58268584
vn -0.97167573 -0.21798098 0.09127196
vn -0.29483045 -0.30142511 0.90676232
vn -0.69892130 -0.29588637 0.65112232
vn -0.26068760 -0.30746985 0.91515259
vn 0.20285823 -0.26320188 0.94317194
vn 0.64072427 -0.28128642 0.71438810
vn -0.50097270 0.72452595 -0.47337986
vn 0.14426247 -0.25288018 0.95668174
vn -0.42712391 -0.75715373 0.49425034
vn -0.01720068 0.37909652 0.92519726
vn 0.42801168 -0.16528482 -0.88853077
vn -0.27807523 0.02714336 -0.96017572
vn -0.13519728 -0.12345477 -0.98309746
vn 0.13903609 -0.92295749 -0.35891285
vn -0.59343629 0.01354469 -0.80476699
vn -0.46885700 -0.67628804 -0.56816160
vn -0.59659506 -0.17502634 0.78322418
vn -0.70419260 -0.69720638 0.13422387
vn 0.00806098 0.61453702 -0.78884680
vn 0.98146252 -0.02189502 -0.19039941
vn 0.60343543 0.74716525 -0.27858530
vn -0.14736949 0.11028122 0.98291418
vn 0.12481700 0.31955785 -0.93931012
vn 0.64915891 0.00561719 0.76063207
vn -0.98783393 -0.15415741 0.02048482
vn -0.78799977 -0.09707327 -0.60797462
vn -0.84887017 -0.04171114 -0.52695314
vn -0.94497583 0.01791996 0.32664899
vn 0.02034438 0.19631488 -0.98032983
vn 0.18148532 0.13257299 0.97441648
vn -0.83716776 -0.31393177 -0.44788055
vn 0.76133909 -0.27184761 -0.58860994
vn 0.58190127 0.64143881 -0.49994715
vn 0.67360776 0.34786610 -0.65210563
vn 0.20295751 -0.26317216 -0.94315887
vn -0.04198020 0.73204164 0.67996522
vn -0.38173002 0.00201112 -0.92427168
vn 0.00137062 0.08024559 -0.99677418
vn -0.76067476 -0.50058505 0.41326568
vn -0.69735887 -0.68198527 0.22042392
vn 0.75048095 -0.66078398 0.01195331
vn -0.57174425 -0.09020198 -0.81545822
vn -0.94661040 -0.29606928 0.12756067
vn -0.88278915 -0.07445548 -0.46383155
vn -0.20933447 -0.52001610 -0.82810768
vn -0.52717825 -0.21761297 0.82141810
vn 0.47488320 0.16912502 0.86364499
vn -0.33951193 -0.57091562 0.74752057
vn 0.05603499 0.73111667 0.67994742
vn 0.28630393 -0.09793792 -0.95312026
vn 0.01350061 -0.53448877 0.84506774
vn -0.92469066 -0.19412425 -0.32751024
vn -0.95395282 -0.27891969 0.11035314
vn -0.90206759 -0.23079251 0.36470384
vn 0.60637834 0.39362538 -0.69091560
vn 0.03407721 -0.02338761 -0.99914552
vn 0.98828361 0.11250369 -0.10314272
vn -0.71383616 -0.25916811 0.65059190
vn 0.85673782 -0.14474025 -0.49502583
vn -0.47519044 -0.18912591 0.85931684
vn -0.26771294 -0.03001598 0.96303106
vn 0.32958076 -0.73522178 -0.59230520
vn 0.17576724 0.13550771 0.97506079
vn -0.65315670 0.71956036 0.23583724
vn -0.37708783 -0.23121504 0.89685248
vn -0.19455932 -0.15892348 0.96793078
vn 0.22593411 0.18468363 0.95647568
vn -0.05544871 -0.99801072 -0.03000078
vn 0.19643666 -0.10976402 0.97435338
vn 0.66314190 0.74431497 0.07898130
vn 0.20508072 -0.10568184 0.97302274
vn 0.72816294 0.00841085 0.68535246
vn -0.00552088 0.95964165 0.28117151
vn -0.21464469 0.64758635 -0.73113582
vn 0.84081993 0.53451145 -0.08555327
vn -0.00361832 -0.21854892 -0.97581929
vn -0.33499674 0.07923824 0.93888151
vn 0.78740794 0.36871097 0.49400501
vn 0.69112571 0.05040078 0.72097504
vn 0.02497007 0.59486829 -0.80343526
vn 0.14440180 -0.97529665 -0.16716626
vn -0.16938053 -0.73578389 0.65569223
vn 0.58266355 0.63516921 0.50701407
vn 0.93429189 0.28263799 0.21728883
vn 0.13528394 0.33594856 -0.93211417
vn 0.12504243 0.89548473 0.42716682
vn 0.48101441 0.75113403 0.45213139
vn 0.18219516 0.73414296 0.65409406
vn 0.84220073 0.51230965 -0.16803795
vn 0.92766602 0.28897891 0.23648880
vn 0.73240086 0.32090482 -0.60050735
vn 0.68716795 0.40208583 -0.60508445
vn 0.63663239 -0.18751583 0.74802207
vn 0.34474613 -0.25968508 -0.90206084
vn 0.79507341 -0.59449065 0.12016296
vn 0.80181652 -0.59590764 0.04454611
vn 0.68651215 0.39739474 -0.60891583
vn 0.02708576 0.99763421 -0.06318506
vn 0.95319427 -0.29883445 -0.04602896
vn -0.36896995 -0.62806776 -0.68512193
vn 0.40253639 -0.88905703 -0.21804142
vn -0.15055973 -0.23013002 0.96144264
vn -0.90188176 -0.34776069 -0.25626510
vn 0.12615298 0.93954177 -0.31834995
vn 0.67207153 0.33583695 -0.65994954
vn 0.12692123 -0.79425870 -0.59417516
vn 0.58075634 0.81140244 0.06594055
vn 0.04023312 -0.54137058 -0.83982093
vn 0.01518934 -0.96968059 0.24390333
vn -0.09829373 0.18446633 -0.97791130
vn 0.02189480 0.56373463 -0.82566572
vn 0.38602107 -0.88770798 -0.25092285
vn 0.18682353 -0.20262175 -0.96127072
vn -0.17073646 -0.73545588 -0.65570856
vn -0.17885399 -0.47457351 -0.86185337
vn 0.48909784 -0.64775555 -0.58411989
vn 0.35007582 -0.39798096 -0.84797292
vn 0.38406256 0.69351802 -0.60953155
vn -0.18495202 0.85761906 -0.47987738
vn 0.83324015 0.05993628 0.54965307
vn -0.20930251 -0.51992645 0.82817205
vn -0.02244796 0.81487820 -0.57919738
vn -0.94740281 0.01219507 0.31981118
vn 0.84953831 0.51300278 0.12293415
vn -0.11280397 0.27719079 0.95417008
vn 0.84258465 0.53353501 0.07342686
vn 0.13071204 0.98770487 0.08575229
vn -0.33846437 -0.73749492 0.58441690
vn -0.27937520 -0.79706465 0.53538532
vn 0.40283133 0.90164818 -0.15734510
vn 0.49969701 -0.52208117 -0.69118315
vn 0.85691496 0.51363766 0.04327944
vn 0.35911837 -0.65804103 -0.66182778
vn -0.19222446 -0.06024281 0.97950016
vn -0.28031146 0.95731698 -0.07049603
vn 0.74934118 -0.01316376 0.66205326
vn 0.01129916 -0.20472967 -0.97875334
vn 0.23042991 0.16511028 -0.95897896
vn 0.78055176 0.57114183 0.25403927
vn -0.80864391 -0.48098956 0.33873894
vn 0.78532010 -0.45137779 0.42371032
vn 0.52388759 0.22351860 0.82193748
vn 0.07872298 0.97995817 0.18298820
vn -0.57924115 -0.69655395 -0.42342920
vn 0.19505556 0.97753221 0.07990062
vn -0.31597445 0.84575633 -0.42994928
vn 0.57006106 -0.73062390 -0.37579132
vn 0.77438114 0.26594675 0.57411339
vn -0.17988520 0.98159933 -0.06406304
vn -0.17888007 -0.47460027 0.86183322
vn 0.98733323 0.11935590 0.10453356
vn -0.47265815 0.52743297 -0.70598069
vn -0.08937891 0.48084260 0.87223953
vn 0.58466939 0.80731028 0.08007383
vn 0.11723919 -0.94142542 0.31618531
vn 0.13012452 -0.94989238 0.28420428
vn 0.12449996 -0.98949597 0.07346762
vn 0.12294745 -0.98887537 0.08372231
vn -0.14289014 -0.10304293 -0.98435998
vn -0.14451073 -0.09469663 -0.98496152
vn 0.05732057 0.59847722 -0.79908659
vn -0.10314782 -0.99045931 0.09138321
vn 0.17785898 -0.03999330 -0.98324296
vn 0.18807999 0.96188166 -0.19851847
vn 0.32227916 -0.52533729 -0.78750040
vn -0.69737941 -0.68197505 -0.22039055
vn 0.74778838 -0.49680096 -0.44045584
vn 0.41229881 -0.02167681 -0.91079076
vn 0.71070084 -0.02442904 0.70307008
vn 0.42951559 0.85053686 -0.30348544
vn 0.25079983 -0.95293514 -0.17033515
vn 0.25105523 -0.07354909 -0.96517449
vn 0.46513503 0.18499926 -0.86569318
vn 0.89702041 -0.13806644 -0.41987146
vn 0.14418042 0.58069486 -0.80125245
vn 0.73957054 -0.32388616 -0.59002811
vn 0.82839421 0.29101228 -0.47861769
vn -0.27975466 0.02842045 -0.95965078
vn 0.66387696 0.37065831 0.64952275
vn -0.00892335 0.95674501 -0.29079093
vn -0.91782854 0.00514501 0.39694369
vn 0.90026545 -0.40515097 -0.15929470
vn 0.76221944 0.55437769 0.33419591
vn 0.91425686 -0.35720064 -0.19115989
vn 0.65052350 0.08142482 -0.75510872
vn 0.73807225 0.30220763 0.60325774
vn 0.71916727 -0.65724614 -0.22544609
vn 0.70731917 0.32658001 0.62693308
vn 0.08114258 0.87309666 -0.48074744
vn -0.42726342 -0.75711615 -0.49418733
vn 0.37306962 -0.53140231 0.76054628
vn -0.01093260 -0.12286428 -0.99236326
vn 0.44563518 -0.66295470 0.60158154
vn 0.62882846 0.31966941 0.70879209
vn -0.82429570 -0.55454155 0.11410638
vn 0.03123625 -0.57623855 0.81668441
vn -0.63724248 0.12317111 -0.76075679
vn -0.27775086 0.96053085 0.01532783
vn 0.01085203 0.65213606 0.75802427
vn 0.65046375 0.51040278 0.56248193
vn 0.00874774 0.20514445 0.97869261
vn -0.04151747 -0.10011161 0.99410963
vn 0.68335960 0.13158944 0.71812525
vn -0.10493082 0.33540336 -0.93621264
vn 0.95596469 -0.23244537 0.17916658
vn -0.50593617 -0.58389487 0.63489792
vn -0.36901801 -0.62801817 0.68514151
vn -0.53807532 -0.80795374 0.24017848
vn -0.52322600 -0.84510665 0.10967818
vn 0.04291874 -0.13570951 -0.98981863
vn -0.64634353 -0.75782547 -0.08910999
vn 0.71745596 -0.09172596 -0.69053840
vn -0.51151867 -0.72763255 -0.45705527
vn -0.86575029 -0.20565029 -0.45627228
vn -0.00715752 -0.95829996 -0.28567456
vn -0.93526562 -0.35299575 0.02592715
vn -0.63466076 -0.24621777 -0.73251794
vn 0.02042006 0.19637832 0.98031555
vn 0.98620477 0.04786427 -0.15845870
vn -0.92633603 0.01130492 -0.37652856
vn -0.07071713 0.09955996 0.99251544
vn 0.75271119 -0.36727735 -0.54638193
vn 0.88659556 -0.36839609 0.27970098
vn 0.25046933 0.76131676 0.59804842
vn 0.66571910 -0.35542476 -0.65611837
vn 0.09304091 0.34408906 0.93431585
vn 0.91093116 -0.19500953 -0.36355977
vn 0.17439360 0.38726965 0.90532264
vn 0.27665024 0.58540088 -0.76208297
vn 0.73245170 0.32104053 0.60037279
vn 0.37594738 0.79119180 0.48236822
vn 0.74351303 0.22194195 -0.63081704
vn 0.89555944 -0.00127648 -0.44494006
vn -0.20345972 -0.04077388 -0.97823393
vn -0.18995851 0.10533651 0.97612498
vn 0.97489488 0.16681876 -0.14748382
vn 0.04446701 -0.94276589 0.33047718
vn 0.71485401 0.51249192 -0.47574760
vn 0.91092992 -0.19497912 0.36357919
vn -0.90209325 -0.23079438 -0.36463916
vn 0.49668063 -0.21120251 0.84184432
vn 0.00641424 -0.60229420 0.79824843
vn -0.06553497 0.14160116 0.98775213
vn -0.34377959 0.34577407 0.87307267
vn -0.82053725 0.55961671 -0.11639485
vn 0.15692320 -0.79213403 0.58982945
vn 0.11886690 -0.98959419 -0.08108026
vn 0.12132761 -0.99003836 -0.07143994
vn 0.12534090 -0.94689635 -0.29610294
vn 0.11723783 -0.94144782 -0.31611910
vn 0.15395558 -0.95834365 0.24057249
vn -0.21910615 -0.89482443 -0.38894951
vn 0.10768421 -0.94283061 -0.31539586
vn 0.02824681 -0.05286412 -0.99820214
vn -0.33769116 0.26068145 -0.90443898
vn -0.46542045 -0.11754754 0.87724933
vn 0.10159821 -0.01619273 -0.99469372
vn 0.66287440 0.54280516 0.51571319
vn 0.46698790 0.86187701 0.19771272
vn 0.77937022 -0.24484568 0.57674314
vn -0.07152440 0.92393590 -0.37580143
vn -0.36068941 -0.52105736 0.77356472
vn 0.11070302 -0.94647821 -0.30318946
vn -0.97167473 -0.21798253 -0.09127886
vn -0.05537862 -0.99801767 0.02989888
vn 0.08936870 0.49087600 0.86663371
vn 0.44477536 0.88632877 0.12882619
vn 0.28294071 0.95557110 0.08263435
vn 0.37990160 0.92292531 0.06231886
vn -0.17718389 0.39392033 -0.90190501
vn 0.15395818 -0.95833745 -0.24059554
vn 0.66614161 0.43573537 0.60530162
vn -0.24282480 -0.13212592 -0.96103010
vn -0.29054269 -0.08179467 -0.95335963
vn 0.11578756 0.35387683 0.92809721
vn 0.06187149 0.25285398 -0.96552410
vn -0.27224235 -0.04339197 -0.96124983
vn -0.19325386 -0.00796914 -0.98111642
vn -0.01422009 0.14386202 0.98949558
vn -0.77919665 -0.09881138 0.61894175
vn -0.33495430 0.07919596 -0.93890022
vn -0.44658898 0.28763112 0.84724650
vn -0.31499371 0.09060615 -0.94475896
vn 0.67214256 0.33573863 0.65992723
vn -0.42121857 0.20674518 -0.88308060
vn -0.57356569 0.00804926 -0.81912002
vn -0.01499666 0.14927301 0.98868229
vn -0.00926768 -0.80565533 -0.59231208
vn -0.22019506 -0.76797468 -0.60143913
vn -0.00474181 -0.43368180 -0.90105361
vn 0.22247244 -0.22748258 -0.94802832
vn 0.28585471 -0.29307004 -0.91235795
vn 0.43570439 -0.57927192 0.68891634
vn 0.84687235 0.34489500 -0.40478965
vn 0.28322380 -0.01864111 -0.95887266
vn 0.21493277 0.00816769 -0.97659469
vn -0.71371282 -0.25919240 -0.65071753
vn -0.60687096 0.69065144 -0.39332966
vn 0.26686577 0.11342443 -0.95703582
vn 0.16519952 0.14359651 -0.97575056
vn -0.25681287 0.29183094 0.92134785
vn -0.55399837 -0.11221130 -0.82492086
vn 0.17444376 0.38715293 -0.90536290
vn 0.11608187 0.35392023 -0.92804389
vn 0.53631032 -0.83363097 -0.13202520
vn 0.34537868 0.08552511 0.93455820
vn -0.93283097 0.35992526 -0.01673912
vn 0.04832380 -0.99716621 -0.05765729
vn -0.01080976 -0.95660058 -0.29120178
vn -0.07464881 -0.99614477 -0.04607766
vn 0.27618783 -0.08746208 -0.95711581
vn -0.59155435 -0.52870012 -0.60871967
vn -0.58562760 0.05129380 -0.80895566
vn 0.18166391 0.13274178 -0.97436022
vn -0.00474939 -0.43372361 0.90103345
vn 0.05712463 -0.43912332 -0.89660888
vn 0.13761295 -0.94185445 -0.30654996
vn 0.18135742 -0.22330699 -0.95772829
vn 0.68263324 -0.33879778 0.64747813
vn -0.52723046 -0.21760922 -0.82138558
vn -0.19216202 -0.06022019 -0.97951380
vn 0.19714732 0.30073390 -0.93310881
vn 0.48345824 -0.53376308 0.69380480
vn 0.87405310 -0.05764333 -0.48239861
vn 0.10191621 -0.51387551 -0.85178932
vn 0.12200310 0.01880527 -0.99235155
vn 0.26008057 -0.07257310 -0.96285577
vn -0.04360448 -0.06812555 -0.99672341
vn -0.02295682 -0.38945922 -0.92075757
vn 0.54672392 0.59016485 -0.59396836
vn -0.08760308 0.16383754 -0.98258993
vn -0.14967624 0.08072239 -0.98543438
vn 0.01008145 -0.98507630 0.17182274
vn 0.86516921 0.45821675 0.20376370
vn 0.75865725 -0.29861199 0.57902509
vn 0.01110652 0.65214207 -0.75801541
vn -0.14738199 0.11046745 -0.98289139
vn -0.34469575 0.33149807 -0.87823338
vn -0.58272412 -0.03449917 -0.81193744
vn -0.34369996 0.34563867 -0.87315763
vn -0.53963496 -0.06529246 -0.83936345
vn -0.55615428 0.00443757 -0.83106722
vn 0.64877358 -0.74122717 0.17226466
vn 0.92483630 -0.31631286 0.21124393
vn -0.62725380 -0.26141490 -0.73363132
vn -0.60055367 -0.23118287 -0.76543437
vn -0.60683255 -0.28923102 -0.74033754
vn -0.49979449 -0.63593959 -0.58803597
vn -0.23787217 -0.52435275 -0.81760077
vn -0.23632849 -0.53961446 -0.80806255
vn -0.58246176 -0.06344058 -0.81037867
vn -0.07881378 -0.14870100 -0.98573648
vn -0.01877991 -0.99044307 -0.13663764
vn -0.02900047 -0.20038794 -0.97928731
vn 0.00290999 -0.18046622 -0.98357688
vn 0.21059621 0.25681706 0.94323604
vn 0.66287330 0.54283365 -0.51568461
vn 0.12031057 0.92638686 0.35683715
vn 0.03692758 0.05431945 -0.99784054
vn 0.14665924 -0.09275026 -0.98482915
vn -0.20934918 -0.80138394 -0.56031840
vn 0.77439089 0.26597180 -0.57408862
vn 0.15161380 -0.94937424 -0.27513961
vn -0.26682250 -0.10844667 -0.95762470
vn 0.97719929 0.21213417 0.00897982
vn 0.94136734 0.33484458 0.04131145
vn 0.59687510 -0.36628633 -0.71384483
vn 0.14576193 -0.13475078 -0.98009984
vn 0.89080678 -0.16413247 -0.42370250
vn 0.53559178 0.21514302 -0.81661186
vn 0.01951840 -0.91403543 0.40516450
vn 0.02533190 0.83689512 -0.54677679
vn 0.89807900 -0.43975223 -0.00849076
vn 0.04832212 -0.99716633 0.05765654
vn 0.48097184 0.01646832 -0.87658136
vn 0.90697622 -0.04079842 -0.41920117
vn 0.67353053 0.34782279 0.65220850
vn 0.88112552 -0.00932868 -0.47279043
vn 0.84350479 0.28758168 -0.45364793
vn 0.76989176 0.40102138 0.49643583
vn 0.79301063 0.20495155 -0.57369766
vn 0.63614512 -0.25928767 -0.72669753
vn 0.03128848 -0.57645695 -0.81652827
vn 0.29294780 -0.66881503 -0.68327743
vn -0.17758870 -0.17361334 -0.96866953
vn -0.38704845 0.72220451 -0.57324876
vn 0.61240955 -0.24259794 -0.75239669
vn 0.42617920 0.35209750 -0.83330585
vn 0.70746002 0.65898792 -0.25541191
vn 0.15964336 -0.70660802 -0.68936137
vn -0.66066580 -0.24442682 -0.70977196
vn -0.42200965 0.59987909 -0.67974476
vn -0.07960776 0.36515860 -0.92753533
vn 0.13743464 -0.94404585 0.29981521
vn 0.33115094 -0.88854782 -0.31752453
vn 0.00876076 0.20517484 -0.97868613
vn 0.70079332 0.54558398 -0.45959422
vn -0.06179173 0.99781817 0.02325236
vn 0.12567945 -0.94802308 -0.29233015
vn 0.39223085 -0.22968675 -0.89072945
vn 0.73613874 -0.67433034 -0.05812362
vn 0.14523248 0.16261914 -0.97594187
vn -0.38456098 0.30919145 0.86977785
vn -0.30284555 -0.19435806 -0.93301099
vn -0.22528257 -0.75226333 -0.61915074
vn 0.01380010 -0.87298769 0.48754698
vn 0.80757666 -0.35548008 -0.47058883
vn 0.22392975 -0.46704234 -0.85541038
vn -0.63730996 -0.34788142 -0.68761511
vn 0.11947054 0.46818297 -0.87551785
vn 0.29270788 0.59883848 0.74546265
vn -0.52721101 0.00457145 0.84972211
vn 0.38400019 0.69358382 0.60949597
vn 0.82212238 -0.03036521 -0.56850044
vn 0.20770349 -0.71382723 0.66881234
vn 0.63097699 -0.35512315 -0.68975038
vn -0.99365623 -0.06537208 0.09150839
vn 0.55752458 -0.59675863 0.57710093
vn 0.29952941 -0.94986298 0.08967968
vn 0.44229567 0.41994026 0.79248010
vn -0.19915668 -0.96572265 0.16648235
vn -0.76173366 -0.32031358 0.56317052
vn 0.03773322 0.75251802 -0.65748979
vn 0.04009055 0.66277014 -0.74774895
vn 0.00579223 -0.09149927 -0.99578830
vn -0.10062144 -0.62620777 -0.77313592
vn -0.64825816 0.07789545 -0.75742568
vn -0.16036136 -0.17365273 0.97166299
vn -0.06675174 0.99771338 -0.01059284
vn -0.58986981 0.32554047 0.73897023
vn 0.61548611 0.15687129 0.77237831
vn -0.43101476 0.84635245 -0.31291182
vn 0.66998669 -0.46675492 -0.57728475
vn 0.05979742 -0.34022001 -0.93844265
vn 0.65052719 0.08138211 0.75511014
vn -0.19512293 -0.97266304 -0.12591128
vn -0.55610862 -0.32039900 0.76686875
vn -0.24915823 0.94950217 0.19069819
vn -0.65652562 0.49368661 0.57030487
vn -0.97604930 -0.20404993 -0.07544132
vn -0.19219560 0.97194582 0.13558090
vn 0.02747836 0.99144551 0.12759602
vn -0.21604182 0.04296386 -0.97543838
vn 0.06571228 0.99603095 0.06003534
vn -0.77743789 -0.23693139 -0.58262668
vn 0.74050325 -0.00624249 -0.67202379
vn 0.15824733 0.98637268 0.04501910
vn -0.97452046 0.00236849 0.22428612
vn -0.01871639 0.59905784 -0.80048698
vn -0.08369627 -0.64444795 0.76005380
vn 0.77595797 0.61988476 0.11675668
vn 0.01860082 0.62701243 -0.77878715
vn 0.76580056 -0.16509665 -0.62152441
vn 0.51742420 0.78940742 -0.33031519
vn 0.15732175 0.98128896 -0.11100377
vn 0.03205400 0.38930556 -0.92055077
vn -0.49102151 0.79410547 -0.35818205
vn 0.28056577 0.42393381 -0.86114051
vn -0.09857053 0.96318954 -0.25009950
vn 0.73598086 0.56437650 -0.37391355
vn 0.69260960 -0.45033314 -0.56346429
vn 0.64794845 0.37785760 0.66135198
vn 0.58271747 0.65386568 -0.48259716
vn 0.23128885 0.57168299 -0.78720012
vn 0.74747903 -0.09785130 -0.65703898
vn 0.79838846 -0.05038444 -0.60003107
vn -0.19587006 0.36396301 -0.91058544
vn 0.00196378 -0.29244336 -0.95628083
vn -0.59662960 -0.17502918 -0.78319724
vn 0.86247507 0.47477261 0.17529327
vn -0.91760079 0.00498361 0.39747195
vn 0.22328287 0.75281246 -0.61920768
vn -0.69101172 -0.45821084 0.55905781
vn 0.95490113 -0.05115819 0.29248364
vn 0.21499032 0.00811040 0.97658250
vn 0.36577820 0.92723970 0.08020506
vn 0.34265674 -0.26435733 -0.90149962
vn 0.87225538 0.01193124 -0.48890511
vn 0.07520958 0.97105306 0.22671450
vn -0.75573578 -0.65173906 0.06402833
vn 0.70410887 0.55927015 0.43754725
vn -0.11983947 0.66199779 0.73986312
vn 0.35036943 0.90597781 0.23758254
vn 0.14539249 0.16265258 0.97591248
vn 0.50609112 -0.60379952 0.61587167
vn 0.47927169 0.87525970 0.06495470
vn 0.44719247 0.75283505 0.48296820
vn 0.10289001 0.96860535 -0.22631245
vn 0.70025424 -0.60797061 -0.37418677
vn 0.32545611 -0.46001735 0.82611280
vn -0.06712903 0.95436001 0.29101659
vn 0.49347908 -0.72310390 0.48332096
vn 0.56617300 -0.58066511 -0.58504373
vn -0.05708249 0.33900893 -0.93904980
vn -0.65663488 0.49369195 -0.57017444
vn 0.77224421 -0.62526967 -0.11259095
vn 0.28330568 -0.09093295 0.95470890
vn 0.15161926 -0.98418227 -0.09163436
vn 0.98828361 0.11250384 0.10314263
vn -0.69893140 -0.29588145 -0.65111371
vn -0.06315112 0.82802715 -0.55712025
vn 0.68552491 -0.65896053 -0.30955875
vn 0.56428474 0.40840899 0.71748508
vn -0.03374034 0.54863361 0.83538180
vn 0.47886655 0.77501980 0.41234832
vn 0.44021899 -0.70830140 0.55183002
vn -0.11719483 0.98266755 0.14363101
vn 0.52236836 0.37017558 0.76818054
vn -0.02093992 0.93483163 0.35447334
vn 0.17038430 -0.96508612 0.19894216
vn -0.16016078 0.61283075 0.77381328
vn -0.36921481 -0.52260955 0.76847881
vn -0.76219547 0.60725993 0.22426200
vn 0.65514911 -0.18104293 -0.73348695
vn 0.72722356 0.64022278 -0.24750898
vn -0.72124549 0.04108863 0.69145981
vn 0.76697479 -0.59442042 0.24168995
vn -0.82139531 -0.55435377 -0.13417019
vn 0.21606555 -0.24830985 -0.94427639
vn 0.20705252 -0.71417496 -0.66864294
vn 0.43553367 -0.57922891 -0.68906044
vn 0.82055296 -0.18466023 -0.54091906
vn 0.87593413 0.38427322 0.29167361
vn 0.81841457 -0.34297704 0.46104700
vn -0.23807575 0.14016244 -0.96107982
vn -0.82576733 -0.05649301 -0.56117453
vn 0.57244986 -0.80259178 0.16777242
vn 0.81834036 -0.34301701 -0.46114899
vn -0.18499610 -0.86287062 0.47035171
vn -0.54785478 0.34995769 0.75985837
vn 0.80923625 -0.44992603 0.37776086
vn -0.13530755 -0.99051024 0.02411103
vn -0.04378520 0.60514068 -0.79491359
vn 0.89556367 -0.00129567 0.44493150
vn -0.60004246 -0.74069673 0.30218769
vn -0.02030473 -0.22799857 0.97344973
vn -0.58118706 0.52016709 -0.62581770
vn 0.49367548 -0.57053692 -0.65633234
vn 0.43365775 -0.89314504 0.11930171
vn -0.16036179 -0.17358250 -0.97167547
vn 0.78355401 -0.10703692 0.61203449
vn 0.29278415 0.59891288 -0.74537293
vn 0.97019404 0.23020213 0.07570005
vn -0.52738677 0.82422993 -0.20617522
vn -0.15055463 -0.23013648 -0.96144189
vn -0.14195931 -0.98575910 0.09014734
vn 0.25047132 0.76129306 -0.59807775
vn -0.57243250 -0.62836691 0.52675996
vn 0.77936924 -0.24485300 -0.57674136
vn 0.60364464 0.78453491 0.14183838
vn 0.71702577 -0.37684667 0.58639631
vn 0.48106322 0.75105993 -0.45220256
vn 0.95056252 -0.11860817 -0.28698954
vn 0.27667281 0.16831300 0.94610934
vn -0.00731436 0.14757980 0.98902311
vn -0.72128135 0.04106423 -0.69142385
vn -0.55613660 0.00433761 0.83107958
vn 0.68926355 -0.60739720 -0.39494861
vn 0.91973253 -0.34150918 -0.19355503
vn 0.88658328 -0.36840829 -0.27972382
vn 0.53624556 -0.78095418 -0.32023627
vn 0.22529923 0.29012682 0.93008961
vn 0.34117857 -0.51531971 0.78615697
vn -0.24595309 0.94936867 -0.19546408
vn 0.50963083 -0.72302360 -0.46638321
vn -0.33761284 0.26061499 0.90448737
vn 0.04905757 0.99687635 0.06189430
vn -0.78557550 -0.10345955 0.61005512
vn 0.05693198 0.29398786 -0.95411209
vn -0.08491069 -0.64096967 0.76285520
vn 0.22477314 0.48007281 -0.84794289
vn -0.98262564 -0.18351270 0.02774774
vn 0.62708207 -0.49248505 -0.60351185
vn 0.35037154 0.72148015 0.59724884
vn -0.02818392 -0.99880877 0.03983344
vn 0.91178264 -0.39953937 -0.09497745
vn 0.22530481 0.29012165 -0.93008987
vn -0.14732939 0.93705829 0.31656882
vn 0.59806612 -0.79116871 -0.12794134
vn -0.45024227 0.86574311 0.21856524
vn 0.84701159 0.24656892 -0.47093007
vn 0.46680255 -0.66463796 -0.58339674
vn -0.88817157 0.22321714 -0.40165329
vn 0.73516364 -0.67355469 -0.07654080
vn 0.90196516 -0.11994556 -0.41481552
vn 0.81380635 0.57875547 -0.05254838
vn -0.13141792 0.98091429 -0.14330559
vn -0.20731726 0.61443140 -0.76124477
vn -0.33746811 -0.78742317 0.51582946
vn 0.90174533 -0.08717456 0.42338630
vn 0.22677035 -0.46321350 0.85674294
vn 0.22393248 -0.46704047 0.85541069
vn 0.33369701 0.89573317 0.29378291
vn 0.44717060 0.75277748 -0.48307818
vn 0.08514288 0.58049310 -0.80980149
vn 0.01930512 -0.83018057 -0.55716024
vn -0.04712856 0.90983203 0.41229187
vn -0.23192538 0.20160331 -0.95161269
vn -0.76862476 0.54258648 -0.33884494
vn -0.01375392 0.05903073 0.99816141
vn -0.36151245 -0.08394903 -0.92858026
vn 0.72489174 -0.27431184 0.63189001
vn -0.22628078 -0.50050986 -0.83563562
vn -0.16279316 -0.45828726 0.87376837
vn -0.25741000 0.29194341 -0.92114556
vn -0.48252726 -0.00374989 -0.87587293
vn 0.97220180 -0.22484091 0.06534701
vn 0.08279716 0.93016989 -0.35767110
vn -0.02095035 0.93486114 -0.35439489
vn 0.74018707 -0.59782578 0.30777822
vn -0.14278717 0.60621505 -0.78237787
vn -0.09450417 -0.16447674 0.98184335
vn -0.03777497 0.01602401 -0.99915779
vn 0.13913761 -0.13886416 -0.98048838
vn 0.79576952 -0.09654719 -0.59785409
vn 0.33811187 -0.45303701 -0.82488656
vn 0.60151323 0.74857539 0.27895649
vn 0.95657759 -0.23602720 0.17102770
vn 0.92483178 -0.31631474 -0.21126088
vn -0.52922675 0.77479195 -0.34585617
vn -0.40061989 0.09841167 -0.91094393
vn 0.41412716 -0.86872049 0.27170464
vn -0.40308659 0.01176784 -0.91508618
vn -0.93849299 0.33923967 -0.06439987
vn -0.82850712 -0.39779858 -0.39412211
vn -0.00451407 0.27360534 -0.96183145
vn 0.11012330 -0.17993352 -0.97749516
vn -0.44936756 0.86611964 -0.21887340
vn 0.30600520 -0.95025342 -0.05813143
vn 0.01152562 0.97263917 -0.23203491
vn 0.21004422 -0.71433394 -0.66753910
vn -0.12544714 0.30917259 0.94269577
vn 0.37153863 0.92703245 -0.05069398
vn 0.74350721 0.22193831 0.63082519
vn -0.46594830 0.88481195 0.00000008
vn -0.56245081 -0.00287330 -0.82682575
vn 0.13704814 0.99023738 0.02545056
vn 0.56088358 -0.74609363 -0.35882294
vn 0.21576865 -0.34065623 -0.91509410
vn -0.94443288 0.28391260 0.16565077
vn 0.23382095 -0.91578947 -0.32658445
vn -0.70338587 0.69157621 -0.16422747
vn 0.24287608 0.63564356 -0.73278133
vn -0.89414802 -0.42002820 0.15516321
vn 0.88242908 0.44794876 -0.14373874
vn -0.45706709 0.84594484 -0.27471259
vn 0.75345661 0.60749163 -0.25150956
vn 0.65112994 0.44298558 -0.61627395
vn 0.91667661 0.36921796 -0.15291203
vn 0.82376142 0.03706584 0.56572365
vn -0.16617353 -0.93933624 -0.30005632
vn -0.23818350 0.30100261 -0.92339918
vn 0.81140376 0.47566824 0.33965226
vn -0.76927442 -0.26210600 -0.58268114
vn 0.75865971 -0.29861741 -0.57901907
vn 0.01235092 -0.90028171 0.43513250
vn 0.70092439 0.54553789 0.45944903
vn -0.69006274 -0.36830946 -0.62302613
vn 0.62450157 -0.24194591 0.74260350
vn 0.75364896 0.60725467 0.25150551
vn 0.28856611 0.47600305 -0.83075309
vn -0.38385962 0.88648083 -0.25846378
vn -0.04807035 -0.96768811 0.24752570
vn 0.75305951 0.65687780 0.03758896
vn 0.48478321 -0.77011660 0.41461508
vn -0.48632691 -0.75560267 0.43880605
vn -0.98205676 0.07106495 0.17468341
vn 0.88602435 -0.07028967 -0.45827962
vn 0.30599783 -0.95025403 0.05816010
vn 0.57074662 0.46486992 0.67686354
vn 0.83775855 0.53197992 -0.12311771
vn 0.22469316 0.48005789 0.84797253
vn -0.35200844 0.91683904 -0.18840443
vn 0.11364488 -0.92980900 -0.35005723
vn 0.20515257 -0.10559417 -0.97301711
vn -0.03573895 0.92637832 0.37489456
vn -0.19441523 -0.15886567 -0.96796922
vn 0.05689943 0.35886447 -0.93165377
vn -0.61209124 -0.21808973 -0.76011919
vn 0.34265674 -0.26435733 0.90149962
vn 0.72349374 -0.68362953 0.09595563
vn 0.76501203 -0.64106570 -0.06157403
vn 0.08466330 0.76459683 -0.63892395
vn -0.49666141 0.84799697 -0.18500969
vn 0.06224458 0.08998479 -0.99399615
vn -0.26069865 -0.30745566 -0.91515421
vn -0.03641325 -0.99876925 -0.03367585
vn 0.97713248 0.05584432 -0.20516708
vn 0.43434554 -0.13803032 -0.89010762
vn -0.82053818 0.55961295 0.11640637
vn 0.06092007 0.22793953 -0.97176762
vn -0.87677617 -0.32198307 -0.35719805
vn 0.51367166 -0.31724341 -0.79718132
vn 0.24619135 0.01555823 -0.96909636
vn 0.10568653 0.88359543 -0.45616825
vn 0.08934385 0.49088781 -0.86662958
vn -0.31584777 -0.59102685 -0.74224488
vn -0.10299440 0.98272978 -0.15373460
vn -0.23677548 -0.91152003 -0.33625675
vn 0.24853326 0.30919129 -0.91794987
vn -0.10793101 0.70879441 0.69710931
vn 0.60187446 0.79161185 -0.10534614
vn 0.90814253 0.12172789 0.40057392
vn -0.31582609 -0.59103193 0.74225005
vn -0.34478836 0.33134253 0.87825572
vn 0.79579305 -0.09658144 0.59781723
vn 0.09792679 -0.92688134 0.36235524
vn 0.44726194 -0.67728013 0.58416469
vn 0.29295582 -0.66886018 0.68322980
vn -0.08945871 0.85978351 -0.50276183
vn 0.50610204 -0.60383303 -0.61582984
vn -0.04738886 0.65489438 0.75423315
vn 0.01867964 0.36074714 0.93247658
vn 0.08804650 0.86874338 -0.48737332
vn 0.07427729 0.69470651 -0.71544794
vn -0.03538231 0.53201827 -0.84599329
vn 0.73428285 -0.41898029 -0.53412003
vn -0.84425802 -0.44579251 0.29748518
vn 0.23072165 -0.80789006 0.54229252
vn 0.61547489 0.15694129 -0.77237303
vn -0.04360017 -0.06809905 0.99672541
vn 0.29374898 0.93663264 -0.19086863
vn -0.48149750 0.84804130 0.22132807
vn 0.76720121 -0.59420783 -0.24149401
vn -0.49974722 -0.21875118 0.83809345
vn -0.31698657 0.93531016 -0.15720821
vn 0.65345021 -0.20990543 -0.72728436
vn -0.22527921 -0.75224586 0.61917320
vn -0.00225496 -0.98112165 0.19337844
vn 0.51676209 -0.73236483 0.44339452
vn -0.44949101 0.12343691 -0.88471530
vn -0.06059657 0.99786531 0.02434891
vn 0.80181854 -0.59590459 -0.04455058
vn 0.99965483 -0.02626790 -0.00045886
vn 0.42804105 -0.16527896 0.88851771
vn 0.21069047 -0.71398540 0.66770830
vn 0.23980213 -0.02942380 -0.97037579
vn 0.29951075 -0.94986993 -0.08966845
vn 0.41465630 -0.22882075 0.88073902
vn -0.17439919 -0.20221401 0.96368793
vn 0.01469366 -0.99239361 0.12222532
vn -0.24165842 -0.75993208 0.60341068
vn -0.60687993 0.69064464 0.39332776
vn 0.80595194 -0.35398563 -0.47448460
vn 0.37591731 0.79119956 -0.48237893
vn -0.30073915 -0.77037297 0.56221122
vn 0.24844273 0.30912261 0.91799751
vn 0.35785119 -0.15808920 0.92029904
vn 0.55664277 0.46973210 -0.68520112
vn 0.85782660 -0.13744336 0.49522000
vn -0.37719359 -0.74514141 0.54999025
vn 0.01378874 -0.87297591 -0.48756838
vn 0.88547367 -0.44763343 -0.12474255
vn 0.66940684 0.65782283 -0.34520081
vn -0.15656026 0.89114954 -0.42584197
vn 0.80576213 0.37294467 -0.46006484
vn 0.63346153 -0.75028955 0.18918792
vn 0.65341190 -0.20996434 0.72730177
vn 0.32901879 -0.92204531 0.20390947
vn 0.34054456 -0.51517277 0.78652808
vn 0.10761001 -0.94302971 0.31482544
vn 0.18730603 0.96187399 -0.19928595
vn -0.11703394 0.14091135 -0.98308039
vn -0.03137370 0.43552979 -0.89962742
vn -0.17440212 -0.20221109 -0.96368801
vn 0.34003415 -0.51505515 -0.78682588
vn 0.87815805 -0.18929561 0.43932404
vn 0.05323985 0.21196043 -0.97582698
vn 0.41418628 -0.86873560 -0.27156616
vn -0.15144133 -0.46482104 0.87235711
vn 0.97711406 0.05587326 0.20524693
vn -0.09061899 -0.99298688 -0.07592931
vn 0.10554815 0.54094090 -0.83441149
vn 0.68286866 -0.73026568 0.02006064
vn 0.77224226 -0.62527234 0.11258950
vn -0.31138486 -0.89098959 -0.33041946
vn 0.35312719 -0.23793448 -0.90481400
vn 0.02394243 -0.54382649 0.83885607
vn -0.42090253 0.20687978 0.88319976
vn -0.06608267 0.03830112 0.99707879
vn 0.71069980 -0.02442160 -0.70307139
vn 0.65509816 -0.40754133 0.63620474
vn 0.05250244 0.99838075 0.02189442
vn -0.37621921 0.92527794 -0.04816477
vn -0.35332212 0.93423805 0.04860809
vn 0.91321722 0.00332887 -0.40745949
vn -0.00168646 0.38337306 -0.92359204
vn -0.18346366 -0.24182623 -0.95281748
vn 0.54681139 0.59006227 0.59398975
vn 0.54175332 -0.75153512 -0.37642836
vn 0.87562801 -0.48240719 0.02364091
vn 0.74682595 -0.57451953 -0.33493029
vn -0.35251255 0.93207796 -0.08345998
vn 0.18221401 0.73413706 -0.65409543
vn -0.00632556 -0.99354361 -0.11327440
vn 0.71767355 -0.67574155 -0.16827964
vn -0.06132536 0.93709524 0.34364475
vn 0.60440797 -0.65712475 -0.45041987
vn 0.66393595 -0.59630334 -0.45123318
vn 0.34563462 -0.56677005 0.74786925
vn 0.22252422 -0.22747927 0.94801696
vn -0.86320556 -0.20745372 -0.46025984
vn -0.99250452 0.00231868 -0.12218590
vn 0.12937442 -0.98968437 -0.06153945
vn 0.68282441 -0.33862750 -0.64736561
vn -0.01947579 -0.88836240 -0.45872970
vn -0.24230495 -0.95345132 0.17949619
vn 0.02055076 0.30708880 -0.95145895
vn 0.04228449 0.89662185 -0.44077351
vn 0.01951416 -0.91402770 -0.40518214
vn -0.01911773 0.91143591 -0.41099769
vn 0.17203689 -0.78411584 -0.59629327
vn -0.00497212 -0.58355974 -0.81205499
vn 0.91575917 0.11417314 0.38516184
vn 0.25591986 0.81068261 0.52659161
vn 0.01954379 -0.91398548 -0.40527593
vn -0.02460920 -0.51620337 -0.85611241
vn -0.31544873 -0.53694286 -0.78242217
vn -0.07071280 0.09952860 -0.99251890
vn -0.06552908 0.14158681 -0.98775458
vn -0.10793313 0.70883110 -0.69707167
vn -0.94739804 0.01219651 -0.31982525
vn -0.38567804 0.57606689 -0.72069368
vn -0.94107209 0.01408091 -0.33791279
vn 0.24268700 0.63567134 0.73281987
vn 0.30512233 0.09610973 -0.94745094
vn 0.55662972 0.46972902 0.68521383
vn 0.45334310 0.33011964 0.82794991
vn 0.80697247 0.13528046 0.57488663
vn -0.01376007 0.05899530 -0.99816342
vn 0.91972263 -0.34152287 0.19357795
vn -0.04787384 0.26240677 -0.96376905
vn -0.07459602 -0.99615384 0.04596696
vn -0.68428081 -0.05859660 -0.72686051
vn 0.70718148 0.32670307 -0.62702429
vn 0.35940226 -0.57750365 -0.73302084
vn 0.72354248 -0.68359247 -0.09585212
vn 0.69378717 -0.40982625 0.59220081
vn 0.85487074 -0.17874441 0.48707951
vn -0.13855962 -0.07509495 -0.98750290
vn 0.66887698 0.65624158 0.34921424
vn 0.62301651 0.30312000 0.72108855
vn -0.33735797 -0.78747035 -0.51582948
vn 0.88037628 0.37991177 0.28390959
vn 0.75277550 -0.36725040 0.54631144
vn -0.00875914 -0.56904773 0.82225784
vn 0.96514139 -0.25997491 0.03025143
vn 0.02394388 -0.54383055 -0.83885340
vn 0.84644970 0.44299614 0.29542737
vn 0.44302370 -0.72924145 0.52147570
vn -0.07791774 0.90859347 -0.41034952
vn 0.01235214 -0.90027597 -0.43514435
vn -0.92788601 0.09906656 -0.35946262
vn 0.01350416 -0.53455570 -0.84502535
vn 0.00641893 -0.60231276 -0.79823439
vn -0.01499838 0.14926187 -0.98868394
vn -0.21731298 -0.96862664 -0.12057156
vn -0.16019109 0.61288701 -0.77376245
vn 0.82200634 0.56944709 0.00596615
vn 0.69194554 -0.12477782 -0.71108499
vn 0.63934883 -0.48488843 -0.59675479
vn 0.65355600 0.75685887 0.00540414
vn -0.76243593 0.16631359 -0.62532492
vn -0.78801255 -0.09707741 0.60795739
vn -0.21926153 -0.23588181 -0.94672285
vn -0.01107401 -0.12281055 0.99236835
vn -0.48635751 -0.75556343 -0.43883969
vn 0.48563684 0.85581875 0.17813232
vn -0.14963944 0.08073192 0.98543919
vn 0.19637256 -0.97716441 -0.08116366
vn 0.22160298 -0.76359534 0.60647694
vn -0.04739312 0.65492374 -0.75420739
vn -0.06713189 0.95434423 -0.29106769
vn 0.29641898 0.94773556 -0.11803855
vn -0.01422659 0.14388451 -0.98949222
vn -0.04198501 0.73203590 -0.67997110
vn 0.98701706 0.16045498 0.00717801
vn -0.36297268 -0.54587093 -0.75516605
vn -0.70655556 -0.33409150 0.62382859
vn -0.29580096 -0.94050824 0.16717072
vn -0.54847085 -0.14107242 0.82418341
vn 0.24862014 -0.25361850 -0.93480783
vn 0.31958982 0.03857708 -0.94677038
vn -0.44839556 0.06245454 -0.89165063
vn -0.28053431 0.04648738 -0.95871759
vn -0.03573786 0.92636778 -0.37492072
vn 0.62738680 -0.77795878 0.03414590
vn 0.78327351 -0.59502633 -0.18007301
vn -0.01401803 -0.94879011 -0.31559598
vn 0.62257275 0.54271069 0.56379808
vn -0.02375659 0.89317111 -0.44908908
vn 0.09294562 0.34420802 -0.93428152
vn -0.02180829 -0.16419733 -0.98618641
vn -0.46537949 -0.11753269 -0.87727305
vn -0.32618270 -0.93803997 -0.11698659
vn 0.89829274 0.43933460 -0.00743351
vn -0.02147825 -0.94209826 -0.33464841
vn -0.04806967 -0.96768606 -0.24753383
vn -0.00875473 -0.56906818 -0.82224374
vn -0.02008263 -0.63657757 -0.77095116
vn 0.85601018 -0.21705339 -0.46918483
vn -0.00731219 0.14759821 -0.98902037
vn 0.07419408 -0.86630316 -0.49397781
vn -0.21536170 -0.42518910 -0.87910953
vn 0.46514948 0.18498405 0.86568866
vn -0.83723673 -0.31377424 0.44786201
vn 0.57497982 -0.79936161 -0.17441105
vn 0.76585987 -0.08232261 0.63771596
vn -0.33472077 0.75336057 -0.56604757
vn -0.82151584 0.32319786 0.46973915
vn 0.35323563 0.72139258 -0.59566545
vn 0.73490004 -0.65862582 0.16166002
vn -0.46113961 -0.84099097 0.28299198
vn 0.37297373 -0.53150374 -0.76052243
vn -0.00530021 0.12535048 -0.99209836
vn -0.00472446 0.73861767 -0.67410802
vn -0.00703265 0.95823148 -0.28590729
vn -0.00807432 0.76255780 -0.64686970
vn -0.01003310 0.96512795 -0.26158626
vn -0.24489594 -0.07209980 -0.96686483
vn -0.21539170 -0.42507620 0.87915678
vn 0.21251644 0.17415976 -0.96151190
vn 0.41254857 -0.70670364 -0.57478139
vn 0.87432605 0.17249218 -0.45365230
vn 0.33141804 0.27022264 0.90395896
vn 0.33806960 0.79494010 -0.50376501
vn -0.08371473 -0.64440377 -0.76008922
vn -0.08874525 -0.94547221 -0.31337929
vn -0.19915760 -0.96571900 -0.16650244
vn 0.96517898 -0.25983553 -0.03024950
vn -0.13872232 -0.16490722 -0.97650485
vn 0.40242639 -0.88913867 0.21791152
vn -0.76616769 -0.61354551 -0.19117787
vn -0.08491758 -0.64095764 -0.76286454
vn -0.84188497 -0.53266136 0.08661169
vn -0.06072735 0.13259740 -0.98930790
vn -0.06391648 0.67985313 -0.73055760
vn -0.06740531 0.15817640 -0.98510748
vn -0.01721429 0.37908281 -0.92520262
vn 0.97026563 0.22980728 -0.07598177
vn -0.85588217 -0.33821318 0.39125127
vn 0.35040191 0.72148781 -0.59722176
vn -0.86898933 -0.44336597 0.21973657
vn -0.19338012 0.94871601 -0.25008411
vn -0.25651940 0.82191903 -0.50857340
vn 0.03889490 -0.99922381 -0.00624194
vn -0.65549177 -0.01954396 -0.75494939
vn -0.66143255 -0.20621774 -0.72109724
vn -0.29480784 -0.30141692 -0.90677240
vn -0.67838376 0.49827402 -0.53992452
vn -0.02148204 -0.94210574 0.33462711
vn 0.04719809 -0.33774469 -0.94005365
vn 0.92921094 -0.07664965 -0.36151328
vn -0.77096796 0.63057143 0.08937604
vn 0.17529051 -0.90534987 0.38680079
vn 0.84366058 0.44844632 -0.29518253
vn -0.02009041 -0.63657826 0.77095038
vn 0.17934411 -0.94245690 -0.28215365
vn -0.26848796 -0.78067978 -0.56431666
vn -0.02506884 -0.23139161 0.97253765
vn 0.44557988 -0.66304296 -0.60152523
vn 0.05675477 0.29397731 0.95412590
vn 0.70269035 -0.51662802 0.48920524
vn -0.69005417 -0.36839150 0.62298712
vn 0.11364344 -0.92980993 0.35005524
vn 0.42609143 -0.02079666 -0.90444104
vn 0.63116483 0.04774899 0.77417762
vn 0.40487833 -0.91436936 -0.00148842
vn 0.51635322 -0.64467568 0.56371325
vn 0.18167385 -0.12469028 -0.97542142
vn -0.87561795 -0.30725790 -0.37267384
vn 0.74916217 -0.39219276 -0.53379855
vn -0.52921118 0.77478753 0.34588988
vn 0.74488222 -0.62508794 0.23327139
vn -0.11985531 0.66198688 -0.73987031
vn 0.32357841 -0.88718601 -0.32893463
vn -0.14733954 0.93706283 -0.31655065
vn 0.39579518 0.42660192 -0.81323857
vn -0.13258083 0.91410928 -0.38317953
vn -0.41042092 -0.83919160 0.35680825
vn -0.36226940 -0.92449255 0.11863557
vn -0.23795010 -0.52425706 0.81763946
vn -0.08010591 -0.99579896 0.04435616
vn -0.23638017 -0.53976815 0.80794477
vn -0.04676327 -0.99702244 -0.06131443
vn 0.10803105 -0.62668020 0.77175205
vn -0.77682607 -0.58644559 -0.22939664
vn -0.07881757 -0.14870257 0.98573594
vn -0.59155271 -0.52869587 0.60872496
vn 0.17285970 -0.77305171 0.61033645
vn -0.02897482 -0.20040414 0.97928476
vn 0.00298108 -0.18045145 0.98357937
vn -0.15087658 -0.79243679 -0.59099932
vn 0.23974293 -0.23357649 0.94231913
vn -0.26776685 -0.03005308 -0.96301491
vn -0.31737382 -0.15575240 -0.93542239
vn -0.03761102 0.61181384 -0.79010710
vn 0.35612875 -0.31546663 0.87957553
vn -0.56728433 -0.28183484 0.77379429
vn 0.62300415 0.30307278 -0.72111907
vn 0.52963942 0.83079875 -0.17104246
vn 0.03711193 0.05408374 0.99784651
vn 0.78871843 -0.36255573 -0.49646407
vn 0.89336903 0.02049181 0.44885616
vn 0.58332339 -0.33605211 0.73946115
vn 0.14764913 0.11725064 -0.98206518
vn 0.62273740 0.54278355 -0.56354605
vn 0.66189628 -0.40342117 0.63177898
vn 0.36059262 -0.34506791 0.86654550
vn 0.14663664 -0.09271091 0.98483622
vn 0.60614358 -0.30277727 0.73546984
vn -0.11274849 0.27723018 -0.95416519
vn 0.63986817 -0.61670088 0.45852890
vn -0.21465916 0.64745713 0.73124600
vn 0.43019485 -0.41549212 -0.80143539
vn 0.45858846 0.86888294 -0.18638418
vn -0.51595919 0.82672715 -0.22429519
vn 0.65242124 -0.74535934 0.13706194
vn 0.44107495 -0.13304544 -0.88755383
vn -0.08582729 -0.49874288 -0.86249013
vn 0.92266034 0.34028897 -0.18138722
vn -0.00565783 0.72954401 0.68391047
vn 0.14573346 -0.13479324 0.98009823
vn 0.53553967 0.21501112 0.81668077
vn 0.36065658 -0.11168578 -0.92598764
vn 0.66696636 -0.19496998 -0.71912626
vn 0.89081608 -0.16409533 0.42369733
vn 0.59683076 -0.36629772 0.71387606
vn 0.38125636 -0.59994030 -0.70335995
vn -0.00496667 -0.58356524 0.81205107
vn 0.20844472 0.91255345 0.35184798
vn 0.48095315 0.01650185 0.87659099
vn -0.09095609 0.01837979 -0.99568528
vn -0.89002481 -0.35907251 -0.28093198
vn 0.84103745 -0.43411285 -0.32280342
vn -0.29053140 -0.08178789 0.95336365
vn 0.90697544 -0.04083574 0.41919923
vn 0.16529984 -0.94571255 -0.27982806
vn 0.23304749 -0.23928802 -0.94256571
vn 0.88107354 -0.00930178 0.47288783
vn 0.01480744 0.80725297 -0.59001981
vn 0.43277196 -0.78563018 -0.44214664
vn 0.25966254 -0.25519110 -0.93137150
vn 0.79304927 0.20503071 0.57361595
vn 0.84347539 0.28754988 0.45372275
vn 0.61025200 0.17544309 0.77253622
vn 0.06147760 0.99508351 -0.07764865
vn 0.42632541 0.35224872 0.83316714
vn 0.70724080 0.65918173 0.25551887
vn -0.32475097 -0.19630214 -0.92520391
vn 0.86946565 0.03591010 -0.49268646
vn -0.01858069 0.59921528 0.80037229
vn -0.14282209 -0.10311660 0.98436214
vn -0.14442783 -0.09485763 0.98495819
vn 0.01808068 -0.52076020 -0.85351151
vn 0.22506134 -0.97417594 0.01812823
vn -0.02239744 -0.99942979 0.02526773
vn -0.81053032 0.57937743 0.08580439
vn 0.68279661 -0.73033304 -0.02006084
vn 0.02329673 -0.99912683 0.03468196
vn 0.01848289 0.62698266 0.77881392
vn 0.23073352 -0.69738725 -0.67853745
vn 0.51742575 0.78939824 0.33033470
vn 0.15728188 0.98129579 0.11099992
vn 0.17793914 -0.03987177 0.98323339
vn 0.32255678 -0.52527887 0.78742570
vn -0.18977210 -0.97746082 -0.09250352
vn 0.74774604 -0.49675559 0.44057888
vn 0.41234670 -0.02172786 0.91076786
vn 0.79043010 0.59218549 -0.15664166
vn 0.28061010 0.42386657 0.86115916
vn -0.99467474 -0.08198917 0.06244947
vn -0.07765373 0.82171397 -0.56458484
vn 0.73587695 0.56446301 0.37398747
vn -0.16278857 -0.45828210 -0.87377194
vn -0.48149912 0.84803906 -0.22133312
vn 0.58279283 0.65384132 0.48253916
vn 0.87412410 -0.23642648 -0.42427536
vn -0.14330571 0.10808455 -0.98375871
vn 0.89698452 -0.13811832 0.41993106
vn 0.92603243 -0.01751519 -0.37703735
vn 0.23126689 0.57163519 0.78724128
vn 0.73961550 -0.32383790 0.58999825
vn 0.31441947 -0.14936968 -0.93745885
vn -0.64652802 -0.67337603 0.35856135
vn 0.82838938 0.29099017 0.47863948
vn -0.77104475 0.63048797 -0.08930236
vn -0.45514587 0.07329883 0.88739479
vn 0.67925856 -0.72527974 -0.11214773
vn -0.77744017 -0.57094962 0.26382441
vn 0.90026758 -0.40515023 0.15928456
vn 0.62599427 -0.77879641 -0.04009155
vn 0.48358079 -0.53386918 -0.69363775
vn 0.66390216 0.37068069 -0.64948422
vn 0.76222392 0.55437123 -0.33419641
vn 0.36575875 0.92724792 -0.08019873
vn 0.26674188 0.11347892 0.95706390
vn 0.57242594 -0.80262579 -0.16769134
vn 0.00134721 0.08024448 0.99677430
vn 0.19708319 0.30080280 0.93310015
vn 0.16521403 0.14358982 0.97574909
vn -0.58119579 0.52018653 0.62579344
vn 0.25717907 0.53262188 -0.80633297
vn -0.09850380 0.96322169 0.25000195
vn -0.41891368 0.87949845 -0.22581810
vn -0.17957229 0.57341453 -0.79934321
vn 0.54716883 0.50415459 0.66815748
vn 0.19475202 0.87301685 -0.44711657
vn 0.07520871 0.97105495 -0.22670670
vn -0.06231142 0.92079954 0.38502662
vn 0.33709040 -0.51436878 -0.78853967
vn 0.59537265 -0.00744329 0.80341521
vn 0.49644112 -0.21190034 -0.84181023
vn -0.03514677 -0.90194344 -0.43042158
vn 0.12936494 -0.98968288 0.06158333
vn 0.17682167 -0.98408214 0.01778882
vn 0.10292209 0.96859603 0.22633776
vn 0.55550230 0.58344743 -0.59245784
vn 0.35037199 0.90596831 -0.23761500
vn 0.00235996 -0.39608946 -0.91820889
vn 0.37095985 -0.77594666 -0.51019170
vn -0.08873504 -0.94548056 0.31335700
vn 0.28567726 -0.66057227 0.69428581
vn -0.76862257 0.54260847 0.33881469
vn 0.62877294 0.31981574 -0.70877534
vn -0.74621890 0.44462456 -0.49544561
vn -0.49093325 0.79413491 0.35823774
vn 0.96770489 -0.19888736 -0.15489048
vn 0.91581070 0.31600225 -0.24785751
vn 0.64448824 -0.44883179 -0.61901933
vn 0.99703809 0.06948201 0.03297418
vn -0.10057096 -0.96168964 0.25502650
vn 0.25720984 0.53261156 0.80632997
vn 0.65043554 0.51040692 -0.56251078
vn 0.87671294 0.35017238 -0.32977829
vn 0.95760131 0.05229319 -0.28331106
vn 0.95119087 0.03924345 -0.30609783
vn 0.57075260 0.46487367 -0.67685593
vn -0.07145829 0.81871203 0.56974057
vn -0.11717868 0.98267406 -0.14359960
vn -0.49979219 -0.63593189 0.58804626
vn 0.86671064 0.20738843 -0.45365484
vn 0.68919462 -0.60743545 0.39501006
vn 0.34535609 0.08550259 -0.93456861
vn 0.42071551 0.29504073 -0.85787495
vn 0.02297709 0.73767671 -0.67476302
vn -0.07523098 -0.07591925 -0.99427188
vn -0.70338256 0.69157991 0.16422604
vn -0.07711609 0.16750127 -0.98285117
vn 0.56078066 -0.01387056 -0.82784821
vn -0.39384224 0.91913888 0.00848540
vn 0.63585822 0.05734805 -0.76967235
vn -0.32509271 0.55340018 0.76685264
vn 0.59660571 0.54202410 -0.59183740
vn 0.81845499 -0.23882389 0.52258452
vn 0.04873676 -0.33991421 -0.93919277
vn 0.77731714 0.61925606 -0.11090530
vn 0.32389251 -0.71833544 -0.61570110
vn 0.62607961 -0.46779540 -0.62385237
vn -0.49665359 0.84799942 0.18501945
vn 0.22771442 -0.68786033 0.68919830
vn 0.71308469 -0.43289368 0.55146468
vn 0.87190293 -0.36765164 0.32344636
vn 0.81111780 -0.51978630 -0.26816061
vn 0.65209966 -0.65355698 0.38422560
vn -0.09443221 -0.16455091 -0.98183785
vn -0.53965549 -0.06528373 0.83935093
vn -0.20248701 0.96982357 -0.13579861
vn -0.28307811 -0.86049945 0.42356520
vn 0.77434888 -0.43229669 -0.46206426
vn -0.57456630 -0.78747879 0.22304869
vn 0.44287968 -0.86296548 -0.24320396
vn 0.44319959 -0.86283206 0.24309455
vn -0.22891425 -0.86496482 0.44658048
vn 0.64444141 -0.44887948 0.61903350
vn 0.55540476 0.58348712 0.59251020
vn 0.46627090 -0.79676782 -0.38438586
vn 0.72596802 0.62546775 -0.28593798
vn 0.49714609 -0.73818231 0.45599631
vn 0.28164068 -0.36969566 -0.88543980
vn 0.80101068 -0.54351001 0.25095571
vn -0.22892642 -0.86495511 -0.44659306
vn 0.01875363 0.36082479 -0.93244505
vn 0.39184499 -0.72780370 -0.56281371
vn -0.44758686 0.89416909 -0.01129729
vn 0.62505772 -0.17664652 -0.76032812
vn -0.12166846 -0.15580786 -0.98026563
vn 0.94232875 0.10848700 0.31661823
vn -0.60055792 -0.23118024 0.76543183
vn -0.46645157 0.63745567 -0.61324807
vn -0.53203797 -0.13826564 -0.83535514
vn -0.22565638 -0.04704136 -0.97307056
vn 0.29993778 -0.62304431 -0.72239402
vn 0.20770057 -0.59890300 -0.77341817
vn 0.33899233 0.08119139 -0.93727912
vn 0.37128310 -0.77533364 -0.51088805
vn 0.90671004 0.11845057 0.40477941
vn 0.15884689 -0.46368255 -0.87164566
vn 0.02722169 -0.32848328 -0.94411743
vn -0.06994619 -0.37203512 -0.92557950
vn 0.05304617 -0.99451952 -0.09009454
vn -0.08384540 0.26814713 -0.95972239
vn 0.04747807 0.02936981 -0.99844041
vn -0.92945354 -0.24680319 0.27423401
vn 0.09034074 -0.48904790 -0.86756597
vn -0.03856007 0.01227575 -0.99918088
f 322/1278/1 247/1013/1 323/1279/1
f 245/1004/2 323/1279/2 247/1013/2
f 247/1013/3 246/1011/3 245/1004/3
f 244/1003/4 245/1004/4 246/1011/4
f 245/1004/5 244/1003/5 238/979/5
f 244/1003/6 246/1011/6 243/1002/6
f 235/971/7 238/979/7 244/1003/7
f 244/1003/8 243/1002/8 235/971/8
f 1069/4382/9 721/2808/9 989/3986/9
f 452/1715/10 660/2489/10 553/1982/10
f 238/978/11 235/970/11 233/966/11
f 471/1759/12 989/3985/12 303/1218/12
f 237/977/13 235/971/13 243/1002/13
f 229/950/14 233/966/14 235/970/14
f 767/3013/15 66/281/15 628/2351/15
f 857/3392/16 576/2101/16 9/49/16
f 235/970/17 237/976/17 229/950/17
f 309/1238/18 1045/4268/18 1106/4564/18
f 696/2687/19 1057/4328/19 539/1930/19
f 228/948/20 229/950/20 237/976/20
f 690/2654/21 325/1291/21 331/1307/21
f 1101/4541/22 190/803/22 363/1421/22
f 237/977/23 243/1002/23 240/991/23
f 237/976/24 234/969/24 228/948/24
f 234/969/25 237/976/25 240/991/25
f 193/814/26 233/965/26 229/949/26
f 233/965/27 193/814/27 904/3601/27
f 473/1764/28 1126/4652/28 1127/4658/28
f 229/949/29 228/947/29 193/814/29
f 219/909/30 228/948/30 234/969/30
f 1020/4151/31 867/3435/31 410/1599/31
f 1083/4454/32 1086/4466/32 1079/4436/32
f 635/2374/33 1069/4381/33 471/1758/33
f 1113/4594/34 2/10/34 748/2919/34
f 222/924/35 193/814/35 228/947/35
f 608/2254/36 940/3757/36 937/3742/36
f 331/1306/37 737/2867/37 690/2653/37
f 228/947/38 219/908/38 222/924/38
f 694/2675/39 797/3151/39 326/1296/39
f 1033/4213/40 100/417/40 414/1625/40
f 214/887/41 222/924/41 219/908/41
f 397/1548/42 874/3474/42 102/425/42
f 164/688/43 1109/4580/43 717/2787/43
f 628/2350/44 853/3376/44 727/2832/44
f 666/2526/45 639/2390/45 613/2277/45
f 1047/4277/46 794/3141/46 528/1905/46
f 222/923/47 905/3605/47 193/813/47
f 841/3313/48 1084/4460/48 143/602/48
f 1099/4531/49 498/1826/49 1105/4558/49
f 1018/4139/50 157/662/50 172/734/50
f 312/1244/51 970/3897/51 818/3221/51
f 785/3087/52 978/3937/52 75/321/52
f 305/1225/53 768/3020/53 552/1975/53
f 1026/4177/54 172/733/54 82/350/54
f 632/2366/55 147/623/55 226/944/55
f 692/2662/56 694/2674/56 552/1974/56
f 201/845/57 565/2041/57 836/3291/57
f 72/311/58 494/1813/58 1056/4324/58
f 936/3737/59 938/3746/59 71/304/59
f 187/790/60 905/3605/60 222/922/60
f 857/3391/61 161/675/61 413/1618/61
f 29/127/62 414/1624/62 685/2629/62
f 222/922/63 202/849/63 187/790/63
f 3/16/64 755/2952/64 53/230/64
f 222/921/65 214/887/65 202/847/65
f 613/2276/66 928/3699/66 907/3612/66
f 999/4033/67 681/2604/67 137/580/67
f 505/1851/68 564/2036/68 171/725/68
f 943/3773/69 493/1809/69 497/1821/69
f 359/1399/70 296/1180/70 351/1367/70
f 1079/4435/71 1078/4430/71 1077/4426/71
f 708/2747/72 807/3180/72 1129/4664/72
f 905/3604/73 187/789/73 910/3623/73
f 1076/4419/74 217/903/74 954/3823/74
f 689/2648/75 22/104/75 7/36/75
f 563/2030/76 569/2060/76 564/2035/76
f 375/1481/77 368/1450/77 369/1455/77
f 179/752/78 910/3623/78 187/789/78
f 492/1803/79 493/1808/79 938/3745/79
f 911/3628/80 910/3623/80 135/570/80
f 179/752/81 135/570/81 910/3623/81
f 704/2732/82 663/2505/82 713/2769/82
f 695/2678/83 667/2528/83 155/655/83
f 5/22/84 983/3957/84 276/1100/84
f 867/3434/85 851/3367/85 183/773/85
f 939/3751/86 136/576/86 207/863/86
f 884/3521/87 178/749/87 1110/4582/87
f 966/3884/88 522/1886/88 392/1526/88
f 653/2457/89 1081/4447/89 196/825/89
f 798/3155/90 710/2757/90 53/229/90
f 947/3794/91 949/3802/91 979/3944/91
f 106/445/92 932/3719/92 301/1209/92
f 119/501/93 1100/4535/93 669/2542/93
f 869/3448/94 898/3578/94 21/96/94
f 579/2119/95 580/2126/95 654/2462/95
f 135/569/96 179/751/96 132/556/96
f 289/1160/97 1063/4356/97 181/760/97
f 524/1893/98 615/2286/98 103/433/98
f 187/788/99 184/774/99 179/750/99
f 317/1262/100 1069/4380/100 182/766/100
f 132/557/101 179/750/101 184/774/101
f 928/3698/102 788/3108/102 875/3481/102
f 668/2534/103 665/2520/103 370/1462/103
f 112/469/104 9/48/104 576/2100/104
f 280/1115/105 284/1140/105 285/1144/105
f 197/826/106 184/775/106 187/787/106
f 184/775/107 197/826/107 120/504/107
f 566/2045/108 560/2013/108 567/2050/108
f 202/848/109 197/829/109 187/787/109
f 997/4022/110 631/2362/110 825/3244/110
f 184/774/111 120/502/111 132/557/111
f 812/3198/112 1008/4084/112 816/3214/112
f 140/588/113 494/1812/113 854/3382/113
f 1089/4483/114 1046/4273/114 609/2259/114
f 1136/4703/115 1133/4686/115 1131/4676/115
f 208/865/116 202/847/116 214/887/116
f 216/898/117 1006/4074/117 1058/4332/117
f 791/3126/118 540/1935/118 585/2148/118
f 205/858/119 202/846/119 208/865/119
f 202/846/120 205/858/120 197/828/120
f 1067/4371/121 914/3641/121 752/2942/121
f 1037/4231/122 1036/4225/122 1053/4308/122
f 835/3285/123 390/1518/123 114/480/123
f 358/1393/124 84/359/124 1063/4355/124
f 205/858/125 208/865/125 209/867/125
f 213/883/126 208/864/126 214/886/126
f 208/864/127 213/883/127 209/867/127
f 947/3793/128 979/3943/128 945/3783/128
f 209/867/129 291/1164/129 205/858/129
f 197/827/130 205/858/130 291/1164/130
f 287/1151/131 1043/4256/131 610/2264/131
f 231/957/132 128/545/132 1044/4261/132
f 946/3789/133 42/179/133 15/73/133
f 94/397/134 1046/4273/134 1089/4482/134
f 291/1164/135 311/1242/135 197/827/135
f 1102/4547/136 449/1702/136 224/932/136
f 117/489/137 197/827/137 311/1242/137
f 790/3119/138 619/2309/138 1107/4572/138
f 879/3501/139 71/303/139 942/3768/139
f 725/2821/140 1117/4611/140 921/3673/140
f 117/491/141 87/371/141 120/503/141
f 120/503/142 197/826/142 117/491/142
f 590/2169/143 53/228/143 793/3134/143
f 109/458/144 87/371/144 117/490/144
f 591/2175/145 60/256/145 1090/4489/145
f 1015/4123/146 1014/4119/146 571/2076/146
f 519/1878/147 577/2108/147 871/3458/147
f 157/661/148 1018/4138/148 124/524/148
f 958/3841/149 246/1010/149 698/2701/149
f 87/371/150 109/458/150 88/372/150
f 742/2887/151 1028/4187/151 1096/4513/151
f 1008/4083/152 540/1934/152 220/915/152
f 249/1025/153 246/1009/153 958/3840/153
f 735/2859/154 973/3910/154 1050/4295/154
f 647/2424/155 842/3320/155 710/2756/155
f 916/3649/156 465/1746/156 740/2879/156
f 120/502/157 87/370/157 129/547/157
f 129/547/158 132/557/158 120/502/158
f 169/713/159 661/2495/159 1130/4669/159
f 174/741/160 675/2576/160 552/1973/160
f 157/660/161 124/523/161 990/3992/161
f 1035/4220/162 1014/4118/162 1015/4122/162
f 102/424/163 880/3507/163 641/2397/163
f 989/3984/164 846/3342/164 916/3648/164
f 87/369/165 44/187/165 129/547/165
f 1068/4374/166 644/2407/166 163/682/166
f 967/3885/167 826/3249/167 1068/4373/167
f 155/654/168 677/2582/168 695/2677/168
f 393/1532/169 301/1208/169 669/2541/169
f 44/187/170 87/369/170 77/329/170
f 719/2796/171 490/1798/171 13/63/171
f 299/1201/172 914/3640/172 399/1556/172
f 129/546/173 44/186/173 127/539/173
f 194/819/174 1087/4472/174 874/3473/174
f 77/327/175 87/369/175 88/373/175
f 127/539/176 134/564/176 129/546/176
f 132/556/177 129/546/177 134/564/177
f 749/2925/178 610/2263/178 1043/4255/178
f 610/2262/179 749/2924/179 875/3480/179
f 502/1842/180 191/808/180 841/3312/180
f 634/2369/181 637/2382/181 645/2414/181
f 297/1185/182 284/1139/182 283/1134/182
f 54/237/183 373/1475/183 365/1431/183
f 877/3489/184 771/3034/184 717/2786/184
f 346/1348/185 1073/4403/185 331/1305/185
f 43/183/186 44/185/186 77/328/186
f 399/1555/187 682/2612/187 50/213/187
f 897/3574/188 154/648/188 561/2021/188
f 1071/4392/189 750/2933/189 792/3128/189
f 170/718/190 348/1357/190 743/2891/190
f 77/328/191 81/345/191 43/183/191
f 399/1554/192 50/213/192 299/1200/192
f 603/2237/193 595/2203/193 607/2248/193
f 348/1356/194 170/717/194 1004/4065/194
f 1092/4497/195 649/2434/195 592/2182/195
f 17/81/196 569/2059/196 65/276/196
f 542/1943/197 130/553/197 389/1513/197
f 41/172/198 43/182/198 73/313/198
f 81/345/199 73/313/199 43/182/199
f 955/3828/200 968/3893/200 965/3879/200
f 14/65/201 696/2686/201 948/3796/201
f 133/562/202 49/207/202 448/1696/202
f 662/2498/203 1075/4415/203 1080/4442/203
f 1089/4481/204 609/2258/204 1009/4091/204
f 1009/4090/205 79/340/205 658/2479/205
f 944/3779/206 155/653/206 1050/4294/206
f 73/312/207 81/344/207 83/352/207
f 81/344/208 77/327/208 90/381/208
f 90/381/209 83/352/209 81/344/209
f 88/373/210 90/381/210 77/327/210
f 200/839/211 584/2142/211 705/2735/211
f 152/639/212 1044/4260/212 958/3839/212
f 277/1103/213 206/860/213 693/2669/213
f 72/310/214 558/2006/214 854/3381/214
f 1054/4313/215 1038/4238/215 1077/4425/215
f 308/1233/216 901/3592/216 358/1392/216
f 166/696/217 698/2700/217 831/3267/217
f 91/383/218 83/351/218 90/380/218
f 1109/4579/219 526/1900/219 878/3495/219
f 405/1578/220 58/249/220 600/2226/220
f 931/3714/221 1131/4675/221 1133/4685/221
f 717/2785/222 710/2755/222 842/3319/222
f 706/2743/223 932/3718/223 847/3348/223
f 88/372/224 105/439/224 90/379/224
f 936/3736/225 825/3243/225 896/3568/225
f 682/2611/226 399/1553/226 394/1537/226
f 91/382/227 90/378/227 99/412/227
f 105/439/228 88/372/228 109/458/228
f 101/420/229 99/412/229 90/378/229
f 90/378/230 105/439/230 101/420/230
f 289/1159/231 181/759/231 366/1439/231
f 641/2396/232 241/994/232 1063/4354/232
f 241/994/233 880/3506/233 181/758/233
f 363/1420/234 918/3661/234 1101/4540/234
f 715/2778/235 670/2548/235 726/2826/235
f 1002/4052/236 1010/4098/236 1037/4230/236
f 1012/4108/237 1010/4097/237 1003/4059/237
f 367/1445/238 380/1489/238 446/1683/238
f 259/1059/239 256/1053/239 811/3192/239
f 940/3756/240 686/2634/240 937/3741/240
f 109/457/241 117/489/241 313/1246/241
f 313/1246/242 105/438/242 109/457/242
f 311/1242/243 313/1246/243 117/489/243
f 66/280/244 164/687/244 765/3003/244
f 101/419/245 105/438/245 104/437/245
f 627/2346/246 1016/4130/246 878/3494/246
f 338/1320/247 519/1877/247 966/3883/247
f 1077/4424/248 1055/4320/248 1054/4312/248
f 633/2367/249 173/737/249 974/3914/249
f 221/920/250 601/2232/250 1051/4301/250
f 315/1249/251 104/437/251 105/438/251
f 315/1249/252 105/438/252 313/1245/252
f 861/3411/253 957/3835/253 955/3827/253
f 831/3266/254 29/126/254 166/695/254
f 1000/4040/255 684/2623/255 804/3174/255
f 316/1257/256 15/72/256 42/178/256
f 397/1547/257 869/3447/257 874/3472/257
f 104/436/258 315/1248/258 319/1270/258
f 954/3822/259 107/451/259 822/3232/259
f 154/647/260 897/3573/260 816/3213/260
f 310/1239/261 315/1248/261 313/1245/261
f 313/1245/262 311/1241/262 310/1239/262
f 323/1280/263 320/1271/263 322/1277/263
f 52/221/264 1049/4287/264 266/1076/264
f 322/1276/265 320/1271/265 325/1290/265
f 315/1248/266 310/1239/266 314/1247/266
f 314/1247/267 319/1270/267 315/1248/267
f 321/1272/268 320/1271/268 319/1270/268
f 319/1270/269 314/1247/269 321/1272/269
f 327/1297/270 325/1290/270 320/1271/270
f 320/1271/271 321/1272/271 327/1297/271
f 327/1297/272 330/1302/272 325/1290/272
f 331/1304/273 325/1290/273 330/1302/273
f 328/1298/274 327/1297/274 321/1272/274
f 330/1302/275 346/1346/275 331/1304/275
f 780/3064/276 864/3424/276 669/2540/276
f 625/2336/277 346/1347/277 345/1344/277
f 988/3980/278 1058/4331/278 1006/4073/278
f 878/3493/279 500/1833/279 627/2345/279
f 342/1328/280 345/1343/280 346/1346/280
f 346/1346/281 330/1302/281 342/1328/281
f 345/1343/282 342/1328/282 341/1327/282
f 10/54/283 1107/4571/283 1029/4194/283
f 6/28/284 344/1337/284 130/552/284
f 328/1298/285 330/1301/285 327/1297/285
f 335/1311/286 341/1327/286 342/1328/286
f 342/1328/287 330/1301/287 335/1311/287
f 341/1327/288 335/1311/288 340/1324/288
f 333/1309/289 335/1311/289 330/1301/289
f 330/1301/290 328/1298/290 333/1309/290
f 337/1314/291 340/1324/291 335/1311/291
f 335/1311/292 333/1309/292 337/1314/292
f 348/1355/293 340/1324/293 347/1350/293
f 334/1310/294 337/1314/294 333/1309/294
f 349/1358/295 347/1350/295 340/1324/295
f 329/1299/296 333/1309/296 328/1298/296
f 333/1309/297 329/1299/297 334/1310/297
f 337/1314/298 339/1321/298 340/1324/298
f 349/1358/299 340/1324/299 339/1321/299
f 334/1310/300 336/1312/300 337/1314/300
f 339/1321/301 337/1314/301 336/1312/301
f 1132/4681/302 770/3029/302 1131/4674/302
f 321/1272/303 329/1300/303 328/1298/303
f 329/1300/304 321/1272/304 314/1247/304
f 996/4018/305 998/4027/305 1002/4051/305
f 329/1300/306 314/1247/306 307/1228/306
f 307/1229/307 334/1310/307 329/1299/307
f 131/555/308 218/905/308 818/3220/308
f 307/1229/309 336/1313/309 334/1310/309
f 748/2918/310 682/2610/310 123/518/310
f 755/2951/311 3/15/311 597/2216/311
f 336/1313/312 307/1229/312 304/1219/312
f 310/1240/313 307/1228/313 314/1247/313
f 574/2093/314 675/2575/314 1029/4193/314
f 988/3979/315 75/320/315 210/871/315
f 310/1240/316 304/1220/316 307/1228/316
f 371/1467/317 991/4000/317 1091/4495/317
f 1115/4598/318 581/2128/318 799/3156/318
f 304/1221/319 310/1239/319 311/1241/319
f 304/1221/320 311/1241/320 291/1163/320
f 908/3617/321 835/3284/321 963/3865/321
f 957/3834/322 834/3279/322 959/3845/322
f 210/871/323 370/1461/323 665/2519/323
f 293/1167/324 304/1220/324 291/1163/324
f 154/646/325 1008/4082/325 1084/4459/325
f 291/1163/326 288/1152/326 293/1167/326
f 209/866/327 288/1152/327 291/1162/327
f 302/1211/328 304/1219/328 293/1167/328
f 304/1219/329 302/1211/329 336/1313/329
f 290/1161/330 293/1167/330 288/1152/330
f 293/1167/331 290/1161/331 302/1211/331
f 288/1152/332 209/866/332 286/1145/332
f 288/1152/333 286/1145/333 290/1161/333
f 213/883/334 286/1145/334 209/866/334
f 206/859/335 1042/4250/335 693/2668/335
f 220/914/336 1084/4458/336 1008/4081/336
f 295/1173/337 302/1211/337 290/1161/337
f 394/1536/338 1130/4668/338 661/2494/338
f 292/1166/339 290/1161/339 286/1145/339
f 290/1161/340 292/1166/340 295/1173/340
f 286/1145/341 213/883/341 285/1143/341
f 213/883/342 214/886/342 285/1143/342
f 292/1166/343 286/1145/343 294/1171/343
f 285/1143/344 294/1171/344 286/1145/344
f 1088/4478/345 92/389/345 764/2995/345
f 639/2389/346 231/956/346 1088/4478/346
f 292/1165/347 356/1383/347 295/1173/347
f 1095/4511/348 146/617/348 740/2878/348
f 292/1165/349 294/1170/349 356/1383/349
f 791/3125/350 1101/4539/350 918/3660/350
f 986/3966/351 190/802/351 1027/4183/351
f 600/2225/352 794/3140/352 405/1577/352
f 294/1171/353 285/1143/353 284/1138/353
f 295/1172/354 354/1376/354 302/1210/354
f 934/3728/355 553/1981/355 660/2488/355
f 354/1376/356 295/1172/356 356/1384/356
f 298/1192/357 356/1383/357 294/1170/357
f 660/2487/358 626/2341/358 934/3727/358
f 352/1369/359 302/1210/359 354/1376/359
f 352/1369/360 336/1312/360 302/1210/360
f 336/1312/361 352/1369/361 339/1321/361
f 935/3731/362 592/2181/362 810/3186/362
f 30/131/363 225/939/363 82/349/363
f 471/1757/364 869/3446/364 635/2373/364
f 1006/4072/365 785/3086/365 988/3978/365
f 729/2839/366 692/2661/366 1107/4570/366
f 352/1368/367 349/1359/367 339/1321/367
f 175/745/368 232/964/368 930/3708/368
f 354/1375/369 353/1373/369 352/1368/369
f 349/1359/370 352/1368/370 353/1373/370
f 761/2978/371 614/2284/371 894/3560/371
f 349/1359/372 353/1373/372 350/1360/372
f 347/1350/373 349/1358/373 350/1360/373
f 1073/4402/374 45/193/374 737/2866/374
f 356/1382/375 353/1374/375 354/1375/375
f 355/1380/376 350/1360/376 353/1373/376
f 631/2361/377 896/3567/377 825/3242/377
f 350/1360/378 461/1738/378 347/1350/378
f 453/1718/379 347/1350/379 461/1738/379
f 355/1380/380 460/1737/380 350/1360/380
f 461/1738/381 350/1360/381 460/1737/381
f 875/3479/382 9/47/382 928/3697/382
f 720/2801/383 287/1150/383 788/3107/383
f 461/1738/384 462/1739/384 453/1718/384
f 743/2890/385 453/1718/385 462/1739/385
f 743/2890/386 462/1739/386 571/2075/386
f 70/296/387 571/2075/387 462/1739/387
f 460/1737/388 459/1736/388 461/1738/388
f 461/1738/389 459/1736/389 462/1739/389
f 462/1739/390 463/1740/390 70/296/390
f 463/1740/391 462/1739/391 459/1736/391
f 822/3231/392 70/296/392 463/1740/392
f 460/1737/393 455/1727/393 459/1736/393
f 455/1727/394 460/1737/394 355/1379/394
f 463/1740/395 464/1741/395 822/3231/395
f 954/3821/396 822/3231/396 464/1741/396
f 459/1736/397 457/1729/397 463/1740/397
f 464/1741/398 463/1740/398 457/1729/398
f 464/1741/399 466/1747/399 954/3821/399
f 1076/4418/400 954/3821/400 466/1747/400
f 457/1729/401 467/1748/401 464/1741/401
f 466/1747/402 464/1741/402 467/1748/402
f 459/1736/403 456/1728/403 457/1729/403
f 456/1728/404 459/1736/404 455/1727/404
f 466/1747/405 468/1750/405 1076/4418/405
f 912/3632/406 1076/4418/406 468/1750/406
f 345/1342/407 996/4017/407 625/2335/407
f 468/1750/408 466/1747/408 467/1749/408
f 468/1750/409 470/1753/409 912/3632/409
f 709/2750/410 912/3632/410 470/1753/410
f 467/1749/411 469/1751/411 468/1750/411
f 470/1753/412 468/1750/412 469/1751/412
f 470/1753/413 472/1760/413 709/2750/413
f 1058/4330/414 709/2750/414 472/1760/414
f 266/1075/415 892/3552/415 52/220/415
f 771/3033/416 164/686/416 717/2784/416
f 472/1760/417 474/1766/417 1058/4330/417
f 216/897/418 1058/4330/418 474/1766/418
f 470/1752/419 474/1765/419 472/1760/419
f 873/3468/420 324/1287/420 901/3591/420
f 474/1766/421 477/1769/421 216/897/421
f 1049/4286/422 216/897/422 477/1769/422
f 371/1466/423 1106/4563/423 1045/4267/423
f 477/1769/424 474/1766/424 476/1768/424
f 717/2783/425 759/2967/425 877/3488/425
f 793/3133/426 1016/4129/426 590/2168/426
f 476/1768/427 479/1771/427 477/1769/427
f 1049/4284/428 477/1769/428 479/1771/428
f 30/130/429 157/659/429 225/938/429
f 266/1074/430 1049/4285/430 482/1777/430
f 266/1074/431 482/1777/431 1134/4690/431
f 482/1777/432 1049/4284/432 484/1779/432
f 479/1771/433 484/1779/433 1049/4284/433
f 483/1778/434 1134/4690/434 482/1777/434
f 482/1777/435 484/1779/435 483/1778/435
f 1134/4690/436 483/1778/436 62/264/436
f 484/1779/437 479/1771/437 486/1785/437
f 489/1793/438 62/264/438 483/1778/438
f 488/1789/439 483/1778/439 484/1779/439
f 484/1779/440 486/1785/440 488/1789/440
f 489/1793/441 483/1778/441 488/1790/441
f 943/3772/442 920/3671/442 879/3500/442
f 1029/4192/443 892/3551/443 1134/4689/443
f 254/1048/444 274/1091/444 253/1043/444
f 168/706/445 797/3150/445 392/1525/445
f 489/1792/446 344/1336/446 62/263/446
f 348/1354/447 1004/4064/447 621/2320/447
f 106/444/448 510/1861/448 837/3298/448
f 114/479/449 558/2005/449 891/3546/449
f 492/1802/450 344/1336/450 489/1791/450
f 492/1802/451 489/1791/451 493/1807/451
f 489/1791/452 488/1790/452 493/1806/452
f 1081/4446/453 537/1924/453 781/3068/453
f 495/1815/454 493/1806/454 488/1790/454
f 1003/4058/455 621/2319/455 1004/4063/455
f 656/2468/456 27/120/456 886/3524/456
f 493/1806/457 495/1815/457 497/1820/457
f 882/3514/458 85/365/458 816/3212/458
f 1044/4259/459 498/1825/459 1021/4157/459
f 495/1814/460 488/1789/460 486/1785/460
f 499/1828/461 497/1820/461 495/1815/461
f 498/1825/462 1044/4259/462 128/544/462
f 1085/4462/463 412/1611/463 730/2841/463
f 497/1820/464 499/1828/464 501/1835/464
f 526/1899/465 500/1832/465 878/3492/465
f 282/1127/466 274/1090/466 275/1095/466
f 495/1814/467 486/1785/467 499/1827/467
f 503/1843/468 501/1835/468 499/1828/468
f 8/42/469 82/348/469 225/937/469
f 402/1568/470 147/622/470 837/3297/470
f 501/1835/471 503/1843/471 504/1844/471
f 505/1846/472 501/1834/472 504/1844/472
f 508/1854/473 503/1843/473 499/1827/473
f 504/1844/474 560/2012/474 505/1846/474
f 72/309/475 891/3545/475 558/2004/475
f 858/3399/476 182/765/476 608/2253/476
f 749/2923/477 561/2020/477 161/674/477
f 564/2034/478 505/1850/478 560/2011/478
f 504/1845/479 503/1843/479 509/1855/479
f 508/1854/480 509/1855/480 503/1843/480
f 317/1261/481 39/166/481 594/2192/481
f 509/1855/482 511/1862/482 504/1845/482
f 560/2012/483 504/1844/483 559/2008/483
f 511/1862/484 559/2008/484 504/1844/484
f 448/1695/485 458/1735/485 8/41/485
f 797/3149/486 1070/4390/486 225/936/486
f 559/2008/487 511/1862/487 556/1992/487
f 684/2622/488 1000/4039/488 681/2603/488
f 626/2340/489 660/2486/489 761/2977/489
f 559/2007/490 567/2049/490 560/2011/490
f 550/1965/491 556/1992/491 511/1862/491
f 556/1991/492 655/2466/492 559/2007/492
f 567/2049/493 559/2007/493 655/2466/493
f 626/2340/494 761/2976/494 429/1660/494
f 556/1992/495 550/1965/495 554/1984/495
f 556/1991/496 782/3073/496 655/2466/496
f 782/3073/497 556/1991/497 554/1984/497
f 550/1965/498 511/1862/498 513/1864/498
f 509/1855/499 513/1864/499 511/1862/499
f 143/601/500 220/913/500 918/3659/500
f 513/1864/501 548/1962/501 550/1965/501
f 554/1983/502 550/1965/502 548/1962/502
f 509/1855/503 512/1863/503 513/1864/503
f 826/3248/504 539/1929/504 593/2187/504
f 554/1984/505 783/3074/505 782/3073/505
f 513/1864/506 520/1879/506 548/1962/506
f 520/1879/507 513/1864/507 512/1863/507
f 548/1962/508 551/1967/508 554/1983/508
f 152/638/509 166/694/509 1088/4477/509
f 1016/4128/510 793/3132/510 878/3491/510
f 783/3075/511 554/1983/511 551/1967/511
f 212/882/512 318/1268/512 366/1438/512
f 958/3838/513 1021/4156/513 249/1024/513
f 551/1967/514 777/3054/514 783/3075/514
f 54/236/515 389/1512/515 130/551/515
f 1103/4550/516 590/2167/516 1016/4127/516
f 775/3044/517 783/3075/517 777/3054/517
f 285/1142/518 239/986/518 280/1114/518
f 783/3074/519 775/3045/519 778/3057/519
f 778/3057/520 782/3073/520 783/3074/520
f 217/902/521 1076/4417/521 802/3166/521
f 890/3540/522 370/1460/522 408/1588/522
f 775/3045/523 772/3035/523 778/3056/523
f 778/3057/524 763/2988/524 782/3073/524
f 858/3398/525 608/2252/525 18/88/525
f 714/2773/526 981/3948/526 61/258/526
f 740/2877/527 465/1745/527 1095/4510/527
f 772/3036/528 775/3044/528 777/3053/528
f 465/1744/529 846/3341/529 679/2591/529
f 779/3058/530 777/3054/530 551/1966/530
f 777/3053/531 983/3956/531 772/3036/531
f 5/21/532 772/3036/532 983/3956/532
f 699/2709/533 722/2814/533 661/2493/533
f 236/975/534 577/2107/534 1101/4538/534
f 777/3053/535 779/3059/535 983/3956/535
f 318/1267/536 303/1217/536 366/1437/536
f 537/1923/537 983/3956/537 779/3059/537
f 537/1923/538 779/3059/538 781/3067/538
f 772/3035/539 5/20/539 769/3023/539
f 362/1415/540 769/3023/540 5/20/540
f 769/3023/541 778/3056/541 772/3035/541
f 362/1415/542 596/2211/542 769/3023/542
f 982/3953/543 987/3972/543 964/3873/543
f 303/1216/544 318/1266/544 860/3407/544
f 15/71/545 587/2155/545 673/2562/545
f 724/2819/546 853/3375/546 765/3002/546
f 724/2818/547 765/3001/547 599/2222/547
f 549/1964/548 196/824/548 781/3066/548
f 196/824/549 549/1964/549 480/1775/549
f 549/1963/550 781/3066/550 779/3058/550
f 1121/4631/551 710/2754/551 1109/4578/551
f 779/3058/552 551/1966/552 549/1963/552
f 547/1960/553 480/1775/553 549/1964/553
f 596/2210/554 760/2971/554 756/2957/554
f 549/1964/555 544/1950/555 547/1960/555
f 544/1949/556 549/1963/556 551/1966/556
f 211/877/557 558/2003/557 45/192/557
f 547/1960/558 1126/4650/558 480/1775/558
f 361/1411/559 298/1191/559 297/1184/559
f 68/289/560 1104/4552/560 122/513/560
f 500/1831/561 767/3012/561 706/2742/561
f 373/1474/562 654/2461/562 572/2082/562
f 687/2636/563 899/3583/563 38/160/563
f 541/1937/564 544/1949/564 551/1966/564
f 737/2865/565 331/1303/565 1073/4401/565
f 555/1990/566 224/931/566 502/1841/566
f 548/1961/567 541/1936/567 551/1966/567
f 548/1961/568 520/1879/568 541/1936/568
f 525/1895/569 544/1948/569 541/1937/569
f 45/191/570 1073/4400/570 211/876/570
f 521/1880/571 541/1936/571 520/1879/571
f 523/1888/572 525/1895/572 541/1936/572
f 541/1936/573 521/1880/573 523/1888/573
f 521/1880/574 520/1879/574 518/1872/574
f 521/1880/575 518/1872/575 523/1888/575
f 512/1863/576 518/1872/576 520/1879/576
f 1111/4588/577 996/4016/577 829/3259/577
f 518/1872/578 512/1863/578 514/1865/578
f 1066/4367/579 1065/4362/579 1048/4282/579
f 916/3647/580 303/1215/580 989/3983/580
f 518/1871/581 517/1870/581 523/1888/581
f 1084/4457/582 841/3311/582 561/2019/582
f 518/1871/583 514/1865/583 515/1866/583
f 518/1871/584 515/1866/584 517/1870/584
f 507/1853/585 514/1865/585 512/1863/585
f 512/1863/586 509/1855/586 507/1853/586
f 508/1854/587 507/1853/587 509/1855/587
f 508/1854/588 499/1827/588 507/1853/588
f 506/1852/589 507/1853/589 499/1827/589
f 506/1852/590 499/1827/590 486/1785/590
f 507/1853/591 506/1852/591 481/1776/591
f 506/1852/592 486/1785/592 481/1776/592
f 514/1865/593 507/1853/593 438/1669/593
f 481/1776/594 438/1669/594 507/1853/594
f 438/1669/595 515/1866/595 514/1865/595
f 478/1770/596 481/1776/596 486/1785/596
f 478/1770/597 486/1785/597 479/1771/597
f 479/1771/598 476/1768/598 478/1770/598
f 481/1776/599 478/1770/599 437/1668/599
f 481/1776/600 437/1668/600 438/1669/600
f 475/1767/601 478/1770/601 476/1768/601
f 475/1767/602 437/1668/602 478/1770/602
f 476/1768/603 474/1765/603 475/1767/603
f 440/1671/604 475/1767/604 474/1765/604
f 475/1767/605 440/1671/605 437/1668/605
f 474/1765/606 470/1752/606 440/1671/606
f 443/1674/607 440/1671/607 470/1752/607
f 470/1752/608 469/1751/608 443/1674/608
f 436/1667/609 437/1668/609 440/1671/609
f 440/1671/610 443/1674/610 436/1667/610
f 444/1676/611 443/1674/611 469/1751/611
f 469/1751/612 467/1749/612 444/1676/612
f 439/1670/613 436/1667/613 443/1674/613
f 443/1674/614 444/1676/614 439/1670/614
f 574/2092/615 552/1972/615 675/2574/615
f 790/3118/616 10/53/616 6/27/616
f 442/1673/617 439/1670/617 444/1676/617
f 326/1295/618 552/1971/618 694/2673/618
f 450/1704/619 444/1675/619 467/1748/619
f 467/1748/620 457/1729/620 450/1704/620
f 445/1677/621 442/1673/621 444/1675/621
f 444/1675/622 450/1704/622 445/1677/622
f 717/2782/623 1109/4577/623 710/2753/623
f 450/1703/624 457/1729/624 456/1728/624
f 704/2731/625 722/2813/625 699/2708/625
f 526/1898/626 164/685/626 66/279/626
f 456/1728/627 451/1710/627 450/1703/627
f 456/1728/628 455/1727/628 451/1710/628
f 451/1709/629 445/1678/629 450/1703/629
f 1132/4680/630 232/963/630 770/3028/630
f 451/1709/631 446/1682/631 445/1678/631
f 225/935/632 990/3991/632 797/3148/632
f 685/2628/633 166/693/633 29/125/633
f 891/3544/634 447/1689/634 114/478/634
f 441/1672/635 445/1677/635 446/1681/635
f 445/1677/636 441/1672/636 442/1673/636
f 858/3397/637 770/3027/637 232/962/637
f 446/1681/638 380/1488/638 441/1672/638
f 434/1665/639 442/1673/639 441/1672/639
f 442/1673/640 434/1665/640 439/1670/640
f 1113/4593/641 756/2956/641 657/2473/641
f 441/1672/642 380/1487/642 434/1665/642
f 433/1664/643 439/1670/643 434/1665/643
f 439/1670/644 433/1664/644 436/1667/644
f 431/1662/645 434/1665/645 380/1487/645
f 434/1665/646 431/1662/646 433/1664/646
f 432/1663/647 436/1667/647 433/1664/647
f 436/1667/648 432/1663/648 437/1668/648
f 430/1661/649 433/1664/649 431/1662/649
f 433/1664/650 430/1661/650 432/1663/650
f 431/1662/651 380/1487/651 377/1483/651
f 431/1662/652 377/1483/652 430/1661/652
f 435/1666/653 437/1668/653 432/1663/653
f 435/1666/654 438/1669/654 437/1668/654
f 426/1652/655 432/1663/655 430/1661/655
f 435/1666/656 427/1653/656 438/1669/656
f 515/1866/657 438/1669/657 427/1653/657
f 432/1663/658 426/1651/658 435/1666/658
f 427/1653/659 435/1666/659 426/1651/659
f 933/3723/660 416/1632/660 825/3241/660
f 515/1866/661 427/1653/661 425/1650/661
f 425/1650/662 517/1870/662 515/1866/662
f 427/1653/663 426/1651/663 422/1642/663
f 422/1642/664 425/1650/664 427/1653/664
f 614/2283/665 734/2857/665 76/326/665
f 430/1661/666 428/1654/666 426/1652/666
f 424/1649/667 426/1652/667 428/1654/667
f 428/1654/668 430/1661/668 377/1483/668
f 421/1641/669 426/1651/669 424/1649/669
f 421/1641/670 422/1642/670 426/1651/670
f 789/3113/671 653/2456/671 480/1774/671
f 480/1773/672 1126/4651/672 789/3112/672
f 428/1654/673 377/1483/673 378/1484/673
f 378/1484/674 424/1648/674 428/1654/674
f 902/3597/675 471/1756/675 303/1214/675
f 303/1213/676 860/3406/676 902/3596/676
f 419/1637/677 422/1642/677 421/1640/677
f 422/1642/678 419/1637/678 425/1650/678
f 421/1640/679 424/1648/679 383/1496/679
f 420/1639/680 425/1650/680 419/1637/680
f 425/1650/681 420/1639/681 517/1870/681
f 215/893/682 113/474/682 204/857/682
f 383/1496/683 419/1636/683 421/1640/683
f 1133/4684/684 851/3366/684 931/3713/684
f 204/857/685 126/537/685 1025/4171/685
f 454/1724/686 353/1372/686 298/1190/686
f 606/2246/687 920/3670/687 505/1849/687
f 1131/4673/688 931/3712/688 1132/4679/688
f 517/1869/689 420/1639/689 418/1635/689
f 420/1638/690 419/1636/690 406/1580/690
f 418/1635/691 420/1638/691 409/1591/691
f 406/1580/692 409/1591/692 420/1638/692
f 418/1635/693 417/1634/693 517/1869/693
f 403/1570/694 406/1580/694 419/1636/694
f 419/1636/695 383/1496/695 403/1570/695
f 527/1901/696 523/1887/696 517/1869/696
f 527/1901/697 517/1869/697 417/1634/697
f 523/1887/698 527/1901/698 525/1894/698
f 1095/4509/699 201/844/699 146/616/699
f 857/3390/700 413/1617/700 576/2099/700
f 417/1634/701 530/1907/701 527/1901/701
f 547/1959/702 544/1948/702 525/1894/702
f 429/1659/703 112/468/703 626/2339/703
f 531/1908/704 525/1894/704 527/1901/704
f 531/1908/705 527/1901/705 530/1907/705
f 547/1959/706 525/1894/706 534/1916/706
f 531/1908/707 534/1916/707 525/1894/707
f 990/3990/708 883/3520/708 392/1524/708
f 534/1916/709 538/1925/709 547/1959/709
f 538/1925/710 1126/4650/710 547/1958/710
f 534/1916/711 531/1908/711 535/1918/711
f 530/1907/712 535/1918/712 531/1908/712
f 538/1925/713 534/1916/713 536/1919/713
f 538/1925/714 536/1919/714 1126/4650/714
f 535/1918/715 536/1919/715 534/1916/715
f 530/1907/716 529/1906/716 535/1918/716
f 530/1907/717 417/1634/717 529/1906/717
f 174/740/718 768/3019/718 812/3197/718
f 305/1224/719 552/1970/719 326/1294/719
f 69/292/720 1126/4650/720 536/1919/720
f 82/347/721 172/732/721 30/129/721
f 1124/4641/722 1126/4649/722 69/292/722
f 636/2379/723 844/3331/723 386/1505/723
f 103/432/724 946/3788/724 78/336/724
f 841/3310/725 143/600/725 502/1840/725
f 536/1919/726 19/89/726 69/292/726
f 19/89/727 536/1919/727 535/1917/727
f 19/89/728 535/1917/728 20/90/728
f 795/3142/729 20/90/729 535/1917/729
f 20/90/730 795/3142/730 796/3144/730
f 795/3142/731 535/1917/731 533/1915/731
f 529/1906/732 533/1915/732 535/1917/732
f 800/3158/733 796/3144/733 795/3142/733
f 795/3142/734 533/1915/734 800/3158/734
f 8/40/735 225/934/735 1070/4389/735
f 529/1906/736 417/1633/736 533/1915/736
f 557/1998/737 449/1701/737 734/2856/737
f 897/3572/738 1043/4254/738 978/3936/738
f 409/1591/739 417/1633/739 418/1635/739
f 415/1626/740 533/1915/740 417/1633/740
f 417/1633/741 409/1591/741 415/1626/741
f 533/1915/742 415/1626/742 801/3160/742
f 801/3160/743 800/3158/743 533/1915/743
f 802/3165/744 912/3631/744 988/3977/744
f 912/3630/745 802/3164/745 1076/4416/745
f 805/3175/746 801/3160/746 415/1626/746
f 415/1626/747 409/1590/747 805/3175/747
f 1051/4300/748 558/2002/748 390/1517/748
f 686/2633/749 950/3807/749 21/95/749
f 1120/4627/750 844/3330/750 115/486/750
f 798/3154/751 53/227/751 1011/4105/751
f 800/3157/752 820/3226/752 796/3143/752
f 800/3157/753 801/3159/753 820/3226/753
f 803/3168/754 796/3143/754 820/3226/754
f 1/5/755 680/2598/755 908/3616/755
f 674/2568/756 666/2525/756 907/3611/756
f 170/716/757 743/2889/757 571/2074/757
f 801/3159/758 805/3176/758 819/3222/758
f 819/3222/759 820/3226/759 801/3159/759
f 262/1066/760 787/3101/760 265/1072/760
f 821/3228/761 803/3167/761 820/3225/761
f 680/2597/762 402/1567/762 837/3296/762
f 710/2752/763 798/3153/763 647/2423/763
f 239/985/764 285/1141/764 214/885/764
f 761/2975/765 787/3100/765 532/1914/765
f 39/165/766 317/1260/766 182/764/766
f 823/3234/767 821/3227/767 820/3225/767
f 820/3225/768 819/3223/768 823/3234/768
f 585/2147/769 871/3457/769 791/3124/769
f 60/255/770 94/396/770 658/2478/770
f 809/3184/771 817/3217/771 819/3224/771
f 824/3236/772 823/3234/772 819/3223/772
f 819/3223/773 817/3217/773 824/3236/773
f 537/1922/774 1081/4445/774 786/3095/774
f 809/3183/775 819/3222/775 805/3176/775
f 817/3217/776 809/3184/776 815/3205/776
f 805/3176/777 808/3182/777 809/3183/777
f 565/2040/778 201/843/778 1094/4506/778
f 834/3278/779 957/3833/779 861/3410/779
f 359/1398/780 485/1784/780 296/1179/780
f 53/226/781 590/2166/781 3/14/781
f 808/3181/782 815/3206/782 809/3183/782
f 409/1589/783 808/3182/783 805/3175/783
f 694/2672/784 692/2660/784 623/2328/784
f 409/1589/785 404/1572/785 808/3182/785
f 686/2632/786 940/3755/786 950/3806/786
f 404/1572/787 409/1589/787 406/1579/787
f 937/3740/788 873/3467/788 608/2251/788
f 822/3230/789 849/3357/789 70/295/789
f 368/1449/790 367/1444/790 361/1410/790
f 1091/4494/791 720/2800/791 788/3106/791
f 404/1572/792 406/1579/792 401/1563/792
f 914/3639/793 299/1199/793 108/456/793
f 653/2455/794 786/3094/794 1081/4444/794
f 403/1569/795 401/1563/795 406/1579/795
f 196/823/796 480/1772/796 653/2455/796
f 387/1506/797 403/1570/797 383/1496/797
f 403/1569/798 391/1520/798 401/1563/798
f 391/1520/799 403/1569/799 387/1506/799
f 387/1506/800 383/1496/800 381/1490/800
f 1100/4534/801 322/1275/801 46/199/801
f 379/1485/802 381/1490/802 383/1496/802
f 379/1485/803 383/1496/803 424/1648/803
f 391/1520/804 387/1506/804 384/1497/804
f 381/1490/805 384/1497/805 387/1506/805
f 379/1485/806 424/1648/806 376/1482/806
f 378/1484/807 376/1482/807 424/1648/807
f 381/1490/808 379/1485/808 270/1080/808
f 376/1482/809 270/1080/809 379/1485/809
f 378/1484/810 374/1476/810 376/1482/810
f 374/1476/811 378/1484/811 377/1483/811
f 376/1482/812 272/1084/812 270/1080/812
f 272/1084/813 376/1482/813 374/1476/813
f 270/1080/814 267/1077/814 381/1490/814
f 384/1497/815 381/1490/815 267/1077/815
f 268/1078/816 270/1080/816 272/1084/816
f 270/1080/817 268/1078/817 267/1077/817
f 377/1483/818 375/1480/818 374/1476/818
f 375/1480/819 377/1483/819 380/1487/819
f 181/757/820 212/881/820 366/1436/820
f 272/1084/821 374/1476/821 273/1085/821
f 372/1468/822 374/1476/822 375/1480/822
f 372/1468/823 273/1085/823 374/1476/823
f 256/1052/824 252/1037/824 746/2911/824
f 811/3191/825 746/2910/825 1099/4530/825
f 273/1085/826 269/1079/826 272/1084/826
f 268/1078/827 272/1084/827 269/1079/827
f 273/1085/828 372/1468/828 275/1094/828
f 269/1079/829 273/1085/829 271/1083/829
f 275/1094/830 271/1083/830 273/1085/830
f 269/1079/831 260/1060/831 268/1078/831
f 369/1454/832 275/1094/832 372/1468/832
f 369/1454/833 372/1468/833 375/1479/833
f 263/1067/834 268/1078/834 260/1060/834
f 263/1067/835 267/1077/835 268/1078/835
f 260/1060/836 269/1079/836 257/1054/836
f 271/1083/837 257/1054/837 269/1079/837
f 260/1060/838 258/1055/838 263/1067/838
f 257/1054/839 255/1049/839 260/1060/839
f 258/1055/840 260/1060/840 255/1049/840
f 257/1054/841 271/1083/841 254/1047/841
f 255/1049/842 256/1051/842 258/1055/842
f 256/1051/843 255/1049/843 252/1036/843
f 259/1058/844 258/1055/844 256/1051/844
f 251/1033/845 252/1036/845 255/1049/845
f 255/1049/846 257/1054/846 251/1033/846
f 254/1047/847 251/1033/847 257/1054/847
f 252/1036/848 251/1033/848 249/1023/848
f 258/1055/849 259/1058/849 261/1061/849
f 261/1061/850 263/1067/850 258/1055/850
f 262/1065/851 261/1061/851 259/1058/851
f 1133/4683/852 183/772/852 851/3365/852
f 261/1061/853 264/1069/853 263/1067/853
f 264/1069/854 261/1061/854 262/1064/854
f 267/1077/855 263/1067/855 264/1069/855
f 262/1064/856 265/1071/856 264/1069/856
f 65/275/857 573/2088/857 579/2118/857
f 1030/4200/858 510/1860/858 393/1531/858
f 33/143/859 267/1077/859 264/1068/859
f 267/1077/860 33/143/860 384/1497/860
f 385/1498/861 384/1497/861 33/143/861
f 385/1498/862 35/149/862 384/1497/862
f 388/1508/863 384/1497/863 35/149/863
f 384/1497/864 388/1508/864 391/1520/864
f 738/2872/865 690/2652/865 737/2864/865
f 1045/4266/866 1120/4626/866 64/271/866
f 978/3935/867 785/3085/867 816/3211/867
f 35/148/868 395/1540/868 388/1507/868
f 168/705/869 392/1523/869 522/1885/869
f 647/2422/870 215/892/870 842/3318/870
f 398/1550/871 388/1507/871 395/1540/871
f 388/1507/872 398/1550/872 391/1519/872
f 649/2433/873 86/368/873 592/2180/873
f 284/1137/874 280/1113/874 281/1122/874
f 251/1032/875 254/1046/875 248/1019/875
f 391/1519/876 396/1542/876 401/1562/876
f 396/1542/877 391/1519/877 398/1550/877
f 401/1562/878 814/3204/878 404/1571/878
f 814/3204/879 401/1562/879 396/1542/879
f 813/3201/880 404/1571/880 814/3204/880
f 813/3201/881 808/3181/881 404/1571/881
f 616/2289/882 617/2299/882 611/2266/882
f 574/2091/883 1029/4191/883 1107/4569/883
f 815/3206/884 808/3181/884 813/3200/884
f 961/3853/885 987/3971/885 960/3849/885
f 454/1723/886 355/1378/886 353/1371/886
f 1074/4408/887 92/388/887 844/3329/887
f 648/2431/888 390/1516/888 835/3283/888
f 400/1561/889 1070/4388/889 623/2327/889
f 1130/4667/890 394/1535/890 399/1552/890
f 847/3347/891 1016/4126/891 627/2344/891
f 726/2825/892 745/2905/892 1097/4519/892
f 396/1541/893 859/3402/893 814/3203/893
f 690/2651/894 46/198/894 325/1289/894
f 370/1459/895 741/2885/895 668/2533/895
f 766/3005/896 730/2840/896 412/1610/896
f 373/1473/897 572/2081/897 186/786/897
f 110/462/898 199/837/898 727/2831/898
f 154/645/899 816/3210/899 1008/4080/899
f 1136/4702/900 1131/4672/900 98/411/900
f 859/3402/901 396/1541/901 398/1549/901
f 395/1538/902 855/3384/902 398/1549/902
f 395/1538/903 850/3358/903 855/3384/903
f 398/1549/904 855/3385/904 859/3402/904
f 115/485/905 963/3864/905 1120/4625/905
f 901/3590/906 866/3431/906 873/3466/906
f 852/3370/907 855/3384/907 850/3358/907
f 169/712/908 914/3638/908 1067/4370/908
f 103/431/909 78/335/909 752/2941/909
f 750/2932/910 28/123/910 96/403/910
f 846/3340/911 1102/4546/911 679/2590/911
f 1019/4146/912 1038/4237/912 1054/4311/912
f 797/3147/913 168/704/913 326/1293/913
f 788/3105/914 928/3696/914 1106/4562/914
f 859/3401/915 855/3383/915 843/3324/915
f 852/3370/916 843/3324/916 855/3383/916
f 972/3908/917 975/3919/917 952/3814/917
f 510/1859/918 221/919/918 648/2430/918
f 1030/4199/919 738/2871/919 601/2231/919
f 850/3358/920 848/3351/920 852/3369/920
f 979/3942/921 964/3872/921 945/3782/921
f 814/3202/922 859/3400/922 843/3321/922
f 563/2029/923 566/2044/923 570/2068/923
f 959/3844/924 960/3848/924 968/3892/924
f 591/2174/925 995/4012/925 1135/4698/925
f 224/930/926 555/1989/926 1094/4505/926
f 1032/4206/927 1010/4096/927 1012/4106/927
f 852/3368/928 848/3351/928 962/3857/928
f 962/3857/929 961/3852/929 852/3368/929
f 961/3851/930 843/3323/930 852/3368/930
f 1001/4046/931 78/334/931 946/3787/931
f 585/2146/932 768/3018/932 168/703/932
f 4/17/933 695/2676/933 677/2581/933
f 843/3322/934 961/3851/934 960/3847/934
f 25/114/935 1072/4397/935 188/792/935
f 960/3847/936 959/3843/936 843/3322/936
f 830/3261/937 843/3322/937 959/3843/937
f 338/1319/938 299/1198/938 840/3308/938
f 959/3843/939 834/3277/939 830/3261/939
f 971/3903/940 22/103/940 619/2308/940
f 843/3321/941 830/3260/941 814/3202/941
f 813/3199/942 814/3202/942 830/3260/942
f 827/3250/943 830/3261/943 834/3277/943
f 38/159/944 491/1799/944 545/1952/944
f 830/3260/945 827/3251/945 813/3199/945
f 630/2357/946 634/2368/946 645/2413/946
f 815/3205/947 813/3199/947 827/3251/947
f 827/3251/948 817/3216/948 815/3205/948
f 1038/4236/949 1048/4281/949 1065/4361/949
f 825/3240/950 936/3735/950 933/3722/950
f 212/880/951 880/3505/951 1087/4471/951
f 226/943/952 125/530/952 386/1504/952
f 770/3026/953 858/3396/953 18/87/953
f 834/3277/954 893/3556/954 827/3250/954
f 817/3215/955 827/3250/955 893/3556/955
f 741/2884/956 370/1458/956 890/3539/956
f 787/3099/957 262/1063/957 121/509/957
f 282/1126/958 281/1121/958 274/1089/958
f 198/831/959 1028/4186/959 856/3387/959
f 824/3235/960 817/3215/960 893/3555/960
f 812/3196/961 768/3017/961 1008/4079/961
f 834/3276/962 861/3408/962 893/3554/962
f 1041/4248/963 646/2418/963 1117/4610/963
f 17/80/964 618/2304/964 171/724/964
f 823/3233/965 824/3235/965 887/3528/965
f 893/3555/966 887/3528/966 824/3235/966
f 24/111/967 821/3227/967 823/3233/967
f 823/3233/968 887/3528/968 24/111/968
f 567/2048/969 655/2465/969 651/2444/969
f 1119/4620/970 676/2578/970 923/3679/970
f 699/2707/971 661/2492/971 169/711/971
f 999/4032/972 582/2132/972 681/2602/972
f 32/139/973 24/111/973 887/3528/973
f 67/287/974 52/219/974 833/3275/974
f 169/710/975 711/2761/975 699/2706/975
f 1121/4630/976 53/225/976 710/2751/976
f 397/1546/977 84/358/977 898/3577/977
f 369/1453/978 368/1448/978 283/1133/978
f 625/2334/979 1111/4587/979 211/875/979
f 32/142/980 887/3527/980 889/3534/980
f 947/3792/981 889/3535/981 949/3801/981
f 532/1913/982 429/1658/982 761/2974/982
f 949/3800/983 889/3534/983 887/3527/983
f 674/2567/984 112/467/984 1105/4557/984
f 644/2406/985 757/2961/985 696/2685/985
f 561/2018/986 749/2922/986 897/3571/986
f 949/3800/987 887/3527/987 876/3485/987
f 276/1099/988 1098/4525/988 5/19/988
f 168/702/989 522/1884/989 585/2145/989
f 639/2388/990 666/2524/990 231/955/990
f 1088/4476/991 764/2994/991 639/2387/991
f 840/3307/992 786/3093/992 338/1318/992
f 883/3519/993 990/3989/993 124/522/993
f 1046/4272/994 941/3763/994 458/1734/994
f 75/319/995 988/3976/995 785/3084/995
f 663/2504/996 645/2412/996 651/2443/996
f 84/357/997 702/2722/997 324/1286/997
f 370/1457/998 210/870/998 75/318/998
f 341/1326/999 340/1323/999 621/2318/999
f 870/3452/1000 952/3813/1000 876/3484/1000
f 446/1680/1001 364/1426/1001 367/1443/1001
f 952/3813/1002 870/3452/1002 953/3819/1002
f 876/3483/1003 887/3526/1003 870/3451/1003
f 274/1088/1004 254/1045/1004 271/1082/1004
f 253/1042/1005 248/1018/1005 254/1044/1005
f 373/1472/1006 54/235/1006 654/2460/1006
f 986/3965/1007 1020/4150/1007 363/1419/1007
f 587/2154/1008 15/70/1008 580/2125/1008
f 50/212/1009 682/2609/1009 976/3925/1009
f 771/3032/1010 160/670/1010 765/3000/1010
f 70/294/1011 296/1178/1011 571/2073/1011
f 588/2161/1012 570/2067/1012 595/2202/1012
f 636/2378/1013 386/1503/1013 125/529/1013
f 540/1933/1014 1008/4078/1014 768/3017/1014
f 870/3450/1015 865/3426/1015 953/3819/1015
f 669/2539/1016 1116/4604/1016 393/1530/1016
f 722/2812/1017 704/2730/1017 715/2777/1017
f 953/3818/1018 865/3426/1018 863/3418/1018
f 865/3425/1019 870/3449/1019 887/3525/1019
f 602/2235/1020 617/2298/1020 595/2201/1020
f 887/3525/1021 893/3554/1021 865/3425/1021
f 612/2271/1022 296/1177/1022 485/1783/1022
f 786/3092/1023 840/3306/1023 773/3041/1023
f 955/3826/1024 863/3418/1024 861/3409/1024
f 296/1176/1025 70/293/1025 849/3356/1025
f 281/1120/1026 282/1125/1026 283/1132/1026
f 723/2815/1027 96/402/1027 28/122/1027
f 552/1969/1028 574/2090/1028 692/2659/1028
f 893/3553/1029 863/3417/1029 865/3425/1029
f 893/3553/1030 861/3408/1030 863/3417/1030
f 33/143/1031 264/1068/1031 34/147/1031
f 69/291/1032 34/147/1032 264/1068/1032
f 264/1068/1033 265/1071/1033 69/291/1033
f 1124/4640/1034 69/291/1034 265/1071/1034
f 167/697/1035 159/666/1035 41/174/1035
f 58/248/1036 41/174/1036 159/666/1036
f 174/739/1037 812/3195/1037 675/2573/1037
f 965/3878/1038 977/3931/1038 972/3907/1038
f 58/247/1039 159/665/1039 57/245/1039
f 988/3975/1040 709/2749/1040 1058/4329/1040
f 58/247/1041 57/245/1041 600/2224/1041
f 940/3754/1042 182/763/1042 1069/4379/1042
f 57/245/1043 55/240/1043 600/2224/1043
f 528/1904/1044 600/2224/1044 55/240/1044
f 283/1131/1045 361/1409/1045 297/1183/1045
f 941/3762/1046 373/1471/1046 186/785/1046
f 123/517/1047 1097/4518/1047 745/2904/1047
f 990/3988/1048 225/933/1048 157/658/1048
f 157/657/1049 30/128/1049 172/731/1049
f 528/1903/1050 55/239/1050 1047/4276/1050
f 812/3194/1051 816/3209/1051 85/364/1051
f 51/215/1052 1047/4276/1052 55/239/1052
f 51/215/1053 55/239/1053 151/632/1053
f 835/3282/1054 680/2596/1054 648/2429/1054
f 151/632/1055 149/626/1055 51/215/1055
f 785/3083/1056 1006/4071/1056 882/3513/1056
f 343/1334/1057 780/3063/1057 706/2741/1057
f 51/214/1058 895/3564/1058 1047/4275/1058
f 51/214/1059 149/626/1059 895/3564/1059
f 190/801/1060 577/2106/1060 653/2454/1060
f 148/624/1061 895/3564/1061 149/626/1061
f 895/3564/1062 148/624/1062 48/203/1062
f 789/3111/1063 1027/4182/1063 190/801/1063
f 144/603/1064 48/203/1064 148/624/1064
f 802/3163/1065 665/2518/1065 217/901/1065
f 950/3805/1066 635/2372/1066 21/94/1066
f 672/2555/1067 895/3563/1067 48/202/1067
f 400/1560/1068 689/2647/1068 7/35/1068
f 48/202/1069 47/201/1069 672/2555/1069
f 48/202/1070 144/604/1070 47/201/1070
f 1116/4603/1071 738/2870/1071 1030/4198/1071
f 47/201/1072 678/2585/1072 672/2554/1072
f 706/2740/1073 847/3346/1073 627/2343/1073
f 1086/4465/1074 1083/4453/1074 1066/4366/1074
f 144/604/1075 141/592/1075 47/200/1075
f 138/582/1076 47/200/1076 141/592/1076
f 138/582/1077 134/566/1077 47/200/1077
f 678/2585/1078 47/200/1078 134/566/1078
f 242/998/1079 98/410/1079 620/2314/1079
f 408/1587/1080 978/3934/1080 1043/4253/1080
f 760/2970/1081 657/2472/1081 756/2955/1081
f 678/2584/1082 134/565/1082 568/2054/1082
f 127/538/1083 568/2054/1083 134/565/1083
f 127/538/1084 44/184/1084 568/2054/1084
f 405/1576/1085 568/2054/1085 44/184/1085
f 907/3610/1086 928/3695/1086 9/46/1086
f 43/181/1087 405/1575/1087 44/184/1087
f 1074/4407/1088 764/2993/1088 92/387/1088
f 41/173/1089 405/1575/1089 43/180/1089
f 601/2230/1090 221/918/1090 1030/4197/1090
f 121/508/1091 811/3190/1091 532/1912/1091
f 737/2863/1092 601/2229/1092 738/2869/1092
f 932/3717/1093 106/443/1093 784/3081/1093
f 356/1381/1094 298/1189/1094 353/1370/1094
f 935/3730/1095 188/791/1095 1072/4396/1095
f 45/190/1096 1051/4299/1096 601/2228/1096
f 1019/4145/1097 1003/4057/1097 1004/4062/1097
f 999/4031/1098 652/2451/1098 582/2131/1098
f 185/780/1099 505/1848/1099 171/723/1099
f 804/3173/1100 618/2303/1100 17/79/1100
f 685/2627/1101 776/3052/1101 92/386/1101
f 364/1425/1102 451/1708/1102 360/1404/1102
f 118/498/1103 582/2130/1103 652/2450/1103
f 242/997/1104 18/86/1104 866/3430/1104
f 845/3336/1105 991/3999/1105 719/2795/1105
f 866/3430/1106 1022/4163/1106 242/997/1106
f 667/2527/1107 974/3913/1107 155/652/1107
f 11/57/1108 652/2449/1108 185/779/1108
f 652/2449/1109 11/57/1109 118/497/1109
f 557/1997/1110 502/1839/1110 224/929/1110
f 364/1424/1111 361/1408/1111 367/1442/1111
f 946/3786/1112 15/69/1112 673/2561/1112
f 696/2684/1113 757/2960/1113 1057/4327/1113
f 185/778/1114 171/722/1114 11/56/1114
f 1009/4089/1115 7/34/1115 79/339/1115
f 950/3804/1116 940/3753/1116 1069/4378/1116
f 173/736/1117 806/3178/1117 1050/4293/1117
f 1010/4095/1118 1032/4208/1118 1036/4224/1118
f 1003/4056/1119 1019/4144/1119 1012/4107/1119
f 343/1333/1120 411/1603/1120 199/836/1120
f 868/3440/1121 619/2307/1121 22/102/1121
f 670/2547/1122 782/3072/1122 763/2987/1122
f 1124/4639/1123 265/1070/1123 929/3702/1123
f 787/3098/1124 929/3702/1124 265/1070/1124
f 929/3702/1125 787/3098/1125 930/3707/1125
f 894/3559/1126 930/3707/1126 787/3098/1126
f 894/3559/1127 175/744/1127 930/3707/1127
f 1021/4155/1128 958/3837/1128 1044/4258/1128
f 50/211/1129 362/1414/1129 1098/4524/1129
f 31/136/1130 32/141/1130 964/3871/1130
f 945/3781/1131 964/3870/1131 32/140/1131
f 937/3739/1132 324/1285/1132 873/3465/1132
f 161/673/1133 875/3478/1133 749/2921/1133
f 65/274/1134 579/2117/1134 732/2848/1134
f 997/4021/1135 732/2848/1135 579/2117/1135
f 606/2245/1136 505/1847/1136 185/777/1136
f 67/286/1137 882/3512/1137 1006/4070/1137
f 621/2317/1138 1003/4055/1138 345/1341/1138
f 362/1413/1139 50/210/1139 596/2209/1139
f 594/2191/1140 39/164/1140 734/2855/1140
f 718/2790/1141 926/3688/1141 1064/4357/1141
f 355/1377/1142 454/1722/1142 455/1726/1142
f 579/2116/1143 654/2459/1143 997/4020/1143
f 631/2360/1144 997/4020/1144 54/234/1144
f 54/233/1145 997/4020/1145 654/2459/1145
f 174/738/1146 552/1968/1146 768/3016/1146
f 33/143/1147 34/147/1147 385/1498/1147
f 1022/4162/1148 866/3429/1148 289/1158/1148
f 385/1498/1149 34/146/1149 35/149/1149
f 36/153/1150 35/149/1150 34/146/1150
f 873/3464/1151 866/3428/1151 18/85/1151
f 610/2261/1152 788/3104/1152 287/1149/1152
f 36/152/1153 40/170/1153 35/148/1153
f 395/1540/1154 35/148/1154 40/170/1154
f 1054/4310/1155 1032/4207/1155 1019/4143/1155
f 232/961/1156 76/325/1156 858/3395/1156
f 40/169/1157 23/108/1157 395/1539/1157
f 343/1332/1158 767/3011/1158 411/1602/1158
f 395/1538/1159 23/108/1159 850/3358/1159
f 358/1391/1160 1063/4353/1160 308/1232/1160
f 23/107/1161 31/135/1161 850/3358/1161
f 848/3351/1162 850/3358/1162 31/135/1162
f 1012/4106/1163 1019/4142/1163 1032/4206/1163
f 532/1911/1164 1099/4529/1164 429/1657/1164
f 1044/4257/1165 152/637/1165 231/954/1165
f 20/90/1166 34/145/1166 19/89/1166
f 34/145/1167 20/90/1167 36/151/1167
f 796/3144/1168 36/151/1168 20/90/1168
f 806/3177/1169 735/2858/1169 1050/4292/1169
f 876/3482/1170 952/3812/1170 949/3799/1170
f 36/150/1171 796/3143/1171 40/168/1171
f 803/3168/1172 40/168/1172 796/3143/1172
f 1069/4377/1173 635/2371/1173 950/3803/1173
f 485/1782/1174 72/308/1174 612/2270/1174
f 40/167/1175 803/3167/1175 23/106/1175
f 821/3228/1176 23/106/1176 803/3167/1176
f 652/2448/1177 999/4030/1177 71/302/1177
f 648/2428/1178 837/3295/1178 510/1858/1178
f 821/3227/1179 24/110/1179 23/105/1179
f 31/134/1180 23/105/1180 24/110/1180
f 63/266/1181 744/2896/1181 316/1256/1181
f 294/1169/1182 297/1182/1182 298/1188/1182
f 382/1495/1183 592/2179/1183 1072/4395/1183
f 979/3941/1184 975/3918/1184 977/3930/1184
f 1099/4528/1185 532/1910/1185 811/3189/1185
f 545/1951/1186 687/2635/1186 38/158/1186
f 143/599/1187 918/3658/1187 555/1988/1187
f 1017/4132/1188 714/2772/1188 703/2724/1188
f 729/2838/1189 689/2646/1189 623/2326/1189
f 32/139/1190 31/133/1190 24/109/1190
f 931/3711/1191 1125/4646/1191 930/3706/1191
f 522/1883/1192 966/3882/1192 519/1876/1192
f 930/3705/1193 1125/4646/1193 929/3701/1193
f 871/3456/1194 585/2144/1194 522/1882/1194
f 732/2847/1195 1000/4038/1195 804/3172/1195
f 721/2807/1196 1069/4376/1196 317/1259/1196
f 41/172/1197 73/313/1197 167/699/1197
f 927/3692/1198 167/699/1198 73/313/1198
f 1117/4609/1199 705/2734/1199 584/2141/1199
f 1118/4619/1200 95/399/1200 985/3961/1200
f 576/2098/1201 626/2338/1201 112/466/1201
f 925/3686/1202 927/3691/1202 73/312/1202
f 925/3686/1203 73/312/1203 924/3683/1203
f 83/352/1204 924/3683/1204 73/312/1204
f 613/2275/1205 907/3609/1205 666/2523/1205
f 416/1631/1206 1000/4037/1206 825/3239/1206
f 83/351/1207 91/383/1207 924/3682/1207
f 922/3677/1208 924/3682/1208 91/383/1208
f 246/1008/1209 249/1022/1209 248/1017/1209
f 1022/4161/1210 289/1157/1210 993/4006/1210
f 652/2447/1211 606/2244/1211 185/776/1211
f 1013/4112/1212 1011/4104/1212 126/536/1212
f 922/3676/1213 91/382/1213 919/3665/1213
f 99/412/1214 919/3665/1214 91/382/1214
f 390/1515/1215 648/2427/1215 1051/4298/1215
f 101/418/1216 919/3664/1216 99/412/1216
f 919/3664/1217 101/418/1217 917/3653/1217
f 104/435/1218 917/3653/1218 101/418/1218
f 189/797/1219 578/2114/1219 100/416/1219
f 1088/4475/1220 166/692/1220 685/2626/1220
f 104/434/1221 319/1269/1221 917/3652/1221
f 915/3643/1222 917/3652/1222 319/1269/1222
f 915/3643/1223 319/1269/1223 323/1280/1223
f 320/1271/1224 323/1280/1224 319/1269/1224
f 323/1279/1225 245/1004/1225 915/3642/1225
f 238/979/1226 915/3642/1226 245/1004/1226
f 452/1714/1227 553/1980/1227 557/1996/1227
f 917/3651/1228 915/3642/1228 238/978/1228
f 262/1062/1229 259/1057/1229 121/507/1229
f 233/966/1230 917/3650/1230 238/978/1230
f 917/3650/1231 233/966/1231 919/3663/1231
f 566/2043/1232 563/2028/1232 560/2010/1232
f 941/3761/1233 688/2642/1233 373/1470/1233
f 901/3589/1234 308/1231/1234 289/1156/1234
f 919/3662/1235 233/965/1235 922/3675/1235
f 904/3601/1236 922/3675/1236 233/965/1236
f 58/246/1237 405/1574/1237 41/171/1237
f 546/1957/1238 860/3405/1238 194/818/1238
f 121/506/1239 532/1909/1239 787/3097/1239
f 1/4/1240 125/528/1240 680/2595/1240
f 1072/4394/1241 592/2178/1241 935/3729/1241
f 366/1435/1242 993/4005/1242 289/1155/1242
f 193/812/1243 905/3603/1243 904/3600/1243
f 904/3600/1244 906/3607/1244 922/3674/1244
f 906/3607/1245 904/3600/1245 905/3603/1245
f 924/3681/1246 922/3674/1246 906/3607/1246
f 1010/4094/1247 1002/4050/1247 998/4026/1247
f 683/2618/1248 107/450/1248 665/2517/1248
f 118/496/1249 681/2601/1249 582/2129/1249
f 84/356/1250 397/1545/1250 641/2395/1250
f 924/3680/1251 906/3606/1251 925/3685/1251
f 906/3606/1252 905/3602/1252 925/3684/1252
f 1050/4291/1253 974/3912/1253 173/735/1253
f 910/3622/1254 925/3684/1254 905/3602/1254
f 910/3622/1255 911/3627/1255 925/3684/1255
f 181/756/1256 1063/4352/1256 241/993/1256
f 927/3690/1257 925/3684/1257 911/3627/1257
f 1094/4504/1258 201/842/1258 679/2589/1258
f 798/3152/1259 1011/4103/1259 647/2421/1259
f 399/1551/1260 914/3637/1260 1130/4666/1260
f 147/621/1261 402/1566/1261 226/942/1261
f 1056/4323/1262 612/2269/1262 72/307/1262
f 201/841/1263 1095/4508/1263 679/2588/1263
f 165/690/1264 167/698/1264 927/3689/1264
f 927/3689/1265 911/3626/1265 165/690/1265
f 883/3518/1266 338/1317/1266 966/3881/1266
f 878/3490/1267 793/3131/1267 1109/4576/1267
f 485/1781/1268 359/1397/1268 891/3543/1268
f 890/3538/1269 408/1586/1269 287/1148/1269
f 34/144/1270 69/290/1270 19/89/1270
f 1124/4638/1271 1127/4657/1271 1126/4648/1271
f 543/1947/1272 1011/4102/1272 53/224/1272
f 609/2257/1273 448/1694/1273 1009/4088/1273
f 1006/4069/1274 216/896/1274 67/285/1274
f 869/3445/1275 546/1956/1275 874/3471/1275
f 1094/4503/1276 872/3462/1276 410/1598/1276
f 241/992/1277 641/2394/1277 880/3504/1277
f 64/270/1278 371/1465/1278 1045/4265/1278
f 879/3499/1279 652/2446/1279 71/301/1279
f 847/3345/1280 784/3080/1280 697/2693/1280
f 152/636/1281 1088/4474/1281 231/953/1281
f 250/1030/1282 243/1001/1282 253/1041/1282
f 250/1030/1283 240/990/1283 243/1001/1283
f 1023/4164/1284 581/2127/1284 1115/4597/1284
f 734/2854/1285 452/1713/1285 557/1995/1285
f 845/3335/1286 668/2532/1286 991/3998/1286
f 804/3171/1287 65/273/1287 732/2846/1287
f 699/2705/1288 701/2718/1288 700/2712/1288
f 804/3170/1289 17/78/1289 65/273/1289
f 744/2895/1290 1118/4618/1290 172/730/1290
f 992/4001/1291 278/1105/1291 900/3585/1291
f 986/3964/1292 363/1418/1292 190/800/1292
f 601/2227/1293 737/2862/1293 45/189/1293
f 763/2986/1294 596/2208/1294 745/2903/1294
f 759/2966/1295 842/3317/1295 562/2025/1295
f 171/721/1296 564/2033/1296 17/77/1296
f 1061/4344/1297 1075/4414/1297 662/2497/1297
f 500/1830/1298 526/1897/1298 767/3010/1298
f 845/3334/1299 719/2794/1299 351/1366/1299
f 665/2516/1300 668/2531/1300 683/2617/1300
f 413/1616/1301 161/672/1301 561/2017/1301
f 666/2522/1302 674/2566/1302 128/543/1302
f 114/477/1303 390/1514/1303 558/2001/1303
f 505/1846/1304 920/3669/1304 501/1834/1304
f 1049/4283/1305 52/218/1305 216/895/1305
f 501/1834/1306 920/3668/1306 497/1819/1306
f 659/2484/1307 713/2768/1307 663/2503/1307
f 790/3117/1308 1107/4568/1308 10/52/1308
f 776/3051/1309 685/2625/1309 414/1623/1309
f 939/3750/1310 632/2365/1310 386/1502/1310
f 204/856/1311 1025/4170/1311 215/891/1311
f 661/2491/1312 722/2811/1312 1097/4517/1312
f 1078/4429/1313 1079/4434/1313 1075/4413/1313
f 492/1802/1314 896/3566/1314 344/1336/1314
f 943/3771/1315 879/3498/1315 942/3767/1315
f 734/2853/1316 614/2282/1316 452/1712/1316
f 130/550/1317 344/1336/1317 896/3566/1317
f 896/3566/1318 631/2359/1318 130/550/1318
f 835/3281/1319 908/3615/1319 680/2594/1319
f 382/1494/1320 25/113/1320 1024/4166/1320
f 793/3130/1321 1121/4629/1321 1109/4575/1321
f 740/2876/1322 366/1434/1322 916/3646/1322
f 54/232/1323 130/549/1323 631/2358/1323
f 621/2316/1324 345/1340/1324 341/1325/1324
f 159/666/1325 167/697/1325 165/690/1325
f 1060/4339/1326 1055/4319/1326 1075/4412/1326
f 365/1430/1327 688/2641/1327 1135/4697/1327
f 158/664/1328 159/666/1328 165/689/1328
f 145/610/1329 744/2894/1329 172/729/1329
f 142/596/1330 165/689/1330 911/3625/1330
f 165/689/1331 142/596/1331 158/664/1331
f 741/2883/1332 890/3537/1332 720/2799/1332
f 933/3721/1333 936/3734/1333 71/300/1333
f 158/663/1334 57/244/1334 159/665/1334
f 153/643/1335 158/664/1335 142/596/1335
f 158/663/1336 153/642/1336 57/244/1336
f 914/3636/1337 169/709/1337 1130/4665/1337
f 901/3588/1338 289/1154/1338 866/3427/1338
f 55/238/1339 57/244/1339 153/642/1339
f 55/238/1340 153/642/1340 151/633/1340
f 42/177/1341 103/430/1341 227/946/1341
f 227/945/1342 103/429/1342 195/821/1342
f 490/1797/1343 963/3863/1343 447/1688/1343
f 226/941/1344 386/1501/1344 632/2364/1344
f 594/2190/1345 721/2806/1345 317/1258/1345
f 1001/4045/1346 673/2560/1346 701/2717/1346
f 301/1207/1347 706/2739/1347 780/3062/1347
f 2/9/1348 657/2471/1348 976/3924/1348
f 1116/4602/1349 669/2538/1349 46/197/1349
f 1136/4701/1350 98/409/1350 836/3290/1350
f 620/2313/1351 1131/4671/1351 770/3025/1351
f 153/641/1352 149/627/1352 151/632/1352
f 676/2577/1353 1108/4573/1353 923/3678/1353
f 1087/4470/1354 880/3503/1354 102/423/1354
f 149/625/1355 153/640/1355 142/595/1355
f 962/3856/1356 987/3970/1356 961/3850/1356
f 704/2729/1357 664/2513/1357 663/2502/1357
f 1014/4117/1358 1004/4061/1358 170/715/1358
f 911/3624/1359 135/568/1359 142/594/1359
f 360/1403/1360 361/1407/1360 364/1423/1360
f 655/2464/1361 782/3071/1361 659/2483/1361
f 148/624/1362 149/626/1362 141/591/1362
f 148/624/1363 141/591/1363 144/603/1363
f 141/590/1364 149/625/1364 142/594/1364
f 731/2843/1365 63/265/1365 316/1255/1365
f 705/2733/1366 1117/4608/1366 725/2820/1366
f 1014/4116/1367 1035/4219/1367 1038/4235/1367
f 487/1788/1368 828/3255/1368 698/2699/1368
f 939/3749/1369 776/3050/1369 136/575/1369
f 1043/4252/1370 287/1147/1370 408/1585/1370
f 729/2837/1371 868/3439/1371 689/2645/1371
f 1028/4185/1372 198/830/1372 1096/4512/1372
f 684/2621/1373 618/2302/1373 804/3169/1373
f 487/1787/1374 698/2698/1374 246/1007/1374
f 739/2873/1375 646/2417/1375 1123/4635/1375
f 721/2805/1376 594/2189/1376 449/1700/1376
f 892/3550/1377 675/2572/1377 833/3274/1377
f 731/2842/1378 316/1254/1378 74/315/1378
f 134/564/1379 135/567/1379 132/556/1379
f 135/567/1380 134/564/1380 139/583/1380
f 139/584/1381 142/593/1381 135/567/1381
f 696/2683/1382 163/681/1382 644/2405/1382
f 142/593/1383 139/584/1383 141/589/1383
f 664/2512/1384 701/2716/1384 673/2559/1384
f 138/581/1385 141/589/1385 139/584/1385
f 150/631/1386 562/2024/1386 842/3316/1386
f 134/563/1387 138/581/1387 139/583/1387
f 998/4025/1388 345/1339/1388 1003/4054/1388
f 981/3947/1389 714/2771/1389 1017/4131/1389
f 679/2587/1390 1095/4507/1390 465/1743/1390
f 123/516/1391 745/2902/1391 748/2917/1391
f 497/1818/1392 920/3667/1392 943/3770/1392
f 1040/4241/1393 26/116/1393 122/512/1393
f 899/3582/1394 412/1609/1394 37/156/1394
f 776/3049/1395 386/1500/1395 844/3328/1395
f 1039/4239/1396 300/1203/1396 712/2763/1396
f 707/2745/1397 750/2931/1397 1071/4391/1397
f 744/2893/1398 145/609/1398 316/1253/1398
f 736/2861/1399 27/119/1399 903/3599/1399
f 684/2620/1400 681/2600/1400 118/495/1400
f 1070/4387/1401 797/3146/1401 694/2671/1401
f 301/1206/1402 932/3716/1402 706/2738/1402
f 944/3778/1403 1050/4290/1403 80/343/1403
f 1089/4480/1404 1009/4087/1404 658/2477/1404
f 568/2053/1405 672/2553/1405 678/2583/1405
f 727/2830/1406 411/1601/1406 767/3009/1406
f 836/3289/1407 183/771/1407 1136/4700/1407
f 899/3581/1408 37/155/1408 980/3946/1408
f 882/3511/1409 816/3208/1409 785/3082/1409
f 7/33/1410 1009/4086/1410 49/206/1410
f 322/1274/1411 325/1288/1411 46/196/1411
f 358/1390/1412 702/2721/1412 84/355/1412
f 485/1780/1413 891/3542/1413 72/306/1413
f 414/1622/1414 136/574/1414 776/3048/1414
f 726/2824/1415 722/2810/1415 715/2776/1415
f 1070/4386/1416 694/2670/1416 623/2325/1416
f 684/2619/1417 118/494/1417 618/2301/1417
f 1046/4271/1418 688/2640/1418 941/3760/1418
f 137/579/1419 1000/4036/1419 416/1630/1419
f 62/262/1420 1029/4190/1420 1134/4688/1420
f 613/2274/1421 764/2992/1421 309/1237/1421
f 980/3945/1422 38/157/1422 899/3580/1422
f 1046/4270/1423 458/1733/1423 609/2256/1423
f 881/3509/1424 16/75/1424 1129/4663/1424
f 400/1559/1425 133/561/1425 1070/4385/1425
f 664/2511/1426 622/2322/1426 629/2355/1426
f 1033/4212/1427 831/3265/1427 1062/4349/1427
f 155/651/1428 693/2667/1428 677/2580/1428
f 836/3288/1429 146/615/1429 201/840/1429
f 564/2032/1430 560/2009/1430 563/2027/1430
f 1032/4205/1431 1054/4309/1431 1055/4318/1431
f 692/2658/1432 729/2836/1432 623/2324/1432
f 780/3061/1433 343/1331/1433 864/3423/1433
f 279/1109/1434 239/984/1434 240/989/1434
f 234/968/1435 240/988/1435 239/983/1435
f 133/560/1436 448/1693/1436 1070/4384/1436
f 1090/4488/1437 60/254/1437 658/2476/1437
f 298/1187/1438 360/1402/1438 454/1721/1438
f 156/656/1439 586/2150/1439 994/4008/1439
f 790/3116/1440 6/26/1440 542/1942/1440
f 276/1098/1441 773/3040/1441 840/3305/1441
f 702/2720/1442 901/3587/1442 324/1284/1442
f 12/58/1443 382/1493/1443 1024/4165/1443
f 39/163/1444 858/3394/1444 76/324/1444
f 1042/4249/1445 116/488/1445 693/2666/1445
f 1078/4428/1446 1075/4411/1446 1055/4317/1446
f 357/1388/1447 719/2793/1447 991/3997/1447
f 76/323/1448 734/2852/1448 39/162/1448
f 519/1875/1449 786/3091/1449 577/2105/1449
f 573/2087/1450 65/272/1450 569/2058/1450
f 405/1573/1451 794/3139/1451 568/2052/1451
f 781/3065/1452 196/822/1452 1081/4443/1452
f 1120/4624/1453 357/1388/1453 64/269/1453
f 170/714/1454 571/2072/1454 1014/4115/1454
f 136/573/1455 100/415/1455 578/2113/1455
f 903/3598/1456 27/118/1456 656/2467/1456
f 752/2940/1457 1018/4137/1457 524/1892/1457
f 1068/4372/1458 826/3247/1458 644/2404/1458
f 706/2737/1459 627/2342/1459 500/1829/1459
f 700/2711/1460 701/2715/1460 704/2728/1460
f 976/3923/1461 657/2470/1461 760/2969/1461
f 615/2285/1462 195/820/1462 103/428/1462
f 833/3273/1463 52/217/1463 892/3549/1463
f 359/1396/1464 13/62/1464 447/1687/1464
f 987/3969/1465 968/3891/1465 960/3846/1465
f 588/2160/1466 617/2297/1466 587/2153/1466
f 598/2218/1467 177/747/1467 691/2656/1467
f 97/404/1468 598/2217/1468 691/2655/1468
f 1041/4247/1469 1123/4634/1469 646/2416/1469
f 204/855/1470 1013/4111/1470 126/535/1470
f 85/363/1471 675/2571/1471 812/3193/1471
f 1105/4556/1472 429/1656/1472 1099/4527/1472
f 971/3902/1473 542/1941/1473 1135/4696/1473
f 114/476/1474 963/3862/1474 835/3280/1474
f 868/3438/1475 729/2835/1475 1107/4567/1475
f 368/1447/1476 375/1478/1476 367/1441/1476
f 837/3294/1477 648/2426/1477 680/2593/1477
f 673/2558/1478 617/2296/1478 664/2510/1478
f 1105/4555/1479 128/542/1479 674/2565/1479
f 369/1452/1480 283/1130/1480 282/1124/1480
f 7/32/1481 22/101/1481 1090/4487/1481
f 72/305/1482 854/3380/1482 494/1811/1482
f 607/2247/1483 595/2200/1483 643/2401/1483
f 882/3510/1484 67/284/1484 85/362/1484
f 543/1946/1485 755/2950/1485 126/534/1485
f 1020/4149/1486 986/3963/1486 851/3364/1486
f 408/1584/1487 75/317/1487 978/3933/1487
f 879/3497/1488 920/3666/1488 606/2243/1488
f 555/1987/1489 502/1838/1489 143/598/1489
f 9/45/1490 875/3477/1490 857/3389/1490
f 752/2939/1491 108/455/1491 1018/4136/1491
f 522/1881/1492 519/1874/1492 871/3455/1492
f 579/2115/1493 573/2086/1493 580/2124/1493
f 701/2714/1494 699/2704/1494 1001/4044/1494
f 250/1029/1495 281/1119/1495 280/1112/1495
f 71/299/1496 416/1629/1496 933/3720/1496
f 553/1979/1497 191/807/1497 502/1837/1497
f 192/811/1498 584/2140/1498 200/838/1498
f 502/1836/1499 557/1994/1499 553/1978/1499
f 382/1492/1500 1072/4393/1500 25/112/1500
f 909/3621/1501 774/3043/1501 412/1608/1501
f 1106/4561/1502 1091/4493/1502 788/3103/1502
f 161/671/1503 857/3388/1503 875/3476/1503
f 970/3896/1504 131/554/1504 818/3219/1504
f 869/3444/1505 397/1544/1505 898/3576/1505
f 107/449/1506 954/3820/1506 217/900/1506
f 712/2762/1507 300/1202/1507 640/2391/1507
f 364/1422/1508 446/1679/1508 451/1707/1508
f 1057/4326/1509 757/2959/1509 593/2186/1509
f 49/205/1510 133/559/1510 7/31/1510
f 948/3795/1511 696/2682/1511 1059/4335/1511
f 221/917/1512 1051/4297/1512 648/2425/1512
f 1112/4589/1513 774/3043/1513 909/3620/1513
f 473/1763/1514 789/3110/1514 1126/4647/1514
f 939/3748/1515 386/1499/1515 776/3047/1515
f 767/3008/1516 343/1330/1516 706/2736/1516
f 1127/4656/1517 1124/4637/1517 1125/4645/1517
f 1107/4566/1518 619/2306/1518 868/3437/1518
f 116/487/1519 677/2579/1519 693/2665/1519
f 37/154/1520 412/1607/1520 774/3042/1520
f 642/2399/1521 595/2199/1521 637/2381/1521
f 1059/4334/1522 539/1928/1522 826/3246/1522
f 22/100/1523 591/2173/1523 1090/4486/1523
f 1067/4369/1524 752/2938/1524 78/333/1524
f 103/427/1525 752/2937/1525 524/1891/1525
f 673/2557/1526 587/2152/1526 617/2295/1526
f 595/2198/1527 603/2236/1527 602/2234/1527
f 114/475/1528 447/1686/1528 963/3861/1528
f 663/2501/1529 664/2509/1529 629/2354/1529
f 734/2851/1530 449/1699/1530 594/2188/1530
f 7/30/1531 133/558/1531 400/1558/1531
f 1036/4223/1532 1037/4229/1532 1010/4093/1532
f 618/2300/1533 118/493/1533 171/720/1533
f 964/3869/1534 962/3855/1534 848/3350/1534
f 617/2294/1535 616/2288/1535 664/2508/1535
f 71/298/1536 999/4029/1536 416/1628/1536
f 82/346/1537 8/39/1537 1026/4176/1537
f 266/1073/1538 1134/4687/1538 892/3548/1538
f 1053/4307/1539 1060/4338/1539 1061/4343/1539
f 645/2411/1540 629/2353/1540 630/2356/1540
f 617/2293/1541 604/2239/1541 605/2241/1541
f 21/93/1542 324/1283/1542 686/2631/1542
f 1092/4496/1543 592/2177/1543 382/1491/1543
f 78/332/1544 169/708/1544 1067/4368/1544
f 968/3890/1545 982/3952/1545 977/3929/1545
f 573/2085/1546 570/2066/1546 588/2159/1546
f 212/879/1547 181/755/1547 880/3502/1547
f 454/1720/1548 451/1706/1548 455/1725/1548
f 1056/4322/1549 571/2071/1549 612/2268/1549
f 958/3836/1550 698/2697/1550 152/635/1550
f 465/1742/1551 916/3645/1551 846/3339/1551
f 1048/4280/1552 1038/4234/1552 1035/4218/1552
f 846/3338/1553 989/3982/1553 721/2804/1553
f 287/1146/1554 720/2798/1554 890/3536/1554
f 837/3293/1555 784/3079/1555 106/442/1555
f 1110/4581/1556 178/748/1556 230/951/1556
f 214/884/1557 219/907/1557 239/982/1557
f 234/967/1558 239/981/1558 219/906/1558
f 13/61/1559 351/1365/1559 719/2792/1559
f 938/3744/1560 936/3733/1560 492/1801/1560
f 610/2260/1561 875/3475/1561 788/3102/1561
f 846/3337/1562 721/2803/1562 1102/4545/1562
f 909/3619/1563 888/3532/1563 718/2789/1563
f 693/2664/1564 155/650/1564 944/3777/1564
f 102/422/1565 874/3470/1565 1087/4469/1565
f 942/3766/1566 71/297/1566 938/3744/1566
f 357/1387/1567 1120/4623/1567 963/3860/1567
f 106/441/1568 393/1529/1568 510/1857/1568
f 236/974/1569 871/3454/1569 577/2104/1569
f 860/3404/1570 546/1955/1570 902/3595/1570
f 988/3974/1571 210/869/1571 802/3162/1571
f 490/1796/1572 719/2791/1572 357/1387/1572
f 128/541/1573 231/952/1573 666/2521/1573
f 849/3355/1574 822/3229/1574 107/448/1574
f 498/1824/1575 1099/4526/1575 746/2909/1575
f 357/1386/1576 991/3996/1576 64/268/1576
f 1004/4060/1577 1014/4114/1577 1019/4141/1577
f 318/1265/1578 194/817/1578 860/3403/1578
f 98/408/1579 1022/4160/1579 146/614/1579
f 271/1081/1580 275/1093/1580 274/1087/1580
f 411/1600/1581 727/2829/1581 199/835/1581
f 663/2500/1582 651/2442/1582 659/2482/1582
f 769/3022/1583 596/2207/1583 763/2985/1583
f 756/2954/1584 745/2901/1584 596/2206/1584
f 670/2546/1585 715/2775/1585 713/2767/1585
f 351/1364/1586 13/60/1586 359/1395/1586
f 124/521/1587 108/454/1587 299/1197/1587
f 1038/4233/1588 1019/4140/1588 1014/4113/1588
f 702/2719/1589 358/1389/1589 901/3586/1589
f 665/2515/1590 802/3161/1590 210/868/1590
f 668/2530/1591 845/3333/1591 683/2616/1591
f 991/3995/1592 668/2529/1592 741/2882/1592
f 78/331/1593 1001/4043/1593 711/2760/1593
f 1030/4196/1594 393/1528/1594 1116/4601/1594
f 1125/4644/1595 851/3363/1595 1127/4655/1595
f 108/453/1596 752/2936/1596 914/3635/1596
f 628/2349/1597 765/2999/1597 853/3374/1597
f 1123/4633/1598 1041/4246/1598 913/3634/1598
f 542/1940/1599 971/3901/1599 790/3115/1599
f 703/2723/1600 714/2770/1600 61/257/1600
f 765/2998/1601 628/2348/1601 66/278/1601
f 612/2267/1602 571/2070/1602 296/1175/1602
f 124/520/1603 1018/4135/1603 108/452/1603
f 253/1040/1604 274/1086/1604 281/1118/1604
f 248/1016/1605 243/1000/1605 246/1006/1605
f 604/2238/1606 617/2292/1606 602/2233/1606
f 191/806/1607 553/1977/1607 413/1615/1607
f 52/216/1608 67/283/1608 216/894/1608
f 1090/4485/1609 658/2475/1609 79/338/1609
f 584/2139/1610 750/2930/1610 1041/4245/1610
f 297/1181/1611 294/1168/1611 284/1136/1611
f 278/1104/1612 93/390/1612 900/3584/1612
f 918/3657/1613 872/3461/1613 555/1986/1613
f 600/2223/1614 528/1902/1614 794/3138/1614
f 863/3416/1615 965/3877/1615 953/3817/1615
f 361/1406/1616 283/1129/1616 368/1446/1616
f 762/2982/1617 661/2490/1617 1097/4516/1617
f 661/2490/1618 762/2982/1618 394/1534/1618
f 453/1717/1619 743/2888/1619 348/1353/1619
f 240/987/1620 250/1028/1620 279/1108/1620
f 913/3633/1621 1041/4244/1621 96/401/1621
f 95/398/1622 1118/4617/1622 744/2892/1622
f 454/1719/1623 360/1401/1623 451/1705/1623
f 713/2766/1624 659/2481/1624 782/3070/1624
f 172/728/1625 1026/4175/1625 186/784/1625
f 86/367/1626 810/3185/1626 592/2176/1626
f 394/1533/1627 762/2981/1627 682/2608/1627
f 166/691/1628 152/634/1628 698/2696/1628
f 711/2759/1629 1001/4042/1629 699/2703/1629
f 145/608/1630 186/783/1630 572/2080/1630
f 849/3354/1631 351/1363/1631 296/1174/1631
f 303/1212/1632 916/3644/1632 366/1433/1632
f 1020/4148/1633 851/3362/1633 867/3433/1633
f 655/2463/1634 659/2480/1634 651/2441/1634
f 123/515/1635 682/2607/1635 762/2980/1635
f 586/2149/1636 1093/4498/1636 994/4007/1636
f 763/2984/1637 778/3055/1637 769/3021/1637
f 709/2748/1638 988/3973/1638 912/3629/1638
f 115/484/1639 908/3614/1639 963/3859/1639
f 991/3994/1640 741/2881/1640 1091/4492/1640
f 1045/4264/1641 309/1236/1641 764/2991/1641
f 111/463/1642 728/2834/1642 969/3895/1642
f 281/1117/1643 283/1128/1643 284/1135/1643
f 305/1223/1644 168/701/1644 768/3015/1644
f 80/342/1645 984/3959/1645 944/3776/1645
f 275/1092/1646 369/1451/1646 282/1123/1646
f 584/2138/1647 1041/4243/1647 1117/4607/1647
f 672/2552/1648 568/2051/1648 794/3137/1648
f 1087/4468/1649 194/816/1649 318/1264/1649
f 973/3909/1650 80/341/1650 1050/4289/1650
f 1129/4662/1651 16/74/1651 708/2746/1651
f 746/2908/1652 1021/4154/1652 498/1823/1652
f 844/3327/1653 92/385/1653 776/3046/1653
f 968/3889/1654 955/3825/1654 957/3832/1654
f 18/84/1655 608/2250/1655 873/3463/1655
f 1055/4316/1656 1077/4423/1656 1078/4427/1656
f 764/2990/1657 1074/4406/1657 1045/4263/1657
f 611/2265/1658 617/2291/1658 605/2240/1658
f 593/2185/1659 539/1927/1659 1057/4325/1659
f 344/1335/1660 6/25/1660 62/261/1660
f 748/2916/1661 2/8/1661 682/2606/1661
f 145/607/1662 15/68/1662 316/1252/1662
f 720/2797/1663 1091/4491/1663 741/2880/1663
f 557/1993/1664 224/928/1664 449/1698/1664
f 591/2172/1665 1135/4695/1665 94/395/1665
f 596/2205/1666 976/3922/1666 760/2968/1666
f 279/1107/1667 280/1111/1667 239/980/1667
f 565/2039/1668 410/1597/1668 183/770/1668
f 745/2900/1669 1113/4592/1669 748/2915/1669
f 458/1732/1670 448/1692/1670 609/2255/1670
f 811/3188/1671 121/505/1671 259/1056/1671
f 773/3039/1672 983/3955/1672 537/1921/1672
f 1065/4360/1673 1066/4365/1673 1083/4452/1673
f 537/1920/1674 786/3090/1674 773/3038/1674
f 867/3432/1675 183/769/1675 410/1596/1675
f 1125/4643/1676 931/3710/1676 851/3361/1676
f 930/3704/1677 1132/4678/1677 931/3709/1677
f 510/1856/1678 1030/4195/1678 221/916/1678
f 625/2333/1679 211/874/1679 1073/4399/1679
f 150/630/1680 842/3315/1680 215/890/1680
f 688/2639/1681 1046/4269/1681 94/394/1681
f 996/4015/1682 1002/4049/1682 829/3258/1682
f 248/1015/1683 249/1021/1683 251/1031/1683
f 978/3932/1684 816/3207/1684 897/3570/1684
f 833/3272/1685 85/361/1685 67/282/1685
f 56/242/1686 829/3257/1686 1002/4048/1686
f 351/1362/1687 849/3353/1687 683/2615/1687
f 1098/4523/1688 299/1196/1688 50/209/1688
f 829/3257/1689 56/242/1689 140/586/1689
f 993/4004/1690 146/613/1690 1022/4159/1690
f 365/1429/1691 1135/4694/1691 389/1511/1691
f 1002/4047/1692 1037/4228/1692 56/243/1692
f 496/1817/1693 140/586/1693 56/242/1693
f 829/3256/1694 140/587/1694 1111/4586/1694
f 638/2385/1695 494/1810/1695 140/586/1695
f 140/586/1696 496/1817/1696 638/2385/1696
f 494/1810/1697 638/2385/1697 951/3808/1697
f 211/873/1698 854/3379/1698 558/2000/1698
f 447/1685/1699 891/3541/1699 359/1394/1699
f 854/3378/1700 211/872/1700 1111/4585/1700
f 1052/4303/1701 1117/4606/1701 646/2415/1701
f 791/3123/1702 220/912/1702 540/1932/1702
f 570/2065/1703 573/2084/1703 569/2057/1703
f 569/2056/1704 563/2026/1704 570/2064/1704
f 595/2197/1705 651/2440/1705 645/2410/1705
f 309/1235/1706 1106/4560/1706 928/3694/1706
f 1033/4211/1707 414/1621/1707 831/3264/1707
f 889/3533/1708 947/3791/1708 32/138/1708
f 926/3687/1709 718/2788/1709 888/3531/1709
f 784/3078/1710 847/3344/1710 932/3715/1710
f 1013/4110/1711 204/854/1711 113/473/1711
f 519/1873/1712 338/1316/1712 786/3089/1712
f 136/572/1713 414/1620/1713 100/414/1713
f 1062/4348/1714 189/796/1714 1033/4210/1714
f 588/2158/1715 595/2196/1715 617/2290/1715
f 392/1522/1716 797/3145/1716 990/3987/1716
f 588/2157/1717 580/2123/1717 573/2083/1717
f 1050/4288/1718 155/649/1718 974/3911/1718
f 21/92/1719 635/2370/1719 869/3443/1719
f 416/1627/1720 999/4028/1720 137/578/1720
f 1090/4484/1721 79/337/1721 7/29/1721
f 1055/4315/1722 1036/4222/1722 1032/4204/1722
f 194/815/1723 874/3469/1723 546/1954/1723
f 869/3442/1724 902/3594/1724 546/1953/1724
f 580/2122/1725 588/2156/1725 587/2151/1725
f 972/3906/1726 953/3816/1726 965/3876/1726
f 1035/4217/1727 1015/4121/1727 951/3809/1727
f 747/2914/1728 56/241/1728 1037/4227/1728
f 1051/4296/1729 45/188/1729 558/1999/1729
f 59/252/1730 496/1816/1730 56/241/1730
f 56/241/1731 747/2914/1731 59/252/1731
f 496/1816/1732 59/252/1732 638/2384/1732
f 252/1035/1733 249/1020/1733 1021/4153/1733
f 53/223/1734 755/2949/1734 543/1945/1734
f 572/2079/1735 580/2121/1735 15/67/1735
f 946/3785/1736 103/426/1736 42/176/1736
f 716/2780/1737 74/314/1737 316/1251/1737
f 572/2078/1738 654/2458/1738 580/2120/1738
f 934/3726/1739 413/1614/1739 553/1976/1739
f 182/762/1740 858/3393/1740 39/161/1740
f 125/527/1741 226/940/1741 402/1565/1741
f 606/2242/1742 652/2445/1742 879/3496/1742
f 987/3968/1743 962/3854/1743 964/3868/1743
f 751/2935/1744 524/1890/1744 1118/4616/1744
f 110/461/1745 727/2828/1745 853/3373/1745
f 644/2403/1746 826/3245/1746 593/2184/1746
f 253/1039/1747 281/1116/1747 250/1027/1747
f 862/3414/1748 951/3809/1748 638/2383/1748
f 951/3809/1749 862/3414/1749 1035/4217/1749
f 54/231/1750 365/1428/1750 389/1510/1750
f 832/3270/1751 638/2383/1751 59/251/1751
f 638/2383/1752 832/3270/1752 862/3414/1752
f 1018/4134/1753 172/727/1753 1118/4615/1753
f 854/3377/1754 1111/4584/1754 140/585/1754
f 76/322/1755 232/960/1755 614/2281/1755
f 175/743/1756 894/3558/1756 614/2280/1756
f 175/742/1757 614/2279/1757 232/959/1757
f 316/1250/1758 42/175/1758 716/2779/1758
f 791/3122/1759 918/3656/1759 220/911/1759
f 191/805/1760 413/1613/1760 561/2016/1760
f 191/804/1761 561/2015/1761 841/3309/1761
f 1048/4279/1762 1035/4216/1762 862/3413/1762
f 1027/4181/1763 789/3109/1763 473/1762/1763
f 789/3109/1764 190/799/1764 653/2453/1764
f 1037/4226/1765 1053/4306/1765 747/2913/1765
f 11/55/1766 171/719/1766 118/492/1766
f 85/360/1767 833/3271/1767 675/2570/1767
f 371/1464/1768 64/267/1768 991/3993/1768
f 928/3693/1769 613/2273/1769 309/1234/1769
f 848/3349/1770 31/132/1770 964/3867/1770
f 1021/4152/1771 746/2907/1771 252/1034/1771
f 629/2352/1772 645/2409/1772 663/2499/1772
f 407/1582/1773 747/2912/1773 1053/4305/1773
f 1053/4305/1774 1061/4342/1774 407/1582/1774
f 754/2947/1775 59/250/1775 747/2912/1775
f 747/2912/1776 407/1582/1776 754/2947/1776
f 412/1606/1777 899/3579/1777 766/3004/1777
f 59/250/1778 754/2947/1778 832/3269/1778
f 722/2809/1779 726/2823/1779 1097/4515/1779
f 902/3593/1780 869/3441/1780 471/1755/1780
f 567/2047/1781 570/2063/1781 566/2042/1781
f 940/3752/1782 608/2249/1782 182/761/1782
f 773/3037/1783 276/1097/1783 983/3954/1783
f 616/2287/1784 622/2321/1784 664/2507/1784
f 892/3547/1785 1029/4189/1785 675/2569/1785
f 348/1352/1786 621/2315/1786 340/1322/1786
f 458/1731/1787 941/3759/1787 1026/4174/1787
f 163/680/1788 696/2681/1788 1128/4660/1788
f 888/3530/1789 909/3618/1789 412/1605/1789
f 647/2420/1790 113/472/1790 215/889/1790
f 758/2963/1791 832/3268/1791 754/2946/1791
f 832/3268/1792 758/2963/1792 862/3412/1792
f 862/3412/1793 1005/4068/1793 1048/4278/1793
f 1005/4068/1794 862/3412/1794 758/2963/1794
f 1066/4364/1795 1048/4278/1795 1005/4068/1795
f 402/1564/1796 680/2592/1796 125/526/1796
f 957/3831/1797 959/3842/1797 968/3888/1797
f 768/3014/1798 585/2143/1798 540/1931/1798
f 984/3958/1799 277/1102/1799 944/3775/1799
f 516/1868/1800 751/2934/1800 1118/4614/1800
f 361/1405/1801 360/1400/1801 298/1186/1801
f 682/2605/1802 2/7/1802 976/3921/1802
f 407/1581/1803 575/2095/1803 754/2945/1803
f 575/2095/1804 407/1581/1804 1061/4341/1804
f 1061/4341/1805 662/2496/1805 575/2095/1805
f 863/3415/1806 955/3824/1806 965/3875/1806
f 934/3725/1807 576/2097/1807 413/1612/1807
f 977/3928/1808 982/3951/1808 979/3940/1808
f 662/2496/1809 1080/4441/1809 575/2094/1809
f 589/2163/1810 754/2945/1810 575/2095/1810
f 164/684/1811 526/1896/1811 1109/4574/1811
f 754/2945/1812 589/2163/1812 758/2962/1812
f 758/2962/1813 1082/4449/1813 1005/4067/1813
f 1082/4449/1814 758/2962/1814 589/2163/1814
f 490/1795/1815 357/1385/1815 963/3858/1815
f 60/253/1816 591/2171/1816 94/393/1816
f 66/277/1817 767/3007/1817 526/1896/1817
f 186/782/1818 1026/4173/1818 941/3758/1818
f 1079/4433/1819 1080/4440/1819 1075/4410/1819
f 1005/4066/1820 1086/4464/1820 1066/4363/1820
f 1086/4464/1821 1005/4066/1821 1082/4448/1821
f 641/2393/1822 397/1543/1822 102/421/1822
f 589/2162/1823 1080/4439/1823 1082/4448/1823
f 589/2162/1824 575/2094/1824 1080/4439/1824
f 449/1697/1825 1102/4544/1825 721/2802/1825
f 1086/4464/1826 1082/4448/1826 1080/4438/1826
f 1060/4337/1827 1053/4304/1827 1036/4221/1827
f 907/3608/1828 9/44/1828 674/2564/1828
f 78/330/1829 711/2758/1829 169/707/1829
f 856/3386/1830 1028/4184/1830 742/2886/1830
f 745/2899/1831 726/2822/1831 670/2545/1831
f 572/2077/1832 15/66/1832 145/606/1832
f 1036/4221/1833 1055/4314/1833 1060/4337/1833
f 929/3700/1834 1125/4642/1834 1124/4636/1834
f 128/540/1835 1105/4554/1835 498/1822/1835
f 14/64/1836 1128/4659/1836 696/2680/1836
f 113/471/1837 647/2419/1837 1011/4101/1837
f 921/3672/1838 1117/4605/1838 1052/4302/1838
f 670/2544/1839 763/2983/1839 745/2898/1839
f 324/1282/1840 937/3738/1840 686/2630/1840
f 248/1014/1841 253/1038/1841 243/999/1841
f 236/973/1842 1101/4537/1842 791/3121/1842
f 651/2439/1843 570/2062/1843 567/2046/1843
f 473/1761/1844 1127/4654/1844 1027/4180/1844
f 851/3360/1845 1027/4179/1845 1127/4653/1845
f 872/3460/1846 1094/4502/1846 555/1985/1846
f 301/1205/1847 393/1527/1847 106/440/1847
f 410/1595/1848 363/1417/1848 1020/4147/1848
f 22/99/1849 995/4011/1849 591/2170/1849
f 100/413/1850 1033/4209/1850 189/795/1850
f 951/3808/1851 1056/4321/1851 494/1810/1851
f 362/1412/1852 5/18/1852 1098/4522/1852
f 1056/4321/1853 951/3808/1853 571/2069/1853
f 8/38/1854 1070/4383/1854 448/1691/1854
f 1015/4120/1855 571/2069/1855 951/3808/1855
f 322/1273/1856 1100/4533/1856 247/1012/1856
f 176/746/1857 247/1012/1857 1100/4533/1857
f 1100/4533/1858 119/500/1858 176/746/1858
f 247/1012/1859 176/746/1859 246/1005/1859
f 223/926/1860 176/746/1860 119/500/1860
f 487/1786/1861 246/1005/1861 176/746/1861
f 176/746/1862 223/926/1862 487/1786/1862
f 660/2485/1863 452/1711/1863 614/2278/1863
f 864/3422/1864 223/925/1864 119/500/1864
f 1104/4551/1865 1040/4240/1865 122/511/1865
f 828/3254/1866 487/1786/1866 223/926/1866
f 306/1227/1867 223/925/1867 864/3421/1867
f 864/3421/1868 199/834/1868 306/1227/1868
f 614/2278/1869 761/2973/1869 660/2485/1869
f 223/925/1870 306/1227/1870 828/3253/1870
f 989/3981/1871 471/1754/1871 1069/4375/1871
f 837/3292/1872 147/620/1872 784/3077/1872
f 75/316/1873 408/1583/1873 370/1456/1873
f 956/3830/1874 828/3253/1874 306/1227/1874
f 771/3031/1875 765/2997/1875 164/683/1875
f 750/2929/1876 96/400/1876 1041/4242/1876
f 1063/4351/1877 289/1153/1877 308/1230/1877
f 199/833/1878 110/460/1878 306/1226/1878
f 952/3811/1879 975/3917/1879 949/3798/1879
f 146/612/1880 836/3287/1880 98/407/1880
f 828/3253/1881 956/3830/1881 1062/4347/1881
f 220/910/1882 143/597/1882 1084/4456/1882
f 49/204/1883 1009/4085/1883 448/1690/1883
f 189/794/1884 1062/4347/1884 956/3830/1884
f 1031/4203/1885 956/3829/1885 306/1226/1885
f 671/2550/1886 306/1226/1886 110/460/1886
f 306/1226/1887 671/2550/1887 1031/4203/1887
f 1091/4490/1888 1106/4559/1888 371/1463/1888
f 956/3829/1889 1031/4203/1889 189/793/1889
f 1135/4693/1890 995/4010/1890 971/3900/1890
f 410/1594/1891 565/2038/1891 1094/4501/1891
f 365/1427/1892 373/1469/1892 688/2638/1892
f 1029/4188/1893 62/260/1893 10/51/1893
f 578/2112/1894 189/793/1894 1031/4203/1894
f 872/3459/1895 918/3655/1895 410/1593/1895
f 576/2096/1896 934/3724/1896 626/2337/1896
f 993/4003/1897 366/1432/1897 740/2875/1897
f 1065/4359/1898 1077/4422/1898 1038/4232/1898
f 671/2549/1899 110/459/1899 753/2944/1899
f 853/3372/1900 753/2944/1900 110/459/1900
f 236/972/1901 791/3120/1901 871/3453/1901
f 1101/4536/1902 577/2103/1902 190/798/1902
f 753/2944/1903 162/679/1903 671/2549/1903
f 1031/4202/1904 671/2549/1904 162/679/1904
f 883/3517/1905 124/519/1905 299/1195/1905
f 998/4024/1906 1003/4053/1906 1010/4092/1906
f 745/2897/1907 756/2953/1907 1113/4591/1907
f 853/3371/1908 724/2817/1908 753/2943/1908
f 305/1222/1909 326/1292/1909 168/700/1909
f 625/2332/1910 996/4014/1910 1111/4583/1910
f 183/768/1911 836/3286/1911 565/2037/1911
f 1132/4677/1912 930/3703/1912 232/958/1912
f 753/2943/1913 724/2816/1913 162/678/1913
f 894/3557/1914 787/3096/1914 761/2972/1914
f 1094/4500/1915 679/2586/1915 1102/4543/1915
f 1114/4596/1916 162/678/1916 724/2816/1916
f 217/899/1917 665/2514/1917 107/447/1917
f 976/3920/1918 596/2204/1918 50/208/1918
f 1102/4542/1919 224/927/1919 1094/4499/1919
f 599/2221/1920 423/1647/1920 724/2816/1920
f 1114/4596/1921 724/2816/1921 423/1647/1921
f 1022/4158/1922 98/406/1922 242/996/1922
f 649/2432/1923 332/1308/1923 86/366/1923
f 733/2850/1924 599/2220/1924 160/669/1924
f 599/2220/1925 733/2850/1925 423/1646/1925
f 147/619/1926 697/2692/1926 784/3076/1926
f 516/1867/1927 1118/4613/1927 985/3960/1927
f 1034/4215/1928 733/2850/1928 160/668/1928
f 160/668/1929 771/3030/1929 1034/4215/1929
f 877/3487/1930 1034/4215/1930 771/3030/1930
f 429/1655/1931 1105/4553/1931 112/465/1931
f 762/2979/1932 1097/4514/1932 123/514/1932
f 759/2965/1933 717/2781/1933 842/3314/1933
f 1080/4437/1934 1079/4432/1934 1086/4463/1934
f 792/3127/1935 750/2928/1935 192/810/1935
f 977/3927/1936 965/3874/1936 968/3887/1936
f 1034/4215/1937 180/753/1937 733/2849/1937
f 1089/4479/1938 658/2474/1938 94/392/1938
f 597/2215/1939 423/1645/1939 733/2849/1939
f 733/2849/1940 180/753/1940 597/2215/1940
f 877/3486/1941 839/3302/1941 1034/4214/1941
f 839/3302/1942 877/3486/1942 759/2964/1942
f 746/2906/1943 811/3187/1943 256/1050/1943
f 839/3302/1944 759/2964/1944 1007/4077/1944
f 562/2023/1945 1007/4077/1945 759/2964/1945
f 946/3784/1946 673/2556/1946 1001/4041/1946
f 839/3301/1947 180/754/1947 1034/4214/1947
f 1073/4398/1948 346/1345/1948 625/2331/1948
f 107/446/1949 683/2614/1949 849/3352/1949
f 180/754/1950 839/3301/1950 203/853/1950
f 613/2272/1951 639/2386/1951 764/2989/1951
f 896/3565/1952 492/1800/1952 936/3732/1952
f 1007/4076/1953 203/853/1953 839/3301/1953
f 685/2624/1954 92/384/1954 1088/4473/1954
f 908/3613/1955 115/483/1955 1/3/1955
f 562/2022/1956 150/629/1956 1007/4075/1956
f 146/611/1957 993/4002/1957 740/2874/1957
f 1007/4076/1958 838/3300/1958 203/853/1958
f 624/2330/1959 1007/4075/1959 150/629/1959
f 363/1416/1960 410/1592/1960 918/3654/1960
f 46/195/1961 690/2650/1961 1116/4600/1961
f 624/2330/1962 838/3299/1962 1007/4075/1962
f 807/3179/1963 881/3508/1963 1129/4661/1963
f 727/2827/1964 767/3006/1964 628/2347/1964
f 953/3815/1965 972/3905/1965 952/3810/1965
f 738/2868/1966 1116/4599/1966 690/2649/1966
f 624/2329/1967 150/628/1967 215/888/1967
f 1027/4178/1968 851/3359/1968 986/3962/1968
f 693/2663/1969 944/3774/1969 277/1101/1969
f 838/3299/1970 624/2330/1970 1025/4169/1970
f 624/2329/1971 215/888/1971 1025/4169/1971
f 203/852/1972 838/3299/1972 1025/4168/1972
f 770/3024/1973 18/83/1973 620/2312/1973
f 584/2137/1974 192/809/1974 750/2927/1974
f 380/1486/1975 367/1440/1975 375/1477/1975
f 599/2219/1976 765/2996/1976 160/667/1976
f 242/995/1977 620/2311/1977 18/82/1977
f 453/1716/1978 348/1351/1978 347/1349/1978
f 458/1730/1979 1026/4172/1979 8/37/1979
f 203/851/1980 597/2215/1980 180/753/1980
f 62/259/1981 6/24/1981 10/50/1981
f 490/1794/1982 447/1684/1982 13/59/1982
f 664/2506/1983 704/2727/1983 701/2713/1983
f 318/1263/1984 212/878/1984 1087/4467/1984
f 1025/4167/1985 597/2214/1985 203/850/1985
f 389/1509/1986 1135/4692/1986 542/1939/1986
f 969/3894/1987 728/2833/1987 1122/4632/1987
f 620/2310/1988 98/405/1988 1131/4670/1988
f 28/121/1989 750/2926/1989 707/2744/1989
f 593/2183/1990 757/2958/1990 644/2402/1990
f 1047/4274/1991 895/3562/1991 794/3136/1991
f 672/2551/1992 794/3135/1992 895/3561/1992
f 126/533/1993 597/2213/1993 1025/4167/1993
f 732/2845/1994 825/3238/1994 1000/4035/1994
f 423/1644/1995 597/2213/1995 3/13/1995
f 966/3880/1996 392/1521/1996 883/3516/1996
f 1098/4521/1997 840/3304/1997 299/1194/1997
f 1075/4409/1998 1061/4340/1998 1060/4336/1998
f 713/2765/1999 782/3069/1999 670/2543/1999
f 942/3765/2000 493/1805/2000 943/3769/2000
f 113/470/2001 1011/4100/2001 1013/4109/2001
f 689/2644/2002 868/3436/2002 22/98/2002
f 995/4009/2003 22/97/2003 971/3899/2003
f 250/1026/2004 280/1110/2004 279/1106/2004
f 423/1643/2005 3/12/2005 1114/4595/2005
f 975/3916/2006 979/3939/2006 949/3797/2006
f 642/2398/2007 643/2400/2007 595/2195/2007
f 968/3886/2008 987/3967/2008 982/3950/2008
f 17/76/2009 564/2031/2009 569/2055/2009
f 543/1944/2010 126/532/2010 1011/4099/2010
f 650/2437/2011 1114/4595/2011 3/12/2011
f 162/677/2012 1114/4595/2012 89/377/2012
f 650/2437/2013 89/377/2013 1114/4595/2013
f 186/781/2014 145/605/2014 172/726/2014
f 1083/4451/2015 1077/4421/2015 1065/4358/2015
f 597/2212/2016 126/531/2016 755/2948/2016
f 46/194/2017 669/2537/2017 1100/4532/2017
f 1118/4612/2018 524/1889/2018 1018/4133/2018
f 29/124/2019 831/3263/2019 414/1619/2019
f 844/3326/2020 1120/4622/2020 1074/4405/2020
f 3/11/2021 590/2165/2021 650/2436/2021
f 351/1361/2022 683/2613/2022 845/3332/2022
f 125/525/2023 1/2/2023 636/2377/2023
f 493/1804/2024 942/3764/2024 938/3743/2024
f 1043/4251/2025 897/3569/2025 749/2920/2025
f 89/376/2026 650/2435/2026 1103/4549/2026
f 1113/4590/2027 657/2469/2027 2/6/2027
f 590/2164/2028 1103/4549/2028 650/2435/2028
f 1077/4420/2029 1083/4450/2029 1079/4431/2029
f 122/510/2030 26/115/2030 68/288/2030
f 1085/4461/2031 888/3529/2031 412/1604/2031
f 112/464/2032 674/2563/2032 9/43/2032
f 997/4019/2033 825/3237/2033 732/2844/2033
f 299/1193/2034 338/1315/2034 883/3515/2034
f 653/2452/2035 577/2102/2035 786/3088/2035
f 619/2305/2036 790/3114/2036 971/3898/2036
f 137/577/2037 681/2599/2037 1000/4034/2037
f 713/2764/2038 715/2774/2038 704/2726/2038
f 578/2111/2039 1031/4201/2039 162/676/2039
f 89/375/2040 578/2110/2040 162/676/2040
f 1062/4346/2041 831/3262/2041 698/2695/2041
f 689/2643/2042 400/1557/2042 623/2323/2042
f 199/832/2043 864/3420/2043 343/1329/2043
f 130/548/2044 542/1938/2044 6/23/2044
f 898/3575/2045 324/1281/2045 21/91/2045
f 578/2110/2046 89/375/2046 583/2136/2046
f 345/1338/2047 998/4023/2047 996/4013/2047
f 886/3523/2048 27/117/2048 736/2860/2048
f 218/904/2049 312/1243/2049 818/3218/2049
f 324/1281/2050 898/3575/2050 84/354/2050
f 641/2392/2051 1063/4350/2051 84/353/2051
f 688/2637/2052 94/391/2052 1135/4691/2052
f 578/2109/2053 583/2134/2053 136/571/2053
f 595/2194/2054 645/2408/2054 637/2380/2054
f 1062/4345/2055 698/2694/2055 828/3252/2055
f 583/2135/2056 89/374/2056 697/2691/2056
f 1133/4682/2057 1136/4699/2057 183/767/2057
f 964/3866/2058 979/3938/2058 982/3949/2058
f 945/3780/2059 32/137/2059 947/3790/2059
f 207/862/2060 136/571/2060 583/2134/2060
f 696/2679/2061 539/1926/2061 1059/4333/2061
f 697/2690/2062 89/374/2062 1103/4548/2062
f 1103/4548/2063 1016/4125/2063 697/2690/2063
f 699/2702/2064 700/2710/2064 704/2725/2064
f 119/499/2065 669/2536/2065 864/3419/2065
f 1107/4565/2066 692/2657/2066 574/2089/2066
f 1121/4628/2067 793/3129/2067 53/222/2067
f 1016/4124/2068 847/3343/2068 697/2690/2068
f 583/2133/2069 697/2689/2069 885/3522/2069
f 885/3522/2070 207/862/2070 583/2133/2070
f 1045/4262/2071 1074/4404/2071 1120/4621/2071
f 840/3303/2072 1098/4520/2072 276/1096/2072
f 651/2438/2073 595/2193/2073 570/2061/2073
f 885/3522/2074 632/2363/2074 207/862/2074
f 697/2688/2075 147/618/2075 885/3522/2075
f 632/2363/2076 885/3522/2076 147/618/2076
f 975/3915/2077 972/3904/2077 977/3926/2077
f 1084/4455/2078 561/2014/2078 154/644/2078
f 636/2376/2079 115/482/2079 844/3325/2079
f 780/3060/2080 669/2535/2080 301/1204/2080
f 207/861/2081 632/2363/2081 939/3747/2081
f 636/2375/2082 1/1/2082 115/481/2082
