v -6.426594 5.144161 2.667631
v -3.251296 5.144161 2.667631
v 1.647150 5.144161 2.667631
v 4.822448 5.144161 2.667631
v -6.426594 5.393147 2.667631
v -3.251296 5.393147 2.667631
v 1.647150 5.393147 2.667631
v 4.822448 5.393147 2.667631
v -6.426594 5.393147 -2.760861
v -3.251296 5.393147 -2.760861
v 1.647150 5.393147 -2.760861
v 4.822448 5.393147 -2.760861
v -6.426594 5.144161 -2.760861
v -3.251296 5.144161 -2.760861
v 1.647150 5.144161 -2.760861
v 4.822448 5.144161 -2.760861
v -3.384197 5.144161 2.667631
v -3.384197 5.393147 2.667631
v -3.384197 5.393147 -2.760861
v -3.384197 5.144161 -2.760861
v 1.780050 5.144161 2.667631
v 1.780050 5.393147 2.667631
v 1.780050 5.393147 -2.760861
v 1.780050 5.144161 -2.760861
v 1.647150 5.144162 2.338319
v -3.251296 5.144162 2.338319
v -3.384197 5.144162 2.338319
v -6.426594 5.144161 2.338319
v -6.426594 5.393147 2.338319
v -3.384197 5.393147 2.338319
v -3.251296 5.393147 2.338319
v 1.647150 5.393147 2.338319
v 1.780050 5.393147 2.338319
v 4.822448 5.393147 2.338319
v 4.822448 5.144161 2.338319
v 1.780050 5.144162 2.338319
v 1.647150 5.144162 -2.431551
v -3.251296 5.144162 -2.431551
v -3.384197 5.144162 -2.431551
v -6.426594 5.144161 -2.431551
v -6.426594 5.393147 -2.431551
v -3.384197 5.393147 -2.431551
v -3.251296 5.393147 -2.431551
v 1.647150 5.393147 -2.431551
v 1.780050 5.393147 -2.431551
v 4.822448 5.393147 -2.431551
v 4.822448 5.144161 -2.431551
v 1.780050 5.144162 -2.431551
v -3.384197 0.719031 -2.431551
v -3.384197 0.719031 2.338319
v -3.251296 0.719031 -2.431551
v -3.251296 0.719031 2.338319
v 1.780050 0.719031 -2.431551
v 1.647150 0.719031 -2.431551
v 1.780050 0.719031 2.338319
v 1.647150 0.719031 2.338319
v 4.670166 5.144162 2.338319
v 4.670166 5.144162 -2.431551
v 4.670166 5.144161 -2.760861
v 4.670166 5.393147 -2.760861
v 4.670166 5.393147 -2.431551
v 4.670166 5.393147 2.338319
v 4.670166 5.393147 2.667631
v 4.670166 5.144161 2.667631
v -6.274312 5.144162 2.338319
v -6.274312 5.144162 -2.431551
v -6.274312 5.144161 -2.760861
v -6.274312 5.393147 -2.760861
v -6.274312 5.393147 -2.431551
v -6.274312 5.393147 2.338319
v -6.274312 5.393147 2.667631
v -6.274312 5.144161 2.667631
v 4.670164 0.719031 2.338319
v 4.670164 0.719031 -2.431551
v 4.822445 0.719031 -2.431551
v 4.822445 0.719031 2.338319
v 4.670165 3.878620 2.338319
v 4.822446 3.878620 2.338319
v 4.822446 3.878620 -2.431551
v 4.670165 3.878620 -2.431551
v 1.780050 3.878620 2.338319
v 1.780050 3.878620 -2.431551
v 1.647150 3.878620 -2.431551
v 1.647150 3.878620 2.338319
v 1.780050 3.768045 2.338319
v 1.780050 3.768045 -2.431551
v 1.647150 3.768045 -2.431551
v 1.647150 3.768045 2.338319
v 4.670164 3.768045 2.338319
v 4.822446 3.768045 2.338319
v 4.822446 3.768045 -2.431551
v 4.670164 3.768045 -2.431551
v 4.670164 3.768045 -2.311763
v 1.780050 3.768045 -2.311763
v 1.780050 0.719031 -2.311763
v 1.647150 0.719031 -2.311763
v 1.647150 3.768045 -2.311763
v 1.647150 3.878620 -2.311763
v 1.647150 5.144162 -2.311763
v -3.251296 5.144162 -2.311763
v -3.251296 0.719031 -2.311763
v -3.384197 0.719031 -2.311763
v -3.384197 5.144162 -2.311763
v -6.274312 5.144162 -2.311763
v -6.426594 5.144161 -2.311763
v -6.426594 5.393147 -2.311763
v -6.274312 5.393147 -2.311763
v -3.384197 5.393147 -2.311763
v -3.251296 5.393147 -2.311763
v 1.647150 5.393147 -2.311763
v 1.780050 5.393147 -2.311763
v 4.670166 5.393147 -2.311763
v 4.822448 5.393147 -2.311763
v 4.822448 5.144161 -2.311763
v 4.822446 3.878620 -2.311763
v 4.822446 3.768045 -2.311763
v 4.822445 0.719031 -2.311763
v 4.670164 0.719031 -2.311763
v 4.670164 1.275853 -2.431551
v 4.670164 1.275853 -2.311763
v 1.780050 1.275853 -2.311763
v 1.780050 1.275853 -2.431551
v 4.670164 1.363041 -2.311763
v 1.780050 1.363041 -2.311763
v 1.780050 1.275884 -2.311763
v 4.670164 1.275884 -2.311763
v 4.670164 1.363041 2.338574
v 1.780050 1.363041 2.338574
v 1.780050 1.275884 2.338574
v 4.670164 1.275884 2.338574
v -6.274312 5.144162 -1.794824
v -6.426594 5.144161 -1.794824
v -6.274312 5.144162 -0.517085
v -6.426594 5.144161 -0.517085
v -6.274298 0.719031 -1.794824
v -6.426579 0.719030 -1.794824
v -6.274298 0.719031 -0.517085
v -6.426579 0.719030 -0.517085
v 1.647150 1.374572 -1.929263
v 1.647150 1.374572 1.955819
v 1.647150 1.262600 -1.929263
v 1.647150 1.262600 1.955819
v 4.822448 5.144161 2.326425
v 4.822446 3.878620 2.326425
v 4.822446 3.768045 2.326425
v 4.822445 0.719031 2.326425
v 4.670164 0.719031 2.326425
v 4.670164 3.768045 2.326425
v 1.780050 3.768045 2.326425
v 1.780050 0.719031 2.326425
v 1.647150 0.719031 2.326425
v 1.647150 1.262600 1.945882
v 1.647150 1.374572 1.945882
v 1.647150 3.768045 2.326425
v 1.647150 3.878620 2.326425
v 1.647150 5.144162 2.326425
v -3.251296 5.144162 2.326425
v -3.251296 0.719031 2.326425
v -3.384197 0.719031 2.326425
v -3.384197 5.144162 2.326425
v -6.274312 5.144162 2.326425
v -6.274312 5.144162 -0.520354
v -6.274298 0.719031 -0.520354
v -6.426579 0.719030 -0.520354
v -6.426594 5.144161 -0.520354
v -6.426594 5.144161 2.326425
v -6.426594 5.393147 2.326425
v -6.274312 5.393147 2.326425
v -3.384197 5.393147 2.326425
v -3.251296 5.393147 2.326425
v 1.647150 5.393147 2.326425
v 1.780050 5.393147 2.326425
v 4.670166 5.393147 2.326425
v 4.822448 5.393147 2.326425
v 4.822448 5.144161 2.354780
v 4.670166 5.144162 2.354780
v 1.780050 5.144162 2.354780
v 1.647150 5.144162 2.354780
v -3.251296 5.144162 2.354780
v -3.384197 5.144162 2.354780
v -6.274312 5.144162 2.354780
v -6.426594 5.144161 2.354780
v -6.426594 5.393147 2.354780
v -6.274312 5.393147 2.354780
v -3.384197 5.393147 2.354780
v -3.251296 5.393147 2.354780
v 1.647150 5.393147 2.354780
v 1.780050 5.393147 2.354780
v 4.670166 5.393147 2.354780
v 4.822448 5.393147 2.354780
v 4.822448 5.144161 2.648746
v 4.670166 5.144161 2.648746
v 1.780050 5.144161 2.648746
v 1.647150 5.144161 2.648746
v -3.251296 5.144161 2.648746
v -3.384197 5.144161 2.648746
v -6.274312 5.144161 2.648746
v -6.426594 5.144161 2.648746
v -6.426594 5.393147 2.648746
v -6.274312 5.393147 2.648746
v -3.384197 5.393147 2.648746
v -3.251296 5.393147 2.648746
v 1.647150 5.393147 2.648746
v 1.780050 5.393147 2.648746
v 4.670166 5.393147 2.648746
v 4.822448 5.393147 2.648746
v 4.808837 5.144161 2.667631
v 4.808837 5.393147 2.667631
v 4.808837 5.393147 2.648746
v 4.808837 5.393147 2.354780
v 4.808837 5.393147 2.338319
v 4.808837 5.393147 2.326425
v 4.808837 5.393147 -2.311763
v 4.808837 5.393147 -2.431551
v 4.808837 5.393147 -2.760861
v 4.808837 5.144161 -2.760861
v 4.808837 5.144161 -2.431551
v 4.808836 3.878620 -2.431551
v 4.808836 3.768045 -2.431551
v 4.808835 0.719031 -2.431551
v 4.808835 0.719031 -2.311763
v 4.808835 0.719031 2.326425
v 4.808835 0.719031 2.338319
v 4.808836 3.768045 2.338319
v 4.808836 3.878620 2.338319
v 4.808837 5.144161 2.338319
v 4.808837 5.144161 2.354780
v 4.808837 5.144161 2.648746
v 4.690595 5.144161 2.667631
v 4.690595 5.393147 2.667631
v 4.690595 5.393147 2.648746
v 4.690595 5.393147 2.354780
v 4.690595 5.393147 2.338319
v 4.690595 5.393147 2.326425
v 4.690595 5.393147 -2.311763
v 4.690595 5.393147 -2.431551
v 4.690595 5.393147 -2.760861
v 4.690595 5.144161 -2.760861
v 4.690595 5.144161 -2.431551
v 4.690593 3.878620 -2.431551
v 4.690592 3.768045 -2.431551
v 4.690592 0.719031 -2.431551
v 4.690592 0.719031 -2.311763
v 4.690592 0.719031 2.326425
v 4.690592 0.719031 2.338319
v 4.690592 3.768045 2.338319
v 4.690593 3.878620 2.338319
v 4.690595 5.144161 2.338319
v 4.690595 5.144161 2.354780
v 4.690595 5.144161 2.648746
v 4.662956 5.144161 2.667631
v 4.662956 5.393147 2.667631
v 4.662956 5.393147 2.648746
v 4.662956 5.393147 2.354780
v 4.662956 5.393147 2.338319
v 4.662956 5.393147 2.326425
v 4.662956 5.393147 -2.311763
v 4.662956 5.393147 -2.431551
v 4.662956 5.393147 -2.760861
v 4.662956 5.144161 -2.760861
v 4.662956 5.144162 -2.431551
v 4.662956 5.144162 2.338319
v 4.662956 5.144162 2.354780
v 4.662956 5.144161 2.648746
v 1.780050 5.137900 2.338320
v 1.780050 5.137900 -2.431551
v 1.647150 5.137900 -2.431551
v 1.647150 5.137900 -2.311763
v 1.647150 5.137900 2.326425
v 1.647150 5.137900 2.338320
v 1.780050 3.884928 2.338319
v 1.780050 3.884928 -2.431551
v 1.647150 3.884928 -2.431551
v 1.647150 3.884928 -2.311763
v 1.647150 3.884928 2.326425
v 1.647150 3.884928 2.338319
v 1.785913 3.768045 2.338319
v 1.785913 3.768045 2.326425
v 1.785913 3.768045 -2.311763
v 1.785913 1.363041 -2.311763
v 1.785913 1.363041 2.338574
v 1.785913 1.275884 2.338574
v 1.785913 1.275884 -2.311763
v 1.785913 1.275853 -2.311763
v 1.785913 1.275853 -2.431551
v 1.785913 3.768045 -2.431551
v 1.785913 3.878620 -2.431551
v 1.785913 3.878620 2.338319
v 1.770668 3.768045 2.338319
v 1.770668 3.878620 2.338319
v 1.770668 3.884928 2.338319
v 1.770668 5.137900 2.338320
v 1.770668 5.144162 2.338319
v 1.770668 5.144162 2.354780
v 1.770668 5.144161 2.648746
v 1.770668 5.144161 2.667631
v 1.770668 5.393147 2.667631
v 1.770668 5.393147 2.648746
v 1.770668 5.393147 2.354780
v 1.770668 5.393147 2.338319
v 1.770668 5.393147 2.326425
v 1.770668 5.393147 -2.311763
v 1.770668 5.393147 -2.431551
v 1.770668 5.393147 -2.760861
v 1.770668 5.144161 -2.760861
v 1.770668 5.144162 -2.431551
v 1.770668 5.137900 -2.431551
v 1.770668 3.884928 -2.431551
v 1.770668 3.878620 -2.431551
v 1.770668 3.768045 -2.431551
v 1.770668 0.719031 -2.431551
v 1.770668 0.719031 -2.311763
v 1.770668 0.719031 2.326425
v 1.770668 0.719031 2.338319
v 1.657053 3.768045 2.338319
v 1.657053 3.878620 2.338319
v 1.657053 3.884928 2.338319
v 1.657053 5.137900 2.338319
v 1.657053 5.144162 2.338319
v 1.657053 5.144162 2.354780
v 1.657053 5.144161 2.648746
v 1.657053 5.144161 2.667631
v 1.657053 5.393147 2.667631
v 1.657053 5.393147 2.648746
v 1.657053 5.393147 2.354780
v 1.657053 5.393147 2.338319
v 1.657053 5.393147 2.326425
v 1.657053 5.393147 -2.311763
v 1.657053 5.393147 -2.431551
v 1.657053 5.393147 -2.760861
v 1.657053 5.144161 -2.760861
v 1.657053 5.144162 -2.431551
v 1.657053 5.137900 -2.431551
v 1.657053 3.884928 -2.431551
v 1.657053 3.878620 -2.431551
v 1.657053 3.768045 -2.431551
v 1.657053 0.719031 -2.431551
v 1.657053 0.719031 -2.311763
v 1.657053 0.719031 2.326425
v 1.657053 0.719031 2.338319
v 1.647150 3.768045 2.313285
v 1.647150 3.878620 2.313285
v 1.647150 3.884928 2.313285
v 1.647150 5.137900 2.313285
v 1.647150 5.144162 2.313285
v -3.251296 5.144162 2.313285
v -3.251296 0.719031 2.313285
v -3.384197 0.719031 2.313285
v -3.384197 5.144162 2.313285
v -6.274312 5.144162 2.313285
v -6.274312 5.144162 -0.523964
v -6.274298 0.719031 -0.523964
v -6.426579 0.719030 -0.523964
v -6.426594 5.144161 -0.523964
v -6.426594 5.144161 2.313285
v -6.426594 5.393147 2.313285
v -6.274312 5.393147 2.313285
v -3.384197 5.393147 2.313285
v -3.251296 5.393147 2.313285
v 1.647150 5.393147 2.313285
v 1.657053 5.393147 2.313285
v 1.770668 5.393147 2.313285
v 1.780050 5.393147 2.313285
v 4.662956 5.393147 2.313285
v 4.670166 5.393147 2.313285
v 4.690595 5.393147 2.313285
v 4.808837 5.393147 2.313285
v 4.822448 5.393147 2.313285
v 4.822448 5.144161 2.313285
v 4.822446 3.878620 2.313285
v 4.822446 3.768045 2.313285
v 4.822445 0.719031 2.313285
v 4.808835 0.719031 2.313285
v 4.690592 0.719031 2.313285
v 4.670164 0.719031 2.313285
v 4.670164 3.768045 2.313285
v 1.785913 3.768045 2.313285
v 1.780050 3.768045 2.313285
v 1.780050 0.719031 2.313285
v 1.770668 0.719031 2.313285
v 1.657053 0.719031 2.313285
v 1.647150 0.719031 2.313285
v 1.647150 1.262600 1.934903
v 1.647150 1.374572 1.934903
v 1.647150 3.755400 2.336298
v 1.647150 0.721902 2.336298
v 1.647150 0.721902 2.324415
v 1.647150 0.721902 2.311286
v 1.647150 0.721902 -2.309742
v 1.647150 3.755400 -2.309742
v 1.647150 3.755400 2.311286
v 1.647150 3.755400 2.324415
v 1.647150 3.777880 2.313285
v 1.647150 3.777880 -2.311763
v 1.647150 3.777880 -2.431551
v 1.657053 3.777880 -2.431551
v 1.770668 3.777880 -2.431551
v 1.780050 3.777880 -2.431551
v 1.785913 3.777880 -2.431551
v 4.670164 3.777880 -2.431551
v 4.690592 3.777880 -2.431551
v 4.808836 3.777880 -2.431551
v 4.822446 3.777880 -2.431551
v 4.822446 3.777880 -2.311763
v 4.822446 3.777880 2.313285
v 4.822446 3.777880 2.326425
v 4.822446 3.777880 2.338319
v 4.808836 3.777880 2.338320
v 4.690593 3.777880 2.338320
v 4.670164 3.777880 2.338319
v 1.785913 3.777880 2.338319
v 1.780050 3.777880 2.338319
v 1.770668 3.777880 2.338320
v 1.657053 3.777881 2.338320
v 1.647150 3.777880 2.338319
v 1.647150 3.777880 2.326425
v 1.647150 1.393615 -1.932306
v 1.647150 1.393615 1.937914
v 1.647150 1.393615 1.948910
v 1.647150 1.393615 1.958863
v 1.647150 1.258275 1.958863
v 1.647150 1.258275 1.948910
v 1.647150 1.258275 1.937914
v 1.647150 1.258275 -1.932306
v 1.647150 0.735487 -2.309742
v 1.647150 0.732685 -2.311763
v 1.647150 0.732685 -2.431551
v 1.657053 0.732685 -2.431551
v 1.770668 0.732685 -2.431551
v 1.780050 0.732685 -2.431551
v 1.780050 0.732685 -2.311763
v 1.780050 0.732685 2.313285
v 1.780050 0.732685 2.326425
v 1.780050 0.732685 2.338319
v 1.770668 0.732685 2.338319
v 1.657053 0.732685 2.338319
v 1.647150 0.732685 2.338319
v 1.647150 0.735487 2.336298
v 1.647150 1.258881 1.958863
v 1.647150 1.263102 1.955819
v 1.647150 1.263102 1.945882
v 1.647150 1.263102 1.934903
v 1.647150 1.263102 -1.929263
v 1.647150 1.258882 -1.932306
v 1.647150 3.739427 -2.309742
v 1.647150 3.751991 -2.311763
v 1.647150 3.751991 -2.431551
v 1.657053 3.751991 -2.431551
v 1.770668 3.751991 -2.431551
v 1.780050 3.751991 -2.431551
v 1.780050 3.751991 -2.311763
v 1.780050 3.751991 2.313285
v 1.780050 3.751991 2.326425
v 1.780050 3.751991 2.338319
v 1.770668 3.751991 2.338319
v 1.657053 3.751991 2.338319
v 1.647150 3.751991 2.338319
v 1.647150 3.739427 2.336298
v 1.647150 1.392903 1.958863
v 1.647150 1.373982 1.955819
v 1.647150 1.373982 1.945882
v 1.647150 1.373982 1.934903
v 1.647150 1.373982 -1.929263
v 1.647150 1.392903 -1.932306
v 1.657053 0.733909 2.338319
v 1.647150 0.733909 2.338319
v 1.647150 0.736706 2.336298
v 1.647150 1.258936 1.958863
v 1.647150 1.263147 1.955819
v 1.647150 1.263147 1.945882
v 1.647150 1.263147 1.934904
v 1.647150 1.263147 -1.929263
v 1.647150 1.258937 -1.932306
v 1.647150 0.736706 -2.309742
v 1.647150 0.733909 -2.311763
v 1.647150 0.733909 -2.431551
v 1.657053 0.733909 -2.431551
v 1.770668 0.733909 -2.431551
v 1.780050 0.733909 -2.431551
v 1.780050 0.733909 -2.311763
v 1.780050 0.733909 2.313285
v 1.780050 0.733909 2.326425
v 1.780050 0.733909 2.338319
v 1.770668 0.733909 2.338319
v 1.657053 0.721282 2.338319
v 1.647150 0.721282 2.338319
v 1.647150 0.724143 2.336298
v 1.647150 1.258375 1.958863
v 1.647150 1.262683 1.955819
v 1.647150 1.262683 1.945882
v 1.647150 1.262683 1.934903
v 1.647150 1.262683 -1.929263
v 1.647150 1.258375 -1.932306
v 1.647150 0.724142 -2.309742
v 1.647150 0.721282 -2.311763
v 1.647150 0.721282 -2.431551
v 1.657053 0.721282 -2.431551
v 1.770668 0.721282 -2.431551
v 1.780050 0.721282 -2.431551
v 1.780050 0.721282 -2.311763
v 1.780050 0.721282 2.313285
v 1.780050 0.721282 2.326425
v 1.780050 0.721282 2.338319
v 1.770668 0.721282 2.338319
v 1.657053 0.719031 2.334480
v 1.647150 0.719031 2.334480
v 1.647150 0.721902 2.332463
v 1.647150 1.258275 1.955650
v 1.647150 1.262600 1.952612
v 1.647150 1.262683 1.952612
v 1.647150 1.263102 1.952612
v 1.647150 1.263147 1.952612
v 1.647150 1.373982 1.952612
v 1.647150 1.374572 1.952612
v 1.647150 1.393615 1.955650
v 1.647150 3.755400 2.332463
v 1.647150 3.768045 2.334480
v 1.647150 3.777880 2.334480
v 1.647150 3.878620 2.334480
v 1.647150 3.884928 2.334480
v 1.647150 5.137900 2.334481
v 1.647150 5.144162 2.334480
v -3.251296 5.144162 2.334480
v -3.251296 0.719031 2.334480
v -3.384197 0.719031 2.334480
v -3.384197 5.144162 2.334480
v -6.274312 5.144162 2.334480
v -6.274312 5.144162 -0.518140
v -6.274298 0.719031 -0.518140
v -6.426580 0.719030 -0.518140
v -6.426594 5.144161 -0.518140
v -6.426594 5.144161 2.334480
v -6.426594 5.393147 2.334480
v -6.274312 5.393147 2.334480
v -3.384197 5.393147 2.334480
v -3.251296 5.393147 2.334480
v 1.647150 5.393147 2.334480
v 1.657053 5.393147 2.334480
v 1.770668 5.393147 2.334480
v 1.780050 5.393147 2.334480
v 4.662956 5.393147 2.334480
v 4.670166 5.393147 2.334480
v 4.690595 5.393147 2.334480
v 4.808837 5.393147 2.334480
v 4.822448 5.393147 2.334480
v 4.822448 5.144161 2.334480
v 4.822446 3.878620 2.334480
v 4.822446 3.777880 2.334480
v 4.822446 3.768045 2.334480
v 4.822445 0.719031 2.334480
v 4.808835 0.719031 2.334480
v 4.690592 0.719031 2.334480
v 4.670164 0.719031 2.334480
v 4.670164 3.768045 2.334480
v 1.785913 3.768045 2.334480
v 1.780050 3.768045 2.334480
v 1.780050 3.751991 2.334480
v 1.780050 0.733909 2.334480
v 1.780050 0.732685 2.334480
v 1.780050 0.721282 2.334480
v 1.780050 0.719031 2.334480
v 1.770668 0.719031 2.334480
v -3.384197 0.719031 -2.427673
v -3.384197 5.144162 -2.427673
v -6.274312 5.144162 -2.427673
v -6.426594 5.144161 -2.427673
v -6.426594 5.393147 -2.427673
v -6.274312 5.393147 -2.427673
v -3.384197 5.393147 -2.427673
v -3.251296 5.393147 -2.427673
v 1.647150 5.393147 -2.427673
v 1.657053 5.393147 -2.427673
v 1.770668 5.393147 -2.427673
v 1.780050 5.393147 -2.427673
v 4.662956 5.393147 -2.427673
v 4.670166 5.393147 -2.427673
v 4.690595 5.393147 -2.427673
v 4.808837 5.393147 -2.427673
v 4.822448 5.393147 -2.427673
v 4.822448 5.144161 -2.427673
v 4.822446 3.878620 -2.427673
v 4.822446 3.777880 -2.427673
v 4.822446 3.768045 -2.427673
v 4.822445 0.719031 -2.427673
v 4.808835 0.719031 -2.427673
v 4.690592 0.719031 -2.427673
v 4.670164 0.719031 -2.427673
v 4.670164 3.768045 -2.427673
v 4.670164 1.275853 -2.427673
v 1.785913 1.275853 -2.427673
v 1.780050 1.275853 -2.427673
v 1.780050 3.768045 -2.427673
v 1.780050 3.751991 -2.427673
v 1.780050 0.733909 -2.427673
v 1.780050 0.732685 -2.427673
v 1.780050 0.721282 -2.427673
v 1.780050 0.719031 -2.427673
v 1.770668 0.719031 -2.427673
v 1.657053 0.719031 -2.427673
v 1.647150 0.719031 -2.427673
v 1.647150 0.721282 -2.427673
v 1.647150 0.732685 -2.427673
v 1.647150 0.733909 -2.427673
v 1.647150 3.751991 -2.427673
v 1.647150 3.768045 -2.427673
v 1.647150 3.777880 -2.427673
v 1.647150 3.878620 -2.427673
v 1.647150 3.884928 -2.427673
v 1.647150 5.137900 -2.427673
v 1.647150 5.144162 -2.427673
v -3.251296 5.144162 -2.427673
v -3.251296 0.719031 -2.427673
v 4.660822 1.275853 -2.431551
v 4.660822 3.768045 -2.431551
v 4.660822 3.777880 -2.431551
v 4.660823 3.878620 -2.431551
v 4.660823 3.878620 2.338319
v 4.660822 3.777880 2.338319
v 4.660822 3.768045 2.338319
v 4.660822 3.768045 2.334480
v 4.660822 3.768045 2.326425
v 4.660822 3.768045 2.313285
v 4.660822 3.768045 -2.311763
v 4.660822 1.363041 -2.311763
v 4.660822 1.363041 2.338574
v 4.660822 1.275884 2.338574
v 4.660822 1.275884 -2.311763
v 4.660822 1.275853 -2.311763
v 4.660822 1.275853 -2.427674
v 1.789860 1.275853 -2.431551
v 1.789860 3.768045 -2.431551
v 1.789860 3.777880 -2.431551
v 1.789860 3.878620 -2.431551
v 1.789860 3.878620 2.338319
v 1.789860 3.777880 2.338319
v 1.789860 3.768045 2.338319
v 1.789860 3.768045 2.334480
v 1.789860 3.768045 2.326425
v 1.789860 3.768045 2.313285
v 1.789860 3.768045 -2.311763
v 1.789860 1.363041 -2.311763
v 1.789860 1.363041 2.338574
v 1.789860 1.275884 2.338574
v 1.789860 1.275884 -2.311763
v 1.789860 1.275853 -2.311763
v 1.789860 1.275853 -2.427673
v 1.789860 1.280250 -2.431551
v 4.660822 1.280250 -2.431551
v 4.670164 1.280250 -2.431551
v 4.670164 1.280250 -2.427673
v 4.670164 1.280250 -2.311763
v 4.670164 1.276038 -2.311763
v 4.670164 1.276038 2.338574
v 4.660822 1.276038 2.338574
v 1.789860 1.276038 2.338574
v 1.785913 1.276038 2.338574
v 1.780050 1.276038 2.338574
v 1.780050 1.276038 -2.311763
v 1.780050 1.280250 -2.311763
v 1.780050 1.280250 -2.427673
v 1.780050 1.280250 -2.431551
v 1.785913 1.280250 -2.431551
v 1.789860 3.764129 -2.431551
v 4.660822 3.764129 -2.431551
v 4.670164 3.764129 -2.431551
v 4.670164 3.764129 -2.427673
v 4.670164 3.764129 -2.311763
v 4.670164 1.362904 -2.311763
v 4.670164 1.362904 2.338574
v 4.660822 1.362904 2.338574
v 1.789860 1.362904 2.338574
v 1.785913 1.362904 2.338574
v 1.780050 1.362904 2.338574
v 1.780050 1.362904 -2.311763
v 1.780050 3.764129 -2.311763
v 1.780050 3.764129 -2.427673
v 1.780050 3.764129 -2.431551
v 1.785913 3.764129 -2.431551
v 1.789860 3.770629 -2.431551
v 4.660822 3.770629 -2.431551
v 4.670164 3.770629 -2.431551
v 4.690592 3.770629 -2.431551
v 4.808836 3.770629 -2.431551
v 4.822446 3.770629 -2.431551
v 4.822446 3.770629 -2.427673
v 4.822446 3.770629 -2.311763
v 4.822446 3.770629 2.313285
v 4.822446 3.770629 2.326425
v 4.822446 3.770629 2.334480
v 4.822446 3.770629 2.338319
v 4.808836 3.770629 2.338319
v 4.690593 3.770629 2.338319
v 4.670164 3.770629 2.338319
v 4.660822 3.770629 2.338319
v 1.789860 3.770629 2.338319
v 1.785913 3.770629 2.338319
v 1.780050 3.770629 2.338319
v 1.770668 3.770629 2.338319
v 1.657053 3.770629 2.338319
v 1.647150 3.770629 2.338319
v 1.647150 3.770629 2.334480
v 1.647150 3.770629 2.326425
v 1.647150 3.770629 2.313285
v 1.647150 3.770629 -2.311763
v 1.647150 3.770629 -2.427673
v 1.647150 3.770629 -2.431551
v 1.657053 3.770629 -2.431551
v 1.770668 3.770629 -2.431551
v 1.780050 3.770629 -2.431551
v 1.785913 3.770629 -2.431551
v 1.789860 3.775347 -2.431551
v 4.660822 3.775347 -2.431551
v 4.670164 3.775347 -2.431551
v 4.690592 3.775347 -2.431551
v 4.808836 3.775347 -2.431551
v 4.822446 3.775347 -2.431551
v 4.822446 3.775347 -2.427673
v 4.822446 3.775347 -2.311763
v 4.822446 3.775347 2.313285
v 4.822446 3.775347 2.326425
v 4.822446 3.775347 2.334480
v 4.822446 3.775347 2.338319
v 4.808836 3.775347 2.338320
v 4.690593 3.775347 2.338320
v 4.670164 3.775347 2.338319
v 4.660822 3.775347 2.338319
v 1.789860 3.775347 2.338319
v 1.785913 3.775347 2.338319
v 1.780050 3.775347 2.338319
v 1.770668 3.775347 2.338320
v 1.657053 3.775347 2.338320
v 1.647150 3.775347 2.338319
v 1.647150 3.775347 2.334480
v 1.647150 3.775347 2.326425
v 1.647150 3.775347 2.313285
v 1.647150 3.775347 -2.311763
v 1.647150 3.775347 -2.427673
v 1.647150 3.775347 -2.431551
v 1.657053 3.775347 -2.431551
v 1.770668 3.775347 -2.431551
v 1.780050 3.775347 -2.431551
v 1.785913 3.775347 -2.431551
v 1.789860 3.780449 -2.431551
v 4.660821 3.780449 -2.431551
v 4.670164 3.780449 -2.431551
v 4.690592 3.780449 -2.431551
v 4.808836 3.780449 -2.431551
v 4.822446 3.780449 -2.431551
v 4.822446 3.780449 -2.427673
v 4.822446 3.780449 -2.311763
v 4.822446 3.780449 2.313285
v 4.822446 3.780449 2.326425
v 4.822446 3.780449 2.334480
v 4.822446 3.780449 2.338319
v 4.808835 3.780449 2.338320
v 4.690593 3.780449 2.338320
v 4.670164 3.780449 2.338319
v 4.660822 3.780449 2.338319
v 1.789860 3.780449 2.338319
v 1.785913 3.780449 2.338319
v 1.780050 3.780449 2.338319
v 1.770668 3.780449 2.338320
v 1.657053 3.780449 2.338320
v 1.647150 3.780449 2.338319
v 1.647150 3.780449 2.334480
v 1.647150 3.780449 2.326425
v 1.647150 3.780449 2.313285
v 1.647150 3.780449 -2.311763
v 1.647150 3.780449 -2.427673
v 1.647150 3.780449 -2.431551
v 1.657053 3.780449 -2.431551
v 1.770668 3.780449 -2.431551
v 1.780050 3.780449 -2.431551
v 1.785913 3.780449 -2.431551
v 1.789860 3.875705 -2.431551
v 4.660823 3.875705 -2.431551
v 4.670165 3.875705 -2.431551
v 4.690593 3.875705 -2.431551
v 4.808836 3.875705 -2.431551
v 4.822446 3.875705 -2.431551
v 4.822446 3.875705 -2.427673
v 4.822446 3.875705 -2.311763
v 4.822446 3.875705 2.313285
v 4.822446 3.875705 2.326425
v 4.822446 3.875705 2.334480
v 4.822446 3.875705 2.338319
v 4.808836 3.875705 2.338319
v 4.690593 3.875705 2.338319
v 4.670165 3.875705 2.338319
v 4.660823 3.875705 2.338319
v 1.789860 3.875705 2.338319
v 1.785913 3.875705 2.338319
v 1.780050 3.875705 2.338319
v 1.770668 3.875705 2.338319
v 1.657053 3.875705 2.338319
v 1.647150 3.875705 2.338319
v 1.647150 3.875705 2.334480
v 1.647150 3.875705 2.326425
v 1.647150 3.875705 2.313285
v 1.647150 3.875705 -2.311763
v 1.647150 3.875705 -2.427673
v 1.647150 3.875705 -2.431551
v 1.657053 3.875705 -2.431551
v 1.770668 3.875705 -2.431551
v 1.780050 3.875705 -2.431551
v 1.785913 3.875705 -2.431551
v 1.789860 3.878620 -2.426006
v 4.660823 3.878620 -2.426006
v 4.670165 3.878620 -2.426006
v 4.670166 5.144162 -2.426006
v 4.662956 5.144162 -2.426006
v 1.780050 5.144162 -2.426006
v 1.780050 5.137900 -2.426006
v 1.780050 3.884928 -2.426006
v 1.780050 3.878620 -2.426006
v 1.785913 3.878620 -2.426006
v 1.799735 1.363041 -2.311763
v 1.799735 1.363041 2.338574
v 1.799735 1.362904 2.338574
v 1.799735 1.276038 2.338574
v 1.799735 1.275884 2.338574
v 1.799735 1.275884 -2.311763
v 1.799735 1.275853 -2.311763
v 1.799735 1.275853 -2.427673
v 1.799735 1.275853 -2.431551
v 1.799735 1.280250 -2.431551
v 1.799735 3.764129 -2.431551
v 1.799735 3.768045 -2.431551
v 1.799735 3.770629 -2.431551
v 1.799735 3.775347 -2.431551
v 1.799735 3.777880 -2.431551
v 1.799735 3.780449 -2.431551
v 1.799735 3.875705 -2.431551
v 1.799735 3.878620 -2.431551
v 1.799735 3.878620 -2.426006
v 1.799735 3.878620 2.338319
v 1.799735 3.875705 2.338319
v 1.799735 3.780449 2.338319
v 1.799735 3.777880 2.338319
v 1.799735 3.775347 2.338319
v 1.799735 3.770629 2.338319
v 1.799735 3.768045 2.338319
v 1.799735 3.768045 2.334480
v 1.799735 3.768045 2.326425
v 1.799735 3.768045 2.313285
v 1.799735 3.768045 -2.311763
v 1.799735 1.363041 -2.299564
v 4.660822 1.363041 -2.299564
v 4.670164 1.363041 -2.299564
v 4.670164 1.362904 -2.299564
v 4.670164 1.276038 -2.299564
v 4.670164 1.275884 -2.299564
v 4.660822 1.275884 -2.299564
v 1.799735 1.275884 -2.299564
v 1.789860 1.275884 -2.299564
v 1.785913 1.275884 -2.299564
v 1.780051 1.275884 -2.299564
v 1.780050 1.276038 -2.299564
v 1.780050 1.362904 -2.299564
v 1.780051 1.363041 -2.299564
v 1.785913 1.363041 -2.299564
v 1.789860 1.363041 -2.299564
v 4.660822 1.366145 -2.311763
v 4.670164 1.366145 -2.311763
v 4.670164 1.366003 -2.311763
v 4.670164 1.276043 -2.311763
v 4.670164 1.275884 -2.311763
v 4.660822 1.275884 -2.311763
v 1.799735 1.275884 -2.311763
v 1.789860 1.275884 -2.311763
v 1.785913 1.275884 -2.311763
v 1.780050 1.275884 -2.311763
v 1.780050 1.276043 -2.311763
v 1.780050 1.366003 -2.311763
v 1.780050 1.366145 -2.311763
v 1.785913 1.366145 -2.311763
v 1.789860 1.366145 -2.311763
v 1.799735 1.366145 -2.311763
v 4.660822 1.363041 -2.305831
v 4.670164 1.363041 -2.305831
v 4.670164 1.362904 -2.305831
v 4.670164 1.276038 -2.305831
v 4.670164 1.275884 -2.305831
v 4.660822 1.275884 -2.305831
v 1.799735 1.275884 -2.305831
v 1.789860 1.275884 -2.305831
v 1.785913 1.275884 -2.305831
v 1.780051 1.275884 -2.305831
v 1.780050 1.276038 -2.305831
v 1.780050 1.362904 -2.305831
v 1.780051 1.363041 -2.305831
v 1.785913 1.363041 -2.305831
v 1.789860 1.363041 -2.305831
v 1.799735 1.363041 -2.305831
v 4.658481 1.363041 -2.305831
v 4.658481 1.363041 -2.311763
v 4.658481 1.366145 -2.311763
v 4.658481 3.768045 -2.311763
v 4.658481 3.768045 2.313285
v 4.658481 3.768045 2.326425
v 4.658481 3.768045 2.334480
v 4.658481 3.768045 2.338319
v 4.658481 3.770629 2.338319
v 4.658481 3.775347 2.338319
v 4.658481 3.777880 2.338319
v 4.658481 3.780449 2.338319
v 4.658482 3.875705 2.338319
v 4.658483 3.878620 2.338319
v 4.658483 3.878620 -2.426006
v 4.658483 3.878620 -2.431551
v 4.658482 3.875705 -2.431551
v 4.658481 3.780449 -2.431551
v 4.658481 3.777880 -2.431551
v 4.658481 3.775347 -2.431551
v 4.658481 3.770629 -2.431551
v 4.658481 3.768045 -2.431551
v 4.658481 3.764129 -2.431551
v 4.658481 1.280250 -2.431551
v 4.658481 1.275853 -2.431551
v 4.658482 1.275853 -2.427674
v 4.658481 1.275853 -2.311763
v 4.658481 1.275884 -2.311763
v 4.658481 1.275884 -2.311763
v 4.658481 1.275884 -2.305831
v 4.658481 1.275884 -2.299564
v 4.658481 1.275884 2.338574
v 4.658481 1.276038 2.338574
v 4.658481 1.362904 2.338574
v 4.658481 1.363041 2.338574
v 4.658481 1.363041 -2.299564
v 4.668378 1.363041 -2.305831
v 4.668378 1.363041 -2.311763
v 4.668378 1.366145 -2.311763
v 4.668378 3.768045 -2.311763
v 4.668378 3.768045 2.313285
v 4.668378 3.768045 2.326425
v 4.668378 3.768045 2.334480
v 4.668378 3.768045 2.338319
v 4.668378 3.770629 2.338319
v 4.668378 3.775347 2.338319
v 4.668378 3.777880 2.338319
v 4.668378 3.780449 2.338319
v 4.668379 3.875705 2.338319
v 4.668379 3.878620 2.338319
v 4.668379 3.878620 -2.426006
v 4.668379 3.878620 -2.431551
v 4.668379 3.875705 -2.431551
v 4.668378 3.780449 -2.431551
v 4.668378 3.777880 -2.431551
v 4.668378 3.775347 -2.431551
v 4.668378 3.770629 -2.431551
v 4.668378 3.768045 -2.431551
v 4.668378 3.764129 -2.431551
v 4.668378 1.280250 -2.431551
v 4.668378 1.275853 -2.431551
v 4.668378 1.275853 -2.427673
v 4.668378 1.275853 -2.311763
v 4.668378 1.275884 -2.311763
v 4.668378 1.275884 -2.311763
v 4.668378 1.275884 -2.305831
v 4.668378 1.275884 -2.299564
v 4.668378 1.275884 2.338573
v 4.668378 1.276038 2.338573
v 4.668378 1.362904 2.338573
v 4.668378 1.363041 2.338573
v 4.668378 1.363041 -2.299564
v 4.662324 1.363041 -2.305831
v 4.662324 1.363041 -2.311763
v 4.662324 1.366145 -2.311763
v 4.662324 3.768045 -2.311763
v 4.662324 3.768045 2.313285
v 4.662324 3.768045 2.326425
v 4.662324 3.768045 2.334480
v 4.662324 3.768045 2.338319
v 4.662324 3.770629 2.338319
v 4.662324 3.775347 2.338319
v 4.662324 3.777880 2.338319
v 4.662324 3.780449 2.338319
v 4.662325 3.875705 2.338319
v 4.662325 3.878620 2.338319
v 4.662325 3.878620 -2.426006
v 4.662325 3.878620 -2.431551
v 4.662325 3.875705 -2.431551
v 4.662324 3.780449 -2.431551
v 4.662324 3.777880 -2.431551
v 4.662324 3.775347 -2.431551
v 4.662324 3.770629 -2.431551
v 4.662324 3.768045 -2.431551
v 4.662324 3.764129 -2.431551
v 4.662324 1.280250 -2.431551
v 4.662324 1.275853 -2.431551
v 4.662325 1.275853 -2.427674
v 4.662324 1.275853 -2.311763
v 4.662324 1.275884 -2.311763
v 4.662324 1.275884 -2.311763
v 4.662324 1.275884 -2.305831
v 4.662324 1.275884 -2.299564
v 4.662324 1.275884 2.338574
v 4.662324 1.276038 2.338574
v 4.662324 1.362904 2.338574
v 4.662324 1.363041 2.338574
v 4.662324 1.363041 -2.299564
v 4.658481 3.764694 -2.311763
v 1.799735 3.764694 -2.311763
v 1.789860 3.764694 -2.311763
v 1.785913 3.764694 -2.311763
v 1.780050 3.764694 -2.311763
v 1.780050 3.760783 -2.311763
v 1.780050 1.280245 -2.311763
v 1.780050 1.275853 -2.311763
v 1.785913 1.275853 -2.311763
v 1.789860 1.275853 -2.311763
v 1.799735 1.275853 -2.311763
v 4.658481 1.275853 -2.311763
v 4.660822 1.275853 -2.311763
v 4.662324 1.275853 -2.311763
v 4.668378 1.275853 -2.311763
v 4.670164 1.275853 -2.311763
v 4.670164 1.280245 -2.311763
v 4.670164 3.760783 -2.311763
v 4.670164 3.764694 -2.311763
v 4.668378 3.764694 -2.311763
v 4.662324 3.764694 -2.311763
v 4.660822 3.764694 -2.311763
v 4.658481 3.768045 -2.303707
v 1.799735 3.768045 -2.303707
v 1.789860 3.768045 -2.303707
v 1.785913 3.768045 -2.303707
v 1.780050 3.768045 -2.303707
v 1.780050 3.751991 -2.303707
v 1.780050 0.733909 -2.303707
v 1.780050 0.732685 -2.303707
v 1.780050 0.721282 -2.303707
v 1.780050 0.719031 -2.303707
v 1.770668 0.719031 -2.303707
v 1.657053 0.719031 -2.303707
v 1.647150 0.719031 -2.303707
v 1.647150 0.721902 -2.301693
v 1.647150 1.258275 -1.925565
v 1.647150 1.262600 -1.922532
v 1.647150 1.262683 -1.922532
v 1.647150 1.263102 -1.922532
v 1.647150 1.263147 -1.922533
v 1.647150 1.373982 -1.922532
v 1.647150 1.374572 -1.922532
v 1.647150 1.393615 -1.925565
v 1.647150 3.755400 -2.301693
v 1.647150 3.768045 -2.303707
v 1.647150 3.770629 -2.303707
v 1.647150 3.775347 -2.303707
v 1.647150 3.777880 -2.303707
v 1.647150 3.780449 -2.303707
v 1.647150 3.875705 -2.303707
v 1.647150 3.878620 -2.303707
v 1.647150 3.884928 -2.303707
v 1.647150 5.137900 -2.303707
v 1.647150 5.144162 -2.303707
v -3.251296 5.144162 -2.303707
v -3.251296 0.719031 -2.303707
v -3.384197 0.719031 -2.303707
v -3.384197 5.144162 -2.303707
v -6.274312 5.144162 -2.303707
v -6.274312 5.144162 -1.792610
v -6.274298 0.719031 -1.792610
v -6.426579 0.719030 -1.792610
v -6.426594 5.144161 -1.792610
v -6.426594 5.144161 -2.303707
v -6.426594 5.393147 -2.303707
v -6.274312 5.393147 -2.303707
v -3.384197 5.393147 -2.303707
v -3.251296 5.393147 -2.303707
v 1.647150 5.393147 -2.303707
v 1.657053 5.393147 -2.303707
v 1.770668 5.393147 -2.303707
v 1.780050 5.393147 -2.303707
v 4.662956 5.393147 -2.303707
v 4.670166 5.393147 -2.303707
v 4.690595 5.393147 -2.303707
v 4.808837 5.393147 -2.303707
v 4.822448 5.393147 -2.303707
v 4.822448 5.144161 -2.303707
v 4.822446 3.878620 -2.303707
v 4.822446 3.875705 -2.303707
v 4.822446 3.780449 -2.303707
v 4.822446 3.777880 -2.303707
v 4.822446 3.775347 -2.303707
v 4.822446 3.770629 -2.303707
v 4.822446 3.768045 -2.303707
v 4.822445 0.719031 -2.303707
v 4.808835 0.719031 -2.303707
v 4.690593 0.719031 -2.303707
v 4.670164 0.719031 -2.303707
v 4.670164 3.768045 -2.303707
v 4.668378 3.768045 -2.303707
v 4.662324 3.768045 -2.303707
v 4.660822 3.768045 -2.303707
v -3.251296 5.138785 2.338319
v -3.251296 5.138785 2.334480
v -3.251296 5.138785 2.326425
v -3.251296 5.138785 2.313285
v -3.251296 5.138785 -2.303707
v -3.251296 5.138785 -2.311763
v -3.251296 5.138785 -2.427673
v -3.251296 5.138785 -2.431551
v -3.384197 5.138785 -2.431551
v -3.384197 5.138785 -2.427673
v -3.384197 5.138785 -2.311763
v -3.384197 5.138785 -2.303707
v -3.384197 5.138785 2.313285
v -3.384197 5.138785 2.326425
v -3.384197 5.138785 2.334480
v -3.384197 5.138785 2.338319
v -3.247042 5.144162 2.313285
v -3.247042 5.144162 -2.303707
v -3.247042 5.144162 -2.311763
v -3.247042 5.144162 -2.427673
v -3.247042 5.144162 -2.431551
v -3.247042 5.144161 -2.760861
v -3.247042 5.393147 -2.760861
v -3.247042 5.393147 -2.431551
v -3.247042 5.393147 -2.427673
v -3.247042 5.393147 -2.311763
v -3.247042 5.393147 -2.303707
v -3.247042 5.393147 2.313285
v -3.247042 5.393147 2.326425
v -3.247042 5.393147 2.334480
v -3.247042 5.393147 2.338319
v -3.247042 5.393147 2.354780
v -3.247042 5.393147 2.648746
v -3.247042 5.393147 2.667631
v -3.247042 5.144161 2.667631
v -3.247042 5.144161 2.648746
v -3.247042 5.144162 2.354780
v -3.247042 5.144162 2.338319
v -3.247042 5.144162 2.334480
v -3.247042 5.144162 2.326425
v -3.228571 5.393147 2.667631
v -3.228571 5.393147 2.648746
v -3.228571 5.393147 2.354780
v -3.228571 5.393147 2.338319
v -3.228571 5.393147 2.334480
v -3.228571 5.393147 2.326425
v -3.228571 5.393147 2.313285
v -3.228571 5.393147 -2.303707
v -3.228571 5.393147 -2.311763
v -3.228571 5.393147 -2.427673
v -3.228571 5.393147 -2.431551
v -3.228571 5.393147 -2.760861
v -3.228571 5.144161 -2.760861
v -3.228571 5.144162 -2.431551
v -3.228571 5.144162 -2.427674
v -3.228571 5.144162 -2.311763
v -3.228571 5.144162 -2.303707
v -3.228571 5.144162 2.313285
v -3.228571 5.144162 2.326425
v -3.228571 5.144162 2.334480
v -3.228571 5.144162 2.338319
v -3.228571 5.144162 2.354780
v -3.228571 5.144161 2.648746
v -3.228571 5.144161 2.667631
v -3.263611 0.719031 -2.311763
v -3.263611 0.719031 -2.303707
v -3.263611 0.719031 2.313285
v -3.263611 0.719031 2.326425
v -3.263611 0.719031 2.334480
v -3.263611 0.719031 2.338319
v -3.263611 5.138785 2.338319
v -3.263611 5.144162 2.338319
v -3.263611 5.144162 2.354780
v -3.263611 5.144161 2.648746
v -3.263611 5.144161 2.667631
v -3.263611 5.393147 2.667631
v -3.263611 5.393147 2.648746
v -3.263611 5.393147 2.354780
v -3.263611 5.393147 2.338319
v -3.263611 5.393147 2.334480
v -3.263611 5.393147 2.326425
v -3.263611 5.393147 2.313285
v -3.263611 5.393147 -2.303707
v -3.263611 5.393147 -2.311763
v -3.263611 5.393147 -2.427673
v -3.263611 5.393147 -2.431551
v -3.263611 5.393147 -2.760861
v -3.263611 5.144161 -2.760861
v -3.263611 5.144162 -2.431551
v -3.263611 5.138785 -2.431551
v -3.263611 0.719031 -2.431551
v -3.373111 0.719031 -2.311763
v -3.373111 0.719031 -2.303707
v -3.373111 0.719031 2.313285
v -3.373111 0.719031 2.326425
v -3.373111 0.719031 2.334480
v -3.373111 0.719031 2.338319
v -3.373110 5.138785 2.338319
v -3.373111 5.144162 2.338319
v -3.373111 5.144162 2.354780
v -3.373111 5.144161 2.648746
v -3.373111 5.144161 2.667631
v -3.373111 5.393147 2.667631
v -3.373111 5.393147 2.648746
v -3.373111 5.393147 2.354780
v -3.373111 5.393147 2.338319
v -3.373111 5.393147 2.334480
v -3.373111 5.393147 2.326425
v -3.373111 5.393147 2.313285
v -3.373111 5.393147 -2.303707
v -3.373111 5.393147 -2.311763
v -3.373111 5.393147 -2.427673
v -3.373111 5.393147 -2.431551
v -3.373111 5.393147 -2.760861
v -3.373111 5.144161 -2.760861
v -3.373111 5.144162 -2.431551
v -3.373110 5.138785 -2.431551
v -3.373111 0.719031 -2.431551
v -3.403352 5.393147 2.667631
v -3.403352 5.393147 2.648746
v -3.403352 5.393147 2.354780
v -3.403352 5.393147 2.338319
v -3.403352 5.393147 2.334480
v -3.403352 5.393147 2.326425
v -3.403352 5.393147 2.313285
v -3.403352 5.393147 -2.303707
v -3.403352 5.393147 -2.311763
v -3.403352 5.393147 -2.427673
v -3.403352 5.393147 -2.431551
v -3.403352 5.393147 -2.760861
v -3.403352 5.144161 -2.760861
v -3.403352 5.144162 -2.431551
v -3.403352 5.144162 -2.427673
v -3.403352 5.144162 -2.311763
v -3.403352 5.144162 -2.303707
v -3.403352 5.144162 2.313285
v -3.403352 5.144162 2.326425
v -3.403352 5.144162 2.334480
v -3.403352 5.144162 2.338319
v -3.403352 5.144162 2.354780
v -3.403352 5.144161 2.648746
v -3.403352 5.144161 2.667631
v -6.274312 5.387498 2.667631
v -3.403352 5.387498 2.667631
v -3.384197 5.387498 2.667631
v -3.373111 5.387498 2.667631
v -3.263611 5.387498 2.667631
v -3.251296 5.387498 2.667631
v -3.247042 5.387498 2.667631
v -3.228571 5.387498 2.667631
v 1.647150 5.387498 2.667631
v 1.657053 5.387498 2.667631
v 1.770668 5.387498 2.667631
v 1.780050 5.387498 2.667631
v 4.662956 5.387498 2.667631
v 4.670166 5.387498 2.667631
v 4.690595 5.387498 2.667631
v 4.808837 5.387498 2.667631
v 4.822448 5.387498 2.667631
v 4.822448 5.387498 2.648746
v 4.822448 5.387498 2.354780
v 4.822448 5.387498 2.338319
v 4.822448 5.387498 2.334480
v 4.822448 5.387498 2.326425
v 4.822448 5.387498 2.313285
v 4.822448 5.387498 -2.303707
v 4.822448 5.387498 -2.311763
v 4.822448 5.387498 -2.427673
v 4.822448 5.387498 -2.431551
v 4.822448 5.387498 -2.760861
v 4.808837 5.387498 -2.760861
v 4.690595 5.387498 -2.760861
v 4.670166 5.387498 -2.760861
v 4.662956 5.387498 -2.760861
v 1.780050 5.387498 -2.760861
v 1.770668 5.387498 -2.760861
v 1.657053 5.387498 -2.760861
v 1.647150 5.387498 -2.760861
v -3.228571 5.387498 -2.760861
v -3.247042 5.387498 -2.760861
v -3.251296 5.387498 -2.760861
v -3.263611 5.387498 -2.760861
v -3.373111 5.387498 -2.760861
v -3.384197 5.387498 -2.760861
v -3.403352 5.387498 -2.760861
v -6.274312 5.387498 -2.760861
v -6.426594 5.387498 -2.760861
v -6.426594 5.387498 -2.431551
v -6.426594 5.387498 -2.427673
v -6.426594 5.387498 -2.311763
v -6.426594 5.387498 -2.303707
v -6.426594 5.387498 2.313285
v -6.426594 5.387498 2.326425
v -6.426594 5.387498 2.334480
v -6.426594 5.387498 2.338319
v -6.426594 5.387498 2.354780
v -6.426594 5.387498 2.648746
v -6.426594 5.387498 2.667631
v -6.274312 5.151624 2.667631
v -3.403352 5.151624 2.667631
v -3.384197 5.151624 2.667631
v -3.373111 5.151624 2.667631
v -3.263611 5.151624 2.667631
v -3.251296 5.151624 2.667631
v -3.247042 5.151624 2.667631
v -3.228571 5.151624 2.667631
v 1.647150 5.151624 2.667631
v 1.657053 5.151624 2.667631
v 1.770668 5.151624 2.667631
v 1.780050 5.151624 2.667631
v 4.662956 5.151624 2.667631
v 4.670166 5.151624 2.667631
v 4.690595 5.151624 2.667631
v 4.808837 5.151624 2.667631
v 4.822448 5.151624 2.667631
v 4.822448 5.151624 2.648746
v 4.822448 5.151624 2.354780
v 4.822448 5.151624 2.338319
v 4.822448 5.151624 2.334480
v 4.822448 5.151624 2.326425
v 4.822448 5.151624 2.313285
v 4.822448 5.151624 -2.303707
v 4.822448 5.151624 -2.311763
v 4.822448 5.151624 -2.427673
v 4.822448 5.151624 -2.431551
v 4.822448 5.151624 -2.760861
v 4.808837 5.151624 -2.760861
v 4.690595 5.151624 -2.760861
v 4.670166 5.151624 -2.760861
v 4.662956 5.151624 -2.760861
v 1.780050 5.151624 -2.760861
v 1.770668 5.151624 -2.760861
v 1.657053 5.151624 -2.760861
v 1.647150 5.151624 -2.760861
v -3.228571 5.151624 -2.760861
v -3.247042 5.151624 -2.760861
v -3.251296 5.151624 -2.760861
v -3.263611 5.151624 -2.760861
v -3.373111 5.151624 -2.760861
v -3.384197 5.151624 -2.760861
v -3.403352 5.151624 -2.760861
v -6.274312 5.151624 -2.760861
v -6.426594 5.151624 -2.760861
v -6.426594 5.151624 -2.431551
v -6.426594 5.151624 -2.427673
v -6.426594 5.151624 -2.311763
v -6.426594 5.151624 -2.303707
v -6.426594 5.151624 2.313285
v -6.426594 5.151624 2.326425
v -6.426594 5.151624 2.334480
v -6.426594 5.151624 2.338319
v -6.426594 5.151624 2.354780
v -6.426594 5.151624 2.648746
v -6.426594 5.151624 2.667631
v -6.418733 5.144161 2.667631
v -6.418733 5.151624 2.667631
v -6.418733 5.387498 2.667631
v -6.418733 5.393147 2.667631
v -6.418733 5.393147 2.648746
v -6.418733 5.393147 2.354780
v -6.418733 5.393147 2.338320
v -6.418733 5.393147 2.334480
v -6.418733 5.393147 2.326425
v -6.418733 5.393147 2.313285
v -6.418733 5.393147 -2.303707
v -6.418733 5.393147 -2.311763
v -6.418733 5.393147 -2.427673
v -6.418733 5.393147 -2.431551
v -6.418733 5.393147 -2.760861
v -6.418733 5.387498 -2.760861
v -6.418733 5.151624 -2.760861
v -6.418733 5.144161 -2.760861
v -6.418733 5.144161 -2.431551
v -6.418733 5.144161 -2.427673
v -6.418733 5.144161 -2.311763
v -6.418733 5.144161 -1.794824
v -6.418718 0.719030 -1.794824
v -6.418718 0.719030 -1.792610
v -6.418718 0.719030 -0.523964
v -6.418718 0.719030 -0.520354
v -6.418718 0.719030 -0.518140
v -6.418718 0.719030 -0.517085
v -6.418733 5.144161 -0.517085
v -6.418733 5.144161 2.338319
v -6.418733 5.144161 2.354780
v -6.418733 5.144161 2.648746
v -6.426594 5.142688 -0.517085
v -6.418733 5.142688 -0.517085
v -6.274312 5.142689 -0.517085
v -6.274312 5.142689 -0.518140
v -6.274312 5.142689 -0.520354
v -6.274312 5.142689 -0.523964
v -6.274312 5.142689 -1.792610
v -6.274312 5.142689 -1.794824
v -6.418733 5.142688 -1.794824
v -6.426594 5.142688 -1.794824
v -6.426594 5.142688 -1.792610
v -6.426594 5.142688 -0.523964
v -6.426594 5.142688 -0.520354
v -6.426594 5.142688 -0.518140
v -6.426579 0.729891 -0.517085
v -6.418718 0.729891 -0.517085
v -6.274298 0.729891 -0.517085
v -6.274298 0.729891 -0.518140
v -6.274298 0.729891 -0.520354
v -6.274298 0.729891 -0.523964
v -6.274298 0.729891 -1.792610
v -6.274298 0.729891 -1.794824
v -6.418718 0.729891 -1.794824
v -6.426579 0.729891 -1.794824
v -6.426579 0.729891 -1.792610
v -6.426579 0.729891 -0.523964
v -6.426579 0.729891 -0.520354
v -6.426580 0.729891 -0.518140
vt 0.375000 0.000000
vt 0.458333 0.000000
vt 0.541667 0.000000
vt 0.625000 0.000000
vt 0.375000 0.250000
vt 0.458333 0.250000
vt 0.541667 0.250000
vt 0.625000 0.250000
vt 0.375000 0.500000
vt 0.458333 0.500000
vt 0.541667 0.500000
vt 0.625000 0.500000
vt 0.375000 0.750000
vt 0.458333 0.750000
vt 0.541667 0.750000
vt 0.625000 0.750000
vt 0.375000 1.000000
vt 0.458333 1.000000
vt 0.541667 1.000000
vt 0.625000 1.000000
vt 0.875000 0.000000
vt 0.875000 0.250000
vt 0.125000 0.000000
vt 0.125000 0.250000
vt 0.416667 0.000000
vt 0.416667 1.000000
vt 0.416667 0.250000
vt 0.416667 0.500000
vt 0.416667 0.750000
vt 0.583333 0.000000
vt 0.583333 1.000000
vt 0.583333 0.250000
vt 0.583333 0.500000
vt 0.583333 0.750000
vt 0.541667 0.916667
vt 0.458333 0.916667
vt 0.416667 0.916667
vt 0.291667 0.000000
vt 0.375000 0.916667
vt 0.291667 0.250000
vt 0.375000 0.333333
vt 0.416667 0.333333
vt 0.458333 0.333333
vt 0.541667 0.333333
vt 0.583333 0.333333
vt 0.625000 0.333333
vt 0.708333 0.250000
vt 0.625000 0.916667
vt 0.708333 0.000000
vt 0.583333 0.916667
vt 0.541667 0.833333
vt 0.458333 0.833333
vt 0.416667 0.833333
vt 0.208333 0.000000
vt 0.375000 0.833333
vt 0.208333 0.250000
vt 0.375000 0.416667
vt 0.416667 0.416667
vt 0.458333 0.416667
vt 0.541667 0.416667
vt 0.583333 0.416667
vt 0.625000 0.416667
vt 0.791667 0.250000
vt 0.625000 0.833333
vt 0.791667 0.000000
vt 0.583333 0.833333
vt 0.416667 0.916667
vt 0.416667 0.833333
vt 0.458333 0.833333
vt 0.458333 0.916667
vt 0.541667 0.833333
vt 0.583333 0.833333
vt 0.583333 0.916667
vt 0.541667 0.916667
vt 0.604167 0.916667
vt 0.604167 0.833333
vt 0.604167 0.750000
vt 0.604167 0.500000
vt 0.604167 0.416667
vt 0.604167 0.333333
vt 0.604167 0.250000
vt 0.604167 0.000000
vt 0.604167 1.000000
vt 0.395833 0.916667
vt 0.395833 0.833333
vt 0.395833 0.750000
vt 0.395833 0.500000
vt 0.395833 0.416667
vt 0.395833 0.333333
vt 0.395833 0.250000
vt 0.395833 0.000000
vt 0.395833 1.000000
vt 0.604167 0.916667
vt 0.604167 0.833333
vt 0.625000 0.833333
vt 0.625000 0.916667
vt 0.604167 0.916667
vt 0.625000 0.916667
vt 0.625000 0.833333
vt 0.604167 0.833333
vt 0.583333 0.916667
vt 0.583333 0.833333
vt 0.541667 0.833333
vt 0.541667 0.916667
vt 0.583333 0.916667
vt 0.583333 0.833333
vt 0.541667 0.833333
vt 0.541667 0.916667
vt 0.604167 0.916667
vt 0.625000 0.916667
vt 0.625000 0.833333
vt 0.604167 0.833333
vt 0.604167 0.875000
vt 0.583333 0.875000
vt 0.583333 0.875000
vt 0.541667 0.875000
vt 0.541667 0.875000
vt 0.541667 0.875000
vt 0.541667 0.875000
vt 0.458333 0.875000
vt 0.458333 0.875000
vt 0.416667 0.875000
vt 0.416667 0.875000
vt 0.395833 0.875000
vt 0.250000 0.000000
vt 0.375000 0.875000
vt 0.250000 0.250000
vt 0.375000 0.375000
vt 0.395833 0.375000
vt 0.416667 0.375000
vt 0.458333 0.375000
vt 0.541667 0.375000
vt 0.583333 0.375000
vt 0.604167 0.375000
vt 0.625000 0.375000
vt 0.750000 0.250000
vt 0.625000 0.875000
vt 0.750000 0.000000
vt 0.625000 0.875000
vt 0.625000 0.875000
vt 0.625000 0.875000
vt 0.604167 0.875000
vt 0.604167 0.833333
vt 0.604167 0.875000
vt 0.583333 0.875000
vt 0.583333 0.833333
vt 0.604167 0.875000
vt 0.583333 0.875000
vt 0.583333 0.875000
vt 0.604167 0.875000
vt 0.604167 0.875000
vt 0.583333 0.875000
vt 0.583333 0.875000
vt 0.604167 0.875000
vt 0.375000 0.875000
vt 0.395833 0.875000
vt 0.395833 0.916667
vt 0.375000 0.916667
vt 0.375000 0.875000
vt 0.395833 0.875000
vt 0.395833 0.916667
vt 0.375000 0.916667
vt 0.541667 0.916667
vt 0.541667 0.875000
vt 0.541667 0.875000
vt 0.541667 0.916667
vt 0.625000 0.916560
vt 0.708440 0.000000
vt 0.625000 0.916560
vt 0.625000 0.916560
vt 0.625000 0.916560
vt 0.604167 0.916560
vt 0.604167 0.916560
vt 0.583333 0.916560
vt 0.583333 0.916560
vt 0.541667 0.916560
vt 0.541667 0.916560
vt 0.541667 0.916560
vt 0.541667 0.916560
vt 0.541667 0.916560
vt 0.541667 0.916560
vt 0.458333 0.916560
vt 0.458333 0.916560
vt 0.416667 0.916560
vt 0.416667 0.916560
vt 0.395833 0.916560
vt 0.395833 0.916560
vt 0.395833 0.916560
vt 0.375000 0.916560
vt 0.375000 0.916560
vt 0.291560 0.000000
vt 0.375000 0.916560
vt 0.291560 0.250000
vt 0.375000 0.333440
vt 0.395833 0.333440
vt 0.416667 0.333440
vt 0.458333 0.333440
vt 0.541667 0.333440
vt 0.583333 0.333440
vt 0.604167 0.333440
vt 0.625000 0.333440
vt 0.708440 0.250000
vt 0.625000 0.920832
vt 0.704168 0.000000
vt 0.604167 0.920832
vt 0.583333 0.920832
vt 0.541667 0.920832
vt 0.458333 0.920832
vt 0.416667 0.920832
vt 0.395833 0.920832
vt 0.295832 0.000000
vt 0.375000 0.920832
vt 0.295832 0.250000
vt 0.375000 0.329168
vt 0.395833 0.329168
vt 0.416667 0.329168
vt 0.458333 0.329168
vt 0.541667 0.329168
vt 0.583333 0.329168
vt 0.604167 0.329168
vt 0.625000 0.329168
vt 0.704168 0.250000
vt 0.625000 0.995221
vt 0.629779 0.000000
vt 0.604167 0.995221
vt 0.583333 0.995221
vt 0.541667 0.995221
vt 0.458333 0.995221
vt 0.416667 0.995221
vt 0.395833 0.995221
vt 0.370221 0.000000
vt 0.375000 0.995221
vt 0.370221 0.250000
vt 0.375000 0.254779
vt 0.395833 0.254779
vt 0.416667 0.254779
vt 0.458333 0.254779
vt 0.541667 0.254779
vt 0.583333 0.254779
vt 0.604167 0.254779
vt 0.625000 0.254779
vt 0.629779 0.250000
vt 0.623138 0.000000
vt 0.623138 1.000000
vt 0.623138 0.250000
vt 0.623138 0.254779
vt 0.623138 0.329168
vt 0.623138 0.333333
vt 0.623138 0.333440
vt 0.623138 0.375000
vt 0.623138 0.416667
vt 0.623138 0.500000
vt 0.623138 0.750000
vt 0.623138 0.833333
vt 0.623138 0.833333
vt 0.623138 0.833333
vt 0.623138 0.833333
vt 0.623138 0.875000
vt 0.623138 0.916560
vt 0.623138 0.916667
vt 0.623138 0.916667
vt 0.623138 0.916667
vt 0.623138 0.916667
vt 0.623138 0.920832
vt 0.623138 0.995221
vt 0.606961 0.000000
vt 0.606961 1.000000
vt 0.606961 0.250000
vt 0.606961 0.254779
vt 0.606961 0.329168
vt 0.606961 0.333333
vt 0.606961 0.333440
vt 0.606961 0.375000
vt 0.606961 0.416667
vt 0.606961 0.500000
vt 0.606961 0.750000
vt 0.606961 0.833333
vt 0.606961 0.833333
vt 0.606961 0.833333
vt 0.606961 0.833333
vt 0.606961 0.875000
vt 0.606961 0.916560
vt 0.606961 0.916667
vt 0.606961 0.916667
vt 0.606961 0.916667
vt 0.606961 0.916667
vt 0.606961 0.920832
vt 0.606961 0.995221
vt 0.604115 0.000000
vt 0.604115 1.000000
vt 0.604115 0.250000
vt 0.604115 0.254779
vt 0.604115 0.329168
vt 0.604115 0.333333
vt 0.604115 0.333440
vt 0.604115 0.375000
vt 0.604115 0.416667
vt 0.604115 0.500000
vt 0.604115 0.750000
vt 0.604115 0.833333
vt 0.604115 0.916667
vt 0.604115 0.920832
vt 0.604115 0.995221
vt 0.583333 0.916667
vt 0.583333 0.833333
vt 0.541667 0.833333
vt 0.541667 0.875000
vt 0.541667 0.916560
vt 0.541667 0.916667
vt 0.583333 0.916667
vt 0.583333 0.833333
vt 0.541667 0.833333
vt 0.541667 0.875000
vt 0.541667 0.916560
vt 0.541667 0.916667
vt 0.583376 0.916667
vt 0.583376 0.916560
vt 0.583376 0.875000
vt 0.583376 0.875000
vt 0.583376 0.875000
vt 0.583376 0.875000
vt 0.583376 0.875000
vt 0.583376 0.875000
vt 0.583376 0.833333
vt 0.583376 0.833333
vt 0.583376 0.833333
vt 0.583376 0.916667
vt 0.580392 0.916667
vt 0.580392 0.916667
vt 0.580392 0.916667
vt 0.580392 0.916667
vt 0.580392 0.916667
vt 0.580392 0.920832
vt 0.580392 0.995221
vt 0.580392 0.000000
vt 0.580392 1.000000
vt 0.580392 0.250000
vt 0.580392 0.254779
vt 0.580392 0.329168
vt 0.580392 0.333333
vt 0.580392 0.333440
vt 0.580392 0.375000
vt 0.580392 0.416667
vt 0.580392 0.500000
vt 0.580392 0.750000
vt 0.580392 0.833333
vt 0.580392 0.833333
vt 0.580392 0.833333
vt 0.580392 0.833333
vt 0.580392 0.833333
vt 0.580392 0.833333
vt 0.580392 0.875000
vt 0.580392 0.916560
vt 0.580392 0.916667
vt 0.544771 0.916667
vt 0.544771 0.916667
vt 0.544771 0.916667
vt 0.544771 0.916667
vt 0.544771 0.916667
vt 0.544771 0.920832
vt 0.544771 0.995221
vt 0.544771 0.000000
vt 0.544771 1.000000
vt 0.544771 0.250000
vt 0.544771 0.254779
vt 0.544771 0.329168
vt 0.544771 0.333333
vt 0.544771 0.333440
vt 0.544771 0.375000
vt 0.544771 0.416667
vt 0.544771 0.500000
vt 0.544771 0.750000
vt 0.544771 0.833333
vt 0.544771 0.833333
vt 0.544771 0.833333
vt 0.544771 0.833333
vt 0.544771 0.833333
vt 0.544771 0.833333
vt 0.544771 0.875000
vt 0.544771 0.916560
vt 0.544771 0.916667
vt 0.541667 0.916442
vt 0.541667 0.916442
vt 0.541667 0.916442
vt 0.541667 0.916442
vt 0.541667 0.916442
vt 0.458333 0.916442
vt 0.458333 0.916442
vt 0.416667 0.916442
vt 0.416667 0.916442
vt 0.395833 0.916442
vt 0.395833 0.916442
vt 0.395833 0.916442
vt 0.375000 0.916442
vt 0.375000 0.916442
vt 0.291442 0.000000
vt 0.375000 0.916442
vt 0.291442 0.250000
vt 0.375000 0.333558
vt 0.395833 0.333558
vt 0.416667 0.333558
vt 0.458333 0.333558
vt 0.541667 0.333558
vt 0.544771 0.333558
vt 0.580392 0.333558
vt 0.583333 0.333558
vt 0.604115 0.333558
vt 0.604167 0.333558
vt 0.606961 0.333558
vt 0.623138 0.333558
vt 0.625000 0.333558
vt 0.708558 0.250000
vt 0.625000 0.916442
vt 0.708558 0.000000
vt 0.625000 0.916442
vt 0.625000 0.916442
vt 0.625000 0.916442
vt 0.623138 0.916442
vt 0.606961 0.916442
vt 0.604167 0.916442
vt 0.604167 0.916442
vt 0.583376 0.916442
vt 0.583333 0.916442
vt 0.583333 0.916442
vt 0.580392 0.916442
vt 0.544771 0.916442
vt 0.541667 0.916442
vt 0.541667 0.916442
vt 0.541667 0.916442
vt 0.541667 0.916667
vt 0.541667 0.916667
vt 0.541667 0.916560
vt 0.541667 0.916442
vt 0.541667 0.875000
vt 0.541667 0.875000
vt 0.541667 0.916442
vt 0.541667 0.916560
vt 0.541667 0.916442
vt 0.541667 0.875000
vt 0.541667 0.833333
vt 0.544771 0.833333
vt 0.580392 0.833333
vt 0.583333 0.833333
vt 0.583376 0.833333
vt 0.604167 0.833333
vt 0.606961 0.833333
vt 0.623138 0.833333
vt 0.625000 0.833333
vt 0.625000 0.875000
vt 0.625000 0.916442
vt 0.625000 0.916560
vt 0.625000 0.916667
vt 0.623138 0.916667
vt 0.606962 0.916667
vt 0.604167 0.916667
vt 0.583376 0.916667
vt 0.583333 0.916667
vt 0.580392 0.916667
vt 0.544771 0.916667
vt 0.541667 0.916667
vt 0.541667 0.916560
vt 0.541667 0.875000
vt 0.541667 0.916442
vt 0.541667 0.916560
vt 0.541667 0.916667
vt 0.541667 0.916667
vt 0.541667 0.916560
vt 0.541667 0.916442
vt 0.541667 0.875000
vt 0.541667 0.875000
vt 0.541667 0.875000
vt 0.541667 0.833333
vt 0.544771 0.833333
vt 0.580392 0.833333
vt 0.583333 0.833333
vt 0.583333 0.875000
vt 0.583333 0.916442
vt 0.583333 0.916560
vt 0.583333 0.916667
vt 0.580392 0.916667
vt 0.544771 0.916667
vt 0.541667 0.916667
vt 0.541667 0.916667
vt 0.541667 0.916667
vt 0.541667 0.916667
vt 0.541667 0.916560
vt 0.541667 0.916442
vt 0.541667 0.875000
vt 0.541667 0.875000
vt 0.541667 0.875000
vt 0.541667 0.875000
vt 0.541667 0.833333
vt 0.544771 0.833333
vt 0.580392 0.833333
vt 0.583333 0.833333
vt 0.583333 0.875000
vt 0.583333 0.916442
vt 0.583333 0.916560
vt 0.583333 0.916667
vt 0.580392 0.916667
vt 0.544771 0.916667
vt 0.541667 0.916667
vt 0.541667 0.916667
vt 0.541667 0.916667
vt 0.541667 0.916667
vt 0.541667 0.916560
vt 0.541667 0.916442
vt 0.541667 0.875000
vt 0.541667 0.875000
vt 0.544771 0.916667
vt 0.541667 0.916667
vt 0.541667 0.916667
vt 0.541667 0.916667
vt 0.541667 0.916667
vt 0.541667 0.916560
vt 0.541667 0.916442
vt 0.541667 0.875000
vt 0.541667 0.875000
vt 0.541667 0.875000
vt 0.541667 0.875000
vt 0.541667 0.833333
vt 0.544771 0.833333
vt 0.580392 0.833333
vt 0.583333 0.833333
vt 0.583333 0.875000
vt 0.583333 0.916442
vt 0.583333 0.916560
vt 0.583333 0.916667
vt 0.580392 0.916667
vt 0.544771 0.916667
vt 0.541667 0.916667
vt 0.541667 0.916667
vt 0.541667 0.916667
vt 0.541667 0.916667
vt 0.541667 0.916560
vt 0.541667 0.916442
vt 0.541667 0.875000
vt 0.541667 0.875000
vt 0.541667 0.875000
vt 0.541667 0.875000
vt 0.541667 0.833333
vt 0.544771 0.833333
vt 0.580392 0.833333
vt 0.583333 0.833333
vt 0.583333 0.875000
vt 0.583333 0.916442
vt 0.583333 0.916560
vt 0.583333 0.916667
vt 0.580392 0.916667
vt 0.544771 0.916632
vt 0.541667 0.916632
vt 0.541667 0.916632
vt 0.541667 0.916632
vt 0.541667 0.916632
vt 0.541667 0.916632
vt 0.541667 0.916632
vt 0.541667 0.916632
vt 0.541667 0.916632
vt 0.541667 0.916632
vt 0.541667 0.916632
vt 0.541667 0.916632
vt 0.541667 0.916632
vt 0.541667 0.916632
vt 0.541667 0.916632
vt 0.541667 0.916632
vt 0.541667 0.916632
vt 0.541667 0.916632
vt 0.458333 0.916632
vt 0.458333 0.916632
vt 0.416667 0.916632
vt 0.416667 0.916632
vt 0.395833 0.916632
vt 0.395833 0.916632
vt 0.395833 0.916632
vt 0.375000 0.916632
vt 0.375000 0.916632
vt 0.291632 0.000000
vt 0.375000 0.916632
vt 0.291632 0.250000
vt 0.375000 0.333368
vt 0.395833 0.333368
vt 0.416667 0.333368
vt 0.458333 0.333368
vt 0.541667 0.333368
vt 0.544771 0.333368
vt 0.580392 0.333368
vt 0.583333 0.333368
vt 0.604115 0.333368
vt 0.604167 0.333368
vt 0.606961 0.333368
vt 0.623138 0.333368
vt 0.625000 0.333368
vt 0.708368 0.250000
vt 0.625000 0.916632
vt 0.708368 0.000000
vt 0.625000 0.916632
vt 0.625000 0.916632
vt 0.625000 0.916632
vt 0.625000 0.916632
vt 0.623138 0.916632
vt 0.606961 0.916632
vt 0.604167 0.916632
vt 0.604167 0.916632
vt 0.583376 0.916632
vt 0.583333 0.916632
vt 0.583333 0.916632
vt 0.583333 0.916632
vt 0.583333 0.916632
vt 0.583333 0.916632
vt 0.583333 0.916632
vt 0.580392 0.916632
vt 0.416667 0.834682
vt 0.416667 0.834682
vt 0.395833 0.834682
vt 0.209682 0.000000
vt 0.375000 0.834682
vt 0.209682 0.250000
vt 0.375000 0.415318
vt 0.395833 0.415318
vt 0.416667 0.415318
vt 0.458333 0.415318
vt 0.541667 0.415318
vt 0.544771 0.415318
vt 0.580392 0.415318
vt 0.583333 0.415318
vt 0.604115 0.415318
vt 0.604167 0.415318
vt 0.606961 0.415318
vt 0.623138 0.415318
vt 0.625000 0.415318
vt 0.790318 0.250000
vt 0.625000 0.834682
vt 0.790318 0.000000
vt 0.625000 0.834682
vt 0.625000 0.834682
vt 0.625000 0.834682
vt 0.625000 0.834682
vt 0.623138 0.834682
vt 0.606961 0.834682
vt 0.604167 0.834682
vt 0.604167 0.834682
vt 0.604167 0.834682
vt 0.583376 0.834682
vt 0.583333 0.834682
vt 0.583333 0.834682
vt 0.583333 0.834682
vt 0.583333 0.834682
vt 0.583333 0.834682
vt 0.583333 0.834682
vt 0.583333 0.834682
vt 0.580392 0.834682
vt 0.544771 0.834682
vt 0.541667 0.834682
vt 0.541667 0.834682
vt 0.541667 0.834682
vt 0.541667 0.834682
vt 0.541667 0.834682
vt 0.541667 0.834682
vt 0.541667 0.834682
vt 0.541667 0.834682
vt 0.541667 0.834682
vt 0.541667 0.834682
vt 0.541667 0.834682
vt 0.458333 0.834682
vt 0.458333 0.834682
vt 0.604099 0.833333
vt 0.604099 0.833333
vt 0.604099 0.833333
vt 0.604099 0.833333
vt 0.604099 0.916667
vt 0.604099 0.916667
vt 0.604099 0.916667
vt 0.604099 0.916632
vt 0.604099 0.916560
vt 0.604099 0.916442
vt 0.604099 0.875000
vt 0.604099 0.875000
vt 0.604099 0.875000
vt 0.604099 0.875000
vt 0.604099 0.875000
vt 0.604099 0.875000
vt 0.604099 0.834682
vt 0.583404 0.833333
vt 0.583404 0.833333
vt 0.583404 0.833333
vt 0.583404 0.833333
vt 0.583404 0.916667
vt 0.583404 0.916667
vt 0.583404 0.916667
vt 0.583404 0.916632
vt 0.583404 0.916560
vt 0.583404 0.916442
vt 0.583404 0.875000
vt 0.583404 0.875000
vt 0.583404 0.875000
vt 0.583404 0.875000
vt 0.583404 0.875000
vt 0.583404 0.875000
vt 0.583404 0.834682
vt 0.583404 0.833333
vt 0.604099 0.833333
vt 0.604167 0.833333
vt 0.604167 0.834682
vt 0.604167 0.875000
vt 0.604167 0.875000
vt 0.604167 0.875000
vt 0.604099 0.875000
vt 0.583404 0.875000
vt 0.583376 0.875000
vt 0.583333 0.875000
vt 0.583333 0.875000
vt 0.583333 0.875000
vt 0.583333 0.834682
vt 0.583333 0.833333
vt 0.583376 0.833333
vt 0.583404 0.833333
vt 0.604099 0.833333
vt 0.604167 0.833333
vt 0.604167 0.834682
vt 0.604167 0.875000
vt 0.604167 0.875000
vt 0.604167 0.875000
vt 0.604099 0.875000
vt 0.583404 0.875000
vt 0.583376 0.875000
vt 0.583333 0.875000
vt 0.583333 0.875000
vt 0.583333 0.875000
vt 0.583333 0.834682
vt 0.583333 0.833333
vt 0.583376 0.833333
vt 0.583404 0.833333
vt 0.604099 0.833333
vt 0.604167 0.833333
vt 0.606961 0.833333
vt 0.623138 0.833333
vt 0.625000 0.833333
vt 0.625000 0.834682
vt 0.625000 0.875000
vt 0.625000 0.916442
vt 0.625000 0.916560
vt 0.625000 0.916632
vt 0.625000 0.916667
vt 0.623138 0.916667
vt 0.606961 0.916667
vt 0.604167 0.916667
vt 0.604099 0.916667
vt 0.583404 0.916667
vt 0.583376 0.916667
vt 0.583333 0.916667
vt 0.580392 0.916667
vt 0.544771 0.916667
vt 0.541667 0.916667
vt 0.541667 0.916632
vt 0.541667 0.916560
vt 0.541667 0.916442
vt 0.541667 0.875000
vt 0.541667 0.834682
vt 0.541667 0.833333
vt 0.544771 0.833333
vt 0.580392 0.833333
vt 0.583333 0.833333
vt 0.583376 0.833333
vt 0.583404 0.833333
vt 0.604099 0.833333
vt 0.604167 0.833333
vt 0.606961 0.833333
vt 0.623138 0.833333
vt 0.625000 0.833333
vt 0.625000 0.834682
vt 0.625000 0.875000
vt 0.625000 0.916442
vt 0.625000 0.916560
vt 0.625000 0.916632
vt 0.625000 0.916667
vt 0.623138 0.916667
vt 0.606962 0.916667
vt 0.604167 0.916667
vt 0.604099 0.916667
vt 0.583404 0.916667
vt 0.583376 0.916667
vt 0.583333 0.916667
vt 0.580392 0.916667
vt 0.544771 0.916667
vt 0.541667 0.916667
vt 0.541667 0.916632
vt 0.541667 0.916560
vt 0.541667 0.916442
vt 0.541667 0.875000
vt 0.541667 0.834682
vt 0.541667 0.833333
vt 0.544771 0.833333
vt 0.580392 0.833333
vt 0.583333 0.833333
vt 0.583376 0.833333
vt 0.583404 0.833333
vt 0.604099 0.833333
vt 0.604167 0.833333
vt 0.606961 0.833333
vt 0.623138 0.833333
vt 0.625000 0.833333
vt 0.625000 0.834682
vt 0.625000 0.875000
vt 0.625000 0.916442
vt 0.625000 0.916560
vt 0.625000 0.916632
vt 0.625000 0.916667
vt 0.623138 0.916667
vt 0.606962 0.916667
vt 0.604167 0.916667
vt 0.604099 0.916667
vt 0.583404 0.916667
vt 0.583376 0.916667
vt 0.583333 0.916667
vt 0.580392 0.916667
vt 0.544771 0.916667
vt 0.541667 0.916667
vt 0.541667 0.916632
vt 0.541667 0.916560
vt 0.541667 0.916442
vt 0.541667 0.875000
vt 0.541667 0.834682
vt 0.541667 0.833333
vt 0.544771 0.833333
vt 0.580392 0.833333
vt 0.583333 0.833333
vt 0.583376 0.833333
vt 0.583404 0.833333
vt 0.604099 0.833333
vt 0.604167 0.833333
vt 0.606961 0.833333
vt 0.623138 0.833333
vt 0.625000 0.833333
vt 0.625000 0.834682
vt 0.625000 0.875000
vt 0.625000 0.916442
vt 0.625000 0.916560
vt 0.625000 0.916632
vt 0.625000 0.916667
vt 0.623138 0.916667
vt 0.606961 0.916667
vt 0.604167 0.916667
vt 0.604099 0.916667
vt 0.583404 0.916667
vt 0.583376 0.916667
vt 0.583333 0.916667
vt 0.580392 0.916667
vt 0.544771 0.916667
vt 0.541667 0.916667
vt 0.541667 0.916632
vt 0.541667 0.916560
vt 0.541667 0.916442
vt 0.541667 0.875000
vt 0.541667 0.834682
vt 0.541667 0.833333
vt 0.544771 0.833333
vt 0.580392 0.833333
vt 0.583333 0.833333
vt 0.583376 0.833333
vt 0.583404 0.833430
vt 0.604099 0.833430
vt 0.604167 0.833430
vt 0.604167 0.833430
vt 0.604115 0.833430
vt 0.583333 0.833430
vt 0.583333 0.833430
vt 0.583333 0.833430
vt 0.583333 0.833430
vt 0.583376 0.833430
vt 0.583475 0.875000
vt 0.583475 0.875000
vt 0.583475 0.875000
vt 0.583475 0.875000
vt 0.583475 0.875000
vt 0.583475 0.875000
vt 0.583475 0.875000
vt 0.583475 0.834682
vt 0.583475 0.833333
vt 0.583475 0.833333
vt 0.583475 0.833333
vt 0.583475 0.833333
vt 0.583475 0.833333
vt 0.583475 0.833333
vt 0.583475 0.833333
vt 0.583475 0.833333
vt 0.583475 0.833333
vt 0.583475 0.833333
vt 0.583475 0.833430
vt 0.583475 0.916667
vt 0.583475 0.916667
vt 0.583475 0.916667
vt 0.583475 0.916667
vt 0.583475 0.916667
vt 0.583475 0.916667
vt 0.583475 0.916667
vt 0.583475 0.916632
vt 0.583475 0.916560
vt 0.583475 0.916442
vt 0.583475 0.875000
vt 0.583475 0.875000
vt 0.604099 0.875000
vt 0.604167 0.875000
vt 0.604167 0.875000
vt 0.604167 0.875000
vt 0.604167 0.875000
vt 0.604099 0.875000
vt 0.583475 0.875000
vt 0.583404 0.875000
vt 0.583376 0.875000
vt 0.583333 0.875000
vt 0.583333 0.875000
vt 0.583333 0.875000
vt 0.583333 0.875000
vt 0.583376 0.875000
vt 0.583404 0.875000
vt 0.604099 0.875000
vt 0.604167 0.875000
vt 0.604167 0.875000
vt 0.604167 0.875000
vt 0.604167 0.875000
vt 0.604099 0.875000
vt 0.583475 0.875000
vt 0.583404 0.875000
vt 0.583376 0.875000
vt 0.583333 0.875000
vt 0.583333 0.875000
vt 0.583333 0.875000
vt 0.583333 0.875000
vt 0.583376 0.875000
vt 0.583404 0.875000
vt 0.583475 0.875000
vt 0.604099 0.875000
vt 0.604167 0.875000
vt 0.604167 0.875000
vt 0.604167 0.875000
vt 0.604167 0.875000
vt 0.604099 0.875000
vt 0.583475 0.875000
vt 0.583404 0.875000
vt 0.583376 0.875000
vt 0.583333 0.875000
vt 0.583333 0.875000
vt 0.583333 0.875000
vt 0.583333 0.875000
vt 0.583376 0.875000
vt 0.583404 0.875000
vt 0.583475 0.875000
vt 0.604083 0.875000
vt 0.604083 0.875000
vt 0.604083 0.875000
vt 0.604083 0.875000
vt 0.604083 0.916442
vt 0.604083 0.916560
vt 0.604083 0.916632
vt 0.604083 0.916667
vt 0.604083 0.916667
vt 0.604083 0.916667
vt 0.604083 0.916667
vt 0.604083 0.916667
vt 0.604083 0.916667
vt 0.604083 0.916667
vt 0.604083 0.833430
vt 0.604083 0.833333
vt 0.604083 0.833333
vt 0.604083 0.833333
vt 0.604083 0.833333
vt 0.604083 0.833333
vt 0.604083 0.833333
vt 0.604083 0.833333
vt 0.604083 0.833333
vt 0.604083 0.833333
vt 0.604083 0.833333
vt 0.604083 0.834682
vt 0.604083 0.875000
vt 0.604083 0.875000
vt 0.604083 0.875000
vt 0.604083 0.875000
vt 0.604083 0.875000
vt 0.604083 0.875000
vt 0.604083 0.875000
vt 0.604083 0.875000
vt 0.604083 0.875000
vt 0.604083 0.875000
vt 0.604154 0.875000
vt 0.604154 0.875000
vt 0.604154 0.875000
vt 0.604154 0.875000
vt 0.604154 0.916442
vt 0.604154 0.916560
vt 0.604154 0.916632
vt 0.604154 0.916667
vt 0.604154 0.916667
vt 0.604154 0.916667
vt 0.604154 0.916667
vt 0.604154 0.916667
vt 0.604154 0.916667
vt 0.604154 0.916667
vt 0.604154 0.833430
vt 0.604154 0.833333
vt 0.604154 0.833333
vt 0.604154 0.833333
vt 0.604154 0.833333
vt 0.604154 0.833333
vt 0.604154 0.833333
vt 0.604154 0.833333
vt 0.604154 0.833333
vt 0.604154 0.833333
vt 0.604154 0.833333
vt 0.604154 0.834682
vt 0.604154 0.875000
vt 0.604154 0.875000
vt 0.604154 0.875000
vt 0.604154 0.875000
vt 0.604154 0.875000
vt 0.604154 0.875000
vt 0.604154 0.875000
vt 0.604154 0.875000
vt 0.604154 0.875000
vt 0.604154 0.875000
vt 0.604110 0.875000
vt 0.604110 0.875000
vt 0.604110 0.875000
vt 0.604110 0.875000
vt 0.604110 0.916442
vt 0.604110 0.916560
vt 0.604110 0.916632
vt 0.604110 0.916667
vt 0.604110 0.916667
vt 0.604110 0.916667
vt 0.604110 0.916667
vt 0.604110 0.916667
vt 0.604110 0.916667
vt 0.604110 0.916667
vt 0.604110 0.833430
vt 0.604110 0.833333
vt 0.604110 0.833333
vt 0.604110 0.833333
vt 0.604110 0.833333
vt 0.604110 0.833333
vt 0.604110 0.833333
vt 0.604110 0.833333
vt 0.604110 0.833333
vt 0.604110 0.833333
vt 0.604110 0.833333
vt 0.604110 0.834682
vt 0.604110 0.875000
vt 0.604110 0.875000
vt 0.604110 0.875000
vt 0.604110 0.875000
vt 0.604110 0.875000
vt 0.604110 0.875000
vt 0.604110 0.875000
vt 0.604110 0.875000
vt 0.604110 0.875000
vt 0.604110 0.875000
vt 0.604083 0.875000
vt 0.583475 0.875000
vt 0.583404 0.875000
vt 0.583376 0.875000
vt 0.583333 0.875000
vt 0.583333 0.875000
vt 0.583333 0.875000
vt 0.583333 0.875000
vt 0.583376 0.875000
vt 0.583404 0.875000
vt 0.583475 0.875000
vt 0.604083 0.875000
vt 0.604099 0.875000
vt 0.604110 0.875000
vt 0.604154 0.875000
vt 0.604167 0.875000
vt 0.604167 0.875000
vt 0.604167 0.875000
vt 0.604167 0.875000
vt 0.604154 0.875000
vt 0.604110 0.875000
vt 0.604099 0.875000
vt 0.604083 0.875072
vt 0.583475 0.875072
vt 0.583404 0.875072
vt 0.583376 0.875072
vt 0.583333 0.875072
vt 0.583333 0.875072
vt 0.583333 0.875072
vt 0.583333 0.875072
vt 0.583333 0.875072
vt 0.583333 0.875072
vt 0.580392 0.875072
vt 0.544771 0.875072
vt 0.541667 0.875072
vt 0.541667 0.875072
vt 0.541667 0.875072
vt 0.541667 0.875072
vt 0.541667 0.875072
vt 0.541667 0.875072
vt 0.541667 0.875072
vt 0.541667 0.875072
vt 0.541667 0.875072
vt 0.541667 0.875072
vt 0.541667 0.875072
vt 0.541667 0.875072
vt 0.541667 0.875072
vt 0.541667 0.875072
vt 0.541667 0.875072
vt 0.541667 0.875072
vt 0.541667 0.875072
vt 0.541667 0.875072
vt 0.541667 0.875072
vt 0.541667 0.875072
vt 0.541667 0.875072
vt 0.458333 0.875072
vt 0.458333 0.875072
vt 0.416667 0.875072
vt 0.416667 0.875072
vt 0.395833 0.875072
vt 0.395833 0.875072
vt 0.395833 0.875072
vt 0.375000 0.875072
vt 0.375000 0.875072
vt 0.250072 0.000000
vt 0.375000 0.875072
vt 0.250072 0.250000
vt 0.375000 0.374928
vt 0.395833 0.374928
vt 0.416667 0.374928
vt 0.458333 0.374928
vt 0.541667 0.374928
vt 0.544771 0.374928
vt 0.580392 0.374928
vt 0.583333 0.374928
vt 0.604115 0.374928
vt 0.604167 0.374928
vt 0.606961 0.374928
vt 0.623138 0.374928
vt 0.625000 0.374928
vt 0.749928 0.250000
vt 0.625000 0.875072
vt 0.749928 0.000000
vt 0.625000 0.875072
vt 0.625000 0.875072
vt 0.625000 0.875072
vt 0.625000 0.875072
vt 0.625000 0.875072
vt 0.625000 0.875072
vt 0.625000 0.875072
vt 0.625000 0.875072
vt 0.623138 0.875072
vt 0.606961 0.875072
vt 0.604167 0.875072
vt 0.604167 0.875072
vt 0.604154 0.875072
vt 0.604110 0.875072
vt 0.604099 0.875072
vt 0.458333 0.916667
vt 0.458333 0.916632
vt 0.458333 0.916560
vt 0.458333 0.916442
vt 0.458333 0.875072
vt 0.458333 0.875000
vt 0.458333 0.834682
vt 0.458333 0.833333
vt 0.416667 0.833333
vt 0.416667 0.834682
vt 0.416667 0.875000
vt 0.416667 0.875072
vt 0.416667 0.916442
vt 0.416667 0.916560
vt 0.416667 0.916632
vt 0.416667 0.916667
vt 0.458406 0.916442
vt 0.458406 0.875072
vt 0.458406 0.875000
vt 0.458406 0.834682
vt 0.458406 0.833333
vt 0.458406 0.750000
vt 0.458406 0.500000
vt 0.458406 0.416667
vt 0.458406 0.415318
vt 0.458406 0.375000
vt 0.458406 0.374928
vt 0.458406 0.333558
vt 0.458406 0.333440
vt 0.458406 0.333368
vt 0.458406 0.333333
vt 0.458406 0.329168
vt 0.458406 0.254779
vt 0.458406 0.250000
vt 0.458406 0.000000
vt 0.458406 1.000000
vt 0.458406 0.995221
vt 0.458406 0.920832
vt 0.458406 0.916667
vt 0.458406 0.916632
vt 0.458406 0.916560
vt 0.458720 0.250000
vt 0.458720 0.254779
vt 0.458720 0.329168
vt 0.458720 0.333333
vt 0.458720 0.333368
vt 0.458720 0.333440
vt 0.458720 0.333558
vt 0.458720 0.374928
vt 0.458720 0.375000
vt 0.458720 0.415318
vt 0.458720 0.416667
vt 0.458720 0.500000
vt 0.458720 0.750000
vt 0.458720 0.833333
vt 0.458720 0.834682
vt 0.458720 0.875000
vt 0.458720 0.875072
vt 0.458720 0.916442
vt 0.458720 0.916560
vt 0.458720 0.916632
vt 0.458720 0.916667
vt 0.458720 0.920832
vt 0.458720 0.995221
vt 0.458720 0.000000
vt 0.458720 1.000000
vt 0.454472 0.875000
vt 0.454472 0.875072
vt 0.454472 0.916442
vt 0.454472 0.916560
vt 0.454472 0.916632
vt 0.454472 0.916667
vt 0.454472 0.916667
vt 0.454472 0.916667
vt 0.454472 0.920832
vt 0.454472 0.995221
vt 0.454472 0.000000
vt 0.454472 1.000000
vt 0.454472 0.250000
vt 0.454472 0.254779
vt 0.454472 0.329168
vt 0.454472 0.333333
vt 0.454472 0.333368
vt 0.454472 0.333440
vt 0.454472 0.333558
vt 0.454472 0.374928
vt 0.454472 0.375000
vt 0.454472 0.415318
vt 0.454472 0.416667
vt 0.454472 0.500000
vt 0.454472 0.750000
vt 0.454472 0.833333
vt 0.454472 0.833333
vt 0.454472 0.833333
vt 0.420142 0.875000
vt 0.420142 0.875072
vt 0.420142 0.916442
vt 0.420142 0.916560
vt 0.420142 0.916632
vt 0.420142 0.916667
vt 0.420142 0.916667
vt 0.420142 0.916667
vt 0.420142 0.920832
vt 0.420142 0.995221
vt 0.420142 0.000000
vt 0.420142 1.000000
vt 0.420142 0.250000
vt 0.420142 0.254779
vt 0.420142 0.329168
vt 0.420142 0.333333
vt 0.420142 0.333368
vt 0.420142 0.333440
vt 0.420142 0.333558
vt 0.420142 0.374928
vt 0.420142 0.375000
vt 0.420142 0.415318
vt 0.420142 0.416667
vt 0.420142 0.500000
vt 0.420142 0.750000
vt 0.420142 0.833333
vt 0.420142 0.833333
vt 0.420142 0.833333
vt 0.416529 0.250000
vt 0.416529 0.254779
vt 0.416529 0.329168
vt 0.416529 0.333333
vt 0.416529 0.333368
vt 0.416529 0.333440
vt 0.416529 0.333558
vt 0.416529 0.374928
vt 0.416529 0.375000
vt 0.416529 0.415318
vt 0.416529 0.416667
vt 0.416529 0.500000
vt 0.416529 0.750000
vt 0.416529 0.833333
vt 0.416529 0.834682
vt 0.416529 0.875000
vt 0.416529 0.875072
vt 0.416529 0.916442
vt 0.416529 0.916560
vt 0.416529 0.916632
vt 0.416529 0.916667
vt 0.416529 0.920832
vt 0.416529 0.995221
vt 0.416529 0.000000
vt 0.416529 1.000000
vt 0.395833 0.244328
vt 0.416529 0.244328
vt 0.416667 0.244328
vt 0.420142 0.244328
vt 0.454472 0.244328
vt 0.458333 0.244328
vt 0.458406 0.244328
vt 0.458720 0.244328
vt 0.541667 0.244328
vt 0.544771 0.244328
vt 0.580392 0.244328
vt 0.583333 0.244328
vt 0.604115 0.244328
vt 0.604167 0.244328
vt 0.606961 0.244328
vt 0.623138 0.244328
vt 0.625000 0.244328
vt 0.629779 0.244328
vt 0.704168 0.244328
vt 0.708333 0.244328
vt 0.708368 0.244328
vt 0.708440 0.244328
vt 0.708558 0.244328
vt 0.749928 0.244328
vt 0.750000 0.244328
vt 0.790318 0.244328
vt 0.791667 0.244328
vt 0.625000 0.505672
vt 0.875000 0.244328
vt 0.623138 0.505672
vt 0.606961 0.505672
vt 0.604167 0.505672
vt 0.604115 0.505672
vt 0.583333 0.505672
vt 0.580392 0.505672
vt 0.544771 0.505672
vt 0.541667 0.505672
vt 0.458720 0.505672
vt 0.458406 0.505672
vt 0.458333 0.505672
vt 0.454472 0.505672
vt 0.420142 0.505672
vt 0.416667 0.505672
vt 0.416529 0.505672
vt 0.395833 0.505672
vt 0.125000 0.244328
vt 0.375000 0.505672
vt 0.208333 0.244328
vt 0.209682 0.244328
vt 0.250000 0.244328
vt 0.250072 0.244328
vt 0.291442 0.244328
vt 0.291560 0.244328
vt 0.291632 0.244328
vt 0.291667 0.244328
vt 0.295832 0.244328
vt 0.370221 0.244328
vt 0.375000 0.244328
vt 0.395833 0.007494
vt 0.416529 0.007494
vt 0.416667 0.007494
vt 0.420142 0.007494
vt 0.454472 0.007494
vt 0.458333 0.007494
vt 0.458406 0.007494
vt 0.458720 0.007494
vt 0.541667 0.007494
vt 0.544771 0.007494
vt 0.580392 0.007494
vt 0.583333 0.007494
vt 0.604115 0.007494
vt 0.604167 0.007494
vt 0.606961 0.007494
vt 0.623138 0.007494
vt 0.625000 0.007494
vt 0.629779 0.007494
vt 0.704168 0.007494
vt 0.708333 0.007494
vt 0.708368 0.007494
vt 0.708440 0.007494
vt 0.708558 0.007494
vt 0.749928 0.007494
vt 0.750000 0.007494
vt 0.790318 0.007494
vt 0.791667 0.007494
vt 0.625000 0.742506
vt 0.875000 0.007494
vt 0.623138 0.742506
vt 0.606961 0.742506
vt 0.604167 0.742506
vt 0.604115 0.742506
vt 0.583333 0.742506
vt 0.580392 0.742506
vt 0.544771 0.742506
vt 0.541667 0.742506
vt 0.458720 0.742506
vt 0.458406 0.742506
vt 0.458333 0.742506
vt 0.454472 0.742506
vt 0.420142 0.742506
vt 0.416667 0.742506
vt 0.416529 0.742506
vt 0.395833 0.742506
vt 0.125000 0.007494
vt 0.375000 0.742506
vt 0.208333 0.007494
vt 0.209682 0.007494
vt 0.250000 0.007494
vt 0.250072 0.007494
vt 0.291442 0.007494
vt 0.291560 0.007494
vt 0.291632 0.007494
vt 0.291667 0.007494
vt 0.295832 0.007494
vt 0.370221 0.007494
vt 0.375000 0.007494
vt 0.376076 0.000000
vt 0.376076 1.000000
vt 0.376076 0.007494
vt 0.376076 0.244328
vt 0.376076 0.250000
vt 0.376076 0.254779
vt 0.376076 0.329168
vt 0.376076 0.333333
vt 0.376076 0.333368
vt 0.376076 0.333440
vt 0.376076 0.333558
vt 0.376076 0.374928
vt 0.376076 0.375000
vt 0.376076 0.415318
vt 0.376076 0.416667
vt 0.376076 0.500000
vt 0.376076 0.505672
vt 0.376076 0.742506
vt 0.376076 0.750000
vt 0.376076 0.833333
vt 0.376076 0.834682
vt 0.376076 0.875000
vt 0.376076 0.875000
vt 0.376076 0.875000
vt 0.376076 0.875072
vt 0.376076 0.916442
vt 0.376076 0.916560
vt 0.376076 0.916632
vt 0.376076 0.916667
vt 0.376076 0.916667
vt 0.376076 0.916667
vt 0.376076 0.920832
vt 0.376076 0.995221
vt 0.375000 0.916667
vt 0.376076 0.916667
vt 0.395833 0.916667
vt 0.395833 0.916632
vt 0.395833 0.916560
vt 0.395833 0.916442
vt 0.395833 0.875072
vt 0.395833 0.875000
vt 0.376076 0.875000
vt 0.375000 0.875000
vt 0.375000 0.875072
vt 0.375000 0.916442
vt 0.375000 0.916560
vt 0.375000 0.916632
vt 0.375000 0.916667
vt 0.376076 0.916667
vt 0.395833 0.916667
vt 0.395833 0.916632
vt 0.395833 0.916560
vt 0.395833 0.916442
vt 0.395833 0.875072
vt 0.395833 0.875000
vt 0.376076 0.875000
vt 0.375000 0.875000
vt 0.375000 0.875072
vt 0.375000 0.916442
vt 0.375000 0.916560
vt 0.375000 0.916632
vn 0.000000 0.000000 1.000000
vn 0.000000 0.000000 1.000000
vn 0.000000 0.000000 1.000000
vn 0.000000 0.000000 1.000000
vn 0.000000 0.000000 1.000000
vn 0.000000 0.000000 1.000000
vn 0.000000 0.000000 1.000000
vn 0.000000 0.000000 1.000000
vn 0.000000 0.000000 1.000000
vn 0.000000 0.000000 1.000000
vn 0.000000 0.000000 1.000000
vn 0.000000 0.000000 1.000000
vn 0.000000 1.000000 0.000000
vn 0.000000 1.000000 0.000000
vn 0.000000 1.000000 0.000000
vn 0.000000 1.000000 0.000000
vn 0.000000 1.000000 0.000000
vn 0.000000 1.000000 0.000000
vn 0.000000 1.000000 0.000000
vn 0.000000 1.000000 0.000000
vn 0.000000 1.000000 0.000000
vn 0.000000 1.000000 0.000000
vn 0.000000 1.000000 0.000000
vn 0.000000 1.000000 0.000000
vn 0.000000 0.000000 -1.000000
vn 0.000000 0.000000 -1.000000
vn 0.000000 0.000000 -1.000000
vn 0.000000 0.000000 -1.000000
vn 0.000000 0.000000 -1.000000
vn 0.000000 0.000000 -1.000000
vn 0.000000 0.000000 -1.000000
vn 0.000000 0.000000 -1.000000
vn 0.000000 0.000000 -1.000000
vn 0.000000 0.000000 -1.000000
vn 0.000000 0.000000 -1.000000
vn 0.000000 0.000000 -1.000000
vn 0.000000 -1.000000 0.000001
vn 0.000000 -1.000000 0.000001
vn -0.000000 -1.000000 0.000001
vn 0.000000 -1.000000 0.000001
vn 0.000000 -1.000000 0.000001
vn 0.000000 -1.000000 0.000001
vn 0.000000 -1.000000 0.000001
vn 0.000000 -1.000000 0.000001
vn 0.000000 -1.000000 0.000001
vn 0.000000 -1.000000 0.000001
vn 0.000000 -1.000000 0.000001
vn 0.000000 -1.000000 0.000001
vn 1.000000 0.000000 0.000000
vn 1.000000 0.000000 0.000000
vn 1.000000 0.000000 0.000000
vn 1.000000 0.000000 0.000000
vn -1.000000 0.000000 0.000000
vn -1.000000 0.000000 0.000000
vn -1.000000 0.000000 0.000000
vn -1.000000 0.000000 0.000000
vn 0.000000 0.000000 1.000000
vn 0.000000 0.000000 1.000000
vn 0.000000 0.000000 1.000000
vn 0.000000 0.000000 1.000000
vn 0.000000 1.000000 0.000000
vn 0.000000 1.000000 0.000000
vn 0.000000 1.000000 0.000000
vn 0.000000 1.000000 0.000000
vn 0.000000 0.000000 -1.000000
vn 0.000000 0.000000 -1.000000
vn 0.000000 0.000000 -1.000000
vn 0.000000 0.000000 -1.000000
vn 0.000000 -1.000000 0.000001
vn 0.000000 -1.000000 0.000001
vn 0.000000 -1.000000 0.000001
vn 0.000000 -1.000000 0.000001
vn 0.000000 0.000000 1.000000
vn 0.000000 0.000000 1.000000
vn 0.000000 0.000000 1.000000
vn 0.000000 0.000000 1.000000
vn 0.000000 1.000000 0.000000
vn 0.000000 1.000000 0.000000
vn 0.000000 1.000000 0.000000
vn 0.000000 1.000000 0.000000
vn 0.000000 0.000000 -1.000000
vn 0.000000 0.000000 -1.000000
vn 0.000000 0.000000 -1.000000
vn 0.000000 0.000000 -1.000000
vn -0.000001 -1.000000 0.000001
vn -0.000001 -1.000000 0.000001
vn -0.000002 -1.000000 0.000001
vn -0.000002 -1.000000 0.000001
vn 0.000000 -1.000000 -0.000002
vn 0.000000 -1.000000 -0.000001
vn 0.000000 -1.000000 -0.000001
vn 0.000000 -1.000000 -0.000001
vn 0.000000 -1.000000 -0.000001
vn 0.000000 -1.000000 -0.000001
vn 0.000000 -1.000000 -0.000002
vn 0.000000 -1.000000 -0.000001
vn 0.000000 -1.000000 -0.000001
vn 0.000003 -1.000000 -0.000000
vn 0.000000 -1.000000 -0.000001
vn 0.000000 -1.000000 -0.000001
vn -1.000000 0.000000 0.000000
vn -1.000000 0.000000 0.000000
vn -1.000000 0.000000 0.000000
vn -1.000000 0.000000 0.000000
vn 0.000000 1.000000 0.000000
vn 0.000000 1.000000 0.000000
vn 0.000000 1.000000 0.000000
vn 0.000000 1.000000 0.000000
vn 0.000000 1.000000 0.000000
vn 0.000000 1.000000 0.000000
vn 0.000000 1.000000 0.000000
vn 0.000000 1.000000 0.000000
vn 0.000000 1.000000 0.000000
vn 0.000000 1.000000 0.000000
vn 0.000000 1.000000 0.000000
vn 0.000000 1.000000 0.000000
vn 0.000000 1.000000 0.000000
vn 0.000000 1.000000 0.000000
vn 0.000000 1.000000 0.000000
vn 0.000000 1.000000 0.000000
vn 0.000000 1.000000 0.000000
vn 0.000000 1.000000 0.000000
vn 0.000000 1.000000 0.000000
vn 0.000000 1.000000 0.000000
vn 1.000000 0.000000 0.000000
vn 1.000000 0.000000 0.000000
vn 1.000000 0.000000 0.000000
vn 1.000000 0.000000 0.000000
vn -0.000001 -1.000000 -0.000001
vn 0.000000 -1.000000 -0.000000
vn -0.000003 -1.000000 -0.000002
vn -0.000002 -1.000000 -0.000001
vn 0.000000 -1.000000 -0.000001
vn 0.000000 -1.000000 -0.000002
vn 0.000000 -1.000000 -0.000001
vn 0.000000 -1.000000 -0.000001
vn 0.000000 -1.000000 -0.000000
vn 0.000000 -1.000000 0.000000
vn -0.000000 -1.000000 -0.000000
vn 0.000000 -1.000000 0.000000
vn -1.000000 0.000000 0.000000
vn -1.000000 0.000000 0.000000
vn 0.000000 1.000000 0.000000
vn 0.000000 1.000000 0.000000
vn 0.000000 1.000000 0.000000
vn 0.000000 1.000000 0.000000
vn 0.000000 1.000000 0.000000
vn 0.000000 1.000000 0.000000
vn 0.000000 1.000000 0.000000
vn 0.000000 1.000000 0.000000
vn 0.000000 1.000000 0.000000
vn 0.000000 1.000000 0.000000
vn 1.000000 0.000000 0.000000
vn 1.000000 -0.000001 0.000000
vn 0.000000 -1.000000 0.000000
vn 0.000000 -1.000000 0.000000
vn 0.000000 -1.000000 0.000000
vn 0.000000 -1.000000 0.000000
vn 0.000000 -1.000000 0.000000
vn 0.000000 -1.000000 0.000000
vn 0.000000 -1.000000 0.000000
vn 0.000000 -1.000000 0.000000
vn -1.000000 0.000000 -0.000002
vn -1.000000 0.000000 -0.000049
vn -1.000000 0.000000 -0.000049
vn -1.000000 0.000000 -0.000002
vn 0.000000 0.000000 -1.000000
vn 0.000000 0.000000 -1.000000
vn 0.000000 0.000000 -1.000000
vn 0.000000 0.000000 -1.000000
vn 1.000000 0.000000 0.000000
vn 1.000000 0.000000 0.000000
vn 1.000000 0.000000 0.000000
vn 1.000000 0.000000 0.000000
vn 0.000000 0.000000 1.000000
vn 0.000000 0.000000 1.000000
vn 0.000000 0.000000 1.000000
vn 0.000000 0.000000 1.000000
vn 0.000000 0.000000 -1.000000
vn 0.000000 0.000000 -1.000000
vn 0.000000 0.000000 -1.000000
vn 0.000000 0.000000 -1.000000
vn 1.000000 0.000000 0.000000
vn 1.000000 0.000017 0.000000
vn 1.000000 0.000000 0.000000
vn 1.000000 0.000000 0.000000
vn 0.000000 0.000013 1.000000
vn 0.000000 0.000013 1.000000
vn 0.000000 -0.000000 1.000000
vn 0.000000 -0.000000 1.000000
vn -1.000000 0.000000 0.000000
vn -1.000000 0.000000 0.000000
vn -1.000000 0.000000 0.000000
vn -1.000000 0.000000 0.000000
vn 0.000000 -1.000000 0.000000
vn 0.000000 -1.000000 0.000001
vn 0.000000 -1.000000 0.000001
vn 0.000000 -1.000000 0.000000
vn 0.000000 -1.000000 0.000001
vn 0.000000 -1.000000 0.000001
vn 0.000000 0.000000 -1.000000
vn 0.000000 0.000000 -1.000000
vn 0.000000 0.000000 -1.000000
vn 0.000000 0.000000 -1.000000
vn 0.000000 1.000000 0.000000
vn 0.000000 1.000000 0.000000
vn 0.000000 1.000000 0.000000
vn 0.000000 1.000000 0.000000
vn 0.000000 1.000000 0.000000
vn 0.000000 1.000000 0.000000
vn 0.000000 1.000000 0.000000
vn 0.000000 1.000000 0.000000
vn 0.000000 1.000000 0.000000
vn 0.000000 1.000000 0.000000
vn 0.000000 0.000000 1.000000
vn 0.000000 0.000000 1.000000
vn 0.000000 0.000000 1.000000
vn 0.000000 0.000000 1.000000
vn 0.000000 -1.000000 -0.000001
vn 0.000000 -1.000000 -0.000000
vn 0.000000 -1.000000 -0.000000
vn 0.000000 -1.000000 -0.000001
vn 0.000001 -1.000000 -0.000000
vn 0.000002 -1.000000 0.000001
vn 0.000003 -1.000000 -0.000000
vn 0.000003 -1.000000 -0.000000
vn 0.000001 -1.000000 0.000000
vn 0.000002 -1.000000 0.000001
vn 0.000000 0.000000 -1.000000
vn 0.000000 0.000000 -1.000000
vn 0.000000 0.000000 -1.000000
vn 0.000000 0.000000 -1.000000
vn 0.000000 1.000000 0.000000
vn 0.000000 1.000000 0.000000
vn 0.000000 1.000000 0.000000
vn 0.000000 1.000000 0.000000
vn 0.000000 1.000000 0.000000
vn 0.000000 1.000000 0.000000
vn 0.000000 1.000000 0.000000
vn 0.000000 1.000000 0.000000
vn 0.000000 1.000000 0.000000
vn 0.000000 1.000000 0.000000
vn 0.000000 0.000000 1.000000
vn 0.000000 0.000000 1.000000
vn 0.000000 0.000000 1.000000
vn 0.000000 0.000000 1.000000
vn 0.000003 -1.000000 0.000000
vn 0.000003 -1.000000 -0.000000
vn 0.000002 -1.000000 -0.000001
vn 0.000001 -1.000000 -0.000000
vn -1.000000 0.000001 0.000000
vn -1.000000 0.000001 0.000035
vn -1.000000 0.000001 0.000035
vn -1.000000 0.000001 0.000000
vn 0.000000 0.000000 -1.000000
vn 0.000000 0.000000 -1.000000
vn 0.000000 0.000000 -1.000000
vn 0.000000 0.000000 -1.000000
vn 1.000000 -0.000001 0.000000
vn 1.000000 -0.000001 0.000000
vn 1.000000 -0.000001 0.000000
vn 1.000000 -0.000001 0.000000
vn 0.000000 0.000000 1.000000
vn 0.000000 0.000000 1.000000
vn 0.000000 0.000000 1.000000
vn 0.000000 0.000000 1.000000
vn 0.000000 -0.000021 1.000000
vn 0.000000 -0.000010 1.000000
vn 0.000000 0.000000 1.000000
vn 0.000000 0.000000 1.000000
vn 1.000000 0.000000 0.000000
vn 1.000000 0.000000 0.000000
vn 1.000000 -0.000000 0.000000
vn 1.000000 -0.000000 0.000000
vn -0.000000 0.000000 -1.000000
vn 0.000000 0.000000 -1.000000
vn 0.000000 0.000000 -1.000000
vn -0.000000 0.000000 -1.000000
vn 0.000000 0.000000 -1.000000
vn 0.000000 0.000000 -1.000000
vn 0.000000 0.000000 -1.000000
vn 0.000000 0.000000 -1.000000
vn -1.000000 -0.000019 0.000000
vn -1.000000 0.000002 0.000000
vn -1.000000 -0.000001 0.000000
vn -1.000000 0.000007 0.000000
vn 0.000000 -0.000021 1.000000
vn 0.000000 -0.000011 1.000000
vn 0.000000 0.000000 1.000000
vn 0.000000 0.000000 1.000000
vn 1.000000 0.000000 0.000000
vn 1.000000 0.000000 0.000000
vn 1.000000 0.000000 0.000000
vn 1.000000 0.000000 0.000000
vn 0.000000 0.000000 -1.000000
vn 0.000000 0.000000 -1.000000
vn 0.000000 0.000000 -1.000000
vn 0.000000 0.000000 -1.000000
vn -1.000000 -0.000010 0.000000
vn -1.000000 0.000001 0.000000
vn -1.000000 0.000005 0.000000
vn -1.000000 -0.000060 0.000000
vn 0.000000 0.000000 1.000000
vn 0.000000 0.000011 1.000000
vn 0.000000 0.000006 1.000000
vn 0.000000 0.000000 1.000000
vn 0.000000 0.000000 1.000000
vn 0.000000 0.000000 1.000000
vn 1.000000 -0.000000 0.000000
vn 1.000000 -0.000000 0.000000
vn 0.000000 0.000000 -1.000000
vn 0.000000 0.000000 -1.000000
vn -1.000000 0.000000 -0.000000
vn -1.000000 0.000000 0.000000
vn -1.000000 0.000000 0.000049
vn -1.000000 0.000000 0.000049
vn 0.000004 0.000000 1.000000
vn 0.000001 0.000000 1.000000
vn 0.000000 0.000000 1.000000
vn 0.000000 0.000000 1.000000
vn 0.000000 1.000000 0.000000
vn 0.000000 1.000000 0.000000
vn 0.000000 1.000000 0.000000
vn 0.000000 1.000000 0.000000
vn -0.000001 0.000011 -1.000000
vn -0.000002 -0.000000 -1.000000
vn 0.000000 0.000000 -1.000000
vn 0.000000 0.000004 -1.000000
vn 0.000000 -1.000000 0.000000
vn 0.000000 -1.000000 0.000000
vn 0.000000 -1.000000 0.000000
vn 0.000000 -1.000000 0.000000
vn 0.000016 -1.000000 0.000000
vn 0.000016 -1.000000 0.000000
vn 0.000000 -1.000000 0.000000
vn 0.000000 -1.000000 0.000000
vn 1.000000 0.000000 0.000000
vn 1.000000 0.000000 0.000000
vn 1.000000 -0.000004 0.000000
vn 1.000000 0.000000 0.000000
vn 0.000000 -1.000000 0.000000
vn 0.000000 -1.000000 0.000003
vn 0.000000 -1.000000 0.000000
vn 0.000000 -1.000000 0.000000
vn -1.000000 -0.000008 0.000000
vn -1.000000 -0.000018 0.000000
vn -1.000000 0.000007 0.000000
vn -1.000000 0.000004 0.000000
vn -1.000000 0.000000 0.000000
vn -1.000000 0.000000 0.000000
vn -1.000000 0.000000 0.000000
vn -1.000000 0.000000 0.000000
vn 0.000000 -1.000000 0.000000
vn 0.000000 -1.000000 0.000000
vn 0.000000 -1.000000 0.000000
vn 0.000000 -1.000000 0.000000
vn 1.000000 0.000000 0.000000
vn 1.000000 0.000000 0.000000
vn 1.000000 0.000000 0.000000
vn 1.000000 0.000000 0.000000
vn 0.000000 -1.000000 0.000000
vn 0.000000 -1.000000 0.000000
vn 0.000000 -1.000000 0.000000
vn 0.000000 -1.000000 0.000000
vn -1.000000 0.000000 0.000000
vn -1.000000 0.000000 0.000000
vn -1.000000 0.000000 0.000000
vn -1.000000 0.000000 0.000000
vn 0.000001 -1.000000 0.000000
vn -0.000000 -1.000000 0.000000
vn 0.000000 -1.000000 0.000000
vn 0.000000 -1.000000 0.000000
vn 0.000000 -1.000000 0.000000
vn 0.000003 -1.000000 0.000000
vn 0.000003 -1.000000 0.000000
vn 0.000000 -1.000000 0.000000
vn -1.000000 0.000000 0.000000
vn -1.000000 0.000000 0.000000
vn -1.000000 0.000000 0.000000
vn -1.000000 0.000000 0.000000
vn 0.000000 1.000000 0.000000
vn 0.000000 1.000000 0.000000
vn 0.000000 1.000000 0.000000
vn 0.000000 1.000000 0.000000
vn 0.000000 1.000000 0.000000
vn 0.000000 1.000000 0.000000
vn 0.000000 1.000000 0.000000
vn 0.000000 1.000000 0.000000
vn 0.000000 1.000000 0.000000
vn 0.000000 1.000000 0.000000
vn 0.000000 1.000000 0.000000
vn 0.000000 1.000000 0.000000
vn 0.000000 1.000000 0.000000
vn 0.000000 1.000000 0.000000
vn 0.000000 1.000000 0.000000
vn 0.000000 1.000000 0.000000
vn 0.000000 1.000000 0.000000
vn 0.000000 1.000000 0.000000
vn 0.000000 1.000000 0.000000
vn 0.000000 1.000000 0.000000
vn 0.000000 1.000000 0.000000
vn 0.000000 1.000000 0.000000
vn 0.000000 1.000000 0.000000
vn 0.000000 1.000000 0.000000
vn 0.000000 1.000000 0.000000
vn 0.000000 1.000000 0.000000
vn 0.000000 1.000000 0.000000
vn 0.000000 1.000000 0.000000
vn 1.000000 0.000000 0.000000
vn 1.000000 -0.000000 0.000000
vn 1.000000 -0.000000 0.000000
vn 1.000000 -0.000001 0.000000
vn 1.000000 -0.000001 0.000000
vn 1.000000 -0.000001 0.000000
vn 1.000000 -0.000001 0.000000
vn 1.000000 -0.000001 0.000000
vn 1.000000 -0.000000 0.000000
vn 1.000000 0.000000 0.000000
vn 1.000000 0.000023 0.000000
vn 1.000000 -0.000000 0.000000
vn 1.000000 -0.000000 0.000000
vn 1.000000 -0.000000 0.000000
vn 0.000000 -1.000000 0.000000
vn 0.000000 -1.000000 0.000000
vn 0.000000 -1.000000 -0.000003
vn 0.000000 -1.000000 -0.000000
vn -1.000000 0.000000 0.000000
vn -1.000000 0.000000 0.000000
vn -1.000000 0.000000 0.000000
vn -1.000000 0.000000 0.000000
vn 1.000000 0.000000 -0.000099
vn 1.000000 0.000000 0.000000
vn 1.000000 0.000000 0.000000
vn 1.000000 0.000000 -0.000099
vn 0.000031 0.000000 1.000000
vn 0.000000 0.000000 1.000000
vn 0.000000 0.000000 1.000000
vn 0.000000 0.000000 1.000000
vn -1.000000 0.000000 0.000000
vn -1.000000 0.000000 0.000000
vn -1.000000 0.000000 0.000000
vn -1.000000 0.000000 0.000000
vn 0.000067 0.000000 -1.000000
vn -0.000000 0.000000 -1.000000
vn 0.000000 0.000018 -1.000000
vn 0.000000 0.000007 -1.000000
vn 0.000035 0.000000 1.000000
vn 0.000070 0.000000 1.000000
vn 0.000070 0.000000 1.000000
vn 0.000036 0.000000 1.000000
vn 0.000000 0.000000 0.000000
vn 0.000000 0.000000 0.000000
vn 0.000000 0.000000 0.000000
vn 0.000000 0.000000 0.000000
vn 0.000000 0.000000 1.000000
vn 0.000000 0.000000 1.000000
vn 0.000000 0.000000 1.000000
vn 0.000000 0.000000 1.000000
vn -0.000000 0.000000 0.000000
vn -0.000000 0.000000 0.000000
vn -1.000000 0.000000 0.000000
vn -1.000000 0.000000 0.000000
vn 0.000000 1.000000 -0.000003
vn 0.000000 1.000000 -0.000006
vn -0.000016 1.000000 0.000013
vn -0.000008 1.000000 -0.000001
vn -1.000000 -0.000002 0.000000
vn -0.999999 -0.001116 0.000016
vn -0.999999 -0.001085 0.000008
vn -1.000000 -0.000002 0.000000
vn 0.000000 -1.000000 0.000000
vn 0.000000 -1.000000 0.000000
vn 0.000000 -1.000000 0.000000
vn 0.000000 -1.000000 0.000000
vn 1.000000 0.000000 0.000000
vn 1.000000 0.000000 0.000000
vn 1.000000 0.000000 0.000000
vn 1.000000 0.000000 0.000000
vn 0.000003 -1.000000 0.000000
vn 0.000003 -1.000000 0.000000
vn 0.000003 -1.000000 0.000000
vn 0.000003 -1.000000 0.000000
vn 0.000000 0.000000 0.000000
vn 0.000003 -1.000000 0.000000
vn 0.000003 -1.000000 0.000000
vn 0.000003 -1.000000 0.000000
vn 0.000000 0.000000 0.000000
vn 0.000000 0.000000 0.000000
vn 0.000000 0.000000 0.000000
vn 0.000000 0.000000 0.000000
vn 0.000000 0.000000 -1.000000
vn -0.000000 0.000000 -1.000000
vn -0.000000 0.000000 -1.000000
vn 0.000000 0.000000 -1.000000
vn 1.000000 0.000000 0.000000
vn 1.000000 0.000000 0.000000
vn 1.000000 0.000003 0.000000
vn 1.000000 0.000003 0.000000
vn -0.000000 0.000000 1.000000
vn 0.000007 0.000000 1.000000
vn 0.000005 0.000000 1.000000
vn -0.000000 0.000000 1.000000
vn -1.000000 0.000000 0.000000
vn -1.000000 0.000000 0.000000
vn -1.000000 -0.000003 0.000000
vn -1.000000 -0.000003 0.000000
vn -1.000000 0.000000 0.000000
vn -1.000000 0.000002 0.000000
vn -1.000000 -0.000010 0.000000
vn -1.000000 -0.000058 0.000000
vn -1.000000 -0.000000 0.000000
vn -1.000000 -0.000000 0.000000
vn -1.000000 -0.000039 0.000000
vn -1.000000 -0.000000 0.000000
vn -1.000000 0.000000 0.000000
vn -1.000000 0.000000 0.000000
vn -1.000000 0.000000 0.000000
vn -1.000000 0.000005 0.000000
vn -1.000000 -0.000268 0.000000
vn -1.000000 0.000136 0.000000
vn -1.000000 0.000828 0.000000
vn -0.999999 -0.001627 0.000000
vn 1.000000 -0.000001 0.000000
vn 1.000000 -0.000001 0.000000
vn 1.000000 -0.000001 0.000000
vn 1.000000 -0.000001 0.000000
vn 1.000000 -0.000000 0.000000
vn 1.000000 0.000000 0.000000
vn 1.000000 0.000000 0.000000
vn 1.000000 -0.000000 0.000000
vn 1.000000 -0.000000 0.000000
vn 1.000000 -0.000000 0.000000
vn 0.000000 -1.000000 0.000000
vn 0.000000 -1.000000 0.000000
vn 0.000000 -1.000000 0.000000
vn 0.000000 -1.000000 0.000000
vn -1.000000 0.000000 0.000000
vn -1.000000 0.000000 0.000000
vn -1.000000 0.000000 0.000000
vn -1.000000 0.000000 0.000000
vn 0.000000 -1.000000 0.000000
vn 0.000016 -1.000000 0.000000
vn 0.000016 -1.000000 0.000000
vn 0.000000 -1.000000 0.000000
vn 1.000000 0.000000 0.000000
vn 1.000000 0.000000 0.000000
vn 1.000000 0.000000 0.000000
vn 1.000000 0.000000 0.000000
vn 0.000000 -1.000000 0.000000
vn 0.000000 -1.000000 0.000000
vn 0.000000 -1.000000 0.000000
vn 0.000000 -1.000000 0.000000
vn -1.000000 -0.000003 0.000000
vn -1.000000 -0.000017 0.000000
vn -1.000000 -0.000029 0.000000
vn -1.000000 0.000004 0.000000
vn -1.000000 0.000000 0.000000
vn -1.000000 0.000000 0.000000
vn -1.000000 -0.000629 0.000000
vn -1.000000 -0.000561 0.000000
vn -1.000000 -0.000001 0.000000
vn -1.000000 -0.000001 0.000000
vn -1.000000 0.000001 0.000000
vn -1.000000 0.000000 0.000000
vn -1.000000 0.000000 0.000000
vn -1.000000 -0.000000 0.000000
vn -1.000000 -0.000009 0.000000
vn -1.000000 -0.000001 0.000000
vn -1.000000 -0.000000 0.000000
vn -1.000000 0.000000 0.000000
vn 0.000000 -1.000000 0.000000
vn 0.000000 -1.000000 0.000000
vn 0.000000 -1.000000 0.000000
vn 0.000000 -1.000000 0.000000
vn 1.000000 0.000000 0.000000
vn 1.000000 0.000000 0.000000
vn 1.000000 0.000000 0.000000
vn 1.000000 0.000000 0.000000
vn 0.000000 -1.000000 0.000000
vn 0.000000 -1.000000 0.000000
vn 0.000000 -1.000000 0.000000
vn 0.000000 -1.000000 0.000000
vn -1.000000 0.000000 0.000016
vn -1.000000 0.000000 0.000000
vn -1.000000 0.000000 0.000000
vn -1.000000 0.000000 0.000016
vn 0.000000 -1.000000 0.000000
vn 0.000000 -1.000000 0.000000
vn 0.000000 -1.000000 0.000000
vn 0.000000 -1.000000 0.000000
vn 0.000000 0.000000 0.000000
vn 0.000000 0.000000 0.000000
vn 1.000000 0.000003 0.000000
vn 1.000000 0.000000 0.000000
vn 1.000000 0.000105 0.000000
vn 1.000000 0.000003 0.000000
vn 0.000000 -1.000000 -0.000018
vn 0.000003 -1.000000 -0.000001
vn 0.000003 -1.000000 0.000000
vn 0.000000 -1.000000 -0.000000
vn -1.000000 0.000000 0.000000
vn -1.000000 0.000000 0.000000
vn -1.000000 -0.000003 -0.000033
vn -1.000000 -0.000003 -0.000000
vn 0.000000 0.000000 0.000000
vn 0.000000 0.000000 0.000000
vn 0.000000 0.000000 0.000000
vn 0.000000 0.000000 0.000000
vn -1.000000 0.000000 0.000000
vn -1.000000 0.000000 0.000000
vn -1.000000 0.000000 0.000000
vn -1.000000 0.000000 0.000000
vn 0.000000 1.000000 0.000000
vn 0.000000 1.000000 0.000000
vn 0.000000 1.000000 0.000000
vn 0.000000 1.000000 0.000000
vn 0.000000 1.000000 0.000000
vn 0.000000 1.000000 0.000000
vn 0.000000 1.000000 0.000000
vn 0.000000 1.000000 0.000000
vn 0.000000 1.000000 0.000000
vn 0.000000 1.000000 0.000000
vn 0.000000 1.000000 0.000000
vn 0.000000 1.000000 0.000000
vn 0.000000 1.000000 0.000000
vn 0.000000 1.000000 0.000000
vn 0.000000 1.000000 0.000000
vn 0.000000 1.000000 0.000000
vn 0.000000 1.000000 0.000000
vn 0.000000 1.000000 0.000000
vn 0.000000 1.000000 0.000000
vn 0.000000 1.000000 0.000000
vn 0.000000 1.000000 0.000000
vn 0.000000 1.000000 0.000000
vn 0.000000 1.000000 0.000000
vn 0.000000 1.000000 0.000000
vn 0.000000 1.000000 0.000000
vn 0.000000 1.000000 0.000000
vn 0.000000 1.000000 0.000000
vn 0.000000 1.000000 0.000000
vn 1.000000 0.000000 0.000000
vn 1.000000 0.000000 0.000000
vn 1.000000 0.000000 0.000000
vn 1.000000 0.000000 0.000000
vn -0.000001 -1.000000 -0.000001
vn -0.000001 -1.000000 -0.000001
vn 0.000000 -1.000000 -0.000001
vn 0.000000 -1.000000 -0.000001
vn 0.000000 -1.000000 -0.000001
vn 0.000000 -1.000000 -0.000001
vn 0.000000 -1.000000 -0.000001
vn 0.000000 -1.000000 -0.000001
vn 0.000000 -1.000000 -0.000001
vn 0.000000 -1.000000 -0.000001
vn 0.000000 -1.000000 -0.000001
vn 0.000000 -1.000000 -0.000001
vn 0.000001 -1.000000 -0.000001
vn 0.000001 -1.000000 -0.000000
vn -1.000000 0.000000 0.000000
vn -1.000000 0.000000 0.000000
vn 0.000000 1.000000 0.000000
vn 0.000000 1.000000 0.000000
vn 0.000000 1.000000 0.000000
vn 0.000000 1.000000 0.000000
vn 0.000000 1.000000 0.000000
vn 0.000000 1.000000 0.000000
vn 0.000000 1.000000 0.000000
vn 0.000000 1.000000 0.000000
vn 0.000000 1.000000 0.000000
vn 0.000000 1.000000 0.000000
vn 0.000000 1.000000 0.000000
vn 0.000000 1.000000 0.000000
vn 0.000000 1.000000 0.000000
vn 0.000000 1.000000 0.000000
vn 1.000000 0.000000 0.000000
vn 1.000000 0.000000 0.000000
vn -0.000000 -1.000000 -0.000002
vn -0.000000 -1.000000 -0.000001
vn 0.000000 -1.000000 -0.000002
vn 0.000000 -1.000000 -0.000002
vn 0.000000 -1.000000 -0.000002
vn 0.000000 -1.000000 -0.000002
vn 0.000000 -1.000000 -0.000002
vn 0.000000 -1.000000 -0.000002
vn 0.000000 -1.000000 -0.000001
vn 0.000000 -1.000000 -0.000001
vn 0.000000 -1.000000 -0.000002
vn 0.000000 -1.000000 -0.000002
vn 0.000000 -1.000000 -0.000001
vn 0.000000 -1.000000 0.000000
vn -1.000000 0.000000 0.000000
vn -1.000000 0.000000 0.000000
vn 0.000000 1.000000 0.000000
vn 0.000000 1.000000 0.000000
vn 0.000000 1.000000 0.000000
vn 0.000000 1.000000 0.000000
vn 0.000000 1.000000 0.000000
vn 0.000000 1.000000 0.000000
vn 0.000000 1.000000 0.000000
vn 0.000000 1.000000 0.000000
vn 0.000000 1.000000 0.000000
vn 0.000000 1.000000 0.000000
vn 0.000000 1.000000 0.000000
vn 0.000000 1.000000 0.000000
vn 0.000000 1.000000 0.000000
vn 0.000000 1.000000 0.000000
vn 1.000000 0.000000 0.000000
vn 1.000000 0.000000 0.000000
vn 0.000000 0.000000 1.000000
vn 0.000000 0.000000 1.000000
vn 0.000000 0.000000 1.000000
vn 0.000000 0.000000 1.000000
vn 0.000000 1.000000 0.000000
vn 0.000000 1.000000 0.000000
vn 0.000000 1.000000 0.000000
vn 0.000000 1.000000 0.000000
vn 0.000000 1.000000 0.000000
vn 0.000000 1.000000 0.000000
vn 0.000000 1.000000 0.000000
vn 0.000000 1.000000 0.000000
vn 0.000000 1.000000 0.000000
vn 0.000000 1.000000 0.000000
vn 0.000000 1.000000 0.000000
vn 0.000000 1.000000 0.000000
vn 0.000000 1.000000 0.000000
vn 0.000000 1.000000 0.000000
vn 0.000000 1.000000 0.000000
vn 0.000000 1.000000 0.000000
vn 0.000000 1.000000 0.000000
vn 0.000000 1.000000 0.000000
vn 0.000000 1.000000 0.000000
vn 0.000000 1.000000 0.000000
vn 0.000000 1.000000 0.000000
vn 0.000000 1.000000 0.000000
vn 0.000000 0.000000 -1.000000
vn 0.000000 0.000000 -1.000000
vn 0.000000 0.000000 -1.000000
vn 0.000000 0.000000 -1.000000
vn -0.000002 -1.000000 0.000001
vn -0.000002 -1.000000 0.000001
vn -0.000002 -1.000000 0.000000
vn -0.000002 -1.000000 0.000000
vn 0.000000 0.000000 -1.000000
vn 0.000000 0.000000 -1.000000
vn 0.000000 0.000000 -1.000000
vn 0.000000 0.000000 -1.000000
vn 0.000000 0.000000 -1.000000
vn 0.000000 0.000000 -1.000000
vn 0.000000 0.000000 -1.000000
vn 0.000000 0.000000 -1.000000
vn 0.000000 0.000000 -1.000000
vn 0.000000 0.000000 -1.000000
vn 0.000000 -1.000000 0.000000
vn 0.000000 -1.000000 0.000000
vn 0.000000 -1.000000 0.000000
vn 0.000000 -1.000000 0.000000
vn 0.000000 -1.000000 0.000000
vn 0.000000 -1.000000 -0.000003
vn 0.000000 -1.000000 0.000000
vn 0.000000 -1.000000 0.000000
vn 0.000000 -1.000000 0.000000
vn 0.000000 -1.000000 0.000000
vn 0.000000 -1.000000 0.000000
vn 0.000000 -1.000000 0.000000
vn 0.000000 0.000000 1.000000
vn 0.000000 0.000000 1.000000
vn 0.000000 0.000000 1.000000
vn 0.000000 0.000000 1.000000
vn 0.000000 -0.000011 1.000000
vn 0.000000 -0.000021 1.000000
vn 0.000000 0.000000 1.000000
vn 0.000000 0.000000 1.000000
vn 0.000000 0.000000 1.000000
vn 0.000000 0.000000 1.000000
vn -0.000002 -1.000000 -0.000001
vn -0.000003 -1.000000 -0.000001
vn -0.000003 -1.000000 -0.000001
vn -0.000001 -1.000000 -0.000000
vn -0.000001 -1.000000 -0.000001
vn -0.000001 -1.000000 -0.000000
vn -0.000000 -1.000000 -0.000001
vn 0.000000 -1.000000 0.000000
vn 0.000001 -1.000000 0.000000
vn 1.000000 -0.000000 0.000000
vn 1.000000 0.000000 0.000000
vn 0.000000 0.000000 -1.000000
vn 0.000000 0.000000 -1.000000
vn -1.000000 0.000000 0.000000
vn -1.000000 0.000000 0.000000
vn -1.000000 0.000000 0.000000
vn -1.000000 0.000000 0.000000
vn -1.000000 0.000000 0.000000
vn -1.000000 0.000000 0.000000
vn 0.000000 -0.000000 1.000000
vn 0.000000 -0.000000 1.000000
vn 1.000000 0.000000 0.000000
vn 1.000000 0.000000 0.000000
vn 0.000000 0.000000 -1.000000
vn 0.000000 0.000000 -1.000000
vn -1.000000 0.000000 0.000000
vn -1.000000 0.000000 0.000000
vn -1.000000 0.000000 0.000000
vn -1.000000 0.000000 0.000000
vn -1.000000 0.000000 0.000000
vn -1.000000 0.000000 0.000000
vn 0.000000 0.000000 1.000000
vn 0.000000 0.000000 1.000000
vn 0.000000 -1.000000 0.000000
vn 0.000000 -1.000000 0.000000
vn 0.000000 -1.000000 0.000000
vn 0.000000 -1.000000 0.000000
vn 0.000000 -1.000000 0.000000
vn 0.000000 -1.000000 0.000000
vn 0.000000 -1.000000 0.000000
vn 0.000000 -1.000000 0.000000
vn 0.000000 0.000000 1.000000
vn 0.000000 0.000000 1.000000
vn 0.000000 0.000000 1.000000
vn 0.000000 0.000000 1.000000
vn 0.000000 1.000000 0.000025
vn 0.000000 1.000000 0.000000
vn 0.000000 1.000000 0.000000
vn 0.000000 1.000000 0.000021
vn 0.000000 0.000000 1.000000
vn 0.000000 0.000000 1.000000
vn 0.000000 0.000000 1.000000
vn 0.000000 0.000000 1.000000
vn 0.000000 -1.000000 -0.000007
vn 0.000000 -1.000000 -0.000004
vn 0.000000 -1.000000 -0.000002
vn 0.000000 -1.000000 -0.000003
vn 0.000000 0.000000 1.000000
vn 0.000000 0.000000 1.000000
vn 0.000000 0.000000 1.000000
vn 0.000000 0.000000 1.000000
vn 0.000000 -1.000000 0.000000
vn 0.000000 -1.000000 0.000000
vn 0.000000 -1.000000 0.000000
vn 0.000000 -1.000000 0.000000
vn 0.000000 0.000000 -1.000000
vn 0.000000 0.000000 -1.000000
vn 0.000000 0.000000 -1.000000
vn 0.000000 0.000000 -1.000000
vn 0.000000 0.000000 -1.000000
vn 0.000000 0.000000 -1.000000
vn 0.000000 0.000000 -1.000000
vn 0.000000 0.000000 -1.000000
vn 0.000000 1.000000 0.000000
vn 0.000000 1.000000 0.000000
vn 0.000000 1.000000 0.000000
vn 0.000000 1.000000 0.000000
vn 0.000000 0.000000 1.000000
vn 0.000000 0.000000 1.000000
vn 0.000000 -0.000007 1.000000
vn 0.000000 0.000000 1.000000
vn 0.000000 -0.000021 1.000000
vn 0.000000 0.000000 1.000000
vn 0.000000 -0.000000 1.000000
vn 0.000000 -0.000000 1.000000
vn 0.000000 0.000000 1.000000
vn 0.000000 0.000000 1.000000
vn 0.000000 -0.000000 1.000000
vn 0.000000 -0.000000 1.000000
vn 0.000000 0.000026 1.000000
vn 0.000000 0.000014 1.000000
vn 0.000000 -1.000000 -0.000001
vn 0.000000 -1.000000 -0.000002
vn 0.000000 -1.000000 -0.000001
vn 0.000000 -1.000000 -0.000002
vn 0.000000 0.000000 1.000000
vn 0.000000 0.000000 1.000000
vn 0.000000 1.000000 0.000000
vn 0.000000 1.000000 0.000000
vn 0.000000 1.000000 0.000000
vn 0.000000 1.000000 0.000000
vn 0.000000 1.000000 0.000000
vn 0.000000 1.000000 0.000000
vn 0.000000 1.000000 0.000000
vn 0.000000 1.000000 0.000000
vn 0.000000 1.000000 0.000000
vn 0.000000 1.000000 0.000000
vn 0.000000 1.000000 0.000000
vn 0.000000 0.000000 -1.000000
vn 0.000000 0.000000 -1.000000
vn 0.000000 -1.000000 0.000001
vn 0.000000 -1.000000 0.000001
vn 0.000000 0.000000 -1.000000
vn 0.000000 0.000000 -1.000000
vn 0.000000 0.000000 -1.000000
vn 0.000000 0.000000 -1.000000
vn 0.000000 0.000000 -1.000000
vn 0.000000 0.000000 -1.000000
vn 0.000000 0.000000 -1.000000
vn 0.000000 0.000000 -1.000000
vn 0.000000 0.000000 -1.000000
vn 0.000000 0.000000 -1.000000
vn 0.000000 0.000000 -1.000000
vn 0.000000 0.000000 -1.000000
vn 0.000000 0.000000 -1.000000
vn 0.000000 0.000000 -1.000000
vn 0.000000 -1.000000 0.000000
vn 0.000000 -1.000000 0.000000
vn 0.000000 -1.000000 0.000000
vn 0.000000 -1.000000 0.000000
vn 0.000000 -1.000000 0.000000
vn 0.000000 -1.000000 0.000003
vn 0.000000 -1.000000 0.000000
vn 0.000000 -1.000000 0.000000
vn 0.000000 -1.000000 0.000000
vn 0.000000 -1.000000 0.000000
vn 0.000000 -1.000000 0.000000
vn 0.000000 -1.000000 0.000000
vn 0.000000 0.000006 1.000000
vn 0.000000 0.000011 1.000000
vn 0.000000 0.000000 1.000000
vn 0.000000 0.000000 1.000000
vn -1.000000 -0.000008 0.000000
vn -1.000000 0.000004 0.000000
vn -1.000000 0.000000 0.000000
vn -1.000000 0.000000 0.000000
vn -1.000000 0.000000 0.000000
vn -1.000000 0.000000 0.000000
vn 0.000000 -1.000000 0.000000
vn 0.000000 -1.000000 0.000000
vn 1.000000 0.000000 0.000000
vn 1.000000 0.000000 0.000000
vn 0.000000 -1.000000 0.000000
vn 0.000000 -1.000000 0.000000
vn -1.000000 0.000000 0.000000
vn -1.000000 0.000000 0.000000
vn 0.000000 -1.000000 0.000000
vn 0.000000 -1.000000 0.000000
vn 0.000000 -0.000000 0.000000
vn 0.000000 -0.000000 0.000000
vn 1.000000 0.000003 0.000000
vn 1.000000 0.000000 0.000000
vn 0.000000 -1.000000 0.000000
vn 0.000003 -1.000000 0.000000
vn -1.000000 0.000000 0.000000
vn -1.000000 -0.000003 0.000000
vn 0.000000 0.000000 0.000000
vn 0.000000 1.000000 0.000000
vn 0.000000 0.000000 0.000000
vn 0.000000 1.000000 0.000000
vn -1.000000 0.000000 0.000000
vn -1.000000 0.000000 0.000000
vn 0.000000 1.000000 0.000000
vn 0.000000 1.000000 0.000000
vn 0.000000 1.000000 0.000000
vn 0.000000 1.000000 0.000000
vn 0.000000 1.000000 0.000000
vn 0.000000 1.000000 0.000000
vn 0.000000 1.000000 0.000000
vn 0.000000 1.000000 0.000000
vn 0.000000 1.000000 0.000000
vn 0.000000 1.000000 0.000000
vn 0.000000 1.000000 0.000000
vn 0.000000 1.000000 0.000000
vn 0.000000 1.000000 0.000000
vn 0.000000 1.000000 0.000000
vn 0.000000 1.000000 0.000000
vn 0.000000 1.000000 0.000000
vn 0.000000 1.000000 0.000000
vn 1.000000 0.000000 0.000000
vn 1.000000 0.000000 0.000000
vn 1.000000 -0.000001 0.000000
vn 1.000000 -0.000001 0.000000
vn 1.000000 -0.000000 0.000000
vn 1.000000 0.000023 0.000000
vn 1.000000 -0.000000 0.000000
vn 0.000000 -1.000000 0.000000
vn 0.000000 -1.000000 0.000000
vn 0.000000 -1.000000 0.000000
vn 0.000000 -1.000000 0.000000
vn -1.000000 0.000000 -0.000000
vn -1.000000 0.000000 -0.000000
vn 0.000000 -1.000000 0.000000
vn 0.000016 -1.000000 0.000000
vn 0.000000 -1.000000 0.000000
vn 0.000000 -1.000000 0.000000
vn 1.000000 0.000000 0.000000
vn 1.000000 -0.000004 0.000000
vn 0.000000 -1.000000 -0.000000
vn 0.000000 -1.000000 0.000000
vn 0.000000 -1.000000 -0.000000
vn 0.000000 -1.000000 0.000000
vn -1.000000 -0.000000 0.000000
vn -1.000000 -0.000039 0.000000
vn -1.000000 -0.000268 0.000000
vn -0.999999 -0.001628 0.000000
vn -1.000000 0.000000 0.000000
vn -1.000000 0.000000 0.000000
vn -1.000000 0.000003 0.000000
vn -1.000000 -0.000003 0.000000
vn -1.000000 0.000004 0.000000
vn -1.000000 -0.000000 0.000000
vn -1.000000 0.000000 0.000000
vn -1.000000 0.000000 0.000000
vn -1.000000 -0.000003 0.000000
vn -1.000000 0.000000 0.000000
vn -1.000000 0.000001 0.000000
vn -1.000000 0.000000 0.000000
vn -1.000000 0.000001 0.000000
vn -1.000000 -0.000000 0.000000
vn -1.000000 0.000001 0.000000
vn -1.000000 0.000000 0.000000
vn -1.000000 0.000000 0.000000
vn -1.000000 0.000000 0.000000
vn -1.000000 -0.000000 0.000000
vn -1.000000 -0.000000 0.000000
vn -1.000000 0.000002 0.000000
vn -1.000000 0.000000 0.000000
vn 0.000000 0.000000 -1.000000
vn 0.000000 0.000000 -1.000000
vn 0.000000 0.000000 -1.000000
vn 0.000000 0.000000 -1.000000
vn 0.000000 0.000000 -1.000000
vn 0.000000 0.000000 -1.000000
vn -0.000001 -0.000000 -1.000000
vn -0.000000 0.000000 -1.000000
vn -0.000000 0.000001 -1.000000
vn -0.000001 0.000000 -1.000000
vn 0.000000 0.000000 -1.000000
vn 0.000002 0.000003 -1.000000
vn 0.000064 0.000026 -1.000000
vn 0.000058 -0.000000 -1.000000
vn 0.000000 0.000000 -1.000000
vn 0.000000 0.000000 -1.000000
vn 0.000000 0.000000 -1.000000
vn 0.000000 0.000000 -1.000000
vn 0.000000 0.000000 -1.000000
vn 0.000000 0.000000 -1.000000
vn 0.000000 0.000000 -1.000000
vn 0.000000 0.000000 -1.000000
vn 1.000000 0.000000 0.000000
vn 1.000000 0.000000 0.000000
vn 1.000000 0.000000 0.000000
vn 1.000000 0.000000 0.000000
vn 1.000000 -0.000033 0.000000
vn 1.000000 0.000000 0.000000
vn 1.000000 0.000000 0.000000
vn 1.000000 0.000000 0.000000
vn 1.000000 0.000000 0.000000
vn 1.000000 -0.000033 0.000000
vn 1.000000 0.000000 0.000000
vn 1.000000 0.000000 0.000000
vn 1.000000 0.000000 0.000000
vn 1.000000 0.000000 0.000000
vn 0.000000 0.000001 1.000000
vn 0.000000 0.000002 1.000000
vn 0.000001 0.000000 1.000000
vn 0.000009 0.000000 1.000000
vn 0.000000 0.000002 1.000000
vn -0.000001 0.000000 1.000000
vn 0.000000 0.000001 1.000000
vn -0.000006 0.000000 1.000000
vn 0.000000 0.000000 1.000000
vn 0.000000 0.000000 1.000000
vn -0.000002 0.000000 1.000000
vn 0.000000 0.000000 1.000000
vn 0.000008 0.000000 1.000000
vn 0.000000 0.000000 1.000000
vn 0.000000 0.000000 1.000000
vn 0.000000 0.000001 1.000000
vn 0.000000 0.000002 1.000000
vn 0.000001 0.000000 1.000000
vn 0.000000 0.000002 1.000000
vn -0.000001 0.000000 1.000000
vn 0.000000 0.000001 1.000000
vn -0.000012 0.000000 1.000000
vn -1.000000 0.000000 0.000000
vn -1.000000 0.000000 0.000000
vn -1.000000 0.000000 0.000000
vn -1.000000 0.000000 0.000000
vn -1.000000 0.000001 0.000000
vn -1.000000 0.000000 0.000000
vn -1.000000 0.000000 0.000000
vn -1.000000 0.000000 0.000000
vn -1.000000 -0.000000 0.000000
vn -1.000000 -0.000005 0.000000
vn -1.000000 -0.000005 0.000000
vn -1.000000 0.000000 0.000000
vn -1.000000 0.000000 0.000000
vn -1.000000 0.000013 0.000000
vn -1.000000 0.000024 0.000000
vn -1.000000 0.000000 0.000000
vn -1.000000 0.000000 0.000000
vn -1.000000 0.000000 0.000000
vn -1.000000 0.000360 0.000000
vn -1.000000 0.000000 0.000000
vn -1.000000 0.000000 0.000000
vn -1.000000 -0.000003 0.000000
vn -1.000000 0.000000 0.000000
vn -1.000000 0.000000 0.000000
vn -1.000000 0.000000 0.000000
vn -1.000000 0.000000 0.000000
vn -1.000000 0.000000 0.000000
vn 0.000000 0.000000 -1.000000
vn 0.000000 0.000000 -1.000000
vn 0.000000 0.000000 -1.000000
vn 0.000000 0.000000 -1.000000
vn 0.000000 0.000000 -1.000000
vn 0.000000 0.000000 -1.000000
vn 0.000000 0.000000 -1.000000
vn 0.000000 0.000000 -1.000000
vn 1.000000 0.000000 0.000000
vn 1.000000 0.000000 0.000000
vn 1.000000 0.000000 0.000000
vn 1.000000 0.000000 0.000000
vn 1.000000 -0.000004 0.000000
vn 1.000000 0.000000 0.000000
vn 1.000000 0.000000 0.000000
vn 1.000000 0.000000 0.000000
vn 1.000000 0.000000 0.000000
vn 1.000000 -0.000004 0.000000
vn 1.000000 0.000000 0.000000
vn 1.000000 0.000000 0.000000
vn 1.000000 0.000000 0.000000
vn 1.000000 0.000000 0.000000
vn -0.000000 -0.000000 1.000000
vn -0.000000 -0.000000 1.000000
vn -0.000000 0.000012 1.000000
vn -0.000003 0.000006 1.000000
vn 0.000000 0.000012 1.000000
vn 0.000000 -0.000000 1.000000
vn 0.000003 0.000006 1.000000
vn 0.000000 -0.000000 1.000000
vn -1.000000 0.000000 0.000000
vn -1.000000 0.000000 0.000000
vn -1.000000 0.000000 0.000000
vn -1.000000 0.000000 0.000000
vn -1.000000 0.000000 0.000000
vn -1.000000 0.000000 0.000000
vn -1.000000 0.000000 0.000000
vn -1.000000 0.000000 0.000000
vn -1.000000 0.000000 0.000000
vn -1.000000 -0.000000 0.000000
vn -1.000000 -0.000135 0.000000
vn -1.000000 0.000100 0.000000
vn -1.000000 -0.000000 0.000000
vn -1.000000 0.000140 0.000000
vn -1.000000 -0.000000 0.000000
vn -1.000000 -0.000000 0.000000
vn -1.000000 0.000148 0.000000
vn -1.000000 0.000142 0.000000
vn -1.000000 0.000000 0.000000
vn -1.000000 0.000002 0.000000
vn -1.000000 0.000032 0.000000
vn -1.000000 -0.000001 0.000000
vn -1.000000 0.000000 0.000000
vn -1.000000 0.000000 0.000000
vn -1.000000 -0.000000 0.000000
vn -1.000000 0.000000 0.000000
vn 0.000000 0.000000 -1.000000
vn 0.000000 0.000000 -1.000000
vn 0.000000 0.000000 -1.000000
vn 0.000000 0.000000 -1.000000
vn 1.000000 -0.000008 0.000000
vn 1.000000 -0.000000 0.000000
vn 1.000000 -0.000000 0.000000
vn 1.000000 -0.000000 0.000000
vn 1.000000 0.000000 0.000000
vn 1.000000 0.000000 0.000000
vn 1.000000 0.000000 0.000000
vn 1.000000 0.000000 0.000000
vn 1.000000 0.000000 0.000000
vn 1.000000 0.000000 0.000000
vn 1.000000 0.000000 0.000000
vn 1.000000 0.000000 0.000000
vn 1.000000 0.000000 0.000000
vn 1.000000 0.000000 0.000000
vn 0.000000 -0.000000 1.000000
vn 0.000000 -0.000000 1.000000
vn 0.000000 -0.000000 1.000000
vn 0.000000 -0.000000 1.000000
vn -1.000000 0.000000 0.000000
vn -1.000000 0.000000 0.000000
vn -1.000000 0.000000 0.000000
vn -1.000000 0.000000 0.000000
vn -1.000000 0.000000 0.000000
vn -1.000000 0.000000 0.000000
vn -1.000000 0.000000 0.000000
vn -1.000000 0.000000 0.000000
vn -1.000000 0.000000 0.000000
vn -1.000000 0.000000 0.000000
vn -1.000000 0.000001 0.000000
vn -1.000000 0.000000 0.000000
vn -1.000000 0.000228 0.000000
vn -1.000000 0.000001 0.000000
vn -1.000000 0.000228 0.000000
vn -1.000000 -0.000116 0.000000
vn -1.000000 -0.000001 0.000000
vn -1.000000 0.000001 0.000000
vn -1.000000 0.000000 0.000000
vn -1.000000 -0.000001 0.000000
vn 0.000000 -1.000000 0.000000
vn 0.000000 -1.000000 0.000000
vn -1.000000 0.000000 0.000000
vn -1.000000 0.000000 0.000000
vn -1.000000 0.000000 0.000000
vn -1.000000 0.000000 0.000000
vn -1.000000 0.000000 0.000000
vn -1.000000 0.000000 0.000000
vn -1.000000 0.000000 0.000000
vn -1.000000 0.000000 0.000000
vn -1.000000 0.000000 0.000000
vn -1.000000 0.000000 0.000000
vn -1.000000 0.000000 0.000000
vn -1.000000 0.000000 0.000000
vn -1.000000 -0.000023 0.000000
vn 1.000000 0.000000 0.000000
vn 1.000000 0.000000 0.000000
vn 0.000000 -1.000000 0.000000
vn 0.000000 -1.000000 0.000000
vn -1.000000 0.000000 0.000050
vn -1.000000 0.000000 0.000050
vn 0.000000 -0.000000 0.000000
vn 0.000003 -1.000000 0.000000
vn 1.000000 0.000327 0.000000
vn 1.000000 0.000003 0.000000
vn 0.000003 -1.000000 0.000005
vn 0.000000 -1.000000 0.000100
vn -1.000000 0.000000 0.000000
vn -1.000000 -0.000003 0.000181
vn 0.000000 0.000000 0.000000
vn 0.000000 0.000000 0.000000
vn 0.000000 0.000000 0.000000
vn 0.000000 0.000000 0.000000
vn 1.000000 -0.000001 0.000000
vn 1.000000 -0.000001 0.000000
vn 1.000000 0.000000 0.000000
vn 1.000000 0.000000 0.000000
vn 1.000000 0.000000 0.000000
vn 1.000000 -0.000000 0.000000
vn 1.000000 -0.000000 0.000000
vn 0.000000 -1.000000 0.000000
vn 0.000000 -1.000000 0.000000
vn 0.000000 -1.000000 0.000000
vn 0.000000 -1.000000 0.000000
vn -1.000000 0.000000 0.000000
vn -1.000000 0.000000 0.000000
vn 0.000016 -1.000000 0.000000
vn 0.000000 -1.000000 0.000000
vn 0.000000 -1.000000 0.000000
vn 0.000000 -1.000000 0.000000
vn 1.000000 0.000000 0.000000
vn 1.000000 0.000000 0.000000
vn 1.000000 0.000000 0.000000
vn 1.000000 0.000000 0.000000
vn 1.000000 0.000000 0.000000
vn 1.000000 0.000000 0.000000
vn 0.000000 -1.000000 0.000000
vn 0.000000 -1.000000 0.000000
vn 1.000000 0.000000 0.000003
vn 1.000000 0.000000 0.000003
vn 0.000000 -1.000000 0.000000
vn 0.000000 -1.000000 0.000000
vn 0.000000 -1.000000 0.000000
vn 0.000000 -1.000000 0.000000
vn -1.000000 0.000000 0.000000
vn -1.000000 0.000000 0.000000
vn 0.000000 0.000000 -1.000000
vn 0.000000 0.000000 -1.000000
vn 0.000000 0.000000 -1.000000
vn 0.000000 0.000000 -1.000000
vn 0.000000 0.000000 -1.000000
vn 0.000000 0.000000 -1.000000
vn 0.000000 0.000000 -1.000000
vn 0.000000 0.000000 -1.000000
vn 0.000000 0.000001 -1.000000
vn 0.000000 0.000016 -1.000000
vn 0.000000 0.000016 -1.000000
vn 0.000000 0.000001 -1.000000
vn 0.000000 1.000000 0.000000
vn 0.000000 1.000000 0.000000
vn 0.000000 1.000000 0.000000
vn 0.000000 1.000000 0.000000
vn 0.000000 0.000000 1.000000
vn 0.000000 0.000000 1.000000
vn 0.000000 0.000000 1.000000
vn 0.000000 0.000000 1.000000
vn -0.000000 0.000000 1.000000
vn -0.000000 0.000000 1.000000
vn -0.000000 0.000000 1.000000
vn -0.000000 0.000000 1.000000
vn -0.000000 -1.000000 0.000000
vn -0.000000 -1.000000 0.000000
vn -0.000000 -1.000000 0.000000
vn -0.000000 -1.000000 0.000000
vn -0.000000 -1.000000 0.000000
vn -0.000000 -1.000000 0.000000
vn -0.000000 -1.000000 0.000000
vn -0.000000 -1.000000 0.000000
vn -0.000000 -1.000000 0.000000
vn -0.000000 -1.000000 0.000000
vn -0.000000 -1.000000 0.000000
vn -0.000000 -1.000000 0.000000
vn -0.000000 0.000000 1.000000
vn -0.000000 0.000000 1.000000
vn -0.000000 0.000000 1.000000
vn -0.000000 0.000000 1.000000
vn 0.000000 1.000000 0.000022
vn 0.000000 1.000000 0.000022
vn 0.000000 1.000000 0.000000
vn 0.000000 1.000000 0.000000
vn 0.000000 0.000000 1.000000
vn 0.000000 0.000000 1.000000
vn 0.000000 0.000000 1.000000
vn 0.000000 0.000000 1.000000
vn 0.000000 -1.000000 0.000000
vn 0.000000 -1.000000 0.000000
vn 0.000000 -1.000000 0.000000
vn 0.000000 -1.000000 0.000000
vn 0.000000 0.000000 1.000000
vn 0.000000 0.000000 1.000000
vn 0.000000 0.000000 1.000000
vn 0.000000 0.000000 1.000000
vn 0.000000 -1.000000 0.000000
vn 0.000000 -1.000000 0.000000
vn 0.000000 -1.000000 0.000000
vn 0.000000 -1.000000 0.000000
vn 0.000000 -1.000000 0.000000
vn 0.000000 -1.000000 0.000000
vn 0.000000 0.000000 -1.000000
vn 0.000000 0.000000 -1.000000
vn 0.000000 0.000000 -1.000000
vn 0.000000 0.000000 -1.000000
vn 0.000000 0.000002 -1.000000
vn 0.000000 0.000000 -1.000000
vn 0.000000 1.000000 0.000000
vn 0.000000 1.000000 0.000000
vn 0.000000 0.000000 1.000000
vn 0.000000 0.000000 1.000000
vn 0.000000 0.000000 1.000000
vn 0.000000 0.000000 1.000000
vn 0.000000 -1.000000 0.000000
vn 0.000000 -1.000000 0.000000
vn 0.000000 -1.000000 0.000000
vn 0.000000 -1.000000 0.000000
vn 0.000000 -1.000000 0.000000
vn 0.000000 -1.000000 0.000000
vn 0.000000 0.000000 1.000000
vn 0.000000 0.000000 1.000000
vn 0.000000 1.000000 0.000027
vn 0.000000 1.000000 0.000000
vn 0.000000 0.000000 1.000000
vn 0.000000 0.000000 1.000000
vn 0.000000 -1.000000 0.000000
vn 0.000000 -1.000000 0.000000
vn 0.000000 0.000000 1.000000
vn 0.000000 0.000000 1.000000
vn 0.000000 -1.000000 0.000000
vn 0.000000 -1.000000 0.000000
vn 0.000000 -1.000000 0.000000
vn 0.000000 0.000000 -1.000000
vn 0.000000 0.000000 -1.000000
vn 0.000067 -0.000000 -1.000000
vn -0.000000 -0.000000 -1.000000
vn 1.000000 0.000000 -0.000099
vn 1.000000 0.000000 -0.000000
vn 1.000000 0.000000 0.000003
vn -0.000000 0.000000 0.000000
vn -0.000000 0.000000 0.000000
vn -0.000000 0.000000 0.000000
vn -0.000000 0.000000 0.000000
vn 1.000000 0.000000 0.000000
vn 1.000000 0.000000 0.000000
vn 0.000031 0.000000 1.000000
vn 0.000000 0.000000 1.000000
vn 0.000000 0.000000 1.000000
vn 0.000000 0.000000 1.000000
vn 0.000000 0.000000 1.000000
vn 0.000000 0.000000 1.000000
vn 0.000000 0.000000 1.000000
vn -1.000000 0.000002 0.000000
vn -1.000000 0.000002 0.000000
vn 0.000000 0.000000 0.000000
vn 1.000000 0.000000 0.000000
vn 0.000000 0.000000 0.000000
vn 1.000000 0.000000 0.000000
vn -1.000000 0.000000 0.000000
vn -1.000000 0.000000 0.000000
vn -1.000000 0.000000 0.000000
vn 0.000000 0.000000 -1.000000
vn 0.000000 0.000000 -1.000000
vn 0.000000 0.000000 -1.000000
vn 1.000000 0.000000 -0.000099
vn 1.000000 0.000000 -0.000000
vn 1.000000 0.000000 0.000003
vn 1.000000 0.000000 0.000000
vn 1.000000 0.000000 0.000000
vn 0.000000 0.000000 0.000000
vn 1.000000 0.000000 0.000000
vn 1.000000 0.000000 0.000000
vn 1.000000 0.000000 0.000000
vn 0.000019 0.000000 1.000000
vn 0.000000 0.000000 1.000000
vn 0.000000 0.000000 1.000000
vn 0.000000 0.000000 1.000000
vn 0.000000 0.000000 1.000000
vn 0.000000 0.000000 1.000000
vn 0.000000 0.000000 1.000000
vn -0.999999 0.001249 0.000016
vn -0.999999 0.001216 0.000008
vn -0.000000 0.000000 0.000000
vn -1.000000 0.000000 0.000000
vn -1.000000 0.000000 0.000000
vn -1.000000 0.000000 0.000000
vn -1.000000 0.000000 0.000000
vn -1.000000 0.000000 0.000000
vn -1.000000 0.000000 0.000000
vn 0.000000 -0.000011 -1.000000
vn 0.000000 -0.000011 -1.000000
vn -0.000000 0.000000 -1.000000
vn 0.000023 0.000000 -1.000000
vn 0.000000 0.000000 -1.000000
vn 0.000000 0.000000 -1.000000
vn 0.000000 0.000000 -1.000000
vn 0.000000 0.000000 -1.000000
vn 1.000000 0.000000 0.000000
vn 1.000000 0.000000 0.000000
vn 1.000000 0.000000 0.000000
vn 1.000000 0.000000 0.000000
vn 1.000000 0.000000 0.000000
vn 1.000000 0.000000 0.000000
vn 1.000000 0.000000 0.000000
vn 1.000000 0.000000 0.000000
vn 0.000006 -0.000011 1.000000
vn 0.000001 -0.000021 1.000000
vn -0.000001 -0.000021 1.000000
vn -0.000004 -0.000010 1.000000
vn 0.000000 0.000000 1.000000
vn 0.000000 0.000000 1.000000
vn 0.000000 0.000000 1.000000
vn 0.000000 0.000000 1.000000
vn 0.000000 0.000000 1.000000
vn 0.000000 0.000000 1.000000
vn 0.000006 -0.000007 1.000000
vn 0.000001 -0.000021 1.000000
vn -0.000001 -0.000021 1.000000
vn -0.000009 -0.000011 1.000000
vn -1.000000 0.000000 0.000000
vn -1.000000 0.000012 0.000000
vn -1.000000 0.000010 0.000000
vn -1.000000 0.000000 0.000000
vn -1.000000 0.000000 0.000000
vn -1.000000 -0.000018 0.000000
vn -1.000000 -0.000019 0.000000
vn -1.000000 0.000002 0.000000
vn 0.000000 0.000000 -1.000000
vn 0.000000 0.000000 -1.000000
vn 0.000000 0.000000 -1.000000
vn 0.000000 -0.000004 -1.000000
vn 0.000000 -0.000016 -1.000000
vn 0.000000 -0.000022 -1.000000
vn 0.000000 -0.000001 -1.000000
vn 0.000000 -0.000001 -1.000000
vn -0.000000 -0.000001 -1.000000
vn 0.000057 -0.000002 -1.000000
vn 0.000000 0.000000 -1.000000
vn 0.000000 0.000000 -1.000000
vn 0.000000 0.000000 -1.000000
vn 0.000000 0.000000 -1.000000
vn 1.000000 0.000000 0.000000
vn 1.000000 0.000000 0.000000
vn 1.000000 0.000000 0.000000
vn 1.000000 0.000000 0.000000
vn 1.000000 0.000000 0.000000
vn 1.000000 0.000000 0.000000
vn 1.000000 0.000000 0.000000
vn 1.000000 0.000000 0.000000
vn 0.000000 0.000001 1.000000
vn 0.000000 0.000002 1.000000
vn 0.000000 0.000002 1.000000
vn 0.000000 0.000001 1.000000
vn -0.000002 0.000000 1.000000
vn 0.000000 0.000000 1.000000
vn 0.000000 0.000000 1.000000
vn 0.000000 0.000000 1.000000
vn 0.000000 0.000000 1.000000
vn 0.000000 0.000000 1.000000
vn 0.000000 0.000001 1.000000
vn 0.000000 0.000002 1.000000
vn 0.000000 0.000002 1.000000
vn 0.000000 0.000001 1.000000
vn -1.000000 0.000000 0.000000
vn -1.000000 0.000000 0.000000
vn -1.000000 0.000000 0.000000
vn -1.000000 0.000001 0.000000
vn -1.000000 0.000001 0.000000
vn -1.000000 0.000000 0.000000
vn -1.000000 -0.000000 0.000000
vn -1.000000 -0.000000 0.000000
vn 0.000000 0.000000 -1.000000
vn 0.000000 0.000000 -1.000000
vn 0.000000 0.000000 -1.000000
vn 0.000000 0.000000 -1.000000
vn 0.000000 0.000000 -1.000000
vn 0.000000 0.000000 -1.000000
vn 0.000000 0.000000 -1.000000
vn 0.000000 0.000000 -1.000000
vn 0.000000 -0.000028 -1.000000
vn 0.000000 -0.000011 -1.000000
vn 0.000000 0.000000 1.000000
vn 0.000000 0.000000 1.000000
vn 0.000000 0.000000 1.000000
vn 0.000000 0.000000 1.000000
vn 0.000000 0.000000 1.000000
vn 0.000000 0.000000 1.000000
vn 0.000000 0.000000 -1.000000
vn 0.000000 0.000000 -1.000000
vn 0.000000 1.000000 0.000000
vn 0.000000 1.000000 0.000000
vn 0.000000 1.000000 0.000000
vn 0.000000 1.000000 0.000000
vn -1.000000 0.000001 -0.000000
vn -1.000000 0.000001 -0.000000
vn 1.000000 0.000017 0.000000
vn 1.000000 -0.000000 0.000000
vn 1.000000 -0.000000 0.000000
vn 1.000000 0.000000 0.000000
vn 0.000000 1.000000 0.000000
vn 0.000000 1.000000 0.000000
vn 0.000000 1.000000 0.000000
vn 0.000000 1.000000 -0.000000
vn 0.000000 1.000000 0.000000
vn 0.000000 1.000000 0.000000
vn 0.000000 1.000000 -0.000000
vn -0.000016 1.000000 0.000000
vn -0.000031 1.000000 0.000000
vn -0.000031 1.000000 -0.000000
vn -0.000016 1.000000 0.000000
vn 1.000000 0.000000 0.000000
vn 1.000000 0.000000 0.000000
vn 1.000000 0.000000 0.000000
vn 1.000000 0.000000 0.000000
vn 1.000000 0.000000 0.000000
vn 1.000000 0.000000 0.000000
vn 1.000000 0.000000 0.000000
vn 1.000000 0.000000 0.000000
vn 0.000000 -1.000000 0.000000
vn 0.000000 -1.000000 0.000000
vn 0.000000 -1.000000 0.000000
vn 0.000000 -1.000000 0.000000
vn 0.000000 -1.000000 0.000000
vn 0.000000 -1.000000 0.000000
vn 0.000000 -1.000000 0.000000
vn 0.000000 -1.000000 0.000000
vn 0.000000 -1.000000 0.000000
vn 0.000000 -1.000000 0.000000
vn 0.000000 -1.000000 0.000000
vn 0.000000 -1.000000 0.000000
vn 0.000000 -1.000000 0.000000
vn 0.000000 -1.000000 0.000000
vn -1.000000 -0.000003 -0.000000
vn -0.999999 -0.001461 -0.000000
vn -0.999999 -0.001461 -0.000000
vn -1.000000 -0.000003 -0.000000
vn -1.000000 0.000003 -0.000000
vn -1.000000 0.000003 -0.000000
vn -0.999999 0.001637 -0.000000
vn -0.999999 0.001638 -0.000000
vn 0.000000 1.000000 -0.000000
vn 0.000000 1.000000 0.000000
vn 0.000000 1.000000 0.000000
vn 0.000000 1.000000 -0.000000
vn 0.000000 1.000000 -0.000000
vn 0.000000 1.000000 0.000000
vn -0.000053 0.000000 1.000000
vn -0.000027 0.000000 1.000000
vn -0.000000 0.000000 0.000000
vn -0.000000 0.000000 0.000000
vn -0.000000 0.000000 0.000000
vn -0.000000 0.000000 0.000000
vn 0.000000 0.000000 0.000000
vn 0.000000 0.000000 0.000000
vn 0.000000 0.000000 0.000000
vn 0.000000 0.000000 0.000000
vn 0.000000 0.000000 0.000000
vn 0.000000 0.000000 0.000000
vn 0.000000 0.000000 0.000000
vn 0.000000 0.000000 0.000000
vn 0.000000 0.000000 1.000000
vn 0.000000 0.000000 1.000000
vn 0.000000 0.000000 1.000000
vn 0.000000 0.000000 1.000000
vn 0.000000 0.000000 1.000000
vn 0.000000 0.000000 1.000000
vn 0.000000 0.000000 1.000000
vn -0.000000 0.000000 0.000000
vn -0.000000 0.000000 0.000000
vn -0.000000 0.000000 0.000000
vn -0.000000 0.000000 0.000000
vn -0.000000 0.000000 0.000000
vn -0.000000 0.000000 0.000000
vn -0.000000 0.000000 0.000000
vn -0.000000 0.000000 0.000000
vn 0.000000 0.000000 0.000000
vn 0.000000 0.000000 0.000000
vn 0.000000 0.000000 0.000000
vn 0.000000 0.000000 0.000000
vn 0.000000 0.000000 1.000000
vn 0.000000 0.000000 1.000000
vn 0.000000 0.000000 1.000000
vn 0.000000 0.000000 1.000000
vn 0.000000 0.000000 1.000000
vn 0.000000 0.000000 1.000000
vn 0.000000 1.000000 0.000000
vn 0.000000 1.000000 0.000000
vn 0.000008 1.000000 0.000000
vn 0.000034 1.000000 0.000000
vn 0.000000 0.000000 1.000000
vn 0.000000 0.000000 1.000000
vn 0.000000 0.000000 1.000000
vn 0.000000 0.000000 1.000000
vn 0.000000 0.000000 1.000000
vn 0.000000 0.000000 1.000000
vn 0.000000 -1.000000 0.000000
vn 0.000000 -1.000000 0.000000
vn 0.000015 -1.000000 0.000000
vn 0.000015 -1.000000 0.000000
vn 0.000015 -1.000000 0.000000
vn 0.000015 -1.000000 0.000000
vn 0.000000 -1.000000 0.000000
vn 0.000000 -1.000000 0.000000
vn 0.000015 -1.000000 0.000000
vn 0.000000 -1.000000 0.000000
vn 0.000015 -1.000000 0.000000
vn 0.000000 -1.000000 0.000000
vn 0.000001 0.000000 1.000000
vn 0.000004 0.000000 1.000000
vn 0.000000 0.000000 1.000000
vn 0.000000 0.000000 1.000000
vn -0.000002 0.000000 1.000000
vn -0.000002 0.000000 1.000000
vn 0.000000 0.000000 1.000000
vn 0.000000 1.000000 0.000000
vn 0.000000 1.000000 0.000000
vn 0.000000 1.000000 0.000000
vn 0.000000 1.000000 0.000000
vn 0.000000 1.000000 0.000000
vn 0.000000 1.000000 0.000000
vn -0.000028 -0.000001 -1.000000
vn 0.000000 -0.000021 -1.000000
vn -0.000029 0.000000 -1.000000
vn -0.000030 0.000000 -1.000000
vn -0.000011 0.000000 -1.000000
vn -0.000003 0.000009 -1.000000
vn -0.000001 0.000000 -1.000000
vn -0.000033 -0.000000 -1.000000
vn 0.000000 0.000000 -1.000000
vn -0.000033 0.000000 -1.000000
vn 0.000000 0.000000 -1.000000
vn 0.000000 0.000014 -1.000000
vn 0.000000 0.000000 -1.000000
vn 0.000000 -1.000000 0.000000
vn 0.000000 -1.000000 0.000000
vn 0.000000 -1.000000 0.000000
vn 0.000000 -1.000000 0.000000
vn 0.000000 -1.000000 0.000000
vn 0.000000 -1.000000 0.000000
vn 0.000000 0.000000 1.000000
vn 0.000000 0.000000 1.000000
vn 0.000000 0.000000 1.000000
vn 0.000000 0.000000 1.000000
vn 0.000000 0.000000 1.000000
vn 0.000000 0.000000 1.000000
vn 0.000000 -1.000000 0.000000
vn 0.000000 -1.000000 0.000000
vn 0.000000 -1.000000 0.000000
vn 0.000000 -1.000000 0.000000
vn 0.000000 -1.000000 0.000000
vn 0.000000 -1.000000 0.000000
vn 0.000000 -1.000000 0.000000
vn 0.000000 -1.000000 0.000000
vn -0.000130 0.000000 1.000000
vn -0.000000 0.000000 1.000000
vn 0.000000 0.000000 1.000000
vn 0.000000 0.000000 1.000000
vn -0.000130 0.000000 1.000000
vn -0.000000 0.000000 1.000000
vn -0.000080 0.000000 1.000000
vn 0.000000 0.000000 1.000000
vn 0.000066 1.000000 0.000000
vn 0.000015 1.000000 0.000000
vn 0.000015 1.000000 0.000000
vn 0.000066 1.000000 0.000000
vn 0.000000 0.000000 1.000000
vn 0.000000 0.000000 1.000000
vn 0.000000 0.000000 1.000000
vn 0.000000 0.000000 1.000000
vn 0.000000 0.000000 1.000000
vn 0.000000 0.000000 1.000000
vn 0.000000 0.000000 1.000000
vn -0.000000 0.000000 0.000000
vn -1.000000 0.000000 0.000000
vn -0.000000 0.000000 0.000000
vn -1.000000 0.000000 0.000000
vn 0.000000 0.000000 0.000000
vn 1.000000 0.000000 0.000000
vn 0.000000 0.000000 0.000000
vn 1.000000 0.000000 0.000000
vn 0.000000 0.000000 0.000000
vn 0.000000 0.000000 0.000000
vn 0.000000 0.000000 0.000000
vn 1.000000 0.000000 0.000000
vn 0.000000 0.000000 0.000000
vn 0.000000 0.000000 0.000000
vn 0.000000 0.000000 0.000000
vn 0.000000 0.000000 0.000000
vn 0.000000 0.000000 0.000000
vn 0.000000 0.000000 0.000000
vn 0.000000 0.000000 0.000000
vn 0.000000 0.000000 0.000000
vn 0.000000 0.000000 0.000000
vn 0.000000 0.000000 0.000000
vn 0.000000 0.000000 0.000000
vn 0.000000 0.000000 0.000000
vn 0.000000 0.000000 0.000000
vn 0.000000 0.000000 0.000000
vn 0.000000 0.000000 0.000000
vn 0.000000 0.000000 0.000000
vn 0.000000 0.000000 0.000000
vn 0.000000 0.000000 0.000000
vn -0.000000 0.000000 0.000000
vn -0.000000 0.000000 0.000000
vn -1.000000 0.000000 0.000000
vn -0.000000 0.000000 0.000000
vn -1.000000 0.000000 0.000000
vn -0.000000 0.000000 0.000000
vn -1.000000 0.000000 0.000000
vn -0.000000 0.000000 0.000000
vn 0.000000 0.000000 0.000000
vn 0.000000 0.000000 0.000000
vn 0.000000 0.000000 0.000000
vn 0.000000 0.000000 0.000000
vn 0.000000 0.000000 1.000000
vn 0.000000 0.000000 1.000000
vn 0.000000 0.000000 1.000000
vn 0.000000 0.000000 1.000000
vn 0.000000 1.000000 0.000000
vn 0.000000 1.000000 0.000000
vn 0.000000 -0.000000 0.000000
vn 0.000000 -0.000000 0.000000
vn 0.000000 -1.000000 0.000000
vn 0.000000 -1.000000 0.000000
vn 1.000000 0.000000 0.000000
vn 1.000000 0.000000 0.000000
vn 1.000000 0.000000 0.000000
vn 1.000000 0.000000 0.000000
vn 1.000000 0.000000 0.000000
vn 1.000000 0.000000 0.000000
vn 1.000000 0.000000 0.000000
vn 1.000000 0.000000 0.000000
vn 0.000000 0.000000 -1.000000
vn 0.000000 0.000000 -1.000000
vn -1.000000 0.000000 -0.000049
vn -1.000000 0.000000 -0.000002
vn -1.000000 0.000000 0.000000
vn -1.000000 0.000000 0.000000
vn -1.000000 0.000000 0.000000
vn -1.000000 0.000000 0.000000
vn -1.000000 0.000000 0.000016
vn -1.000000 0.000000 0.000050
vn 0.000000 0.000000 1.000000
vn 0.000000 0.000000 1.000000
vn 0.000000 -1.000000 0.000000
vn 0.000000 -1.000000 0.000000
vn 0.000000 -1.000000 0.000000
vn 0.000000 -1.000000 0.000000
vn 0.000000 -1.000000 0.000001
vn 0.000000 -1.000000 0.000001
vn 0.000000 0.000000 -1.000000
vn 0.000000 0.000000 -1.000000
vn 0.000000 1.000000 0.000000
vn 0.000000 1.000000 0.000000
vn 0.000000 1.000000 0.000000
vn 0.000000 1.000000 0.000000
vn 0.000000 1.000000 0.000000
vn 0.000000 1.000000 0.000000
vn 0.000000 1.000000 0.000000
vn 0.000000 1.000000 0.000000
vn 0.000000 1.000000 0.000000
vn 0.000000 1.000000 0.000000
vn 0.000000 1.000000 0.000000
vn 0.000000 1.000000 0.000000
vn 0.000000 0.000000 1.000000
vn 0.000000 0.000000 1.000000
vn 0.000000 -1.000000 -0.000001
vn 0.000000 -1.000000 -0.000001
vn 0.000000 -1.000000 -0.000001
vn 0.000000 -1.000000 -0.000002
vn 0.000000 -1.000000 0.000000
vn 0.000000 -1.000000 0.000000
vn 0.000000 -1.000000 0.000000
vn 0.000000 -1.000000 0.000000
vn 0.000000 -1.000000 0.000000
vn 0.000000 -1.000000 0.000000
vn 0.000000 -1.000000 0.000000
vn 0.000000 -1.000000 0.000000
vn 0.000000 -1.000000 0.000000
vn 0.000000 -1.000000 0.000000
vn 0.000000 -1.000000 0.000000
vn 0.000000 -1.000000 0.000000
vn 0.000000 -1.000000 0.000000
vn 0.000000 -1.000000 0.000000
vn 0.000000 -1.000000 0.000000
vn 0.000000 -1.000000 0.000000
vn 0.000000 -1.000000 0.000000
vn 0.000000 -1.000000 0.000000
vn 0.000000 -1.000000 0.000000
vn 0.000000 -1.000000 0.000000
vn 0.000000 0.000000 1.000000
vn 0.000000 0.000000 1.000000
vn 0.000000 0.000000 1.000000
vn 0.000000 0.000000 1.000000
vn 0.000000 0.000000 1.000000
vn 0.000000 0.000000 1.000000
vn 0.000000 -1.000000 -0.000001
vn 0.000000 -1.000000 -0.000002
vn 0.000000 -1.000000 -0.000001
vn 0.000000 -1.000000 -0.000001
vn 0.000000 0.000000 1.000000
vn 0.000000 0.000000 1.000000
vn 0.000000 1.000000 0.000000
vn 0.000000 1.000000 0.000000
vn 0.000000 1.000000 0.000000
vn 0.000000 1.000000 0.000000
vn 0.000000 1.000000 0.000000
vn 0.000000 1.000000 0.000000
vn 0.000000 1.000000 0.000000
vn 0.000000 1.000000 0.000000
vn 0.000000 1.000000 0.000000
vn 0.000000 1.000000 0.000000
vn 0.000000 1.000000 0.000000
vn 0.000000 1.000000 0.000000
vn 0.000000 0.000000 -1.000000
vn 0.000000 0.000000 -1.000000
vn 0.000000 -1.000000 0.000001
vn 0.000000 -1.000000 0.000001
vn 0.000000 0.000000 -1.000000
vn 0.000000 0.000000 -1.000000
vn 0.000000 0.000000 -1.000000
vn 0.000000 0.000000 -1.000000
vn 0.000000 0.000000 -1.000000
vn 0.000000 0.000000 -1.000000
vn 0.000000 -1.000000 -0.000000
vn 0.000000 -1.000000 0.000000
vn 0.000000 -1.000000 0.000000
vn 0.000000 -1.000000 0.000000
vn 0.000000 -1.000000 0.000000
vn 0.000000 -1.000000 0.000000
vn 0.000000 0.000000 1.000000
vn 0.000000 0.000000 1.000000
vn 0.000000 0.000000 1.000000
vn 0.000000 0.000000 1.000000
vn 0.000000 0.000000 1.000000
vn 0.000000 0.000000 1.000000
vn 0.000000 0.000000 1.000000
vn 0.000000 0.000000 1.000000
vn 0.000000 0.000000 1.000000
vn 0.000000 0.000000 1.000000
vn 0.000000 0.000000 1.000000
vn 0.000000 0.000000 1.000000
vn 0.000000 0.000000 1.000000
vn 0.000000 0.000000 1.000000
vn 0.000000 0.000000 1.000000
vn 0.000000 0.000000 1.000000
vn 0.000000 0.000000 1.000000
vn 1.000000 0.000000 0.000000
vn 1.000000 0.000000 0.000000
vn 1.000000 0.000000 0.000000
vn 1.000000 0.000000 0.000000
vn 1.000000 0.000000 0.000000
vn 1.000000 0.000000 0.000000
vn 1.000000 0.000000 0.000000
vn 1.000000 -0.000000 0.000000
vn 1.000000 0.000000 0.000000
vn 1.000000 0.000000 0.000000
vn 1.000000 0.000000 0.000000
vn 1.000000 0.000000 0.000000
vn 0.000000 0.000000 -1.000000
vn 0.000000 0.000000 -1.000000
vn 0.000000 0.000000 -1.000000
vn 0.000000 0.000000 -1.000000
vn 0.000000 0.000000 -1.000000
vn 0.000000 0.000000 -1.000000
vn 0.000000 0.000000 -1.000000
vn 0.000000 0.000000 -1.000000
vn 0.000000 0.000000 -1.000000
vn 0.000000 0.000000 -1.000000
vn 0.000000 0.000000 -1.000000
vn 0.000000 0.000000 -1.000000
vn 0.000000 0.000000 -1.000000
vn 0.000000 0.000000 -1.000000
vn 0.000000 0.000000 -1.000000
vn 0.000000 0.000000 -1.000000
vn 0.000000 0.000000 -1.000000
vn 0.000000 0.000000 -1.000000
vn 0.000000 0.000000 -1.000000
vn -1.000000 0.000000 0.000000
vn -1.000000 0.000000 0.000000
vn -1.000000 0.000000 0.000000
vn -1.000000 0.000000 0.000000
vn -1.000000 0.000000 0.000000
vn -1.000000 0.000000 0.000000
vn -1.000000 0.000000 0.000000
vn -1.000000 0.000000 0.000000
vn -1.000000 0.000000 0.000000
vn -1.000000 0.000000 0.000000
vn -1.000000 0.000000 0.000000
vn -1.000000 0.000000 0.000000
vn 0.000000 0.000000 1.000000
vn 0.000000 0.000000 1.000000
vn 0.000000 0.000000 1.000000
vn 0.000000 0.000000 1.000000
vn 0.000000 0.000000 1.000000
vn 0.000000 0.000000 1.000000
vn 0.000000 0.000000 1.000000
vn 0.000000 0.000000 1.000000
vn 0.000000 0.000000 1.000000
vn 0.000000 0.000000 1.000000
vn 0.000000 0.000000 1.000000
vn 0.000000 0.000000 1.000000
vn 0.000000 0.000000 1.000000
vn 0.000000 0.000000 1.000000
vn 0.000000 0.000000 1.000000
vn 0.000000 0.000000 1.000000
vn 0.000000 0.000000 1.000000
vn 0.000000 0.000000 1.000000
vn 0.000000 0.000000 1.000000
vn 1.000000 0.000000 0.000000
vn 1.000000 0.000000 0.000000
vn 1.000000 0.000000 0.000000
vn 1.000000 0.000000 0.000000
vn 0.000000 0.000000 -1.000000
vn 0.000000 0.000000 -1.000000
vn 0.000000 0.000000 -1.000000
vn 0.000000 0.000000 -1.000000
vn 0.000000 0.000000 -1.000000
vn 0.000000 0.000000 -1.000000
vn 0.000000 0.000000 -1.000000
vn 0.000000 0.000000 -1.000000
vn 0.000000 0.000000 -1.000000
vn 0.000000 0.000000 -1.000000
vn 0.000000 0.000000 -1.000000
vn 0.000000 0.000000 -1.000000
vn 0.000000 0.000000 -1.000000
vn 0.000000 0.000000 -1.000000
vn 0.000000 0.000000 -1.000000
vn 0.000000 0.000000 -1.000000
vn 0.000000 0.000000 -1.000000
vn 0.000000 0.000000 -1.000000
vn 0.000000 0.000000 -1.000000
vn -1.000000 0.000000 0.000000
vn -1.000000 0.000000 0.000000
vn -1.000000 0.000000 0.000000
vn -1.000000 0.000000 0.000000
vn -1.000000 0.000000 0.000000
vn -1.000000 0.000000 0.000000
vn -1.000000 0.000000 0.000000
vn -1.000000 0.000000 0.000000
vn -1.000000 0.000000 0.000000
vn -1.000000 0.000000 0.000000
vn -1.000000 0.000000 0.000000
vn -1.000000 0.000000 0.000000
vn 0.000000 0.000000 1.000000
vn 0.000000 0.000000 1.000000
vn -0.000000 0.000000 -1.000000
vn -0.000000 0.000000 -1.000000
vn 0.000003 -1.000000 0.000000
vn 0.000003 -1.000000 0.000000
vn 0.000003 -1.000000 0.000000
vn 0.000003 -1.000000 0.000000
vn 0.000003 -1.000000 0.000000
vn 0.000003 -1.000000 0.000000
vn -0.000000 0.000000 1.000000
vn -0.000000 0.000000 1.000000
vn 0.000005 0.000000 1.000000
vn 0.000000 0.000000 1.000000
vn -0.000000 0.000000 1.000000
vn 1.000000 0.000003 0.000000
vn 1.000000 0.000003 0.000000
vn 1.000000 0.000003 0.000000
vn 1.000000 0.000003 0.000000
vn 1.000000 0.000003 0.000000
vn 1.000000 0.000003 0.000000
vn -0.000000 0.000000 -1.000000
vn -0.000000 0.000000 -1.000000
vn 0.000000 0.000000 -1.000000
vn -1.000000 -0.000003 0.000000
vn -1.000000 -0.000003 0.000000
vn -1.000000 -0.000003 0.000000
vn -1.000000 -0.000003 -0.000033
vn -1.000000 -0.000003 -0.000000
vn -1.000000 -0.000003 0.000182
vn 0.000000 0.000000 1.000000
vn 0.000000 0.000000 1.000000
vn 0.000000 0.000000 1.000000
vn 1.000000 0.000000 0.000000
vn 1.000000 0.000000 0.000000
vn 1.000000 0.000000 0.000000
vn 1.000000 0.000000 0.000000
vn 1.000000 0.000000 0.000000
vn 1.000000 0.000000 0.000000
vn 0.000000 0.000000 -1.000000
vn 0.000000 0.000000 -1.000000
vn 0.000000 0.000000 -1.000000
vn -1.000000 0.000000 0.000000
vn -1.000000 0.000000 0.000000
vn -1.000000 0.000000 0.000000
vn -1.000000 0.000000 -0.000066
vn -1.000000 0.000000 0.000000
vn -1.000000 0.000000 0.000363
s 1
g pCube1
usemtl phong1SG
f 1239 1240 1215 71
f 1245 1246 1137 1130
f 1247 1248 323 7
s 4
f 69 1225 1226 68
f 1120 1147 1148 1119
f 44 329 330 11
s 7
f 68 1226 1281 1282
f 1119 1148 1275 1276
f 11 330 1273 1274
s 10
f 67 1227 1228 66
f 1118 1149 1150 1117
f 15 331 332 37
s 13
f 1265 1266 12 46
s 14
f 1283 1284 41 9
s 1
f 1241 1242 1199 18
s 4
f 19 42 1209 1210
s 7
f 1280 19 1210 1279
s 10
f 39 20 1211 1212
s 1
f 1252 1253 230 63
s 4
f 60 61 236 237
s 7
f 1269 60 237 1268
s 10
f 58 59 238 239
f 1134 1157 1158 1133
f 180 27 1195 1196
f 181 65 1235 1236
s 14
f 29 1291 1292 183
s 4
f 184 1217 1218 70
f 1202 30 185 1201
f 1128 1139 1140 1127
f 187 325 326 32
f 233 62 189 232
s 13
f 190 1257 1258 34
s 10
f 176 57 248 249
f 25 319 320 178
f 1117 1150 1151 1116
f 66 1228 1229 565
s 14
f 41 1284 1285 567
s 4
f 568 1224 1225 69
f 1209 42 569 1208
f 1121 1146 1147 1120
f 571 572 329 44
f 236 61 576 577
s 13
f 1264 1265 46 579
s 32
f 587 74 242 586
s 33
f 54 337 599 600
s 34
f 564 39 1105 1106
s 35
f 39 1212 1213 1105
s 36
f 38 611 1103 1104
s 37
f 1195 27 1112 1194
s 38
f 37 332 333 267
s 39
f 48 812 813 266
s 40
f 319 25 270 318
s 41
f 610 37 267 609
s 10
f 812 48 261 811
f 48 24 260 261
s 7
f 1271 23 259 1270
s 4
f 23 45 258 259
f 575 258 45 574
f 254 255 33 188
s 1
f 1250 1251 252 22
s 10
f 177 36 262 263
f 40 1369 1370 566
f 13 1368 1369 40
s 7
f 9 1365 1366 1283
s 4
f 41 1364 1365 9
f 567 1363 1364 41
f 183 1356 1357 29
s 1
f 1294 1353 1354 5
s 10
f 28 1380 1381 182
s 52
f 810 58 80 809
s 38
f 58 239 240 80
s 13
f 47 580 581 79
s 40
f 248 57 77 247
f 692 693 89 246
s 13
f 684 685 583 91
s 38
f 681 682 241 92
f 706 707 336 87
s 41
f 705 706 87 605
s 40
f 699 700 88 315
s 62
f 499 596 597 53
s 38
f 496 497 337 54
s 41
f 601 496 54 600
s 40
f 340 485 486 56
f 246 89 73 245
s 13
f 91 583 584 75
s 38
f 92 241 242 74
s 66
f 587 588 92 74
s 40
f 974 975 694 619
s 68
f 981 982 616 808
s 38
f 987 988 614 680
s 70
f 991 992 629 613
s 71
f 970 1095 1096 623
s 62
f 95 500 1033 1034
s 33
f 96 338 1036 1037
s 41
f 1049 704 97 1048
f 1057 99 268 1056
s 10
f 1115 1152 1153 1114
s 36
f 1102 100 1058 1101
s 73
f 1060 102 1188 1189
s 34
f 1061 103 1107 1108
s 10
f 104 1230 1231 1062
s 74
f 136 1373 1374 1065
s 14
f 106 1286 1287 1068
s 4
f 1068 1361 1362 106
f 1069 1222 1223 107
f 1207 108 1070 1206
f 1123 1144 1145 1122
f 1072 1073 328 110
f 1076 257 111 1075
f 235 112 1077 1078
s 13
f 1080 1262 1263 113
f 115 114 1081 1082
f 116 686 1087 1088
f 117 116 1088 1089
s 32
f 1092 118 243 1091
s 66
f 1093 93 118 1092
s 81
f 649 650 589 119
s 82
f 999 654 626 998
s 83
f 660 661 122 591
s 38
f 648 990 991 613
s 85
f 1023 1024 863 969
s off
f 1009 1010 872 873
s 86
f 1015 1016 994 868
s off
f 1018 1019 866 867
s 87
f 968 624 879 967
s 88
f 658 125 888 889
s 89
f 627 995 996 884
s 90
f 126 652 882 883
s 10
f 105 1371 1372 132
f 104 1062 1063 131
f 1380 28 134 1379
s off
f 1067 105 132 1066
s 91
f 132 1372 1391 1392
s 92
f 131 1063 1389 1390
s 93
f 1379 134 1383 1384
s 94
f 1066 132 1392 1393
s 41
f 1047 1048 97 390
f 495 96 389 494
f 96 1037 1038 389
f 56 486 487 386
s 96
f 1041 492 141 1040
s 13
f 144 143 546 547
f 145 688 689 549
f 146 145 549 550
s 32
f 553 147 244 552
s 66
f 554 148 147 553
s 71
f 621 972 973 620
s 62
f 150 502 560 561
s 33
f 151 339 505 506
s 41
f 387 151 506 507
s 96
f 510 490 152 509
s 41
f 517 154 392 516
f 701 702 154 517
f 522 156 269 521
s 10
f 1136 1155 1156 1135
s 36
f 1099 157 523 1098
s 73
f 525 159 1191 1192
s 34
f 526 160 1110 1111
s 10
f 161 1233 1234 527
f 162 161 527 528
s 92
f 1387 162 528 1386
s 74
f 164 1376 1377 530
s 94
f 531 165 1395 1396
s off
f 532 166 165 531
s 14
f 167 1289 1290 533
s 4
f 533 1358 1359 167
f 534 1219 1220 168
f 1204 169 535 1203
f 1126 1141 1142 1125
f 537 538 327 171
f 541 256 172 540
f 234 173 542 543
s 13
f 1259 1260 174 545
s 10
f 192 176 249 250
f 193 177 263 264
f 178 320 321 194
f 1133 1158 1159 1132
f 196 180 1196 1197
f 197 181 1236 1237
f 182 1381 1382 198
s 14
f 183 1292 1293 199
s 4
f 199 1355 1356 183
f 200 1216 1217 184
f 1201 185 201 1200
f 1129 1138 1139 1128
f 203 324 325 187
f 253 254 188 204
f 232 189 205 231
s 13
f 206 1256 1257 190
s 10
f 64 192 250 229
f 21 193 264 251
f 194 321 322 3
f 1132 1159 1160 1131
f 17 196 1197 1198
f 72 197 1237 1238
f 198 1382 1351 1
s 14
f 199 1293 1294 5
s 4
f 5 1354 1355 199
f 71 1215 1216 200
f 1200 201 18 1199
f 1130 1137 1138 1129
f 7 323 324 203
f 252 253 204 22
f 231 205 63 230
s 13
f 1255 1256 206 8
s 1
f 1254 1255 8 208
s 4
f 206 209 208 8
f 190 210 209 206
f 34 211 210 190
f 174 212 544 545
f 113 213 1079 1080
f 46 214 578 579
f 215 214 46 12
s 7
f 1267 215 12 1266
s 10
f 217 216 16 47
s 38
f 218 217 47 79
f 219 683 684 91
f 220 219 91 75
s 32
f 585 220 75 584
f 1090 221 117 1089
f 551 222 146 550
s 40
f 90 224 223 76
f 690 691 224 90
f 35 226 225 78
s 10
f 227 226 35 175
f 228 227 175 191
f 207 228 191 4
s 1
f 1253 1254 208 230
s 4
f 209 231 230 208
f 210 232 231 209
f 211 233 232 210
f 212 234 543 544
f 213 235 1078 1079
f 214 236 577 578
f 237 236 214 215
s 7
f 1268 237 215 1267
s 10
f 239 238 216 217
s 38
f 240 239 217 218
f 241 682 683 219
f 242 241 219 220
s 32
f 586 242 220 585
f 1091 243 221 1090
f 552 244 222 551
s 40
f 224 246 245 223
f 691 692 246 224
f 226 248 247 225
s 10
f 249 248 226 227
f 250 249 227 228
f 229 250 228 207
s 1
f 1251 1252 63 252
s 4
f 63 205 253 252
f 205 189 254 253
f 189 62 255 254
f 542 173 256 541
f 1077 112 257 1076
f 576 61 258 575
f 259 258 61 60
s 7
f 1270 259 60 1269
s 10
f 261 260 59 58
f 811 261 58 810
f 263 262 57 176
f 264 263 176 192
f 251 264 192 64
s 39
f 266 813 814 272
s 38
f 267 333 334 273
s 41
f 609 267 273 608
f 1056 268 274 1055
f 521 269 275 520
s 40
f 318 270 276 317
s 39
f 272 814 815 82
s 38
f 273 334 335 83
s 41
f 608 273 83 607
f 1055 274 98 1054
f 520 275 155 519
s 40
f 317 276 84 316
s 71
f 149 278 555 556
f 279 1028 1029 94
s 85
f 876 1006 1007 875
s 87
f 892 280 124 891
s 82
f 282 656 657 129
s 89
f 125 283 887 888
s 86
f 1010 1011 871 872
s 70
f 285 590 591 122
s 38
f 661 662 285 122
f 710 286 86 709
s 68
f 816 287 82 815
s 40
f 277 696 697 85
f 697 698 289 85
f 271 291 290 81
f 265 292 291 271
f 36 293 292 265
s 10
f 294 293 36 177
f 295 294 177 193
f 296 295 193 21
s 1
f 297 1249 1250 22
s 4
f 298 297 22 204
f 299 298 204 188
f 300 299 188 33
f 301 539 540 172
f 302 1074 1075 111
f 303 573 574 45
f 304 303 45 23
s 7
f 1272 304 23 1271
s 10
f 306 305 24 48
s 38
f 307 306 48 266
f 308 307 266 272
f 309 308 272 82
f 310 708 709 86
f 311 498 499 53
s 33
f 598 311 53 597
f 1035 312 95 1034
f 562 313 150 561
s 40
f 503 504 314 55
f 698 699 315 289
f 291 317 316 290
f 292 318 317 291
f 293 319 318 292
s 10
f 320 319 293 294
f 321 320 294 295
f 322 321 295 296
s 1
f 323 1248 1249 297
s 4
f 324 323 297 298
f 325 324 298 299
f 326 325 299 300
f 327 538 539 301
f 328 1073 1074 302
f 329 572 573 303
f 330 329 303 304
s 7
f 1273 330 304 1272
s 10
f 332 331 305 306
s 38
f 333 332 306 307
f 334 333 307 308
f 335 334 308 309
f 336 707 708 310
f 337 497 498 311
s 33
f 599 337 311 598
f 1036 338 312 1035
f 562 505 339 313
s 40
f 314 504 485 340
s 41
f 702 703 341 154
f 275 343 342 155
f 269 344 343 275
f 156 345 344 269
s 10
f 1136 1113 1154 1155
s 36
f 1100 346 157 1099
s 73
f 159 348 1190 1191
s 34
f 160 349 1109 1110
s 10
f 350 1232 1233 161
f 351 350 161 162
s 92
f 1388 351 162 1387
s 74
f 353 1375 1376 164
s 94
f 165 354 1394 1395
s off
f 166 355 354 165
s 14
f 356 1288 1289 167
s 4
f 167 1359 1360 356
f 168 1220 1221 357
f 1205 358 169 1204
f 1125 1142 1143 1124
f 171 327 361 360
f 362 361 327 301
f 363 362 301 172
f 256 364 363 172
f 173 365 364 256
f 366 365 173 234
f 367 366 234 212
f 368 367 212 174
s 13
f 174 1260 1261 368
f 370 369 143 144
f 371 687 688 145
f 372 371 145 146
s 32
f 222 373 372 146
f 244 374 373 222
f 147 375 374 244
s 66
f 148 376 375 147
s 71
f 622 971 972 621
f 378 377 278 149
s 62
f 379 501 502 150
s 33
f 313 380 379 150
f 339 381 380 313
f 382 381 339 151
s 41
f 388 382 151 387
s 96
f 490 491 383 152
s 41
f 154 341 391 392
f 386 487 488 421
f 422 387 507 508
f 423 388 387 422
f 389 1038 1039 424
f 493 494 389 424
f 1046 1047 390 417
f 392 391 418 419
f 516 392 419 515
f 1052 768 394 1051
f 769 770 395 606
s 38
f 770 771 396 395
f 397 396 771 772
f 398 397 772 773
f 774 399 398 773
f 984 985 615 744
f 745 746 401 400
f 402 401 746 747
f 403 402 747 748
s 13
f 748 749 582 403
f 1085 404 750 1084
f 406 405 751 752
f 548 406 752 753
s 40
f 754 755 408 407
f 755 756 409 408
f 756 757 410 409
f 618 977 978 758
f 412 411 760 761
f 761 762 413 412
f 762 763 414 413
f 763 764 415 414
s 41
f 765 766 416 518
f 766 767 393 416
f 1045 1046 417 139
f 419 418 384 153
f 515 419 153 514
f 421 488 489 142
f 152 422 508 509
f 383 423 422 152
f 424 1039 1040 141
f 493 424 141 492
f 475 426 425 474
f 603 476 427 602
s 38
f 476 477 428 427
f 429 428 477 478
f 430 429 478 479
s 62
f 479 594 595 430
f 1032 431 480 1031
f 433 432 481 482
f 559 433 482 558
s 40
f 483 484 435 434
f 436 435 484 465
f 437 436 465 466
s 41
f 438 437 466 467
f 439 438 467 468
f 440 439 468 469
s 96
f 512 470 441 511
f 470 471 442 441
f 1043 472 443 1042
s 41
f 473 444 443 472
f 473 474 425 444
f 97 446 445 390
f 605 87 447 604
s 38
f 87 336 448 447
f 449 448 336 310
f 450 449 310 86
s 62
f 86 592 593 450
f 1030 451 94 1029
f 453 452 378 149
f 557 453 149 556
s 40
f 85 289 455 454
f 456 455 289 315
f 457 456 315 88
s 41
f 458 457 88 385
f 459 458 385 420
f 460 459 420 140
s 96
f 514 153 461 513
f 153 384 462 461
f 1045 139 463 1044
s 41
f 417 464 463 139
f 390 445 464 417
s 40
f 466 465 456 457
s 41
f 467 466 457 458
f 468 467 458 459
f 469 468 459 460
s 96
f 513 461 470 512
f 461 462 471 470
f 1044 463 472 1043
s 41
f 464 473 472 463
f 464 445 474 473
f 446 475 474 445
f 604 447 476 603
s 38
f 447 448 477 476
f 478 477 448 449
f 479 478 449 450
s 62
f 450 593 594 479
f 1031 480 451 1030
f 482 481 452 453
f 558 482 453 557
s 40
f 454 455 484 483
f 465 484 455 456
f 485 436 437 486
s 41
f 487 486 437 438
f 488 487 438 439
f 489 488 439 440
s 96
f 511 441 490 510
f 441 442 491 490
f 1042 443 492 1041
s 41
f 444 493 492 443
f 444 425 494 493
f 426 495 494 425
f 602 427 496 601
s 38
f 427 428 497 496
f 498 497 428 429
f 499 498 429 430
s 62
f 430 595 596 499
f 1033 500 431 1032
f 502 501 432 433
f 560 502 433 559
s 40
f 434 435 504 503
f 485 504 435 436
s 33
f 506 505 340 56
s 41
f 507 506 56 386
f 508 507 386 421
f 509 508 421 142
s 96
f 489 510 509 142
f 440 511 510 489
f 469 512 511 440
f 460 513 512 469
f 140 514 513 460
s 41
f 420 515 514 140
f 385 516 515 420
f 88 517 516 385
f 700 701 517 88
f 764 765 518 415
f 276 520 519 84
f 270 521 520 276
f 25 522 521 270
s 10
f 1135 1156 1157 1134
s 36
f 1098 523 26 1097
s 73
f 50 525 1192 1193
s 34
f 27 526 1111 1112
s 10
f 527 1234 1235 65
f 528 527 65 133
s 92
f 1386 528 133 1385
s 74
f 530 1377 1378 138
s 94
f 134 531 1396 1383
s off
f 28 532 531 134
s 14
f 533 1290 1291 29
s 4
f 29 1357 1358 533
f 70 1218 1219 534
f 1203 535 30 1202
f 1127 1140 1141 1126
f 32 326 538 537
f 539 538 326 300
f 540 539 300 33
f 255 541 540 33
f 62 542 541 255
f 543 542 62 233
f 544 543 233 211
f 545 544 211 34
s 13
f 1258 1259 545 34
f 547 546 35 78
f 407 548 753 754
f 549 689 690 90
f 550 549 90 76
s 32
f 223 551 550 76
f 245 552 551 223
f 73 553 552 245
s 66
f 89 554 553 73
s 71
f 620 973 974 619
f 556 555 277 85
s 62
f 454 557 556 85
f 483 558 557 454
f 434 559 558 483
f 503 560 559 434
f 561 560 503 55
s 33
f 314 562 561 55
f 340 505 562 314
s 34
f 103 564 1106 1107
s 10
f 565 1229 1230 104
f 566 1370 1371 105
s 14
f 567 1285 1286 106
s 4
f 106 1362 1363 567
f 107 1223 1224 568
f 1208 569 108 1207
f 1122 1145 1146 1121
f 110 328 572 571
f 573 572 328 302
f 574 573 302 111
f 257 575 574 111
f 112 576 575 257
f 577 576 112 235
f 578 577 235 213
f 579 578 213 113
s 13
f 1263 1264 579 113
f 581 580 114 115
f 582 749 750 404
f 583 685 686 116
f 584 583 116 117
s 32
f 221 585 584 117
f 243 586 585 221
f 118 587 586 243
s 66
f 118 93 588 587
s 81
f 589 650 651 120
s 70
f 629 992 993 628
f 591 590 284 121
s 83
f 659 660 591 121
s 62
f 593 592 94 451
f 594 593 451 480
f 595 594 480 431
f 596 595 431 500
f 597 596 500 95
s 33
f 312 598 597 95
f 338 599 598 312
f 600 599 338 96
s 41
f 495 601 600 96
f 426 602 601 495
f 475 603 602 426
f 446 604 603 475
f 97 605 604 446
f 704 705 605 97
f 768 769 606 394
f 274 608 607 98
f 268 609 608 274
f 99 610 609 268
s 10
f 1116 1151 1152 1115
s 36
f 1103 611 100 1102
s 38
f 826 918 919 825
f 915 916 828 829
f 912 913 831 832
s 68
f 909 910 834 835
s 40
f 839 905 906 838
f 902 903 841 842
s 71
f 843 901 902 842
f 844 900 901 843
f 845 899 900 844
f 898 1025 1026 846
s 85
f 878 897 1003 1004
s 87
f 894 895 896 817
s 82
f 926 927 820 821
s 89
f 822 923 924 885
s 86
f 1013 1014 922 869
s 70
f 824 920 921 823
f 919 920 824 825
s 38
f 662 647 630 285
f 710 679 631 286
f 774 743 632 399
s 68
f 816 807 633 287
s 40
f 411 635 759 760
f 636 695 696 277
s 71
f 555 637 636 277
f 278 638 637 555
f 377 639 638 278
f 640 1027 1028 279
s 85
f 877 1005 1006 876
s 87
f 893 641 280 892
s 82
f 643 655 656 282
s 89
f 283 644 886 887
s 86
f 1011 1012 870 871
s 70
f 590 646 645 284
f 630 646 590 285
s 38
f 827 917 918 826
f 664 989 990 648
s 81
f 665 666 650 649
f 651 650 666 667
s off
f 866 1019 1020 865
s 90
f 882 652 668 881
s 82
f 1000 670 654 999
f 820 927 928 819
f 656 655 671 672
f 657 656 672 673
s 88
f 674 658 889 890
s off
f 1008 1009 873 874
s 83
f 675 676 660 659
f 676 677 661 660
s 38
f 677 678 662 661
f 678 663 647 662
f 828 916 917 827
f 614 988 989 664
s 81
f 92 588 666 665
f 667 666 588 93
s off
f 865 1020 1021 864
s 90
f 881 668 123 880
s 82
f 1001 625 670 1000
f 819 928 929 818
f 672 671 642 281
f 673 672 281 128
s 88
f 124 674 890 891
s off
f 1007 1008 874 875
s 83
f 94 592 676 675
f 592 86 677 676
s 38
f 86 286 678 677
f 286 631 663 678
f 914 915 829 830
f 986 987 680 712
f 713 714 682 681
f 683 682 714 715
f 684 683 715 716
s 13
f 716 717 685 684
f 686 685 717 718
f 1087 686 718 1086
f 688 687 719 720
f 689 688 720 721
f 690 689 721 722
s 40
f 722 723 691 690
f 723 724 692 691
f 724 725 693 692
f 694 975 976 726
f 841 903 904 840
f 696 695 727 728
f 697 696 728 729
f 729 730 698 697
f 730 731 699 698
f 731 732 700 699
s 41
f 732 733 701 700
f 733 734 702 701
f 734 735 703 702
f 1050 736 704 1049
f 736 737 705 704
f 737 738 706 705
s 38
f 738 739 707 706
f 708 707 739 740
f 709 708 740 741
f 742 710 709 741
f 742 711 679 710
f 913 914 830 831
f 985 986 712 615
f 400 401 714 713
f 715 714 401 402
f 716 715 402 403
s 13
f 403 582 717 716
f 718 717 582 404
f 1086 718 404 1085
f 720 719 405 406
f 721 720 406 548
f 722 721 548 407
s 40
f 407 408 723 722
f 408 409 724 723
f 409 410 725 724
f 726 976 977 618
f 840 904 905 839
f 728 727 635 411
f 729 728 411 412
f 412 413 730 729
f 413 414 731 730
f 414 415 732 731
s 41
f 415 518 733 732
f 518 416 734 733
f 416 393 735 734
f 1051 394 736 1050
f 394 606 737 736
f 606 395 738 737
s 38
f 395 396 739 738
f 740 739 396 397
f 741 740 397 398
f 399 742 741 398
f 632 711 742 399
f 911 912 832 833
f 983 984 744 776
f 777 778 746 745
f 747 746 778 779
f 748 747 779 780
s 13
f 780 781 749 748
f 750 749 781 782
f 1084 750 782 1083
f 752 751 783 784
f 753 752 784 785
f 754 753 785 786
s 40
f 786 787 755 754
f 787 788 756 755
f 788 789 757 756
f 758 978 979 790
f 838 906 907 837
f 760 759 791 792
f 761 760 792 793
f 793 794 762 761
f 794 795 763 762
f 795 796 764 763
s 41
f 796 797 765 764
f 797 798 766 765
f 798 799 767 766
f 1053 800 768 1052
f 800 801 769 768
f 801 802 770 769
s 38
f 802 803 771 770
f 772 771 803 804
f 773 772 804 805
f 806 774 773 805
f 806 775 743 774
f 910 911 833 834
f 982 983 776 616
f 80 240 778 777
f 779 778 240 218
f 780 779 218 79
s 13
f 79 581 781 780
f 782 781 581 115
f 1083 782 115 1082
f 784 783 370 144
f 785 784 144 547
f 786 785 547 78
s 40
f 78 225 787 786
f 225 247 788 787
f 247 77 789 788
f 790 979 980 617
f 837 907 908 836
f 792 791 634 288
f 793 792 288 81
f 81 290 794 793
f 290 316 795 794
f 316 84 796 795
s 41
f 84 519 797 796
f 519 155 798 797
f 155 342 799 798
f 1054 98 800 1053
f 98 607 801 800
f 607 83 802 801
s 38
f 83 335 803 802
f 804 803 335 309
f 805 804 309 82
f 287 806 805 82
f 633 775 806 287
s 68
f 908 909 835 836
f 980 981 808 617
s 52
f 57 810 809 77
s 10
f 262 811 810 57
f 36 812 811 262
s 39
f 813 812 36 265
f 814 813 265 271
f 815 814 271 81
s 68
f 288 816 815 81
f 634 807 816 288
s 87
f 893 894 817 641
s 82
f 671 819 818 642
f 655 820 819 671
f 821 820 655 643
s 89
f 644 822 885 886
s 86
f 1012 1013 869 870
s 70
f 646 824 823 645
f 825 824 646 630
s 38
f 647 826 825 630
f 663 827 826 647
f 631 828 827 663
f 829 828 631 679
f 830 829 679 711
f 831 830 711 632
f 832 831 632 743
f 833 832 743 775
f 834 833 775 633
s 68
f 835 834 633 807
f 836 835 807 634
s 40
f 791 837 836 634
f 759 838 837 791
f 635 839 838 759
f 727 840 839 635
f 695 841 840 727
f 842 841 695 636
s 71
f 637 843 842 636
f 638 844 843 637
f 639 845 844 638
f 846 1026 1027 640
s 85
f 878 1004 1005 877
s 87
f 929 930 847 818
f 1002 848 625 1001
s 90
f 669 850 849 127
f 653 851 850 669
f 852 851 653 130
s 89
f 853 997 998 626
f 854 925 926 821
f 855 854 821 643
f 856 855 643 282
f 857 856 282 129
s 88
f 858 857 129 657
f 859 858 657 673
f 860 859 673 128
s 87
f 281 861 860 128
f 642 862 861 281
f 818 847 862 642
s 85
f 969 863 624 968
s off
f 668 865 864 123
f 652 866 865 668
f 867 866 652 126
s 86
f 868 994 995 627
f 869 922 923 822
f 870 869 822 644
f 871 870 644 283
f 872 871 283 125
s off
f 873 872 125 658
f 874 873 658 674
f 875 874 674 124
s 85
f 280 876 875 124
f 641 877 876 280
f 817 878 877 641
f 896 897 878 817
s 87
f 1002 967 879 848
s 90
f 850 881 880 849
f 851 882 881 850
f 883 882 851 852
s 89
f 884 996 997 853
f 885 924 925 854
f 886 885 854 855
f 887 886 855 856
f 888 887 856 857
s 88
f 889 888 857 858
f 890 889 858 859
f 891 890 859 860
s 87
f 861 892 891 860
f 862 893 892 861
f 862 847 894 893
f 930 895 894 847
f 895 879 624 896
s 85
f 624 863 897 896
f 1024 1003 897 863
s 71
f 623 1096 1025 898
f 900 899 622 621
f 901 900 621 620
f 902 901 620 619
s 40
f 619 694 903 902
f 904 903 694 726
f 905 904 726 618
f 906 905 618 758
f 907 906 758 790
f 908 907 790 617
s 68
f 617 808 909 908
f 808 616 910 909
s 38
f 616 776 911 910
f 776 744 912 911
f 744 615 913 912
f 615 712 914 913
f 712 680 915 914
f 680 614 916 915
f 917 916 614 664
f 918 917 664 648
f 919 918 648 613
s 70
f 613 629 920 919
f 921 920 629 628
s 86
f 922 1014 1015 868
f 923 922 868 627
s 89
f 924 923 627 884
f 925 924 884 853
f 926 925 853 626
s 82
f 626 654 927 926
f 928 927 654 670
f 929 928 670 625
s 87
f 625 848 930 929
f 848 879 895 930
f 123 932 931 880
s 85
f 864 933 932 123
f 1021 1022 933 864
s 71
f 93 1093 1094 934
f 936 935 376 148
f 937 936 148 554
f 938 937 554 89
s 40
f 89 693 939 938
f 940 939 693 725
f 941 940 725 410
f 942 941 410 757
f 943 942 757 789
f 944 943 789 77
s 68
f 77 809 945 944
f 809 80 946 945
s 38
f 80 777 947 946
f 777 745 948 947
f 745 400 949 948
f 400 713 950 949
f 713 681 951 950
f 681 92 952 951
f 953 952 92 665
f 954 953 665 649
f 955 954 649 119
s 70
f 119 589 956 955
f 957 956 589 120
s 86
f 958 1017 1018 867
f 959 958 867 126
s 89
f 960 959 126 883
f 961 960 883 852
f 962 961 852 130
s 82
f 653 963 962 130
f 669 964 963 653
f 127 965 964 669
s 87
f 849 966 965 127
f 880 931 966 849
f 932 968 967 931
s 85
f 933 969 968 932
f 1022 1023 969 933
s 71
f 934 1094 1095 970
f 972 971 935 936
f 973 972 936 937
f 974 973 937 938
s 40
f 938 939 975 974
f 976 975 939 940
f 977 976 940 941
f 978 977 941 942
f 979 978 942 943
f 980 979 943 944
s 68
f 944 945 981 980
f 945 946 982 981
s 38
f 946 947 983 982
f 947 948 984 983
f 948 949 985 984
f 949 950 986 985
f 950 951 987 986
f 951 952 988 987
f 989 988 952 953
f 990 989 953 954
f 991 990 954 955
s 70
f 955 956 992 991
f 993 992 956 957
s 86
f 994 1016 1017 958
f 995 994 958 959
s 89
f 996 995 959 960
f 997 996 960 961
f 998 997 961 962
s 82
f 963 999 998 962
f 964 1000 999 963
f 965 1001 1000 964
s 87
f 966 1002 1001 965
f 966 931 967 1002
s 85
f 1004 1003 898 846
f 1005 1004 846 640
f 1006 1005 640 279
f 1007 1006 279 94
s off
f 94 675 1008 1007
f 675 659 1009 1008
f 659 121 1010 1009
s 176
f 121 284 1011 1010
f 284 645 1012 1011
f 645 823 1013 1012
f 823 921 1014 1013
f 1015 1014 921 628
f 628 993 1016 1015
f 1017 1016 993 957
f 1018 1017 957 120
s off
f 120 651 1019 1018
f 1020 1019 651 667
f 1021 1020 667 93
s 85
f 93 934 1022 1021
f 934 970 1023 1022
f 970 623 1024 1023
f 898 1003 1024 623
s 71
f 1025 899 845 1026
f 1027 1026 845 639
f 1028 1027 639 377
f 1029 1028 377 378
s 62
f 452 1030 1029 378
f 481 1031 1030 452
f 432 1032 1031 481
f 501 1033 1032 432
f 1034 1033 501 379
s 33
f 380 1035 1034 379
f 381 1036 1035 380
f 1037 1036 381 382
s 41
f 1038 1037 382 388
f 1039 1038 388 423
f 1040 1039 423 383
s 96
f 491 1041 1040 383
f 442 1042 1041 491
f 471 1043 1042 442
f 462 1044 1043 471
f 384 1045 1044 462
s 41
f 384 418 1046 1045
f 418 391 1047 1046
f 391 341 1048 1047
f 703 1049 1048 341
f 735 1050 1049 703
f 393 1051 1050 735
f 767 1052 1051 393
f 799 1053 1052 767
f 342 1054 1053 799
f 343 1055 1054 342
f 344 1056 1055 343
f 345 1057 1056 344
s 10
f 1114 1153 1154 1113
s 36
f 1101 1058 346 1100
s 73
f 348 1060 1189 1190
s 34
f 349 1061 1108 1109
s 10
f 1062 1231 1232 350
f 1063 1062 350 351
s 92
f 1389 1063 351 1388
s 74
f 1065 1374 1375 353
s 94
f 354 1066 1393 1394
s off
f 355 1067 1066 354
s 14
f 1068 1287 1288 356
s 4
f 356 1360 1361 1068
f 357 1221 1222 1069
f 1206 1070 358 1205
f 1124 1143 1144 1123
f 360 361 1073 1072
f 1074 1073 361 362
f 1075 1074 362 363
f 364 1076 1075 363
f 365 1077 1076 364
f 1078 1077 365 366
f 1079 1078 366 367
f 1080 1079 367 368
s 13
f 368 1261 1262 1080
f 1082 1081 369 370
f 783 1083 1082 370
f 751 1084 1083 783
f 405 1085 1084 751
f 719 1086 1085 405
f 687 1087 1086 719
f 1088 1087 687 371
f 1089 1088 371 372
s 32
f 373 1090 1089 372
f 374 1091 1090 373
f 375 1092 1091 374
s 66
f 376 1093 1092 375
s 71
f 1094 1093 376 935
f 1095 1094 935 971
f 1096 1095 971 622
f 1025 1096 622 899
s 36
f 524 1098 1097 52
f 158 1099 1098 524
f 347 1100 1099 158
f 1059 1101 1100 347
f 101 1102 1101 1059
f 612 1103 1102 101
f 1104 1103 612 51
s 35
f 1105 1213 1214 49
s 34
f 1106 1105 49 563
f 1107 1106 563 102
f 1108 1107 102 1060
f 1109 1108 1060 348
f 1110 1109 348 159
f 1111 1110 159 525
f 1112 1111 525 50
s 37
f 1194 1112 50 1193
s 10
f 1058 1114 1113 346
f 100 1115 1114 1058
f 611 1116 1115 100
f 38 1117 1116 611
f 14 1118 1117 38
s 7
f 10 1119 1276 1277
s 4
f 43 1120 1119 10
f 570 1121 1120 43
f 109 1122 1121 570
f 1071 1123 1122 109
f 359 1124 1123 1071
f 170 1125 1124 359
f 536 1126 1125 170
f 31 1127 1126 536
f 186 1128 1127 31
f 202 1129 1128 186
f 6 1130 1129 202
s 1
f 1244 1245 1130 6
s 10
f 195 1132 1131 2
f 179 1133 1132 195
f 26 1134 1133 179
f 523 1135 1134 26
f 157 1136 1135 523
f 346 1113 1136 157
s 4
f 1137 7 203 1138
f 1139 1138 203 187
f 1140 1139 187 32
f 1141 1140 32 537
f 1142 1141 537 171
f 1143 1142 171 360
f 1144 1143 360 1072
f 1145 1144 1072 110
f 1146 1145 110 571
f 1147 1146 571 44
f 1148 1147 44 11
s 7
f 1275 1148 11 1274
s 10
f 1150 1149 15 37
f 1151 1150 37 610
f 1152 1151 610 99
f 1153 1152 99 1057
f 1154 1153 1057 345
f 1155 1154 345 156
f 1156 1155 156 522
f 1157 1156 522 25
f 1158 1157 25 178
f 1159 1158 178 194
f 1160 1159 194 3
s 1
f 1137 1246 1247 7
s 73
f 1162 1161 101 1059
f 1163 1162 1059 347
f 1164 1163 347 158
f 1165 1164 158 524
f 1166 1165 524 52
s 37
f 1097 1167 1166 52
f 26 1168 1167 1097
s 10
f 1169 1168 26 179
f 1170 1169 179 195
f 1171 1170 195 2
s 1
f 1172 1243 1244 6
s 4
f 202 1173 1172 6
f 186 1174 1173 202
f 31 1175 1174 186
f 536 1176 1175 31
f 170 1177 1176 536
f 359 1178 1177 170
f 1071 1179 1178 359
f 109 1180 1179 1071
f 570 1181 1180 109
f 43 1182 1181 570
f 1183 1182 43 10
s 7
f 1278 1183 10 1277
s 10
f 1185 1184 14 38
s 35
f 1186 1185 38 1104
f 1187 1186 1104 51
s 73
f 1189 1188 1161 1162
f 1190 1189 1162 1163
f 1191 1190 1163 1164
f 1192 1191 1164 1165
f 1193 1192 1165 1166
s 37
f 1167 1194 1193 1166
f 1168 1195 1194 1167
s 10
f 1196 1195 1168 1169
f 1197 1196 1169 1170
f 1198 1197 1170 1171
s 1
f 1199 1242 1243 1172
s 4
f 1173 1200 1199 1172
f 1174 1201 1200 1173
f 1175 1202 1201 1174
f 1176 1203 1202 1175
f 1177 1204 1203 1176
f 1178 1205 1204 1177
f 1179 1206 1205 1178
f 1180 1207 1206 1179
f 1181 1208 1207 1180
f 1182 1209 1208 1181
f 1210 1209 1182 1183
s 7
f 1279 1210 1183 1278
s 10
f 1212 1211 1184 1185
s 35
f 1213 1212 1185 1186
f 1214 1213 1186 1187
s 4
f 1215 18 201 1216
f 1217 1216 201 185
f 1218 1217 185 30
f 1219 1218 30 535
f 1220 1219 535 169
f 1221 1220 169 358
f 1222 1221 358 1070
f 1223 1222 1070 108
f 1224 1223 108 569
f 1225 1224 569 42
f 1226 1225 42 19
s 7
f 1281 1226 19 1280
s 10
f 1228 1227 20 39
f 1229 1228 39 564
f 1230 1229 564 103
f 1231 1230 103 1061
f 1232 1231 1061 349
f 1233 1232 349 160
f 1234 1233 160 526
f 1235 1234 526 27
f 1236 1235 27 180
f 1237 1236 180 196
f 1238 1237 196 17
s 1
f 1215 1240 1241 18
f 1295 1296 1240 1239
f 1241 1240 1296 1297
f 1297 1298 1242 1241
f 1243 1242 1298 1299
f 1244 1243 1299 1300
f 1300 1301 1245 1244
f 1301 1302 1246 1245
f 1247 1246 1302 1303
f 1303 1304 1248 1247
f 1249 1248 1304 1305
f 1250 1249 1305 1306
f 1306 1307 1251 1250
f 1307 1308 1252 1251
f 1308 1309 1253 1252
f 1309 1310 1254 1253
f 1310 1311 1255 1254
s 13
f 1311 1312 1256 1255
f 1257 1256 1312 1313
f 1258 1257 1313 1314
f 1314 1315 1259 1258
f 1315 1316 1260 1259
f 1261 1260 1316 1317
f 1262 1261 1317 1318
f 1263 1262 1318 1319
f 1319 1320 1264 1263
f 1320 1321 1265 1264
f 1321 1322 1266 1265
s 7
f 1323 1267 1266 1322
f 1324 1268 1267 1323
f 1325 1269 1268 1324
f 1326 1270 1269 1325
f 1327 1271 1270 1326
f 1328 1272 1271 1327
f 1329 1273 1272 1328
f 1274 1273 1329 1330
f 1331 1275 1274 1330
f 1276 1275 1331 1332
f 1277 1276 1332 1333
f 1334 1278 1277 1333
f 1335 1279 1278 1334
f 1336 1280 1279 1335
f 1337 1281 1280 1336
f 1282 1281 1337 1338
f 1283 1366 1367 1339
s 14
f 1339 1340 1284 1283
f 1285 1284 1340 1341
f 1286 1285 1341 1342
f 1287 1286 1342 1343
f 1288 1287 1343 1344
f 1289 1288 1344 1345
f 1290 1289 1345 1346
f 1291 1290 1346 1347
f 1292 1291 1347 1348
f 1293 1292 1348 1349
f 1294 1293 1349 1350
s 1
f 1350 1352 1353 1294
f 72 1238 1296 1295
f 1297 1296 1238 17
f 17 1198 1298 1297
f 1299 1298 1198 1171
f 1300 1299 1171 2
f 2 1131 1301 1300
f 1131 1160 1302 1301
f 1303 1302 1160 3
f 3 322 1304 1303
f 1305 1304 322 296
f 1306 1305 296 21
f 21 251 1307 1306
f 251 64 1308 1307
f 64 229 1309 1308
f 229 207 1310 1309
f 207 4 1311 1310
s 13
f 4 191 1312 1311
f 1313 1312 191 175
f 1314 1313 175 35
f 35 546 1315 1314
f 546 143 1316 1315
f 1317 1316 143 369
f 1318 1317 369 1081
f 1319 1318 1081 114
f 114 580 1320 1319
f 580 47 1321 1320
f 47 16 1322 1321
s 7
f 216 1323 1322 16
f 238 1324 1323 216
f 59 1325 1324 238
f 260 1326 1325 59
f 24 1327 1326 260
f 305 1328 1327 24
f 331 1329 1328 305
f 1330 1329 331 15
f 1149 1331 1330 15
f 1332 1331 1149 1118
f 1333 1332 1118 14
f 1184 1334 1333 14
f 1211 1335 1334 1184
f 20 1336 1335 1211
f 1227 1337 1336 20
f 1338 1337 1227 67
f 1339 1367 1368 13
s 14
f 13 40 1340 1339
f 1341 1340 40 566
f 1342 1341 566 105
f 1343 1342 105 1067
f 1344 1343 1067 355
f 1345 1344 355 166
f 1346 1345 166 532
f 1347 1346 532 28
f 1348 1347 28 182
f 1349 1348 182 198
f 1350 1349 198 1
s 1
f 1 1351 1352 1350
f 1351 72 1295 1352
f 1353 1352 1295 1239
f 1354 1353 1239 71
s 4
f 1355 1354 71 200
f 1356 1355 200 184
f 1357 1356 184 70
f 1358 1357 70 534
f 1359 1358 534 168
f 1360 1359 168 357
f 1361 1360 357 1069
f 1362 1361 1069 107
f 1363 1362 107 568
f 1364 1363 568 69
f 1365 1364 69 68
s 7
f 1366 1365 68 1282
f 1367 1366 1282 1338
f 1368 1367 1338 67
s 10
f 1369 1368 67 66
f 1370 1369 66 565
f 1371 1370 565 104
f 1372 1371 104 131
s 91
f 1391 1372 131 1390
s 74
f 1374 1373 135 1064
f 1375 1374 1064 352
f 1376 1375 352 163
f 1377 1376 163 529
f 1378 1377 529 137
s 93
f 133 1379 1384 1385
s 10
f 65 1380 1379 133
f 1381 1380 65 181
f 1382 1381 181 197
f 1351 1382 197 72
s 93
f 1384 1383 1397 1398
f 1385 1384 1398 1399
s 92
f 1400 1386 1385 1399
f 1401 1387 1386 1400
f 1402 1388 1387 1401
f 1403 1389 1388 1402
f 1390 1389 1403 1404
s 91
f 1405 1391 1390 1404
f 1392 1391 1405 1406
s 94
f 1393 1392 1406 1407
f 1394 1393 1407 1408
f 1395 1394 1408 1409
f 1396 1395 1409 1410
f 1383 1396 1410 1397
s 93
f 1398 1397 138 1378
f 1399 1398 1378 137
s 92
f 529 1400 1399 137
f 163 1401 1400 529
f 352 1402 1401 163
f 1064 1403 1402 352
f 1404 1403 1064 135
s 91
f 1373 1405 1404 135
f 1406 1405 1373 136
s 94
f 1407 1406 136 1065
f 1408 1407 1065 353
f 1409 1408 353 164
f 1410 1409 164 530
f 1397 1410 530 138
g default
v -6.029799 3.500547 1.696226
v -3.385745 3.500547 2.338350
v -6.029799 3.616102 1.696226
v -3.385745 3.616102 2.338350
v -6.426595 3.616102 -2.311507
v -3.385745 3.616102 -2.311507
v -6.426595 3.500547 -2.311507
v -3.385745 3.500547 -2.311507
v -4.906170 3.616102 2.338349
v -4.906170 3.616102 -2.311507
v -4.906170 3.500547 -2.311507
v -4.906170 3.500547 2.338349
v -6.426595 3.616102 0.013421
v -6.426595 3.500547 0.013421
v -4.906170 3.500547 0.013421
v -3.385745 3.500547 0.013421
v -3.385745 3.616102 0.013421
v -4.906170 3.616102 0.013421
v -5.467985 3.616102 2.102294
v -5.666383 3.616102 0.013421
v -5.666382 3.616102 -2.311507
v -5.666382 3.500547 -2.311507
v -5.666383 3.500547 0.013421
v -5.467985 3.500547 2.102294
v -5.187078 3.616102 2.248725
v -5.286276 3.616102 0.013421
v -5.286276 3.616102 -2.311507
v -5.286276 3.500547 -2.311507
v -5.286276 3.500547 0.013421
v -5.187078 3.500547 2.248725
v -5.046624 3.616102 2.302786
v -5.096223 3.616102 0.013421
v -5.096223 3.616102 -2.311507
v -5.096223 3.500547 -2.311507
v -5.096223 3.500547 0.013421
v -5.046624 3.500547 2.302786
v -5.748892 3.616102 1.928212
v -6.046489 3.616102 0.013421
v -6.046489 3.616102 -2.311507
v -6.046489 3.500547 -2.311507
v -6.046489 3.500547 0.013421
v -5.748892 3.500547 1.928212
v -5.608438 3.616102 2.017824
v -5.856436 3.616102 0.013421
v -5.856436 3.616102 -2.311507
v -5.856436 3.500547 -2.311507
v -5.856436 3.500547 0.013421
v -5.608438 3.500547 2.017824
v -5.889346 3.616102 1.826876
v -6.236542 3.616102 0.013421
v -6.236542 3.616102 -2.311507
v -6.236542 3.500547 -2.311507
v -6.236542 3.500547 0.013421
v -5.889346 3.500547 1.826876
v -6.306981 3.616102 0.846030
v -6.306981 3.500547 0.846030
v -6.062944 3.500547 0.887262
v -5.897690 3.500547 0.928494
v -5.732437 3.500547 0.969726
v -5.567184 3.500547 1.010958
v -5.236677 3.500547 1.093421
v -5.071424 3.500547 1.134653
v -4.906170 3.500547 1.175885
v -3.385745 3.500547 1.175885
v -3.385745 3.616102 1.175885
v -4.906170 3.616102 1.175885
v -5.071424 3.616102 1.134653
v -5.236677 3.616102 1.093421
v -5.567184 3.616102 1.010958
v -5.732437 3.616102 0.969726
v -5.897690 3.616102 0.928494
v -6.062944 3.616102 0.887262
v -6.379062 3.616102 0.429726
v -6.379062 3.500547 0.429726
v -6.149743 3.500547 0.450342
v -5.972090 3.500547 0.470957
v -5.794436 3.500547 0.491573
v -5.616783 3.500547 0.512189
v -5.261477 3.500547 0.553421
v -5.083823 3.500547 0.574037
v -4.906170 3.500547 0.594653
v -3.385745 3.500547 0.594653
v -3.385745 3.616102 0.594653
v -4.906170 3.616102 0.594653
v -5.083823 3.616102 0.574037
v -5.261477 3.616102 0.553421
v -5.616783 3.616102 0.512189
v -5.794436 3.616102 0.491573
v -5.972090 3.616102 0.470957
v -6.149743 3.616102 0.450342
v -6.222799 3.616102 1.262334
v -6.222799 3.500547 1.262334
v -5.976145 3.500547 1.324182
v -5.823291 3.500547 1.386030
v -5.670438 3.500547 1.447878
v -5.517584 3.500547 1.509726
v -5.211877 3.500547 1.633422
v -5.059024 3.500547 1.695269
v -4.906170 3.500547 1.757117
v -3.385745 3.500547 1.757118
v -3.385745 3.616102 1.757118
v -4.906170 3.616102 1.757117
v -5.059024 3.616102 1.695269
v -5.211877 3.616102 1.633422
v -5.517584 3.616102 1.509726
v -5.670438 3.616102 1.447878
v -5.823291 3.616102 1.386030
v -5.976145 3.616102 1.324182
v -6.149749 3.616102 1.470486
v -6.149749 3.500547 1.470486
v -5.932745 3.500547 1.542642
v -5.786092 3.500547 1.614798
v -5.639438 3.500547 1.686954
v -5.492785 3.500547 1.759110
v -5.199477 3.500547 1.903422
v -5.052824 3.500547 1.975577
v -4.906170 3.500547 2.047733
v -3.385745 3.500547 2.047734
v -3.385745 3.616102 2.047734
v -4.906170 3.616102 2.047733
v -5.052824 3.616102 1.975577
v -5.199477 3.616102 1.903422
v -5.492785 3.616102 1.759110
v -5.639438 3.616102 1.686954
v -5.786092 3.616102 1.614798
v -5.932745 3.616102 1.542642
v -3.390565 3.616102 -2.311507
v -3.390565 3.500547 -2.311507
v -3.390565 3.500547 0.013421
v -3.390565 3.500547 0.594653
v -3.390565 3.500547 1.175885
v -3.390565 3.500547 1.757118
v -3.390565 3.500547 2.047734
v -3.390565 3.500547 2.338350
v -3.390565 3.616102 2.338350
v -3.390565 3.616102 2.047734
v -3.390565 3.616102 1.757118
v -3.390565 3.616102 1.175885
v -3.390565 3.616102 0.594653
v -3.390565 3.616102 0.013421
v -3.385745 3.612283 -2.311507
v -3.390565 3.612283 -2.311507
v -4.906170 3.612283 -2.311507
v -5.096223 3.612283 -2.311507
v -5.286276 3.612283 -2.311507
v -5.666382 3.612283 -2.311507
v -5.856436 3.612283 -2.311507
v -6.046489 3.612283 -2.311507
v -6.236542 3.612283 -2.311507
v -6.426595 3.612283 -2.311507
v -6.426595 3.612283 0.013421
v -6.379062 3.612283 0.429726
v -6.306981 3.612283 0.846030
v -6.222799 3.612283 1.262334
v -6.149749 3.612283 1.470486
v -6.029799 3.612283 1.696226
v -5.889346 3.612283 1.826876
v -5.748892 3.612283 1.928212
v -5.608438 3.612283 2.017824
v -5.467985 3.612283 2.102294
v -5.187078 3.612283 2.248725
v -5.046624 3.612283 2.302786
v -4.906170 3.612283 2.338349
v -3.390565 3.612283 2.338350
v -3.385745 3.612283 2.338350
v -3.385745 3.612283 2.047734
v -3.385745 3.612283 1.757118
v -3.385745 3.612283 1.175885
v -3.385745 3.612283 0.594653
v -3.385745 3.612283 0.013421
v -3.390565 3.505322 -2.311507
v -4.906170 3.505322 -2.311507
v -5.096223 3.505322 -2.311507
v -5.286276 3.505322 -2.311507
v -5.666382 3.505322 -2.311507
v -5.856436 3.505322 -2.311507
v -6.046489 3.505322 -2.311507
v -6.236542 3.505322 -2.311507
v -6.426595 3.505322 -2.311507
v -6.426595 3.505322 0.013421
v -6.379062 3.505322 0.429726
v -6.306981 3.505322 0.846030
v -6.222799 3.505322 1.262334
v -6.149749 3.505322 1.470486
v -6.029799 3.505322 1.696226
v -5.889346 3.505322 1.826876
v -5.748892 3.505322 1.928212
v -5.608438 3.505322 2.017824
v -5.467985 3.505322 2.102294
v -5.187078 3.505322 2.248725
v -5.046624 3.505322 2.302786
v -4.906170 3.505322 2.338349
v -3.390565 3.505322 2.338350
v -3.385745 3.505322 2.338350
v -3.385745 3.505322 2.047734
v -3.385745 3.505322 1.757118
v -3.385745 3.505322 1.175885
v -3.385745 3.505322 0.594653
v -3.385745 3.505322 0.013421
v -3.385745 3.505322 -2.311507
v -3.390565 3.616102 2.332122
v -4.906170 3.616102 2.332122
v -5.046757 3.616102 2.295774
v -5.187343 3.616102 2.241326
v -5.468516 3.616102 2.094940
v -5.609103 3.616102 2.010734
v -5.749689 3.616102 1.921496
v -5.890276 3.616102 1.820785
v -6.032370 3.616102 1.691389
v -6.032370 3.612283 1.691389
v -6.032370 3.505322 1.691389
v -6.032370 3.500547 1.691389
v -5.890276 3.500547 1.820785
v -5.749689 3.500547 1.921496
v -5.609103 3.500547 2.010734
v -5.468516 3.500547 2.094940
v -5.187343 3.500547 2.241326
v -5.046757 3.500547 2.295774
v -4.906170 3.500547 2.332122
v -3.390565 3.500547 2.332122
v -3.385745 3.500547 2.332122
v -3.385745 3.505322 2.332122
v -3.385745 3.612283 2.332122
v -3.385745 3.616102 2.332122
v -3.390565 3.616102 -2.287445
v -4.906170 3.616102 -2.287445
v -5.096223 3.616102 -2.287445
v -5.286276 3.616102 -2.287445
v -5.666382 3.616102 -2.287445
v -5.856436 3.616102 -2.287445
v -6.046489 3.616102 -2.287445
v -6.236542 3.616102 -2.287445
v -6.426595 3.616102 -2.287445
v -6.426595 3.612283 -2.287445
v -6.426595 3.505322 -2.287445
v -6.426595 3.500547 -2.287445
v -6.236542 3.500547 -2.287445
v -6.046489 3.500547 -2.287445
v -5.856436 3.500547 -2.287445
v -5.666382 3.500547 -2.287445
v -5.286276 3.500547 -2.287445
v -5.096223 3.500547 -2.287445
v -4.906170 3.500547 -2.287445
v -3.390565 3.500547 -2.287445
v -3.385745 3.500547 -2.287445
v -3.385745 3.505322 -2.287445
v -3.385745 3.612283 -2.287445
v -3.385745 3.616102 -2.287445
vt 0.394437 -0.035769
vt 0.597262 -0.041115
vt 0.398317 0.239786
vt 0.599035 0.226766
vt 0.374906 0.498580
vt 0.598663 0.497047
vt 0.377576 0.769421
vt 0.601174 0.767266
vt 0.408438 1.013250
vt 0.604309 1.045398
vt 0.876196 -0.044806
vt 0.878586 0.225100
vt 0.148917 -0.031709
vt 0.151919 0.240444
vt 0.487857 0.229054
vt 0.486755 0.497777
vt 0.489346 0.768363
vt 0.485903 -0.038484
vt 0.493749 1.045775
vt 0.291648 0.239524
vt 0.373453 0.357713
vt 0.288430 -0.033468
vt 0.379417 0.908692
vt 0.490430 0.908023
vt 0.602441 0.906589
vt 0.736630 -0.043288
vt 0.597705 0.359182
vt 0.738910 0.226260
vt 0.485283 0.358469
vt 0.445102 0.233284
vt 0.429339 0.357108
vt 0.430825 0.498116
vt 0.433470 0.768899
vt 0.435008 0.908843
vt 0.442309 -0.037186
vt 0.453057 1.035194
vt 0.467020 0.230824
vt 0.457260 0.357714
vt 0.458788 0.497941
vt 0.461406 0.768634
vt 0.462631 0.908555
vt 0.464640 -0.037864
vt 0.474228 1.042284
vt 0.477579 0.229851
vt 0.471249 0.358082
vt 0.472771 0.497858
vt 0.475375 0.768499
vt 0.476509 0.908307
vt 0.475410 -0.038182
vt 0.484233 1.044541
vt 0.422492 0.236051
vt 0.401477 0.357099
vt 0.402865 0.498328
vt 0.405528 0.769159
vt 0.407307 0.908828
vt 0.419276 -0.036488
vt 0.431417 1.026042
vt 0.433869 0.234647
vt 0.415414 0.357026
vt 0.416845 0.498217
vt 0.419500 0.769029
vt 0.421170 0.908878
vt 0.430862 -0.036837
vt 0.442294 1.030856
vt 0.410794 0.237498
vt 0.387502 0.357335
vt 0.388885 0.498449
vt 0.391554 0.769289
vt 0.393389 0.908706
vt 0.407347 -0.036136
vt 0.420457 1.020494
vt 0.342573 0.239516
vt 0.379316 0.303423
vt 0.339107 -0.034434
vt 0.386747 0.959454
vt 0.404728 0.962369
vt 0.416953 0.965082
vt 0.429215 0.967529
vt 0.441524 0.969745
vt 0.466275 0.973561
vt 0.478717 0.975198
vt 0.491217 0.976650
vt 0.603329 0.975875
vt 0.666912 -0.042314
vt 0.598007 0.292377
vt 0.669007 0.226625
vt 0.485049 0.291675
vt 0.472333 0.292339
vt 0.459669 0.293101
vt 0.434499 0.295026
vt 0.421984 0.296369
vt 0.409557 0.298125
vt 0.397248 0.300474
vt 0.316947 0.239495
vt 0.375188 0.331567
vt 0.313619 -0.033923
vt 0.381744 0.933327
vt 0.398510 0.935177
vt 0.411562 0.936837
vt 0.424618 0.938235
vt 0.437696 0.939422
vt 0.463981 0.941241
vt 0.477229 0.941918
vt 0.490578 0.942434
vt 0.602843 0.941243
vt 0.701764 -0.042822
vt 0.597752 0.325586
vt 0.703965 0.226464
vt 0.484848 0.324673
vt 0.471351 0.324796
vt 0.457948 0.325036
vt 0.431363 0.325934
vt 0.418162 0.326781
vt 0.405022 0.327976
vt 0.391943 0.329622
vt 0.368414 0.239597
vt 0.384876 0.273058
vt 0.364778 -0.035009
vt 0.393716 0.985657
vt 0.411899 0.989748
vt 0.423329 0.993368
vt 0.434891 0.996720
vt 0.446465 0.999906
vt 0.469579 1.005730
vt 0.481033 1.008420
vt 0.492439 1.010922
vt 0.603870 1.010565
vt 0.632076 -0.041750
vt 0.598481 0.259513
vt 0.634032 0.226732
vt 0.486096 0.259756
vt 0.474346 0.261070
vt 0.462532 0.262352
vt 0.438844 0.265012
vt 0.426922 0.266394
vt 0.415043 0.268060
vt 0.403297 0.270315
vt 0.382072 0.239670
vt 0.389239 0.255868
vt 0.378332 -0.035343
vt 0.399417 0.998477
vt 0.415555 1.003505
vt 0.426954 1.007321
vt 0.438263 1.011134
vt 0.449513 1.014845
vt 0.471784 1.021805
vt 0.482645 1.025107
vt 0.493145 1.028242
vt 0.604111 1.027962
vt 0.614666 -0.041443
vt 0.598758 0.243142
vt 0.616536 0.226759
vt 0.486944 0.244311
vt 0.475913 0.246236
vt 0.464614 0.247959
vt 0.441676 0.251000
vt 0.430008 0.252323
vt 0.418279 0.253614
vt 0.406500 0.254970
vt 0.598309 0.497049
vt 0.600820 0.767269
vt 0.602086 0.906593
vt 0.602487 0.941247
vt 0.602974 0.975878
vt 0.603517 1.010566
vt 0.603759 1.027963
vt 0.596909 -0.041107
vt 0.603959 1.045399
vt 0.598682 0.226774
vt 0.598404 0.243146
vt 0.598125 0.259514
vt 0.597649 0.292375
vt 0.597394 0.325583
vt 0.597349 0.359180
vt 0.598746 0.505978
vt 0.878507 0.216180
vt 0.598392 0.505980
vt 0.486841 0.506720
vt 0.472857 0.506803
vt 0.458874 0.506887
vt 0.430912 0.507066
vt 0.416932 0.507168
vt 0.402953 0.507279
vt 0.388974 0.507401
vt 0.151819 0.231450
vt 0.374994 0.507531
vt 0.291542 0.230502
vt 0.316837 0.230459
vt 0.342458 0.230462
vt 0.368294 0.230522
vt 0.381949 0.230581
vt 0.398189 0.230679
vt 0.410680 0.228455
vt 0.422386 0.227043
vt 0.433770 0.225674
vt 0.445009 0.224345
vt 0.466941 0.221943
vt 0.477507 0.220992
vt 0.487792 0.220212
vt 0.598624 0.217920
vt 0.598976 0.217913
vt 0.616474 0.217895
vt 0.633967 0.217859
vt 0.668937 0.217737
vt 0.703892 0.217565
vt 0.738835 0.217352
vt 0.600716 0.756102
vt 0.489239 0.757181
vt 0.475268 0.757315
vt 0.461298 0.757447
vt 0.433361 0.757709
vt 0.419390 0.757838
vt 0.405418 0.757967
vt 0.391443 0.758096
vt 0.149041 -0.020462
vt 0.377465 0.758229
vt 0.288563 -0.022186
vt 0.313756 -0.022623
vt 0.339250 -0.023112
vt 0.364928 -0.023661
vt 0.378486 -0.023978
vt 0.394597 -0.024381
vt 0.407489 -0.024828
vt 0.419409 -0.025225
vt 0.430987 -0.025618
vt 0.442424 -0.026008
vt 0.464738 -0.026760
vt 0.475500 -0.027105
vt 0.485984 -0.027428
vt 0.596983 -0.030037
vt 0.597336 -0.030045
vt 0.614744 -0.030359
vt 0.632157 -0.030655
vt 0.666998 -0.031199
vt 0.701855 -0.031694
vt 0.736724 -0.032148
vt 0.601071 0.756099
vt 0.876295 -0.033652
vt 0.598676 0.227125
vt 0.487837 0.229381
vt 0.477543 0.230202
vt 0.466969 0.231191
vt 0.445028 0.233664
vt 0.433787 0.235025
vt 0.422402 0.236427
vt 0.410702 0.237873
vt 0.397969 0.239783
vt 0.398123 0.240130
vt 0.397841 0.230677
vt 0.394252 -0.024373
vt 0.394092 -0.035760
vt 0.408245 1.012933
vt 0.420352 1.020129
vt 0.431322 1.025641
vt 0.442208 1.030433
vt 0.452981 1.034758
vt 0.474176 1.041845
vt 0.484199 1.044125
vt 0.493736 1.045399
vt 0.603954 1.045025
vt 0.604305 1.045024
vt 0.597635 -0.041122
vt 0.597709 -0.030052
vt 0.599351 0.217913
vt 0.599029 0.227117
vt 0.599410 0.226766
vt 0.598299 0.495623
vt 0.486740 0.496335
vt 0.472755 0.496412
vt 0.458772 0.496489
vt 0.430809 0.496657
vt 0.416830 0.496756
vt 0.402851 0.496867
vt 0.388871 0.496989
vt 0.153365 0.240435
vt 0.374891 0.497122
vt 0.153265 0.231440
vt 0.150485 -0.020480
vt 0.150361 -0.031728
vt 0.377595 0.770863
vt 0.391573 0.770732
vt 0.405547 0.770604
vt 0.419517 0.770477
vt 0.433486 0.770347
vt 0.461419 0.770082
vt 0.475387 0.769946
vt 0.489357 0.769808
vt 0.600833 0.768711
vt 0.601187 0.768708
vt 0.874752 -0.044790
vt 0.874850 -0.033636
vt 0.877062 0.216192
vt 0.598654 0.495620
vt 0.877141 0.225112
vn -0.681090 0.000000 0.732199
vn -0.636771 0.000000 0.771053
vn -0.636772 0.000014 0.771052
vn -0.681091 0.000011 0.732199
vn 0.000000 1.000000 0.000001
vn 0.000000 1.000000 0.000000
vn 0.000000 1.000000 -0.000000
vn 0.000000 1.000000 -0.000000
vn 0.000000 0.000000 -1.000000
vn 0.000000 0.000000 -1.000000
vn 0.000000 0.000000 -1.000000
vn 0.000000 0.000000 -1.000000
vn -0.000000 -1.000000 0.000000
vn -0.000000 -1.000000 0.000000
vn -0.000000 -1.000000 0.000000
vn -0.000000 -1.000000 0.000001
vn 1.000000 0.000000 0.000000
vn 1.000000 0.000000 0.000000
vn 1.000000 0.000000 0.000000
vn 1.000000 0.000000 0.000000
vn -0.883075 0.000000 0.469233
vn -0.883078 0.000000 0.469226
vn -0.883075 0.000000 0.469232
vn -0.883075 0.000000 0.469233
vn 0.000000 1.000000 -0.000000
vn 0.000000 1.000000 0.000000
vn 0.000000 1.000000 0.000000
vn 0.000000 1.000000 0.000000
vn 0.000000 0.000000 -1.000000
vn 0.000000 0.000000 -1.000000
vn 0.000000 0.000000 -1.000000
vn 0.000000 0.000000 -1.000000
vn -0.000000 -1.000000 0.000000
vn -0.000000 -1.000000 0.000000
vn -0.000000 -1.000000 0.000000
vn -0.000000 -1.000000 0.000000
vn -0.021470 0.000000 0.999770
vn -0.021470 0.000000 0.999770
vn -0.000000 0.000000 1.000000
vn -0.000000 0.000000 1.000000
vn -1.000000 0.000000 -0.000000
vn -0.999847 0.000000 0.017491
vn -0.999847 0.000000 0.017491
vn -1.000000 0.000000 -0.000000
vn -0.000000 -1.000000 0.000000
vn -0.000000 -1.000000 0.000000
vn -0.000000 -1.000000 0.000000
vn -0.000000 -1.000000 0.000000
vn -0.000000 -1.000000 0.000000
vn -0.000000 -1.000000 0.000000
vn -0.000000 -1.000000 0.000000
vn -0.000000 -1.000000 0.000000
vn 1.000000 0.000000 0.000000
vn 1.000000 0.000000 0.000000
vn 1.000000 0.000000 0.000000
vn 1.000000 0.000000 0.000000
vn 0.000000 1.000000 -0.000000
vn 0.000000 1.000000 -0.000000
vn 0.000000 1.000000 -0.000000
vn 0.000000 1.000000 -0.000000
vn 0.000000 1.000000 -0.000000
vn 0.000000 1.000000 -0.000000
vn 0.000000 1.000000 -0.000000
vn 0.000000 1.000000 -0.000000
vn 0.000000 1.000000 -0.000000
vn 0.000000 1.000000 0.000000
vn 0.000000 1.000000 -0.000000
vn 0.000000 1.000000 -0.000000
vn 0.000000 1.000000 -0.000000
vn 0.000000 1.000000 -0.000000
vn 0.000000 1.000000 -0.000000
vn 0.000000 1.000000 -0.000000
vn 0.000000 0.000000 -1.000000
vn 0.000000 0.000000 -1.000000
vn 0.000000 0.000000 -1.000000
vn 0.000000 0.000000 -1.000000
vn -0.000000 -1.000000 0.000000
vn -0.000000 -1.000000 0.000000
vn -0.000000 -1.000000 0.000000
vn -0.000000 -1.000000 0.000000
vn -0.000000 -1.000000 0.000000
vn -0.000000 -1.000000 0.000000
vn -0.000000 -1.000000 0.000000
vn -0.000000 -1.000000 0.000000
vn -0.480564 0.000000 0.876960
vn -0.480564 0.000000 0.876960
vn -0.429659 0.000000 0.902991
vn -0.429660 0.000000 0.902991
vn 0.000000 1.000000 0.000000
vn 0.000000 1.000000 -0.000000
vn 0.000000 1.000000 -0.000000
vn 0.000000 1.000000 -0.000000
vn 0.000000 0.000000 -1.000000
vn 0.000000 0.000000 -1.000000
vn -0.000000 -1.000000 0.000000
vn -0.000000 -1.000000 0.000000
vn -0.000000 -1.000000 0.000000
vn -0.000000 -1.000000 0.000000
vn -0.303955 0.000000 0.952686
vn -0.303957 0.000000 0.952686
vn 0.000000 1.000000 -0.000000
vn 0.000000 1.000000 -0.000000
vn 0.000000 1.000000 -0.000000
vn 0.000000 1.000000 -0.000000
vn 0.000000 1.000000 -0.000000
vn 0.000000 1.000000 -0.000000
vn 0.000000 1.000000 -0.000000
vn 0.000000 1.000000 -0.000000
vn 0.000000 0.000000 -1.000000
vn 0.000000 0.000000 -1.000000
vn 0.000000 0.000000 -1.000000
vn 0.000000 0.000000 -1.000000
vn -0.000000 -1.000000 0.000000
vn -0.000000 -1.000000 0.000000
vn -0.000000 -1.000000 0.000000
vn -0.000000 -1.000000 0.000000
vn -0.000000 -1.000000 0.000000
vn -0.000000 -1.000000 0.000000
vn -0.000000 -1.000000 0.000000
vn -0.000000 -1.000000 0.000000
vn -0.562172 0.000009 0.827020
vn -0.562172 -0.000000 0.827020
vn -0.526763 0.000000 0.850012
vn -0.526763 0.000000 0.850012
vn -0.989838 0.000000 0.142202
vn -0.982840 0.000000 0.184458
vn -0.982840 0.000000 0.184458
vn -0.989838 0.000000 0.142202
vn -0.000000 -1.000000 0.000000
vn -0.000000 -1.000000 0.000000
vn -0.000000 -1.000000 0.000000
vn -0.000000 -1.000000 0.000000
vn -0.000000 -1.000000 0.000000
vn -0.000000 -1.000000 0.000000
vn -0.000000 -1.000000 0.000000
vn -0.000000 -1.000000 0.000000
vn -0.000000 -1.000000 0.000000
vn -0.000000 -1.000000 0.000000
vn -0.000000 -1.000000 0.000000
vn -0.000000 -1.000000 0.000000
vn -0.000000 -1.000000 0.000000
vn -0.000000 -1.000000 0.000000
vn -0.000000 -1.000000 0.000000
vn -0.000000 -1.000000 0.000000
vn -0.000000 -1.000000 0.000000
vn -0.000000 -1.000000 0.000000
vn 1.000000 0.000000 0.000000
vn 1.000000 0.000000 0.000000
vn 1.000000 0.000000 0.000000
vn 1.000000 0.000000 0.000000
vn 0.000000 1.000000 -0.000000
vn 0.000000 1.000000 -0.000000
vn 0.000000 1.000000 -0.000000
vn 0.000000 1.000000 -0.000000
vn 0.000000 1.000000 -0.000000
vn 0.000000 1.000000 -0.000000
vn 0.000000 1.000000 -0.000000
vn 0.000000 1.000000 -0.000000
vn 0.000000 1.000000 -0.000000
vn 0.000000 1.000000 -0.000000
vn 0.000000 1.000000 -0.000000
vn 0.000000 1.000000 -0.000000
vn 0.000000 1.000000 -0.000000
vn 0.000000 1.000000 -0.000000
vn 0.000000 1.000000 -0.000000
vn 0.000000 1.000000 -0.000000
vn 0.000000 1.000000 -0.000000
vn 0.000000 1.000000 -0.000000
vn -0.969733 0.000000 0.244169
vn -0.969733 0.000000 0.244169
vn -0.000000 -1.000000 0.000000
vn -0.000000 -1.000000 0.000000
vn -0.000000 -1.000000 0.000000
vn -0.000000 -1.000000 0.000000
vn -0.000000 -1.000000 0.000000
vn -0.000000 -1.000000 0.000000
vn -0.000000 -1.000000 0.000000
vn -0.000000 -1.000000 0.000000
vn -0.000000 -1.000000 0.000000
vn 1.000000 0.000000 0.000000
vn 1.000000 0.000000 0.000000
vn 0.000000 1.000000 -0.000000
vn 0.000000 1.000000 -0.000000
vn 0.000000 1.000000 -0.000000
vn 0.000000 1.000000 -0.000000
vn 0.000000 1.000000 -0.000000
vn 0.000000 1.000000 -0.000000
vn 0.000000 1.000000 -0.000000
vn 0.000000 1.000000 -0.000000
vn 0.000000 1.000000 -0.000000
vn -0.914019 0.000000 0.405672
vn -0.914019 0.000000 0.405672
vn -0.000000 -1.000000 0.000000
vn -0.000000 -1.000000 0.000000
vn -0.000000 -1.000000 0.000000
vn -0.000000 -1.000000 0.000000
vn -0.000000 -1.000000 0.000000
vn -0.000000 -1.000000 0.000000
vn -0.000000 -1.000000 0.000000
vn -0.000000 -1.000000 0.000000
vn -0.000000 -1.000000 0.000000
vn 1.000000 0.000000 0.000000
vn 1.000000 0.000000 0.000000
vn 0.000000 1.000000 -0.000000
vn 0.000000 1.000000 -0.000000
vn 0.000000 1.000000 -0.000000
vn 0.000000 1.000000 -0.000000
vn 0.000000 1.000000 -0.000000
vn 0.000000 1.000000 -0.000000
vn 0.000000 1.000000 -0.000000
vn 0.000000 1.000000 -0.000000
vn 0.000000 1.000000 -0.000000
vn 0.000000 0.000000 -1.000000
vn 0.000000 0.000000 -1.000000
vn 0.000000 -1.000000 0.000000
vn 0.000000 -1.000000 0.000000
vn 0.000000 -1.000000 0.000000
vn 0.000000 -1.000000 0.000000
vn 0.000000 -1.000000 0.000000
vn 0.000000 -1.000000 0.000000
vn 0.000000 -1.000000 0.000000
vn 0.000000 -1.000000 0.000000
vn 0.000000 0.000000 1.000000
vn 0.000000 0.000000 1.000000
vn 0.000000 1.000000 0.000000
vn 0.000000 1.000000 0.000000
vn 0.000000 1.000000 0.000000
vn 0.000000 1.000000 0.000000
vn 0.000000 1.000000 0.000000
vn 0.000000 1.000000 0.000000
vn 0.000000 1.000000 0.000000
vn 0.000000 1.000000 0.000000
vn 0.000000 0.000000 -1.000000
vn 0.000000 0.000000 -1.000000
vn 0.000000 0.000000 -1.000000
vn 0.000000 0.000000 -1.000000
vn 0.000000 0.000000 -1.000000
vn 0.000000 0.000000 -1.000000
vn 0.000000 0.000000 -1.000000
vn 0.000000 0.000000 -1.000000
vn 0.000000 0.000000 -1.000000
vn 0.000000 0.000000 -1.000000
vn -1.000000 0.000000 -0.000000
vn -0.999847 0.000000 0.017491
vn -0.989838 0.000000 0.142202
vn -0.982840 0.000000 0.184458
vn -0.969733 0.000000 0.244169
vn -0.914019 0.000000 0.405672
vn -0.883075 0.000000 0.469233
vn -0.883078 0.000000 0.469226
vn -0.681090 -0.000000 0.732199
vn -0.636771 -0.000000 0.771053
vn -0.562172 -0.000000 0.827020
vn -0.526763 0.000000 0.850012
vn -0.480564 0.000000 0.876960
vn -0.429659 0.000000 0.902991
vn -0.303955 0.000000 0.952686
vn -0.021470 0.000000 0.999770
vn -0.000000 0.000000 1.000000
vn 0.000000 0.000000 1.000000
vn 1.000000 0.000000 0.000000
vn 1.000000 0.000000 0.000000
vn 1.000000 0.000000 0.000000
vn 1.000000 0.000000 0.000000
vn 1.000000 0.000000 0.000000
vn 1.000000 0.000000 0.000000
vn 1.000000 0.000000 0.000000
vn 1.000000 0.000000 0.000000
vn 0.000000 0.000000 -1.000000
vn 0.000000 0.000000 -1.000000
vn 0.000000 0.000000 -1.000000
vn 0.000000 0.000000 -1.000000
vn 0.000000 0.000000 -1.000000
vn 0.000000 0.000000 -1.000000
vn 0.000000 0.000000 -1.000000
vn 0.000000 0.000000 -1.000000
vn 0.000000 0.000000 -1.000000
vn -1.000000 0.000000 -0.000000
vn -0.999847 0.000000 0.017491
vn -0.989838 0.000000 0.142202
vn -0.982840 0.000000 0.184458
vn -0.969733 0.000000 0.244169
vn -0.914019 0.000000 0.405672
vn -0.883075 0.000000 0.469232
vn -0.883080 0.000000 0.469223
vn -0.681090 0.000000 0.732200
vn -0.636771 0.000000 0.771053
vn -0.562173 0.000000 0.827020
vn -0.526763 0.000000 0.850012
vn -0.480564 0.000000 0.876960
vn -0.429660 0.000000 0.902991
vn -0.303956 0.000000 0.952686
vn -0.021470 0.000000 0.999770
vn -0.000000 0.000000 1.000000
vn 0.000000 0.000000 1.000000
vn 1.000000 0.000000 0.000000
vn 1.000000 0.000000 0.000000
vn 1.000000 0.000000 0.000000
vn 1.000000 0.000000 0.000000
vn 1.000000 0.000000 0.000000
vn 1.000000 0.000000 0.000000
vn 1.000000 0.000000 0.000000
vn 1.000000 0.000000 0.000000
vn 0.000000 0.000000 -1.000000
vn 0.000000 1.000000 0.000000
vn 0.000000 1.000000 0.000000
vn 0.000000 1.000000 0.000000
vn 0.000000 1.000000 0.000000
vn 0.000000 1.000000 0.000000
vn 0.000000 1.000000 0.000000
vn 0.000000 1.000000 0.000000
vn 0.000000 1.000000 0.000000
vn 0.000000 1.000000 0.000000
vn -1.000000 0.000000 0.000000
vn -1.000000 0.000000 0.000000
vn -1.000000 0.000000 0.000000
vn -1.000000 0.000000 0.000000
vn 0.000000 -1.000000 0.000000
vn 0.000000 -1.000000 0.000000
vn 0.000000 -1.000000 0.000000
vn 0.000000 -1.000000 0.000000
vn 0.000000 -1.000000 0.000000
vn 0.000000 -1.000000 0.000000
vn 0.000000 -1.000000 0.000000
vn 0.000000 -1.000000 0.000000
vn 0.000000 -1.000000 0.000000
vn 0.000000 -1.000000 0.000000
vn 1.000000 0.000000 0.000000
vn 1.000000 0.000000 0.000000
vn 1.000000 0.000000 0.000000
vn 1.000000 0.000000 0.000000
vn 0.000000 1.000000 0.000000
s 1
g pCube2
usemtl phong3SG
f 1566 1567 1459 1413
s 2
f 1413 1459 1618 1619
s 3
f 1415 1461 1559 1560
s 4
f 1622 1623 1464 1411
s 5
f 1575 1633 1634 1414
s 6
f 1620 1566 1413 1619
s 2
f 1419 1545 1611 1612
s 3
f 1553 1420 1537 1552
s 4
f 1422 1629 1630 1544
s 1
f 1419 1573 1574 1545
s 6
f 1644 1561 1423 1643
s 4
f 1646 1647 1463 1424
f 1539 1425 1653 1654
s 5
f 1427 1580 1657 1658
s 2
f 1428 1550 1635 1636
f 1423 1460 1642 1643
f 1429 1435 1614 1615
f 1639 1430 1436 1638
s 3
f 1556 1431 1437 1555
s 4
f 1433 1650 1651 1439
f 1434 1626 1627 1440
s 1
f 1429 1570 1571 1435
s 2
f 1435 1441 1613 1614
f 1638 1436 1442 1637
s 3
f 1555 1437 1443 1554
s 4
f 1439 1651 1652 1445
f 1440 1627 1628 1446
s 1
f 1435 1571 1572 1441
s 2
f 1441 1419 1612 1613
f 1637 1442 1428 1636
s 3
f 1554 1443 1420 1553
s 4
f 1445 1652 1653 1425
f 1446 1628 1629 1422
s 1
f 1441 1572 1573 1419
s 2
f 1447 1453 1616 1617
f 1641 1448 1454 1640
s 3
f 1558 1449 1455 1557
s 4
f 1451 1648 1649 1457
f 1452 1624 1625 1458
s 1
f 1447 1568 1569 1453
s 2
f 1453 1429 1615 1616
f 1640 1454 1430 1639
s 3
f 1557 1455 1431 1556
s 4
f 1457 1649 1650 1433
f 1458 1625 1626 1434
s 1
f 1453 1569 1570 1429
s 2
f 1459 1447 1617 1618
f 1642 1460 1448 1641
s 3
f 1559 1461 1449 1558
s 4
f 1463 1647 1648 1451
f 1464 1623 1624 1452
s 1
f 1459 1567 1568 1447
s 6
f 1562 1563 1465 1483
s 4
f 1484 1485 1467 1466
f 1468 1467 1485 1486
f 1469 1468 1486 1487
f 1470 1469 1487 1488
f 1471 1470 1488 1489
f 1472 1471 1489 1490
f 1473 1472 1490 1491
f 1541 1473 1491 1540
s 5
f 1475 1578 1579 1493
s 2
f 1476 1548 1549 1494
f 1477 1476 1494 1495
f 1478 1477 1495 1496
f 1479 1478 1496 1497
f 1480 1479 1497 1498
f 1481 1480 1498 1499
f 1482 1481 1499 1500
f 1465 1482 1500 1483
s 6
f 1561 1562 1483 1423
s 4
f 1424 1463 1485 1484
f 1486 1485 1463 1451
f 1487 1486 1451 1457
f 1488 1487 1457 1433
f 1489 1488 1433 1439
f 1490 1489 1439 1445
f 1491 1490 1445 1425
f 1540 1491 1425 1539
s 5
f 1493 1579 1580 1427
s 2
f 1494 1549 1550 1428
f 1495 1494 1428 1442
f 1496 1495 1442 1436
f 1497 1496 1436 1430
f 1498 1497 1430 1454
f 1499 1498 1454 1448
f 1500 1499 1448 1460
f 1483 1500 1460 1423
s 6
f 1563 1564 1501 1465
s 4
f 1466 1467 1503 1502
f 1504 1503 1467 1468
f 1505 1504 1468 1469
f 1506 1505 1469 1470
f 1507 1506 1470 1471
f 1508 1507 1471 1472
f 1509 1508 1472 1473
f 1542 1509 1473 1541
s 5
f 1511 1577 1578 1475
s 2
f 1512 1547 1548 1476
f 1513 1512 1476 1477
f 1514 1513 1477 1478
f 1515 1514 1478 1479
f 1516 1515 1479 1480
f 1517 1516 1480 1481
f 1518 1517 1481 1482
f 1501 1518 1482 1465
s 6
f 1564 1565 1519 1501
s 4
f 1502 1503 1521 1520
f 1522 1521 1503 1504
f 1523 1522 1504 1505
f 1524 1523 1505 1506
f 1525 1524 1506 1507
f 1526 1525 1507 1508
f 1527 1526 1508 1509
f 1543 1527 1509 1542
s 5
f 1529 1576 1577 1511
s 2
f 1530 1546 1547 1512
f 1531 1530 1512 1513
f 1532 1531 1513 1514
f 1533 1532 1514 1515
f 1534 1533 1515 1516
f 1535 1534 1516 1517
f 1536 1535 1517 1518
f 1519 1536 1518 1501
s 3
f 1552 1537 1416 1551
s 4
f 1426 1539 1654 1655
f 1492 1540 1539 1426
f 1474 1541 1540 1492
f 1510 1542 1541 1474
f 1528 1543 1542 1510
f 1544 1630 1631 1412
s 1
f 1545 1574 1575 1414
s 2
f 1634 1611 1545 1414
f 1547 1546 1529 1511
f 1548 1547 1511 1475
f 1549 1548 1475 1493
f 1550 1549 1493 1427
f 1658 1635 1550 1427
s 3
f 1610 1581 1552 1551
f 1582 1553 1552 1581
f 1583 1554 1553 1582
f 1584 1555 1554 1583
f 1585 1556 1555 1584
f 1586 1557 1556 1585
f 1587 1558 1557 1586
f 1588 1559 1558 1587
f 1560 1559 1588 1589
s 6
f 1645 1590 1561 1644
f 1590 1591 1562 1561
f 1591 1592 1563 1562
f 1592 1593 1564 1563
f 1593 1594 1565 1564
f 1621 1595 1566 1620
s 1
f 1595 1596 1567 1566
f 1568 1567 1596 1597
f 1569 1568 1597 1598
f 1570 1569 1598 1599
f 1571 1570 1599 1600
f 1572 1571 1600 1601
f 1573 1572 1601 1602
f 1574 1573 1602 1603
f 1575 1574 1603 1604
s 5
f 1604 1632 1633 1575
f 1577 1576 1605 1606
f 1578 1577 1606 1607
f 1579 1578 1607 1608
f 1580 1579 1608 1609
f 1657 1580 1609 1656
s 3
f 1421 1582 1581 1538
f 1444 1583 1582 1421
f 1438 1584 1583 1444
f 1432 1585 1584 1438
f 1456 1586 1585 1432
f 1450 1587 1586 1456
f 1462 1588 1587 1450
f 1589 1588 1462 1417
s 6
f 1646 1424 1590 1645
f 1424 1484 1591 1590
f 1484 1466 1592 1591
f 1466 1502 1593 1592
f 1502 1520 1594 1593
f 1622 1411 1595 1621
s 1
f 1411 1464 1596 1595
f 1597 1596 1464 1452
f 1598 1597 1452 1458
f 1599 1598 1458 1434
f 1600 1599 1434 1440
f 1601 1600 1440 1446
f 1602 1601 1446 1422
f 1603 1602 1422 1544
f 1604 1603 1544 1412
s 5
f 1412 1631 1632 1604
f 1606 1605 1528 1510
f 1607 1606 1510 1474
f 1608 1607 1474 1492
f 1609 1608 1492 1426
f 1656 1609 1426 1655
s 3
f 1538 1581 1610 1418
s 2
f 1612 1611 1546 1530
f 1613 1612 1530 1531
f 1614 1613 1531 1532
f 1615 1614 1532 1533
f 1616 1615 1533 1534
f 1617 1616 1534 1535
f 1618 1617 1535 1536
f 1619 1618 1536 1519
s 6
f 1565 1620 1619 1519
f 1594 1621 1620 1565
f 1520 1622 1621 1594
s 4
f 1520 1521 1623 1622
f 1624 1623 1521 1522
f 1625 1624 1522 1523
f 1626 1625 1523 1524
f 1627 1626 1524 1525
f 1628 1627 1525 1526
f 1629 1628 1526 1527
f 1630 1629 1527 1543
f 1631 1630 1543 1528
s 5
f 1632 1631 1528 1605
f 1633 1632 1605 1576
f 1634 1633 1576 1529
s 2
f 1546 1611 1634 1529
f 1636 1635 1537 1420
f 1443 1637 1636 1420
f 1437 1638 1637 1443
f 1431 1639 1638 1437
f 1455 1640 1639 1431
f 1449 1641 1640 1455
f 1461 1642 1641 1449
f 1643 1642 1461 1415
s 6
f 1560 1644 1643 1415
f 1589 1645 1644 1560
f 1417 1646 1645 1589
s 4
f 1417 1462 1647 1646
f 1648 1647 1462 1450
f 1649 1648 1450 1456
f 1650 1649 1456 1432
f 1651 1650 1432 1438
f 1652 1651 1438 1444
f 1653 1652 1444 1421
f 1654 1653 1421 1538
f 1655 1654 1538 1418
s 5
f 1610 1656 1655 1418
f 1551 1657 1656 1610
f 1658 1657 1551 1416
s 2
f 1537 1635 1658 1416
g default
v -6.029799 1.267956 1.696226
v -3.385745 1.267956 2.338350
v -6.029799 1.383511 1.696226
v -3.385745 1.383511 2.338350
v -6.426595 1.383511 -2.311507
v -3.385745 1.383511 -2.311507
v -6.426595 1.267956 -2.311507
v -3.385745 1.267956 -2.311507
v -4.906170 1.383511 2.338349
v -4.906170 1.383511 -2.311507
v -4.906170 1.267956 -2.311507
v -4.906170 1.267956 2.338349
v -6.426595 1.383511 0.013421
v -6.426595 1.267956 0.013421
v -4.906170 1.267956 0.013421
v -3.385745 1.267956 0.013421
v -3.385745 1.383511 0.013421
v -4.906170 1.383511 0.013421
v -5.467985 1.383511 2.102294
v -5.666383 1.383511 0.013421
v -5.666382 1.383511 -2.311507
v -5.666382 1.267956 -2.311507
v -5.666383 1.267956 0.013421
v -5.467985 1.267956 2.102294
v -5.187078 1.383511 2.248725
v -5.286276 1.383511 0.013421
v -5.286276 1.383511 -2.311507
v -5.286276 1.267956 -2.311507
v -5.286276 1.267956 0.013421
v -5.187078 1.267956 2.248725
v -5.046624 1.383511 2.302786
v -5.096223 1.383511 0.013421
v -5.096223 1.383511 -2.311507
v -5.096223 1.267956 -2.311507
v -5.096223 1.267956 0.013421
v -5.046624 1.267956 2.302786
v -5.748892 1.383511 1.928212
v -6.046489 1.383511 0.013421
v -6.046489 1.383511 -2.311507
v -6.046489 1.267956 -2.311507
v -6.046489 1.267956 0.013421
v -5.748892 1.267956 1.928212
v -5.608438 1.383511 2.017824
v -5.856436 1.383511 0.013421
v -5.856436 1.383511 -2.311507
v -5.856436 1.267956 -2.311507
v -5.856436 1.267956 0.013421
v -5.608438 1.267956 2.017824
v -5.889346 1.383511 1.826876
v -6.236542 1.383511 0.013421
v -6.236542 1.383511 -2.311507
v -6.236542 1.267956 -2.311507
v -6.236542 1.267956 0.013421
v -5.889346 1.267956 1.826876
v -6.306981 1.383511 0.846030
v -6.306981 1.267956 0.846030
v -6.062944 1.267956 0.887262
v -5.897690 1.267956 0.928494
v -5.732437 1.267956 0.969726
v -5.567184 1.267956 1.010958
v -5.236677 1.267956 1.093421
v -5.071424 1.267956 1.134653
v -4.906170 1.267956 1.175885
v -3.385745 1.267956 1.175885
v -3.385745 1.383511 1.175885
v -4.906170 1.383511 1.175885
v -5.071424 1.383511 1.134653
v -5.236677 1.383511 1.093421
v -5.567184 1.383511 1.010958
v -5.732437 1.383511 0.969726
v -5.897690 1.383511 0.928494
v -6.062944 1.383511 0.887262
v -6.379062 1.383511 0.429726
v -6.379062 1.267956 0.429726
v -6.149743 1.267956 0.450342
v -5.972090 1.267956 0.470957
v -5.794436 1.267956 0.491573
v -5.616783 1.267956 0.512189
v -5.261477 1.267956 0.553421
v -5.083823 1.267956 0.574037
v -4.906170 1.267956 0.594653
v -3.385745 1.267956 0.594653
v -3.385745 1.383511 0.594653
v -4.906170 1.383511 0.594653
v -5.083823 1.383511 0.574037
v -5.261477 1.383511 0.553421
v -5.616783 1.383511 0.512189
v -5.794436 1.383511 0.491573
v -5.972090 1.383511 0.470957
v -6.149743 1.383511 0.450342
v -6.222799 1.383511 1.262334
v -6.222799 1.267956 1.262334
v -5.976145 1.267956 1.324182
v -5.823291 1.267956 1.386030
v -5.670438 1.267956 1.447878
v -5.517584 1.267956 1.509726
v -5.211877 1.267956 1.633422
v -5.059024 1.267956 1.695269
v -4.906170 1.267956 1.757117
v -3.385745 1.267956 1.757118
v -3.385745 1.383511 1.757118
v -4.906170 1.383511 1.757117
v -5.059024 1.383511 1.695269
v -5.211877 1.383511 1.633422
v -5.517584 1.383511 1.509726
v -5.670438 1.383511 1.447878
v -5.823291 1.383511 1.386030
v -5.976145 1.383511 1.324182
v -6.149749 1.383511 1.470486
v -6.149749 1.267956 1.470486
v -5.932745 1.267956 1.542642
v -5.786092 1.267956 1.614798
v -5.639438 1.267956 1.686954
v -5.492785 1.267956 1.759110
v -5.199477 1.267956 1.903422
v -5.052824 1.267956 1.975577
v -4.906170 1.267956 2.047733
v -3.385745 1.267956 2.047734
v -3.385745 1.383511 2.047734
v -4.906170 1.383511 2.047733
v -5.052824 1.383511 1.975577
v -5.199477 1.383511 1.903422
v -5.492785 1.383511 1.759110
v -5.639438 1.383511 1.686954
v -5.786092 1.383511 1.614798
v -5.932745 1.383511 1.542642
v -3.400984 1.267956 2.338350
v -3.400984 1.383511 2.338350
v -3.400984 1.383511 2.047734
v -3.400984 1.383511 1.757118
v -3.400984 1.383511 1.175885
v -3.400984 1.383511 0.594653
v -3.400984 1.383511 0.013421
v -3.400984 1.383511 -2.311507
v -3.400984 1.267956 -2.311507
v -3.400984 1.267956 0.013421
v -3.400984 1.267956 0.594653
v -3.400984 1.267956 1.175885
v -3.400984 1.267956 1.757118
v -3.400984 1.267956 2.047734
v -4.897007 1.383511 2.338349
v -4.897007 1.383511 2.047733
v -4.897007 1.383511 1.757117
v -4.897007 1.383511 1.175885
v -4.897007 1.383511 0.594653
v -4.897007 1.383511 0.013421
v -4.897007 1.383511 -2.311507
v -4.897007 1.267956 -2.311507
v -4.897007 1.267956 0.013421
v -4.897007 1.267956 0.594653
v -4.897007 1.267956 1.175885
v -4.897007 1.267956 1.757117
v -4.897007 1.267956 2.047733
v -4.897007 1.267956 2.338349
v -4.906170 1.377243 2.338349
v -5.046624 1.377243 2.302786
v -5.187078 1.377243 2.248725
v -5.467985 1.377243 2.102294
v -5.608438 1.377243 2.017824
v -5.748892 1.377243 1.928212
v -5.889346 1.377243 1.826876
v -6.029799 1.377243 1.696226
v -6.149749 1.377243 1.470486
v -6.222799 1.377243 1.262334
v -6.306981 1.377243 0.846030
v -6.379062 1.377243 0.429726
v -6.426595 1.377243 0.013421
v -6.426595 1.377243 -2.311507
v -6.236542 1.377243 -2.311507
v -6.046489 1.377243 -2.311507
v -5.856436 1.377243 -2.311507
v -5.666382 1.377243 -2.311507
v -5.286276 1.377243 -2.311507
v -5.096223 1.377243 -2.311507
v -4.906170 1.377243 -2.311507
v -4.897007 1.377243 -2.311507
v -3.400984 1.377243 -2.311507
v -3.385745 1.377243 -2.311507
v -3.385745 1.377243 0.013421
v -3.385745 1.377243 0.594653
v -3.385745 1.377243 1.175885
v -3.385745 1.377243 1.757118
v -3.385745 1.377243 2.047734
v -3.385745 1.377243 2.338349
v -3.400984 1.377243 2.338349
v -4.897007 1.377243 2.338349
v -4.906170 1.276749 2.338349
v -5.046624 1.276749 2.302786
v -5.187078 1.276749 2.248725
v -5.467985 1.276749 2.102294
v -5.608438 1.276749 2.017824
v -5.748892 1.276749 1.928212
v -5.889346 1.276749 1.826876
v -6.029799 1.276749 1.696226
v -6.149749 1.276749 1.470486
v -6.222799 1.276749 1.262334
v -6.306981 1.276749 0.846030
v -6.379062 1.276749 0.429726
v -6.426595 1.276749 0.013421
v -6.426595 1.276749 -2.311507
v -6.236542 1.276749 -2.311507
v -6.046489 1.276749 -2.311507
v -5.856436 1.276749 -2.311507
v -5.666382 1.276749 -2.311507
v -5.286276 1.276749 -2.311507
v -5.096223 1.276749 -2.311507
v -4.906170 1.276749 -2.311507
v -4.897007 1.276749 -2.311507
v -3.400984 1.276749 -2.311507
v -3.385745 1.276749 -2.311507
v -3.385745 1.276749 0.013421
v -3.385745 1.276749 0.594653
v -3.385745 1.276749 1.175885
v -3.385745 1.276749 1.757118
v -3.385745 1.276749 2.047734
v -3.385745 1.276749 2.338350
v -3.400984 1.276749 2.338350
v -4.897007 1.276749 2.338349
v -3.388480 1.383511 -2.311507
v -3.388480 1.377243 -2.311507
v -3.388480 1.276749 -2.311507
v -3.388480 1.267956 -2.311507
v -3.388480 1.267956 0.013421
v -3.388480 1.267956 0.594653
v -3.388480 1.267956 1.175885
v -3.388480 1.267956 1.757118
v -3.388480 1.267956 2.047734
v -3.388480 1.267956 2.338350
v -3.388480 1.276749 2.338350
v -3.388480 1.377243 2.338349
v -3.388480 1.383511 2.338350
v -3.388480 1.383511 2.047734
v -3.388480 1.383511 1.757118
v -3.388480 1.383511 1.175885
v -3.388480 1.383511 0.594653
v -3.388480 1.383511 0.013421
v -3.388480 1.383511 -2.303806
v -3.400984 1.383511 -2.303806
v -4.897007 1.383511 -2.303806
v -4.906170 1.383511 -2.303806
v -5.096223 1.383511 -2.303806
v -5.286276 1.383511 -2.303806
v -5.666382 1.383511 -2.303806
v -5.856436 1.383511 -2.303806
v -6.046489 1.383511 -2.303806
v -6.236542 1.383511 -2.303806
v -6.426595 1.383511 -2.303806
v -6.426595 1.377243 -2.303806
v -6.426595 1.276749 -2.303806
v -6.426595 1.267956 -2.303806
v -6.236542 1.267956 -2.303806
v -6.046489 1.267956 -2.303806
v -5.856436 1.267956 -2.303806
v -5.666382 1.267956 -2.303806
v -5.286276 1.267956 -2.303806
v -5.096223 1.267956 -2.303806
v -4.906170 1.267956 -2.303806
v -4.897007 1.267956 -2.303806
v -3.400984 1.267956 -2.303806
v -3.388480 1.267956 -2.303806
v -3.385745 1.267956 -2.303806
v -3.385745 1.276749 -2.303806
v -3.385745 1.377243 -2.303806
v -3.385745 1.383511 -2.303806
vt 0.394437 -0.035769
vt 0.597262 -0.041115
vt 0.398317 0.239786
vt 0.599035 0.226766
vt 0.374906 0.498580
vt 0.598663 0.497047
vt 0.377576 0.769421
vt 0.601174 0.767266
vt 0.408438 1.013250
vt 0.604309 1.045398
vt 0.876196 -0.044806
vt 0.878586 0.225100
vt 0.148917 -0.031709
vt 0.151919 0.240444
vt 0.487857 0.229054
vt 0.486755 0.497777
vt 0.489346 0.768363
vt 0.485903 -0.038484
vt 0.493749 1.045775
vt 0.291648 0.239524
vt 0.373453 0.357713
vt 0.288430 -0.033468
vt 0.379417 0.908692
vt 0.490430 0.908023
vt 0.602441 0.906589
vt 0.736630 -0.043288
vt 0.597705 0.359182
vt 0.738910 0.226260
vt 0.485283 0.358469
vt 0.445102 0.233284
vt 0.429339 0.357108
vt 0.430825 0.498116
vt 0.433470 0.768899
vt 0.435008 0.908843
vt 0.442309 -0.037186
vt 0.453057 1.035194
vt 0.467020 0.230824
vt 0.457260 0.357714
vt 0.458788 0.497941
vt 0.461406 0.768634
vt 0.462631 0.908555
vt 0.464640 -0.037864
vt 0.474228 1.042284
vt 0.477579 0.229851
vt 0.471249 0.358082
vt 0.472771 0.497858
vt 0.475375 0.768499
vt 0.476509 0.908307
vt 0.475410 -0.038182
vt 0.484233 1.044541
vt 0.422492 0.236051
vt 0.401477 0.357099
vt 0.402865 0.498328
vt 0.405528 0.769159
vt 0.407307 0.908828
vt 0.419276 -0.036488
vt 0.431417 1.026042
vt 0.433869 0.234647
vt 0.415414 0.357026
vt 0.416845 0.498217
vt 0.419500 0.769029
vt 0.421170 0.908878
vt 0.430862 -0.036837
vt 0.442294 1.030856
vt 0.410794 0.237498
vt 0.387502 0.357335
vt 0.388885 0.498449
vt 0.391554 0.769289
vt 0.393389 0.908706
vt 0.407347 -0.036136
vt 0.420457 1.020494
vt 0.342573 0.239516
vt 0.379316 0.303423
vt 0.339107 -0.034434
vt 0.386747 0.959454
vt 0.404728 0.962369
vt 0.416953 0.965082
vt 0.429215 0.967529
vt 0.441524 0.969745
vt 0.466275 0.973561
vt 0.478717 0.975198
vt 0.491217 0.976650
vt 0.603329 0.975875
vt 0.666912 -0.042314
vt 0.598007 0.292377
vt 0.669007 0.226625
vt 0.485049 0.291675
vt 0.472333 0.292339
vt 0.459669 0.293101
vt 0.434499 0.295026
vt 0.421984 0.296369
vt 0.409557 0.298125
vt 0.397248 0.300474
vt 0.316947 0.239495
vt 0.375188 0.331567
vt 0.313619 -0.033923
vt 0.381744 0.933327
vt 0.398510 0.935177
vt 0.411562 0.936837
vt 0.424618 0.938235
vt 0.437696 0.939422
vt 0.463981 0.941241
vt 0.477229 0.941918
vt 0.490578 0.942434
vt 0.602843 0.941243
vt 0.701764 -0.042822
vt 0.597752 0.325586
vt 0.703965 0.226464
vt 0.484848 0.324673
vt 0.471351 0.324796
vt 0.457948 0.325036
vt 0.431363 0.325934
vt 0.418162 0.326781
vt 0.405022 0.327976
vt 0.391943 0.329622
vt 0.368414 0.239597
vt 0.384876 0.273058
vt 0.364778 -0.035009
vt 0.393716 0.985657
vt 0.411899 0.989748
vt 0.423329 0.993368
vt 0.434891 0.996720
vt 0.446465 0.999906
vt 0.469579 1.005730
vt 0.481033 1.008420
vt 0.492439 1.010922
vt 0.603870 1.010565
vt 0.632076 -0.041750
vt 0.598481 0.259513
vt 0.634032 0.226732
vt 0.486096 0.259756
vt 0.474346 0.261070
vt 0.462532 0.262352
vt 0.438844 0.265012
vt 0.426922 0.266394
vt 0.415043 0.268060
vt 0.403297 0.270315
vt 0.382072 0.239670
vt 0.389239 0.255868
vt 0.378332 -0.035343
vt 0.399417 0.998477
vt 0.415555 1.003505
vt 0.426954 1.007321
vt 0.438263 1.011134
vt 0.449513 1.014845
vt 0.471784 1.021805
vt 0.482645 1.025107
vt 0.493145 1.028242
vt 0.604111 1.027962
vt 0.614666 -0.041443
vt 0.598758 0.243142
vt 0.616536 0.226759
vt 0.486944 0.244311
vt 0.475913 0.246236
vt 0.464614 0.247959
vt 0.441676 0.251000
vt 0.430008 0.252323
vt 0.418279 0.253614
vt 0.406500 0.254970
vt 0.596146 -0.041089
vt 0.603201 1.045401
vt 0.597920 0.226789
vt 0.597638 0.243154
vt 0.597355 0.259516
vt 0.596875 0.292370
vt 0.596621 0.325577
vt 0.596579 0.359175
vt 0.597542 0.497054
vt 0.600054 0.767277
vt 0.601318 0.906603
vt 0.601718 0.941255
vt 0.602206 0.975883
vt 0.602753 1.010568
vt 0.602999 1.027965
vt 0.488527 0.229040
vt 0.487618 0.244304
vt 0.486773 0.259754
vt 0.485729 0.291680
vt 0.485528 0.324679
vt 0.485960 0.358473
vt 0.487429 0.497772
vt 0.490020 0.768356
vt 0.491105 0.908015
vt 0.491254 0.942427
vt 0.491892 0.976646
vt 0.493110 1.010920
vt 0.493814 1.028240
vt 0.486574 -0.038500
vt 0.494415 1.045773
vt 0.487751 0.214542
vt 0.477461 0.215312
vt 0.466891 0.216249
vt 0.444950 0.218613
vt 0.433706 0.219921
vt 0.422318 0.221268
vt 0.410607 0.222656
vt 0.398107 0.224839
vt 0.381870 0.224753
vt 0.368216 0.224702
vt 0.342385 0.224656
vt 0.316767 0.224664
vt 0.291474 0.224717
vt 0.151756 0.225682
vt 0.375051 0.513271
vt 0.389030 0.513140
vt 0.403009 0.513019
vt 0.416989 0.512907
vt 0.430968 0.512804
vt 0.458930 0.512623
vt 0.472912 0.512538
vt 0.486896 0.512454
vt 0.487570 0.512449
vt 0.597678 0.511712
vt 0.598800 0.511704
vt 0.878456 0.210460
vt 0.738786 0.211639
vt 0.703846 0.211858
vt 0.668893 0.212038
vt 0.633925 0.212169
vt 0.616435 0.212211
vt 0.598938 0.212236
vt 0.597824 0.212259
vt 0.488421 0.214529
vt 0.486052 -0.018126
vt 0.475575 -0.017787
vt 0.464821 -0.017419
vt 0.442521 -0.016605
vt 0.431091 -0.016179
vt 0.419520 -0.015750
vt 0.407609 -0.015314
vt 0.394732 -0.014801
vt 0.378616 -0.014416
vt 0.365055 -0.014114
vt 0.339371 -0.013588
vt 0.313872 -0.013117
vt 0.288675 -0.012695
vt 0.149145 -0.011000
vt 0.377373 0.748812
vt 0.391351 0.748680
vt 0.405326 0.748551
vt 0.419298 0.748422
vt 0.433269 0.748294
vt 0.461207 0.748036
vt 0.475177 0.747905
vt 0.489149 0.747773
vt 0.489823 0.747767
vt 0.599862 0.746715
vt 0.600983 0.746704
vt 0.876378 -0.024268
vt 0.736803 -0.022777
vt 0.701932 -0.022331
vt 0.667071 -0.021849
vt 0.632225 -0.021321
vt 0.614808 -0.021034
vt 0.597397 -0.020731
vt 0.596281 -0.020705
vt 0.486723 -0.018142
vt 0.598462 0.497048
vt 0.598598 0.511706
vt 0.600782 0.746706
vt 0.600973 0.767268
vt 0.602239 0.906592
vt 0.602641 0.941246
vt 0.603128 0.975877
vt 0.603670 1.010565
vt 0.603911 1.027962
vt 0.597062 -0.041111
vt 0.604110 1.045398
vt 0.597197 -0.020727
vt 0.598738 0.212240
vt 0.598835 0.226771
vt 0.598557 0.243144
vt 0.598279 0.259514
vt 0.597804 0.292376
vt 0.597549 0.325585
vt 0.597503 0.359181
vt 0.598459 0.496592
vt 0.597539 0.496598
vt 0.487425 0.497311
vt 0.486750 0.497315
vt 0.472766 0.497395
vt 0.458782 0.497476
vt 0.430820 0.497649
vt 0.416840 0.497750
vt 0.402860 0.497861
vt 0.388881 0.497982
vt 0.152382 0.240441
vt 0.374901 0.498113
vt 0.152219 0.225679
vt 0.149607 -0.011006
vt 0.149379 -0.031715
vt 0.377582 0.769883
vt 0.391560 0.769751
vt 0.405534 0.769622
vt 0.419506 0.769493
vt 0.433475 0.769363
vt 0.461410 0.769097
vt 0.475379 0.768962
vt 0.489350 0.768826
vt 0.490024 0.768819
vt 0.600058 0.767738
vt 0.600977 0.767729
vt 0.601179 0.767727
vt 0.875734 -0.044801
vt 0.875916 -0.024263
vt 0.877994 0.210464
vt 0.598660 0.496590
vt 0.878123 0.225104
vn -0.681090 0.000000 0.732199
vn -0.636772 0.000000 0.771052
vn -0.636771 0.000000 0.771053
vn -0.681090 0.000000 0.732200
vn 0.000000 1.000000 -0.000000
vn 0.000000 1.000000 -0.000000
vn 0.000000 1.000000 -0.000000
vn 0.000000 1.000000 -0.000000
vn 0.000000 0.000000 -1.000000
vn 0.000000 0.000000 -1.000000
vn 0.000000 0.000000 -1.000000
vn 0.000000 0.000000 -1.000000
vn -0.000000 -1.000000 0.000000
vn -0.000000 -1.000000 0.000000
vn -0.000000 -1.000000 0.000000
vn -0.000000 -1.000000 0.000000
vn 1.000000 0.000000 0.000000
vn 1.000000 0.000000 0.000000
vn 1.000000 0.000000 0.000000
vn 1.000000 0.000000 0.000000
vn -0.913688 0.000000 0.406417
vn -0.883075 0.000000 0.469233
vn -0.883075 0.000000 0.469233
vn -0.913688 0.000000 0.406417
vn 0.000000 1.000000 0.000000
vn 0.000000 1.000000 0.000000
vn 0.000000 1.000000 -0.000000
vn 0.000000 1.000000 0.000000
vn 0.000000 0.000000 -1.000000
vn 0.000000 0.000000 -1.000000
vn 0.000000 0.000000 -1.000000
vn 0.000000 0.000000 -1.000000
vn -0.000000 -1.000000 0.000000
vn -0.000000 -1.000000 0.000000
vn -0.000000 -1.000000 0.000000
vn -0.000000 -1.000000 0.000000
vn 0.000000 0.000001 1.000000
vn -0.231257 0.000000 0.972893
vn -0.231258 0.000000 0.972892
vn -0.000000 0.000000 1.000000
vn -1.000000 0.000000 -0.000000
vn -0.999849 0.000000 0.017386
vn -0.999849 0.000000 0.017386
vn -1.000000 0.000000 -0.000000
vn -0.000000 -1.000000 0.000000
vn -0.000000 -1.000000 0.000000
vn -0.000000 -1.000000 0.000000
vn -0.000000 -1.000000 0.000000
vn -0.000000 -1.000000 0.000000
vn -0.000000 -1.000000 0.000000
vn -0.000000 -1.000000 0.000000
vn -0.000000 -1.000000 0.000000
vn 1.000000 0.000000 0.000000
vn 1.000000 0.000000 0.000000
vn 1.000000 0.000000 0.000000
vn 1.000000 0.000000 0.000000
vn 0.000000 1.000000 -0.000000
vn 0.000000 1.000000 -0.000000
vn 0.000000 1.000000 -0.000000
vn 0.000000 1.000000 -0.000000
vn 0.000000 1.000000 -0.000000
vn 0.000000 1.000000 -0.000000
vn 0.000000 1.000000 -0.000000
vn 0.000000 1.000000 -0.000000
vn 0.000000 1.000000 -0.000000
vn 0.000000 1.000000 -0.000000
vn 0.000000 1.000000 -0.000000
vn 0.000000 1.000000 -0.000000
vn 0.000000 1.000000 -0.000000
vn 0.000000 1.000000 -0.000000
vn 0.000000 1.000000 -0.000000
vn 0.000000 1.000000 -0.000000
vn 0.000000 0.000000 -1.000000
vn 0.000000 0.000000 -1.000000
vn 0.000000 0.000000 -1.000000
vn 0.000000 0.000000 -1.000000
vn -0.000000 -1.000000 0.000000
vn -0.000000 -1.000000 0.000000
vn -0.000000 -1.000000 0.000000
vn -0.000000 -1.000000 0.000000
vn -0.000000 -1.000000 0.000000
vn -0.000000 -1.000000 0.000000
vn -0.000000 -1.000000 0.000000
vn -0.000000 -1.000000 0.000000
vn -0.480564 0.000000 0.876960
vn -0.480564 0.000000 0.876960
vn -0.429659 0.000000 0.902991
vn -0.429659 0.000000 0.902991
vn 0.000000 1.000000 -0.000000
vn 0.000000 1.000000 -0.000000
vn 0.000000 1.000000 -0.000000
vn 0.000000 1.000000 -0.000000
vn 0.000000 0.000000 -1.000000
vn 0.000000 0.000000 -1.000000
vn -0.000000 -1.000000 0.000000
vn -0.000000 -1.000000 0.000000
vn -0.000000 -1.000000 0.000000
vn -0.000000 -1.000000 0.000000
vn -0.303956 0.000000 0.952686
vn -0.303955 0.000000 0.952686
vn 0.000000 1.000000 -0.000000
vn 0.000000 1.000000 -0.000000
vn 0.000000 1.000000 -0.000000
vn 0.000000 1.000000 -0.000000
vn 0.000000 1.000000 -0.000000
vn 0.000000 1.000000 -0.000000
vn 0.000000 1.000000 -0.000000
vn 0.000000 1.000000 -0.000000
vn 0.000000 0.000000 -1.000000
vn 0.000000 0.000000 -1.000000
vn 0.000000 0.000000 -1.000000
vn 0.000000 0.000000 -1.000000
vn -0.000000 -1.000000 0.000000
vn -0.000000 -1.000000 0.000000
vn -0.000000 -1.000000 0.000000
vn -0.000000 -1.000000 0.000000
vn -0.000000 -1.000000 0.000000
vn -0.000000 -1.000000 0.000000
vn -0.000000 -1.000000 0.000000
vn -0.000000 -1.000000 0.000000
vn -0.562173 0.000000 0.827020
vn -0.562173 0.000000 0.827020
vn -0.526764 0.000000 0.850012
vn -0.526764 0.000000 0.850012
vn -0.989838 0.000000 0.142202
vn -0.982840 0.000000 0.184458
vn -0.982840 0.000000 0.184458
vn -0.989838 0.000000 0.142202
vn -0.000000 -1.000000 0.000000
vn -0.000000 -1.000000 0.000000
vn -0.000000 -1.000000 0.000000
vn -0.000000 -1.000000 0.000000
vn -0.000000 -1.000000 0.000000
vn -0.000000 -1.000000 0.000000
vn -0.000000 -1.000000 0.000000
vn -0.000000 -1.000000 0.000000
vn -0.000000 -1.000000 0.000000
vn -0.000000 -1.000000 0.000000
vn -0.000000 -1.000000 0.000000
vn -0.000000 -1.000000 0.000000
vn -0.000000 -1.000000 0.000000
vn -0.000000 -1.000000 0.000000
vn -0.000000 -1.000000 0.000000
vn -0.000000 -1.000000 0.000000
vn -0.000000 -1.000000 0.000000
vn -0.000000 -1.000000 0.000000
vn 1.000000 0.000000 0.000000
vn 1.000000 0.000000 0.000000
vn 1.000000 0.000000 0.000000
vn 1.000000 0.000000 0.000000
vn 0.000000 1.000000 -0.000000
vn 0.000000 1.000000 -0.000000
vn 0.000000 1.000000 -0.000000
vn 0.000000 1.000000 -0.000000
vn 0.000000 1.000000 -0.000000
vn 0.000000 1.000000 -0.000000
vn 0.000000 1.000000 -0.000000
vn 0.000000 1.000000 -0.000000
vn 0.000000 1.000000 -0.000000
vn 0.000000 1.000000 -0.000000
vn 0.000000 1.000000 -0.000000
vn 0.000000 1.000000 -0.000000
vn 0.000000 1.000000 -0.000000
vn 0.000000 1.000000 -0.000000
vn 0.000000 1.000000 -0.000000
vn 0.000000 1.000000 -0.000000
vn 0.000000 1.000000 -0.000000
vn 0.000000 1.000000 -0.000000
vn -0.969733 0.000000 0.244169
vn -0.969733 0.000000 0.244169
vn -0.000000 -1.000000 0.000000
vn -0.000000 -1.000000 0.000000
vn -0.000000 -1.000000 0.000000
vn -0.000000 -1.000000 0.000000
vn -0.000000 -1.000000 0.000000
vn -0.000000 -1.000000 0.000000
vn -0.000000 -1.000000 0.000000
vn -0.000000 -1.000000 0.000000
vn -0.000000 -1.000000 0.000000
vn 1.000000 0.000000 0.000000
vn 1.000000 0.000000 0.000000
vn 0.000000 1.000000 -0.000000
vn 0.000000 1.000000 -0.000000
vn 0.000000 1.000000 -0.000000
vn 0.000000 1.000000 -0.000000
vn 0.000000 1.000000 -0.000000
vn 0.000000 1.000000 -0.000000
vn 0.000000 1.000000 -0.000000
vn 0.000000 1.000000 -0.000000
vn 0.000000 1.000000 -0.000000
vn 0.000000 0.000001 1.000000
vn -0.000000 0.000000 1.000000
vn 0.000000 0.000000 1.000000
vn 0.000000 0.000002 1.000000
vn 0.000000 1.000000 -0.000000
vn 0.000000 1.000000 0.000000
vn 0.000000 1.000000 0.000000
vn 0.000000 1.000000 0.000000
vn 0.000000 1.000000 -0.000000
vn 0.000000 1.000000 0.000000
vn 0.000000 1.000000 -0.000000
vn 0.000000 1.000000 0.000000
vn 0.000000 1.000000 -0.000000
vn 0.000000 1.000000 0.000000
vn 0.000000 1.000000 -0.000000
vn 0.000000 1.000000 0.000000
vn 0.000000 1.000000 -0.000000
vn 0.000000 1.000000 0.000000
vn 0.000000 0.000000 -1.000000
vn 0.000000 0.000000 -1.000000
vn 0.000000 0.000000 -1.000000
vn 0.000000 0.000000 -1.000000
vn 0.000000 -1.000000 0.000000
vn -0.000000 -1.000000 0.000000
vn -0.000000 -1.000000 0.000000
vn 0.000000 -1.000000 0.000000
vn 0.000000 -1.000000 0.000000
vn -0.000000 -1.000000 0.000000
vn 0.000000 -1.000000 0.000000
vn -0.000000 -1.000000 0.000000
vn 0.000000 -1.000000 0.000000
vn -0.000000 -1.000000 0.000000
vn 0.000000 -1.000000 0.000000
vn -0.000000 -1.000000 0.000000
vn -0.000000 -1.000000 0.000000
vn 0.000000 -1.000000 0.000000
vn -0.303956 -0.000000 0.952686
vn -0.303955 0.000000 0.952686
vn -0.231257 0.000000 0.972893
vn -0.231257 0.000000 0.972893
vn -0.429660 -0.000000 0.902991
vn -0.429659 -0.000000 0.902991
vn -0.480564 0.000000 0.876960
vn -0.480564 0.000000 0.876960
vn -0.526763 0.000000 0.850012
vn -0.526764 0.000000 0.850012
vn -0.562172 0.000000 0.827020
vn -0.562173 0.000000 0.827020
vn -0.636771 0.000000 0.771053
vn -0.636771 0.000000 0.771053
vn -0.681090 0.000000 0.732200
vn -0.681090 0.000000 0.732199
vn -0.913688 0.000000 0.406417
vn -0.883075 0.000000 0.469233
vn -0.883074 0.000000 0.469233
vn -0.913688 0.000000 0.406417
vn -0.969733 0.000000 0.244169
vn -0.969733 0.000000 0.244169
vn -0.982840 0.000000 0.184458
vn -0.982840 0.000000 0.184458
vn -0.989838 0.000000 0.142202
vn -0.989838 0.000000 0.142202
vn -0.999849 0.000000 0.017386
vn -0.999849 0.000000 0.017386
vn -1.000000 0.000000 -0.000000
vn -1.000000 0.000000 -0.000000
vn 0.000000 0.000000 -1.000000
vn 0.000000 0.000000 -1.000000
vn 0.000000 0.000000 -1.000000
vn 0.000000 0.000000 -1.000000
vn 0.000000 0.000000 -1.000000
vn 0.000000 0.000000 -1.000000
vn 0.000000 0.000000 -1.000000
vn 0.000000 0.000000 -1.000000
vn 0.000000 0.000000 -1.000000
vn 0.000000 0.000000 -1.000000
vn 0.000000 0.000000 -1.000000
vn 0.000000 0.000000 -1.000000
vn 0.000000 0.000000 -1.000000
vn 0.000000 0.000000 -1.000000
vn 0.000000 0.000000 -1.000000
vn 0.000000 0.000000 -1.000000
vn 0.000000 0.000000 -1.000000
vn 0.000000 0.000000 -1.000000
vn 0.000000 0.000000 -1.000000
vn 0.000000 0.000000 -1.000000
vn 0.000000 0.000000 -1.000000
vn 0.000000 0.000000 -1.000000
vn 1.000000 0.000000 0.000000
vn 1.000000 0.000000 0.000000
vn 1.000000 0.000000 0.000000
vn 1.000000 0.000000 0.000000
vn 1.000000 0.000000 0.000000
vn 1.000000 0.000000 0.000000
vn 1.000000 0.000000 0.000000
vn 1.000000 0.000000 0.000000
vn 1.000000 0.000000 0.000000
vn 1.000000 0.000000 0.000000
vn 1.000000 0.000000 0.000000
vn 1.000000 0.000000 0.000000
vn 1.000000 0.000000 0.000000
vn 1.000000 0.000000 0.000000
vn -0.000000 -0.000022 1.000000
vn 0.000000 0.000000 1.000000
vn 0.000000 -0.000000 1.000000
vn 0.000000 -0.000043 1.000000
vn -0.000000 -0.000021 1.000000
vn 0.000000 -0.000000 1.000000
vn 0.000000 0.000000 -1.000000
vn 0.000000 0.000000 -1.000000
vn 0.000000 0.000000 -1.000000
vn 0.000000 0.000000 -1.000000
vn 0.000000 -1.000000 0.000000
vn 0.000000 -1.000000 0.000000
vn 0.000000 -1.000000 0.000000
vn 0.000000 -1.000000 0.000000
vn 0.000000 -1.000000 0.000000
vn 0.000000 -1.000000 0.000000
vn 0.000000 -1.000000 0.000000
vn 0.000000 0.000000 1.000000
vn 0.000000 0.000002 1.000000
vn 0.000000 0.000000 1.000000
vn 0.000000 -0.000043 1.000000
vn 0.000000 1.000000 0.000000
vn 0.000000 1.000000 0.000000
vn 0.000000 1.000000 0.000000
vn 0.000000 1.000000 0.000000
vn 0.000000 1.000000 0.000000
vn 0.000000 1.000000 0.000000
vn 0.000000 1.000000 0.000000
vn 0.000000 1.000000 0.000000
vn 0.000000 1.000000 0.000000
vn 0.000000 1.000000 0.000000
vn 0.000000 1.000000 0.000000
vn 0.000000 1.000000 0.000000
vn 0.000000 1.000000 0.000000
vn 0.000000 1.000000 0.000000
vn 0.000000 1.000000 0.000000
vn 0.000000 1.000000 0.000000
vn 0.000000 1.000000 0.000000
vn 0.000000 1.000000 0.000000
vn -1.000000 0.000000 0.000000
vn -1.000000 0.000000 0.000000
vn -1.000000 0.000000 0.000000
vn -1.000000 0.000000 0.000000
vn 0.000000 -1.000000 0.000000
vn 0.000000 -1.000000 0.000000
vn 0.000000 -1.000000 0.000000
vn 0.000000 -1.000000 0.000000
vn 0.000000 -1.000000 0.000000
vn 0.000000 -1.000000 0.000000
vn 0.000000 -1.000000 0.000000
vn 0.000000 -1.000000 0.000000
vn 0.000000 -1.000000 0.000000
vn 0.000000 -1.000000 0.000000
vn 0.000000 -1.000000 0.000000
vn 0.000000 -1.000000 0.000000
vn 1.000000 0.000000 0.000000
vn 1.000000 0.000000 0.000000
vn 1.000000 0.000000 0.000000
vn 1.000000 0.000000 0.000000
vn 0.000000 1.000000 0.000000
s 1
g pCube3
usemtl phong2SG
f 1659 1712 1851 1852
s 2
f 1661 1707 1784 1767
s 3
f 1858 1859 1710 1665
s 4
f 1768 1769 1712 1659
s 5
f 1660 1776 1873 1874
s 6
f 1768 1659 1852 1853
s 2
f 1667 1799 1800 1778
s 3
f 1669 1865 1866 1806
s 4
f 1670 1775 1811 1812
s 1
f 1876 1845 1670 1812
s 6
f 1908 1672 1857 1907
s 4
f 1908 1909 1711 1672
f 1807 1673 1915 1916
s 5
f 1869 1674 1919 1920
s 2
f 1676 1804 1897 1898
f 1671 1708 1904 1905
f 1677 1683 1780 1781
f 1901 1678 1684 1900
s 3
f 1680 1862 1863 1686
s 4
f 1681 1912 1913 1687
f 1682 1772 1773 1688
s 1
f 1848 1682 1688 1847
s 2
f 1683 1689 1779 1780
f 1900 1684 1690 1899
s 3
f 1686 1863 1864 1692
s 4
f 1687 1913 1914 1693
f 1688 1773 1774 1694
s 1
f 1847 1688 1694 1846
s 2
f 1689 1667 1778 1779
f 1899 1690 1676 1898
s 3
f 1692 1864 1865 1669
s 4
f 1693 1914 1915 1673
f 1694 1774 1775 1670
s 1
f 1846 1694 1670 1845
s 2
f 1695 1701 1782 1783
f 1903 1696 1702 1902
s 3
f 1698 1860 1861 1704
s 4
f 1699 1910 1911 1705
f 1700 1770 1771 1706
s 1
f 1850 1700 1706 1849
s 2
f 1701 1677 1781 1782
f 1902 1702 1678 1901
s 3
f 1704 1861 1862 1680
s 4
f 1705 1911 1912 1681
f 1706 1771 1772 1682
s 1
f 1849 1706 1682 1848
s 2
f 1707 1695 1783 1784
f 1904 1708 1696 1903
s 3
f 1710 1859 1860 1698
s 4
f 1711 1909 1910 1699
f 1712 1769 1770 1700
s 1
f 1851 1712 1700 1850
s 6
f 1732 1714 1855 1856
s 4
f 1732 1733 1715 1714
f 1716 1715 1733 1734
f 1717 1716 1734 1735
f 1718 1717 1735 1736
f 1719 1718 1736 1737
f 1720 1719 1737 1738
f 1721 1720 1738 1739
f 1809 1721 1739 1808
s 5
f 1871 1722 1740 1870
s 2
f 1724 1802 1803 1742
f 1725 1724 1742 1743
f 1726 1725 1743 1744
f 1727 1726 1744 1745
f 1728 1727 1745 1746
f 1729 1728 1746 1747
f 1730 1729 1747 1748
f 1713 1730 1748 1731
s 6
f 1672 1732 1856 1857
s 4
f 1672 1711 1733 1732
f 1734 1733 1711 1699
f 1735 1734 1699 1705
f 1736 1735 1705 1681
f 1737 1736 1681 1687
f 1738 1737 1687 1693
f 1739 1738 1693 1673
f 1808 1739 1673 1807
s 5
f 1870 1740 1674 1869
s 2
f 1742 1803 1804 1676
f 1743 1742 1676 1690
f 1744 1743 1690 1684
f 1745 1744 1684 1678
f 1746 1745 1678 1702
f 1747 1746 1702 1696
f 1748 1747 1696 1708
f 1731 1748 1708 1671
s 6
f 1714 1750 1854 1855
s 4
f 1714 1715 1751 1750
f 1752 1751 1715 1716
f 1753 1752 1716 1717
f 1754 1753 1717 1718
f 1755 1754 1718 1719
f 1756 1755 1719 1720
f 1757 1756 1720 1721
f 1810 1757 1721 1809
s 5
f 1872 1758 1722 1871
s 2
f 1760 1801 1802 1724
f 1761 1760 1724 1725
f 1762 1761 1725 1726
f 1763 1762 1726 1727
f 1764 1763 1727 1728
f 1765 1764 1728 1729
f 1766 1765 1729 1730
f 1749 1766 1730 1713
s 6
f 1750 1768 1853 1854
s 4
f 1750 1751 1769 1768
f 1770 1769 1751 1752
f 1771 1770 1752 1753
f 1772 1771 1753 1754
f 1773 1772 1754 1755
f 1774 1773 1755 1756
f 1775 1774 1756 1757
f 1811 1775 1757 1810
s 5
f 1873 1776 1758 1872
s 2
f 1778 1800 1801 1760
f 1779 1778 1760 1761
f 1780 1779 1761 1762
f 1781 1780 1762 1763
f 1782 1781 1763 1764
f 1783 1782 1764 1765
f 1784 1783 1765 1766
f 1767 1784 1766 1749
s 1
f 1875 1785 1886 1887
s 2
f 1787 1786 1889 1890
f 1788 1787 1890 1891
f 1789 1788 1891 1892
f 1790 1789 1892 1893
f 1791 1790 1893 1894
f 1896 1791 1894 1895
s 3
f 1793 1867 1879 1880
s 4
f 1881 1794 1917 1918
f 1882 1795 1794 1881
f 1883 1796 1795 1882
f 1884 1797 1796 1883
f 1885 1798 1797 1884
f 1785 1798 1885 1886
s 2
f 1799 1786 1787 1800
f 1801 1800 1787 1788
f 1802 1801 1788 1789
f 1803 1802 1789 1790
f 1804 1803 1790 1791
f 1897 1804 1791 1896
s 3
f 1806 1866 1867 1793
s 4
f 1794 1807 1916 1917
f 1795 1808 1807 1794
f 1796 1809 1808 1795
f 1797 1810 1809 1796
f 1798 1811 1810 1797
f 1812 1811 1798 1785
s 1
f 1876 1812 1785 1875
f 1689 1814 1813 1667
f 1683 1815 1814 1689
f 1677 1816 1815 1683
f 1701 1817 1816 1677
f 1695 1818 1817 1701
f 1707 1819 1818 1695
f 1820 1819 1707 1661
s 6
f 1821 1820 1661 1767
f 1822 1821 1767 1749
f 1823 1822 1749 1713
f 1824 1823 1713 1731
f 1825 1824 1731 1671
f 1906 1825 1671 1905
s 3
f 1663 1709 1827 1826
f 1828 1827 1709 1697
f 1829 1828 1697 1703
f 1830 1829 1703 1679
f 1831 1830 1679 1685
f 1832 1831 1685 1691
f 1833 1832 1691 1668
f 1834 1833 1668 1805
f 1835 1834 1805 1792
f 1878 1835 1792 1877
s 5
f 1675 1837 1921 1922
f 1741 1838 1837 1675
f 1723 1839 1838 1741
f 1759 1840 1839 1723
f 1777 1841 1840 1759
f 1842 1841 1777 1662
s 1
f 1786 1843 1888 1889
f 1799 1844 1843 1786
f 1667 1813 1844 1799
f 1814 1846 1845 1813
f 1815 1847 1846 1814
f 1816 1848 1847 1815
f 1817 1849 1848 1816
f 1818 1850 1849 1817
f 1819 1851 1850 1818
f 1852 1851 1819 1820
s 6
f 1853 1852 1820 1821
f 1854 1853 1821 1822
f 1855 1854 1822 1823
f 1856 1855 1823 1824
f 1857 1856 1824 1825
f 1907 1857 1825 1906
s 3
f 1826 1827 1859 1858
f 1860 1859 1827 1828
f 1861 1860 1828 1829
f 1862 1861 1829 1830
f 1863 1862 1830 1831
f 1864 1863 1831 1832
f 1865 1864 1832 1833
f 1866 1865 1833 1834
f 1867 1866 1834 1835
f 1879 1867 1835 1878
s 5
f 1837 1869 1920 1921
f 1838 1870 1869 1837
f 1839 1871 1870 1838
f 1840 1872 1871 1839
f 1841 1873 1872 1840
f 1874 1873 1841 1842
s 1
f 1843 1875 1887 1888
f 1844 1876 1875 1843
f 1844 1813 1845 1876
s 3
f 1836 1878 1877 1664
f 1868 1879 1878 1836
f 1880 1879 1868 1666
s 4
f 1674 1881 1918 1919
f 1740 1882 1881 1674
f 1722 1883 1882 1740
f 1758 1884 1883 1722
f 1776 1885 1884 1758
f 1886 1885 1776 1660
s 1
f 1887 1886 1660 1874
f 1888 1887 1874 1842
f 1889 1888 1842 1662
s 2
f 1890 1889 1662 1777
f 1891 1890 1777 1759
f 1892 1891 1759 1723
f 1893 1892 1723 1741
f 1894 1893 1741 1675
f 1922 1895 1894 1675
f 1792 1896 1895 1877
f 1805 1897 1896 1792
f 1898 1897 1805 1668
f 1691 1899 1898 1668
f 1685 1900 1899 1691
f 1679 1901 1900 1685
f 1703 1902 1901 1679
f 1697 1903 1902 1703
f 1709 1904 1903 1697
f 1905 1904 1709 1663
s 6
f 1826 1906 1905 1663
f 1858 1907 1906 1826
f 1665 1908 1907 1858
s 4
f 1665 1710 1909 1908
f 1910 1909 1710 1698
f 1911 1910 1698 1704
f 1912 1911 1704 1680
f 1913 1912 1680 1686
f 1914 1913 1686 1692
f 1915 1914 1692 1669
f 1916 1915 1669 1806
f 1917 1916 1806 1793
f 1918 1917 1793 1880
f 1919 1918 1880 1666
s 5
f 1920 1919 1666 1868
f 1921 1920 1868 1836
f 1922 1921 1836 1664
s 2
f 1877 1895 1922 1664
g default
v -3.317186 1.244195 1.636608
v 1.674971 1.244195 1.636608
v -3.317186 1.418857 1.636608
v 1.674971 1.418857 1.636608
v -3.317186 1.418857 -2.323344
v 1.674971 1.418857 -2.323344
v -3.317186 1.244195 -2.323344
v 1.674971 1.244195 -2.323344
v 1.668725 1.418857 1.636608
v 1.668725 1.418857 -2.323344
v 1.668725 1.244195 -2.323344
v 1.668725 1.244195 1.636608
v 1.668725 1.409974 1.636608
v -3.317186 1.409974 1.636608
v -3.317186 1.409974 -2.323344
v 1.668725 1.409974 -2.323344
v 1.674971 1.409974 -2.323344
v 1.674971 1.409974 1.636608
v 1.674971 1.252266 1.636608
v 1.668725 1.252266 1.636608
v -3.317186 1.252266 1.636608
v -3.317186 1.252266 -2.323344
v 1.668725 1.252266 -2.323344
v 1.674971 1.252266 -2.323344
v 1.668725 1.418857 1.621746
v -3.317186 1.418857 1.621746
v -3.317186 1.409974 1.621746
v -3.317186 1.252266 1.621746
v -3.317186 1.244195 1.621746
v 1.668725 1.244195 1.621746
v 1.674971 1.244195 1.621746
v 1.674971 1.252266 1.621746
v 1.674971 1.409974 1.621746
v 1.674971 1.418857 1.621746
v -3.317186 1.418857 -2.317672
v -3.317186 1.409974 -2.317672
v -3.317186 1.252266 -2.317672
v -3.317186 1.244195 -2.317672
v 1.668725 1.244195 -2.317672
v 1.674971 1.244195 -2.317672
v 1.674971 1.252266 -2.317672
v 1.674971 1.409974 -2.317672
v 1.674971 1.418857 -2.317672
v 1.668725 1.418857 -2.317672
v -3.307541 1.409974 -2.323344
v -3.307541 1.252266 -2.323344
v -3.307541 1.244195 -2.323344
v -3.307541 1.244195 -2.317672
v -3.307541 1.244195 1.621746
v -3.307541 1.244195 1.636608
v -3.307541 1.252266 1.636608
v -3.307541 1.409974 1.636608
v -3.307541 1.418857 1.636608
v -3.307541 1.418857 1.621746
v -3.307541 1.418857 -2.317672
v -3.307541 1.418857 -2.323344
vt 0.375000 0.000000
vt 0.625000 0.000000
vt 0.375000 0.250000
vt 0.625000 0.250000
vt 0.375000 0.500000
vt 0.625000 0.500000
vt 0.375000 0.750000
vt 0.625000 0.750000
vt 0.375000 1.000000
vt 0.625000 1.000000
vt 0.875000 0.000000
vt 0.875000 0.250000
vt 0.125000 0.000000
vt 0.125000 0.250000
vt 0.624687 0.250000
vt 0.624687 0.500000
vt 0.624687 0.750000
vt 0.624687 0.000000
vt 0.624687 1.000000
vt 0.624687 0.237286
vt 0.375000 0.237286
vt 0.125000 0.237286
vt 0.375000 0.512714
vt 0.624687 0.512714
vt 0.625000 0.512714
vt 0.875000 0.237286
vt 0.625000 0.237286
vt 0.625000 0.011553
vt 0.624687 0.011553
vt 0.375000 0.011553
vt 0.125000 0.011553
vt 0.375000 0.738447
vt 0.624687 0.738447
vt 0.625000 0.738447
vt 0.875000 0.011553
vt 0.624687 0.250938
vt 0.374062 0.250000
vt 0.375000 0.250938
vt 0.374062 0.237286
vt 0.374062 0.011553
vt 0.374062 0.000000
vt 0.375000 0.999062
vt 0.624687 0.999062
vt 0.625000 0.999062
vt 0.625938 0.000000
vt 0.625938 0.011553
vt 0.625938 0.237286
vt 0.625000 0.250938
vt 0.625938 0.250000
vt 0.125358 0.250000
vt 0.375000 0.499642
vt 0.125358 0.237286
vt 0.125358 0.011553
vt 0.125358 0.000000
vt 0.375000 0.750358
vt 0.624687 0.750358
vt 0.625000 0.750358
vt 0.874642 0.000000
vt 0.874642 0.011553
vt 0.874642 0.237286
vt 0.625000 0.499642
vt 0.874642 0.250000
vt 0.624687 0.499642
vt 0.375483 0.512714
vt 0.375483 0.738447
vt 0.375483 0.750000
vt 0.375483 0.750358
vt 0.375483 0.999062
vt 0.375483 0.000000
vt 0.375483 1.000000
vt 0.375483 0.011553
vt 0.375483 0.237286
vt 0.375483 0.250000
vt 0.375483 0.250938
vt 0.375483 0.499642
vt 0.375483 0.500000
vn 0.000000 0.000000 1.000000
vn 0.000000 0.000000 1.000000
vn 0.000000 0.000000 1.000000
vn 0.000000 0.000000 1.000000
vn 0.000000 1.000000 0.000000
vn 0.000000 1.000000 0.000000
vn 0.000000 1.000000 0.000000
vn 0.000000 1.000000 0.000000
vn 0.000000 0.000000 -1.000000
vn 0.000000 0.000000 -1.000000
vn 0.000000 0.000000 -1.000000
vn 0.000000 0.000000 -1.000000
vn 0.000000 -1.000000 0.000000
vn 0.000000 -1.000000 0.000000
vn 0.000000 -1.000000 0.000000
vn 0.000000 -1.000000 0.000000
vn 1.000000 0.000000 0.000000
vn 1.000000 0.000000 0.000000
vn 1.000000 0.000000 0.000000
vn 1.000000 0.000000 0.000000
vn -1.000000 0.000000 0.000000
vn -1.000000 0.000000 0.000000
vn -1.000000 0.000000 0.000000
vn -1.000000 0.000000 0.000000
vn 0.000000 1.000000 0.000000
vn 0.000000 1.000000 0.000000
vn 0.000000 1.000000 0.000000
vn 0.000000 1.000000 0.000000
vn 0.000000 0.000000 -1.000000
vn 0.000000 0.000000 -1.000000
vn 0.000000 0.000000 -1.000000
vn 0.000000 0.000000 -1.000000
vn 0.000000 -1.000000 0.000000
vn 0.000000 -1.000000 0.000000
vn 0.000000 -1.000000 0.000000
vn 0.000000 -1.000000 0.000000
vn 0.000000 0.000000 1.000000
vn 0.000000 0.000000 1.000000
vn 0.000000 0.000000 1.000000
vn 0.000000 0.000000 1.000000
vn 0.000000 0.000000 1.000000
vn 0.000000 0.000000 1.000000
vn 0.000000 0.000000 1.000000
vn 0.000000 0.000000 1.000000
vn -1.000000 0.000000 0.000000
vn -1.000000 0.000000 0.000000
vn -1.000000 0.000000 0.000000
vn -1.000000 0.000000 0.000000
vn 0.000000 0.000000 -1.000000
vn 0.000000 0.000000 -1.000000
vn 0.000000 0.000000 -1.000000
vn 0.000000 0.000000 -1.000000
vn 0.000000 0.000000 -1.000000
vn 0.000000 0.000000 -1.000000
vn 0.000000 0.000000 -1.000000
vn 0.000000 0.000000 -1.000000
vn 1.000000 0.000000 0.000000
vn 1.000000 0.000000 0.000000
vn 1.000000 0.000000 0.000000
vn 1.000000 0.000000 0.000000
vn 0.000000 0.000000 1.000000
vn 0.000000 0.000000 1.000000
vn 0.000000 0.000000 1.000000
vn 0.000000 0.000000 1.000000
vn 0.000000 1.000000 0.000000
vn 0.000000 1.000000 0.000000
vn -1.000000 0.000000 0.000000
vn -1.000000 0.000000 0.000000
vn -1.000000 0.000000 0.000000
vn -1.000000 0.000000 0.000000
vn 0.000000 -1.000000 0.000000
vn 0.000000 -1.000000 0.000000
vn 0.000000 -1.000000 0.000000
vn 0.000000 -1.000000 0.000000
vn 1.000000 0.000000 0.000000
vn 1.000000 0.000000 0.000000
vn 1.000000 0.000000 0.000000
vn 1.000000 0.000000 0.000000
vn 0.000000 1.000000 0.000000
vn 0.000000 1.000000 0.000000
vn -1.000000 0.000000 0.000000
vn -1.000000 0.000000 0.000000
vn -1.000000 0.000000 0.000000
vn -1.000000 0.000000 0.000000
vn 0.000000 -1.000000 0.000000
vn 0.000000 -1.000000 0.000000
vn 0.000000 -1.000000 0.000000
vn 0.000000 -1.000000 0.000000
vn 1.000000 0.000000 0.000000
vn 1.000000 0.000000 0.000000
vn 1.000000 0.000000 0.000000
vn 1.000000 0.000000 0.000000
vn 0.000000 1.000000 0.000000
vn 0.000000 1.000000 0.000000
vn 0.000000 1.000000 0.000000
vn 0.000000 1.000000 0.000000
s 1
g pCube5
usemtl phong4SG
f 1923 1972 1973 1943
s 2
f 1925 1975 1976 1948
s 3
f 1944 1968 1969 1929
s 4
f 1951 1971 1972 1923
s 5
f 1924 1953 1954 1941
s 6
f 1951 1923 1943 1950
s 2
f 1931 1926 1956 1947
s 3
f 1933 1945 1946 1930
s 4
f 1934 1952 1953 1924
s 1
f 1941 1942 1934 1924
f 1936 1974 1975 1925
s 6
f 1949 1936 1925 1948
s 3
f 1927 1978 1967 1937
f 1939 1938 1932 1928
s 5
f 1940 1955 1956 1926
s 1
f 1931 1935 1940 1926
f 1940 1935 1942 1941
f 1943 1973 1974 1936
s 6
f 1950 1943 1936 1949
s 3
f 1937 1967 1968 1944
f 1946 1945 1938 1939
s 5
f 1941 1954 1955 1940
s 2
f 1948 1976 1977 1957
s 6
f 1958 1949 1948 1957
f 1959 1950 1949 1958
f 1960 1951 1950 1959
s 4
f 1960 1970 1971 1951
f 1953 1952 1961 1962
s 5
f 1954 1953 1962 1963
f 1955 1954 1963 1964
f 1956 1955 1964 1965
s 2
f 1947 1956 1965 1966
s 6
f 1937 1958 1957 1927
f 1944 1959 1958 1937
f 1929 1960 1959 1944
s 4
f 1929 1969 1970 1960
f 1962 1961 1933 1930
s 5
f 1963 1962 1930 1946
f 1964 1963 1946 1939
f 1965 1964 1939 1928
s 2
f 1966 1965 1928 1932
f 1957 1977 1978 1927
s 3
f 1967 1938 1945 1968
f 1969 1968 1945 1933
s 4
f 1970 1969 1933 1961
f 1971 1970 1961 1952
f 1972 1971 1952 1934
s 1
f 1973 1972 1934 1942
f 1974 1973 1942 1935
f 1975 1974 1935 1931
s 2
f 1976 1975 1931 1947
f 1977 1976 1947 1966
f 1978 1977 1966 1932
s 3
f 1967 1978 1932 1938
