v 0.000000 17.920097 8.235397
v 0.000000 -0.511256 8.235397
v -0.039338 17.920097 8.231524
v -0.039338 -0.511256 8.231524
v -0.077164 17.920097 8.220049
v -0.077164 -0.511256 8.220049
v -0.112025 17.920097 8.201415
v -0.112025 -0.511256 8.201415
v -0.142581 17.920097 8.176339
v -0.142581 -0.511256 8.176339
v -0.167657 17.920097 8.145783
v -0.167657 -0.511256 8.145783
v -0.186291 17.920097 8.110922
v -0.186291 -0.511256 8.110922
v -0.197765 17.920097 8.073096
v -0.197765 -0.511256 8.073096
v -0.201640 17.920097 8.033758
v -0.201640 -0.511256 8.033758
v -0.197765 17.920097 7.994420
v -0.197765 -0.511256 7.994420
v -0.186291 17.920097 7.956594
v -0.186291 -0.511256 7.956594
v -0.167657 17.920097 7.921733
v -0.167657 -0.511256 7.921733
v -0.142581 17.920097 7.891177
v -0.142581 -0.511256 7.891177
v -0.112025 17.920097 7.866101
v -0.112025 -0.511256 7.866101
v -0.077164 17.920097 7.847467
v -0.077164 -0.511256 7.847467
v -0.039338 17.920097 7.835993
v -0.039338 -0.511256 7.835993
v 0.000000 17.920097 7.832119
v 0.000000 -0.511256 7.832119
v 0.039338 17.920097 7.835993
v 0.039338 -0.511256 7.835993
v 0.077164 17.920097 7.847467
v 0.077164 -0.511256 7.847467
v 0.112025 17.920097 7.866101
v 0.112025 -0.511256 7.866101
v 0.142581 17.920097 7.891178
v 0.142581 -0.511256 7.891178
v 0.167657 17.920097 7.921733
v 0.167657 -0.511256 7.921733
v 0.186291 17.920097 7.956594
v 0.186291 -0.511256 7.956594
v 0.197765 17.920097 7.994421
v 0.197765 -0.511256 7.994421
v 0.201640 17.920097 8.033758
v 0.201640 -0.511256 8.033758
v 0.197765 17.920097 8.073096
v 0.197765 -0.511256 8.073096
v 0.186291 17.920097 8.110923
v 0.186291 -0.511256 8.110923
v 0.167657 17.920097 8.145783
v 0.167657 -0.511256 8.145783
v 0.142581 17.920097 8.176339
v 0.142581 -0.511256 8.176339
v 0.112025 17.920097 8.201416
v 0.112025 -0.511256 8.201416
v 0.077164 17.920097 8.220049
v 0.077164 -0.511256 8.220049
v 0.039338 17.920097 8.231524
v 0.039338 -0.511256 8.231524
v -0.961815 -0.724648 8.516066
v -0.951661 -0.724496 8.516150
v -0.939401 -0.724195 8.516212
v -0.924817 -0.723746 8.516256
v -0.907695 -0.723150 8.516286
v -0.887817 -0.722406 8.516303
v -0.864968 -0.721515 8.516312
v -0.838932 -0.720478 8.516315
v -0.961774 -0.724316 8.640795
v -0.961727 -0.723903 8.735363
v -0.961678 -0.723398 8.804029
v -0.961630 -0.722793 8.851051
v -0.961586 -0.722078 8.880689
v -0.961551 -0.721247 8.897196
v -0.961527 -0.720289 8.904834
v -0.970078 -0.724649 8.515960
v -0.976669 -0.724504 8.515839
v -0.981808 -0.724207 8.515712
v -0.985715 -0.723761 8.515587
v -0.988608 -0.723166 8.515473
v -0.990706 -0.722419 8.515382
v -0.992229 -0.721522 8.515320
v -0.961847 -0.724904 8.356919
v -0.961871 -0.725098 8.159106
v -0.961888 -0.725236 7.918375
v -0.961899 -0.725327 7.630476
v -0.961906 -0.725382 7.291158
v -0.961909 -0.725410 6.896174
v -0.961911 -0.725419 6.441274
v -0.951682 -0.724756 8.356976
v -0.939414 -0.724457 8.357017
v -0.924825 -0.724010 8.357047
v -0.907699 -0.723414 8.357066
v -0.887819 -0.722671 8.357078
v -0.864969 -0.721781 8.357084
v -0.838932 -0.720744 8.357086
v -0.951698 -0.724951 8.159141
v -0.939424 -0.724654 8.159167
v -0.924831 -0.724208 8.159184
v -0.907702 -0.723614 8.159198
v -0.887820 -0.722871 8.159205
v -0.864969 -0.721980 8.159208
v -0.838932 -0.720943 8.159210
v -0.951710 -0.725090 7.918395
v -0.939431 -0.724794 7.918409
v -0.924835 -0.724349 7.918419
v -0.907704 -0.723755 7.918427
v -0.887821 -0.723013 7.918430
v -0.864969 -0.722122 7.918433
v -0.838932 -0.721086 7.918433
v -0.951717 -0.725183 7.630485
v -0.939436 -0.724888 7.630493
v -0.924837 -0.724444 7.630497
v -0.907705 -0.723849 7.630501
v -0.887821 -0.723107 7.630504
v -0.864969 -0.722218 7.630504
v -0.838932 -0.721181 7.630504
v -0.951722 -0.725240 7.291162
v -0.939439 -0.724945 7.291165
v -0.924839 -0.724500 7.291166
v -0.907706 -0.723907 7.291169
v -0.887822 -0.723164 7.291169
v -0.864969 -0.722274 7.291170
v -0.838932 -0.721238 7.291170
v -0.951724 -0.725266 6.896176
v -0.939440 -0.724973 6.896176
v -0.924840 -0.724528 6.896177
v -0.907706 -0.723935 6.896177
v -0.887822 -0.723192 6.896177
v -0.864969 -0.722302 6.896177
v -0.838932 -0.721267 6.896177
v -0.951725 -0.725276 6.441273
v -0.939441 -0.724982 6.441273
v -0.924840 -0.724537 6.441273
v -0.907706 -0.723944 6.441274
v -0.887822 -0.723203 6.441273
v -0.864969 -0.722313 6.441274
v -0.838932 -0.721275 6.441273
v -0.951634 -0.724160 8.640913
v -0.951602 -0.723742 8.735522
v -0.951570 -0.723232 8.804236
v -0.951538 -0.722619 8.851308
v -0.951509 -0.721897 8.880994
v -0.951485 -0.721055 8.897551
v -0.951469 -0.720083 8.905236
v -0.939384 -0.723857 8.641002
v -0.939364 -0.723435 8.735643
v -0.939344 -0.722920 8.804390
v -0.939324 -0.722302 8.851500
v -0.939305 -0.721573 8.881223
v -0.939291 -0.720723 8.897818
v -0.939281 -0.719742 8.905538
v -0.924807 -0.723407 8.641066
v -0.924796 -0.722982 8.735728
v -0.924785 -0.722465 8.804501
v -0.924773 -0.721843 8.851635
v -0.924763 -0.721108 8.881387
v -0.924755 -0.720252 8.898008
v -0.924749 -0.719264 8.905754
v -0.907690 -0.722809 8.641107
v -0.907685 -0.722383 8.735786
v -0.907679 -0.721864 8.804575
v -0.907673 -0.721238 8.851727
v -0.907668 -0.720501 8.881495
v -0.907664 -0.719641 8.898134
v -0.907661 -0.718649 8.905897
v -0.887815 -0.722064 8.641132
v -0.887813 -0.721638 8.735821
v -0.887811 -0.721116 8.804619
v -0.887809 -0.720490 8.851781
v -0.887806 -0.719750 8.881561
v -0.887805 -0.718888 8.898211
v -0.887804 -0.717893 8.905984
v -0.864968 -0.721173 8.641146
v -0.864967 -0.720746 8.735838
v -0.864967 -0.720224 8.804642
v -0.864966 -0.719597 8.851809
v -0.864966 -0.718858 8.881594
v -0.864965 -0.717993 8.898249
v -0.864965 -0.716996 8.906028
v -0.838932 -0.720137 8.641150
v -0.838932 -0.719709 8.735844
v -0.838932 -0.719186 8.804648
v -0.838932 -0.718560 8.851818
v -0.838932 -0.717819 8.881605
v -0.838932 -0.716955 8.898262
v -0.838932 -0.715958 8.906041
v -0.970019 -0.724323 8.640642
v -0.976590 -0.724182 8.640470
v -0.981706 -0.723893 8.640287
v -0.985588 -0.723456 8.640109
v -0.988456 -0.722872 8.639949
v -0.990530 -0.722140 8.639818
v -0.992029 -0.721260 8.639729
v -0.969952 -0.723915 8.735157
v -0.976499 -0.723783 8.734922
v -0.981589 -0.723503 8.734674
v -0.985442 -0.723080 8.734432
v -0.988279 -0.722511 8.734208
v -0.990322 -0.721799 8.734026
v -0.991792 -0.720942 8.733901
v -0.969882 -0.723418 8.803764
v -0.976403 -0.723296 8.803460
v -0.981464 -0.723030 8.803137
v -0.985284 -0.722625 8.802814
v -0.988086 -0.722080 8.802513
v -0.990091 -0.721395 8.802261
v -0.991523 -0.720571 8.802088
v -0.969813 -0.722822 8.850723
v -0.976310 -0.722713 8.850344
v -0.981340 -0.722466 8.849936
v -0.985124 -0.722085 8.849522
v -0.987885 -0.721573 8.849121
v -0.989845 -0.720927 8.848781
v -0.991229 -0.720147 8.848541
v -0.969751 -0.722120 8.880295
v -0.976224 -0.722027 8.879837
v -0.981223 -0.721804 8.879336
v -0.984970 -0.721456 8.878814
v -0.987684 -0.720989 8.878293
v -0.989591 -0.720397 8.877839
v -0.990918 -0.719675 8.877515
v -0.969701 -0.721303 8.896739
v -0.976153 -0.721230 8.896201
v -0.981126 -0.721035 8.895603
v -0.984839 -0.720726 8.894964
v -0.987509 -0.720313 8.894305
v -0.989360 -0.719792 8.893706
v -0.990617 -0.719160 8.893247
v -0.969666 -0.720362 8.904316
v -0.976105 -0.720311 8.903701
v -0.981059 -0.720150 8.903004
v -0.984747 -0.719886 8.902243
v -0.987384 -0.719533 8.901434
v -0.989183 -0.719103 8.900653
v -0.990355 -0.718605 8.899976
v -0.970123 -0.724903 8.356849
v -0.970157 -0.725094 8.159061
v -0.970182 -0.725229 7.918349
v -0.970198 -0.725321 7.630462
v -0.970208 -0.725374 7.291153
v -0.970213 -0.725402 6.896173
v -0.970215 -0.725410 6.441274
v -0.976731 -0.724751 8.356769
v -0.976777 -0.724939 8.159012
v -0.976810 -0.725072 7.918321
v -0.976832 -0.725162 7.630447
v -0.976846 -0.725215 7.291148
v -0.976852 -0.725242 6.896172
v -0.976854 -0.725250 6.441274
v -0.981888 -0.724449 8.356683
v -0.981948 -0.724633 8.158958
v -0.981990 -0.724763 7.918290
v -0.982019 -0.724851 7.630432
v -0.982036 -0.724902 7.291141
v -0.982045 -0.724929 6.896171
v -0.982047 -0.724937 6.441273
v -0.985813 -0.723997 8.356601
v -0.985887 -0.724174 8.158907
v -0.985940 -0.724301 7.918261
v -0.985975 -0.724384 7.630418
v -0.985997 -0.724435 7.291136
v -0.986007 -0.724462 6.896168
v -0.986011 -0.724469 6.441272
v -0.988726 -0.723392 8.356525
v -0.988814 -0.723563 8.158859
v -0.988877 -0.723685 7.918233
v -0.988919 -0.723766 7.630404
v -0.988945 -0.723814 7.291130
v -0.988957 -0.723839 6.896168
v -0.988961 -0.723847 6.441272
v -0.990843 -0.722635 8.356463
v -0.990946 -0.722798 8.158821
v -0.991019 -0.722915 7.918211
v -0.991068 -0.722993 7.630394
v -0.991098 -0.723039 7.291126
v -0.991112 -0.723062 6.896166
v -0.991117 -0.723069 6.441272
v -0.992385 -0.721727 8.356422
v -0.992501 -0.721881 8.158795
v -0.992584 -0.721990 7.918197
v -0.992640 -0.722063 7.630386
v -0.992673 -0.722107 7.291122
v -0.992690 -0.722128 6.896165
v -0.992695 -0.722136 6.441272
v -0.961815 -0.482451 8.516064
v -0.961847 -0.481643 8.356918
v -0.961871 -0.481036 8.159104
v -0.961888 -0.480602 7.918372
v -0.961899 -0.480313 7.630473
v -0.961906 -0.480141 7.291156
v -0.961910 -0.480054 6.896172
v -0.961911 -0.480025 6.441271
v -0.970078 -0.483826 8.515958
v -0.976669 -0.485392 8.515837
v -0.981809 -0.487187 8.515709
v -0.985715 -0.489251 8.515585
v -0.988608 -0.491618 8.515471
v -0.990706 -0.494328 8.515380
v -0.992230 -0.497415 8.515318
v -0.961774 -0.483492 8.640793
v -0.961727 -0.484791 8.735360
v -0.961678 -0.486379 8.804027
v -0.961630 -0.488283 8.851050
v -0.961586 -0.490533 8.880687
v -0.961551 -0.493155 8.897194
v -0.961527 -0.496181 8.904832
v -0.951661 -0.481234 8.516148
v -0.939401 -0.480133 8.516209
v -0.924818 -0.479114 8.516254
v -0.907695 -0.478136 8.516284
v -0.887818 -0.477163 8.516301
v -0.864969 -0.476159 8.516310
v -0.838932 -0.475084 8.516314
v -0.951683 -0.480414 8.356974
v -0.951699 -0.479799 8.159139
v -0.951710 -0.479361 7.918392
v -0.951718 -0.479068 7.630483
v -0.951722 -0.478892 7.291160
v -0.951725 -0.478805 6.896173
v -0.951725 -0.478775 6.441271
v -0.939414 -0.479306 8.357015
v -0.939424 -0.478685 8.159164
v -0.939431 -0.478242 7.918406
v -0.939436 -0.477946 7.630490
v -0.939439 -0.477769 7.291163
v -0.939440 -0.477680 6.896174
v -0.939441 -0.477651 6.441270
v -0.924825 -0.478280 8.357045
v -0.924831 -0.477655 8.159183
v -0.924835 -0.477209 7.918417
v -0.924838 -0.476912 7.630496
v -0.924839 -0.476733 7.291166
v -0.924840 -0.476644 6.896174
v -0.924840 -0.476614 6.441270
v -0.907699 -0.477300 8.357064
v -0.907702 -0.476671 8.159195
v -0.907704 -0.476223 7.918425
v -0.907705 -0.475924 7.630500
v -0.907706 -0.475744 7.291167
v -0.907706 -0.475656 6.896175
v -0.907707 -0.475625 6.441271
v -0.887819 -0.476324 8.357076
v -0.887820 -0.475696 8.159203
v -0.887821 -0.475245 7.918429
v -0.887822 -0.474945 7.630502
v -0.887822 -0.474766 7.291168
v -0.887822 -0.474676 6.896175
v -0.887822 -0.474647 6.441271
v -0.864969 -0.475319 8.357082
v -0.864969 -0.474689 8.159206
v -0.864969 -0.474238 7.918431
v -0.864970 -0.473938 7.630502
v -0.864970 -0.473758 7.291169
v -0.864970 -0.473668 6.896176
v -0.864970 -0.473638 6.441271
v -0.838932 -0.474243 8.357084
v -0.838932 -0.473613 8.159208
v -0.838932 -0.473162 7.918432
v -0.838932 -0.472862 7.630503
v -0.838932 -0.472682 7.291169
v -0.838932 -0.472591 6.896175
v -0.838932 -0.472562 6.441271
v -0.970123 -0.483030 8.356847
v -0.976731 -0.484613 8.356766
v -0.981888 -0.486431 8.356681
v -0.985814 -0.488521 8.356598
v -0.988726 -0.490919 8.356524
v -0.990843 -0.493665 8.356462
v -0.992385 -0.496795 8.356421
v -0.970158 -0.482433 8.159060
v -0.976777 -0.484031 8.159008
v -0.981948 -0.485864 8.158957
v -0.985888 -0.487972 8.158904
v -0.988814 -0.490395 8.158856
v -0.990946 -0.493167 8.158818
v -0.992501 -0.496330 8.158793
v -0.970182 -0.482008 7.918347
v -0.976811 -0.483613 7.918317
v -0.981991 -0.485458 7.918287
v -0.985940 -0.487581 7.918258
v -0.988877 -0.490019 7.918231
v -0.991020 -0.492812 7.918209
v -0.992584 -0.495997 7.918195
v -0.970199 -0.481724 7.630460
v -0.976833 -0.483335 7.630445
v -0.982019 -0.485188 7.630431
v -0.985976 -0.487320 7.630416
v -0.988920 -0.489770 7.630402
v -0.991068 -0.492576 7.630391
v -0.992640 -0.495776 7.630384
v -0.970208 -0.481553 7.291151
v -0.976846 -0.483169 7.291146
v -0.982036 -0.485026 7.291140
v -0.985997 -0.487164 7.291134
v -0.988945 -0.489620 7.291129
v -0.991098 -0.492434 7.291123
v -0.992673 -0.495644 7.291121
v -0.970213 -0.481468 6.896172
v -0.976853 -0.483086 6.896169
v -0.982045 -0.484945 6.896168
v -0.986007 -0.487085 6.896166
v -0.988957 -0.489545 6.896166
v -0.991113 -0.492363 6.896164
v -0.992690 -0.495578 6.896164
v -0.970215 -0.481440 6.441271
v -0.976855 -0.483058 6.441271
v -0.982048 -0.484918 6.441271
v -0.986011 -0.487060 6.441271
v -0.988962 -0.489520 6.441271
v -0.991117 -0.492339 6.441271
v -0.992695 -0.495555 6.441271
v -0.970019 -0.484848 8.640640
v -0.969952 -0.486125 8.735155
v -0.969882 -0.487685 8.803762
v -0.969813 -0.489556 8.850721
v -0.969751 -0.491766 8.880293
v -0.969701 -0.494343 8.896737
v -0.969667 -0.497313 8.904314
v -0.976590 -0.486392 8.640467
v -0.976499 -0.487640 8.734921
v -0.976404 -0.489164 8.803457
v -0.976310 -0.490991 8.850342
v -0.976224 -0.493144 8.879835
v -0.976153 -0.495654 8.896198
v -0.976105 -0.498549 8.903698
v -0.981706 -0.488160 8.640285
v -0.981589 -0.489373 8.734673
v -0.981464 -0.490849 8.803135
v -0.981340 -0.492613 8.849934
v -0.981224 -0.494687 8.879333
v -0.981127 -0.497103 8.895600
v -0.981059 -0.499890 8.903002
v -0.985588 -0.490191 8.640107
v -0.985442 -0.491358 8.734428
v -0.985285 -0.492771 8.802813
v -0.985125 -0.494450 8.849520
v -0.984970 -0.496413 8.878812
v -0.984839 -0.498697 8.894961
v -0.984747 -0.501339 8.902241
v -0.988456 -0.492518 8.639946
v -0.988280 -0.493629 8.734206
v -0.988086 -0.494963 8.802511
v -0.987885 -0.496531 8.849119
v -0.987684 -0.498343 8.878291
v -0.987509 -0.500450 8.894303
v -0.987384 -0.502896 8.901432
v -0.990530 -0.495179 8.639815
v -0.990323 -0.496223 8.734023
v -0.990092 -0.497463 8.802259
v -0.989845 -0.498899 8.848779
v -0.989591 -0.500534 8.877837
v -0.989360 -0.502408 8.893705
v -0.989183 -0.504560 8.900652
v -0.992030 -0.498212 8.639727
v -0.991792 -0.499180 8.733898
v -0.991523 -0.500311 8.802085
v -0.991230 -0.501599 8.848539
v -0.990918 -0.503037 8.877514
v -0.990617 -0.504618 8.893245
v -0.990355 -0.506329 8.899975
v -0.951634 -0.482287 8.640912
v -0.939384 -0.481197 8.641000
v -0.924808 -0.480185 8.641063
v -0.907690 -0.479213 8.641107
v -0.887816 -0.478243 8.641130
v -0.864968 -0.477240 8.641144
v -0.838932 -0.476165 8.641148
v -0.951603 -0.483604 8.735521
v -0.939364 -0.482527 8.735641
v -0.924797 -0.481524 8.735727
v -0.907685 -0.480557 8.735785
v -0.887813 -0.479591 8.735819
v -0.864968 -0.478590 8.735836
v -0.838932 -0.477516 8.735842
v -0.951570 -0.485213 8.804234
v -0.939344 -0.484152 8.804388
v -0.924785 -0.483160 8.804500
v -0.907679 -0.482202 8.804573
v -0.887811 -0.481240 8.804617
v -0.864967 -0.480241 8.804639
v -0.838932 -0.479167 8.804646
v -0.951538 -0.487144 8.851305
v -0.939324 -0.486101 8.851497
v -0.924773 -0.485124 8.851634
v -0.907673 -0.484174 8.851725
v -0.887809 -0.483218 8.851780
v -0.864966 -0.482222 8.851807
v -0.838932 -0.481150 8.851816
v -0.951509 -0.489424 8.880992
v -0.939306 -0.488405 8.881221
v -0.924763 -0.487443 8.881385
v -0.907668 -0.486505 8.881495
v -0.887807 -0.485556 8.881559
v -0.864966 -0.484563 8.881593
v -0.838932 -0.483492 8.881603
v -0.951485 -0.492083 8.897550
v -0.939291 -0.491092 8.897816
v -0.924755 -0.490150 8.898006
v -0.907664 -0.489224 8.898133
v -0.887805 -0.488283 8.898210
v -0.864965 -0.487293 8.898248
v -0.838932 -0.486224 8.898260
v -0.951469 -0.495152 8.905234
v -0.939281 -0.494192 8.905536
v -0.924749 -0.493272 8.905752
v -0.907661 -0.492362 8.905897
v -0.887804 -0.491430 8.905983
v -0.864965 -0.490445 8.906026
v -0.838932 -0.489377 8.906040
v 0.998322 -0.542565 8.516072
v 0.998597 -0.542468 8.356925
v 0.998802 -0.542396 8.159111
v 0.998949 -0.542344 7.918379
v 0.999047 -0.542310 7.630480
v 0.999106 -0.542290 7.291162
v 0.999135 -0.542279 6.896179
v 0.999145 -0.542276 6.441278
v 0.997970 -0.536329 8.515965
v 0.997529 -0.530323 8.515844
v 0.996991 -0.524579 8.515717
v 0.996345 -0.519127 8.515593
v 0.995583 -0.513998 8.515480
v 0.994694 -0.509227 8.515388
v 0.993669 -0.504845 8.515326
v 0.997970 -0.542688 8.640800
v 0.997529 -0.542828 8.735368
v 0.996991 -0.542972 8.804034
v 0.996345 -0.543105 8.851056
v 0.995583 -0.543221 8.880692
v 0.994694 -0.543304 8.897201
v 0.993669 -0.543343 8.904839
v 0.998597 -0.548997 8.516153
v 0.998802 -0.555583 8.516215
v 0.998949 -0.562284 8.516260
v 0.999047 -0.569054 8.516289
v 0.999106 -0.575850 8.516307
v 0.999135 -0.582633 8.516315
v 0.999145 -0.589359 8.516318
v 0.998874 -0.548937 8.356980
v 0.999083 -0.548891 8.159145
v 0.999232 -0.548859 7.918399
v 0.999331 -0.548837 7.630490
v 0.999390 -0.548825 7.291166
v 0.999420 -0.548819 6.896180
v 0.999430 -0.548816 6.441278
v 0.999083 -0.555551 8.357022
v 0.999293 -0.555525 8.159171
v 0.999443 -0.555508 7.918414
v 0.999543 -0.555495 7.630498
v 0.999603 -0.555488 7.291170
v 0.999634 -0.555485 6.896181
v 0.999644 -0.555484 6.441278
v 0.999232 -0.562269 8.357051
v 0.999443 -0.562259 8.159190
v 0.999595 -0.562251 7.918425
v 0.999695 -0.562245 7.630503
v 0.999756 -0.562243 7.291172
v 0.999786 -0.562241 6.896182
v 0.999796 -0.562241 6.441278
v 0.999331 -0.569051 8.357071
v 0.999543 -0.569050 8.159202
v 0.999695 -0.569050 7.918431
v 0.999797 -0.569049 7.630505
v 0.999857 -0.569049 7.291173
v 0.999888 -0.569049 6.896182
v 0.999898 -0.569049 6.441278
v 0.999390 -0.575857 8.357082
v 0.999604 -0.575861 8.159209
v 0.999756 -0.575865 7.918436
v 0.999857 -0.575867 7.630508
v 0.999918 -0.575868 7.291174
v 0.999949 -0.575869 6.896182
v 0.999959 -0.575869 6.441278
v 0.999420 -0.582644 8.357088
v 0.999634 -0.582652 8.159212
v 0.999786 -0.582656 7.918437
v 0.999888 -0.582661 7.630509
v 0.999949 -0.582663 7.291174
v 0.999979 -0.582664 6.896182
v 0.999989 -0.582664 6.441278
v 0.999430 -0.589371 8.357091
v 0.999644 -0.589379 8.159215
v 0.999796 -0.589386 7.918438
v 0.999898 -0.589391 7.630509
v 0.999959 -0.589393 7.291175
v 0.999990 -0.589394 6.896182
v 1.000000 -0.589394 6.441278
v 0.998239 -0.536188 8.356854
v 0.997793 -0.530127 8.356773
v 0.997248 -0.524322 8.356688
v 0.996594 -0.518806 8.356606
v 0.995821 -0.513613 8.356530
v 0.994920 -0.508777 8.356470
v 0.993881 -0.504333 8.356429
v 0.998442 -0.536080 8.159067
v 0.997991 -0.529980 8.159016
v 0.997441 -0.524130 8.158963
v 0.996780 -0.518565 8.158912
v 0.996000 -0.513323 8.158865
v 0.995090 -0.508438 8.158826
v 0.994040 -0.503948 8.158801
v 0.998586 -0.536004 7.918355
v 0.998133 -0.529874 7.918325
v 0.997579 -0.523992 7.918295
v 0.996913 -0.518394 7.918265
v 0.996128 -0.513116 7.918238
v 0.995211 -0.508197 7.918216
v 0.994154 -0.503674 7.918202
v 0.998683 -0.535954 7.630467
v 0.998227 -0.529804 7.630453
v 0.997670 -0.523900 7.630438
v 0.997002 -0.518278 7.630423
v 0.996213 -0.512979 7.630410
v 0.995292 -0.508037 7.630398
v 0.994229 -0.503490 7.630391
v 0.998741 -0.535923 7.291158
v 0.998284 -0.529762 7.291152
v 0.997726 -0.523845 7.291146
v 0.997056 -0.518210 7.291141
v 0.996264 -0.512896 7.291136
v 0.995340 -0.507939 7.291131
v 0.994275 -0.503381 7.291128
v 0.998770 -0.535908 6.896178
v 0.998312 -0.529741 6.896176
v 0.997753 -0.523818 6.896174
v 0.997082 -0.518175 6.896173
v 0.996290 -0.512855 6.896172
v 0.995365 -0.507892 6.896172
v 0.994298 -0.503325 6.896171
v 0.998779 -0.535902 6.441278
v 0.998322 -0.529734 6.441278
v 0.997762 -0.523808 6.441278
v 0.997091 -0.518165 6.441278
v 0.996298 -0.512840 6.441278
v 0.995373 -0.507875 6.441278
v 0.994305 -0.503306 6.441278
v 0.997623 -0.536513 8.640648
v 0.997189 -0.536719 8.735163
v 0.996660 -0.536934 8.803768
v 0.996025 -0.537138 8.850727
v 0.995276 -0.537316 8.880299
v 0.994403 -0.537451 8.896744
v 0.993396 -0.537526 8.904321
v 0.997189 -0.530576 8.640474
v 0.996765 -0.530864 8.734927
v 0.996247 -0.531163 8.803465
v 0.995628 -0.531454 8.850348
v 0.994897 -0.531712 8.879842
v 0.994046 -0.531916 8.896206
v 0.993065 -0.532037 8.903705
v 0.996660 -0.524908 8.640292
v 0.996247 -0.525287 8.734679
v 0.995746 -0.525684 8.803141
v 0.995147 -0.526077 8.849941
v 0.994443 -0.526439 8.879340
v 0.993624 -0.526731 8.895607
v 0.992679 -0.526918 8.903008
v 0.996025 -0.519539 8.640115
v 0.995628 -0.520013 8.734436
v 0.995147 -0.520522 8.802819
v 0.994576 -0.521036 8.849525
v 0.993910 -0.521526 8.878819
v 0.993134 -0.521935 8.894969
v 0.992238 -0.522209 8.902246
v 0.995276 -0.514495 8.639954
v 0.994897 -0.515073 8.734213
v 0.994443 -0.515702 8.802519
v 0.993910 -0.516356 8.849127
v 0.993293 -0.517005 8.878299
v 0.992577 -0.517565 8.894311
v 0.991747 -0.517950 8.901440
v 0.994403 -0.509807 8.639823
v 0.994046 -0.510489 8.734031
v 0.993624 -0.511246 8.802266
v 0.993134 -0.512053 8.848785
v 0.992577 -0.512882 8.877844
v 0.991939 -0.513632 8.893713
v 0.991208 -0.514197 8.900660
v 0.993396 -0.505504 8.639734
v 0.993065 -0.506288 8.733907
v 0.992679 -0.507174 8.802093
v 0.992238 -0.508141 8.848547
v 0.991747 -0.509167 8.877522
v 0.991208 -0.510155 8.893252
v 0.990625 -0.511008 8.899981
v 0.998239 -0.549074 8.640918
v 0.998442 -0.555627 8.641006
v 0.998587 -0.562302 8.641070
v 0.998683 -0.569055 8.641111
v 0.998741 -0.575843 8.641137
v 0.998770 -0.582620 8.641150
v 0.998779 -0.589345 8.641154
v 0.997793 -0.549161 8.735528
v 0.997991 -0.555675 8.735648
v 0.998133 -0.562321 8.735733
v 0.998227 -0.569056 8.735790
v 0.998284 -0.575831 8.735825
v 0.998312 -0.582603 8.735842
v 0.998322 -0.589327 8.735847
v 0.997248 -0.549249 8.804241
v 0.997441 -0.555720 8.804396
v 0.997579 -0.562338 8.804505
v 0.997670 -0.569052 8.804579
v 0.997726 -0.575816 8.804623
v 0.997753 -0.582583 8.804645
v 0.997763 -0.589304 8.804651
v 0.996594 -0.549330 8.851312
v 0.996780 -0.555761 8.851503
v 0.996914 -0.562349 8.851640
v 0.997002 -0.569044 8.851731
v 0.997056 -0.575797 8.851786
v 0.997082 -0.582559 8.851812
v 0.997091 -0.589277 8.851822
v 0.995821 -0.549397 8.880998
v 0.996000 -0.555791 8.881227
v 0.996128 -0.562352 8.881391
v 0.996213 -0.569030 8.881500
v 0.996264 -0.575772 8.881565
v 0.996290 -0.582529 8.881598
v 0.996298 -0.589246 8.881608
v 0.994920 -0.549439 8.897554
v 0.995090 -0.555803 8.897822
v 0.995211 -0.562345 8.898012
v 0.995292 -0.569007 8.898139
v 0.995341 -0.575742 8.898214
v 0.995365 -0.582493 8.898253
v 0.995373 -0.589208 8.898265
v 0.993881 -0.549451 8.905241
v 0.994040 -0.555795 8.905543
v 0.994154 -0.562320 8.905758
v 0.994229 -0.568974 8.905901
v 0.994275 -0.575702 8.905988
v 0.994298 -0.582451 8.906031
v 0.994305 -0.589166 8.906045
v -0.961815 -0.541099 8.921148
v -0.951661 -0.540582 8.921775
v -0.939401 -0.540009 8.922244
v -0.924818 -0.539366 8.922580
v -0.907695 -0.538640 8.922803
v -0.887818 -0.537818 8.922936
v -0.864969 -0.536889 8.923003
v -0.838932 -0.535838 8.923027
v -0.961774 -0.534875 8.920343
v -0.961727 -0.528885 8.919337
v -0.961678 -0.523159 8.918108
v -0.961630 -0.517732 8.916636
v -0.961586 -0.512632 8.914896
v -0.961551 -0.507895 8.912868
v -0.961527 -0.503553 8.910529
v -0.970078 -0.541568 8.920342
v -0.976669 -0.541989 8.919337
v -0.981809 -0.542360 8.918108
v -0.985715 -0.542680 8.916636
v -0.988608 -0.542941 8.914896
v -0.990706 -0.543144 8.912868
v -0.992229 -0.543285 8.910529
v -0.961847 -0.547521 8.921775
v -0.961871 -0.554100 8.922244
v -0.961888 -0.560794 8.922579
v -0.961899 -0.567560 8.922802
v -0.961906 -0.574355 8.922936
v -0.961910 -0.581138 8.923003
v -0.961911 -0.587863 8.923026
v -0.951683 -0.547041 8.922409
v -0.939414 -0.546494 8.922884
v -0.924825 -0.545870 8.923223
v -0.907699 -0.545156 8.923450
v -0.887819 -0.544341 8.923585
v -0.864969 -0.543415 8.923654
v -0.838932 -0.542367 8.923676
v -0.951699 -0.553647 8.922884
v -0.939424 -0.553120 8.923364
v -0.924831 -0.552509 8.923707
v -0.907702 -0.551805 8.923934
v -0.887820 -0.550997 8.924072
v -0.864969 -0.550074 8.924141
v -0.838932 -0.549026 8.924163
v -0.951710 -0.560360 8.923223
v -0.939431 -0.559847 8.923707
v -0.924835 -0.559247 8.924051
v -0.907704 -0.558550 8.924281
v -0.887821 -0.557745 8.924419
v -0.864969 -0.556824 8.924487
v -0.838932 -0.555777 8.924511
v -0.951718 -0.567139 8.923449
v -0.939436 -0.566635 8.923934
v -0.924838 -0.566042 8.924281
v -0.907705 -0.565349 8.924512
v -0.887822 -0.564547 8.924651
v -0.864970 -0.563627 8.924721
v -0.838932 -0.562581 8.924744
v -0.951722 -0.573941 8.923585
v -0.939439 -0.573444 8.924072
v -0.924839 -0.572854 8.924419
v -0.907706 -0.572165 8.924651
v -0.887822 -0.571364 8.924789
v -0.864970 -0.570445 8.924860
v -0.838932 -0.569399 8.924883
v -0.951725 -0.580727 8.923654
v -0.939440 -0.580233 8.924141
v -0.924840 -0.579645 8.924487
v -0.907706 -0.578956 8.924721
v -0.887822 -0.578157 8.924860
v -0.864970 -0.577239 8.924929
v -0.838932 -0.576192 8.924953
v -0.951725 -0.587455 8.923676
v -0.939441 -0.586961 8.924163
v -0.924841 -0.586373 8.924511
v -0.907707 -0.585686 8.924744
v -0.887822 -0.584887 8.924883
v -0.864970 -0.583969 8.924952
v -0.838932 -0.582922 8.924975
v -0.951634 -0.534314 8.920959
v -0.951603 -0.528272 8.919941
v -0.951570 -0.522486 8.918695
v -0.951538 -0.516995 8.917203
v -0.951509 -0.511832 8.915441
v -0.951485 -0.507031 8.913384
v -0.951469 -0.502628 8.911013
v -0.939384 -0.533707 8.921421
v -0.939364 -0.527624 8.920393
v -0.939344 -0.521795 8.919136
v -0.939324 -0.516256 8.917628
v -0.939306 -0.511045 8.915849
v -0.939291 -0.506197 8.913771
v -0.939281 -0.501747 8.911375
v -0.924808 -0.533040 8.921751
v -0.924797 -0.526928 8.920716
v -0.924785 -0.521067 8.919451
v -0.924773 -0.515494 8.917933
v -0.924763 -0.510249 8.916140
v -0.924755 -0.505366 8.914048
v -0.924749 -0.500884 8.911634
v -0.907690 -0.532297 8.921970
v -0.907685 -0.526166 8.920931
v -0.907679 -0.520285 8.919660
v -0.907673 -0.514689 8.918135
v -0.907668 -0.509420 8.916334
v -0.907664 -0.504516 8.914231
v -0.907661 -0.500011 8.911807
v -0.887816 -0.531466 8.922103
v -0.887813 -0.525323 8.921060
v -0.887811 -0.519428 8.919786
v -0.887809 -0.513821 8.918257
v -0.887807 -0.508537 8.916451
v -0.887805 -0.503619 8.914343
v -0.887804 -0.499102 8.911911
v -0.864968 -0.530531 8.922169
v -0.864968 -0.524384 8.921125
v -0.864967 -0.518481 8.919849
v -0.864966 -0.512867 8.918319
v -0.864966 -0.507578 8.916510
v -0.864965 -0.502652 8.914398
v -0.864965 -0.498129 8.911963
v -0.838932 -0.529480 8.922191
v -0.838932 -0.523330 8.921146
v -0.838932 -0.517426 8.919870
v -0.838932 -0.511808 8.918339
v -0.838932 -0.506517 8.916530
v -0.838932 -0.501589 8.914417
v -0.838932 -0.497064 8.911981
v -0.970019 -0.535403 8.919551
v -0.976590 -0.535892 8.918562
v -0.981706 -0.536333 8.917354
v -0.985588 -0.536719 8.915906
v -0.988456 -0.537043 8.914196
v -0.990530 -0.537295 8.912204
v -0.992030 -0.537471 8.909906
v -0.969952 -0.529482 8.918562
v -0.976499 -0.530050 8.917594
v -0.981589 -0.530574 8.916413
v -0.985442 -0.531044 8.914999
v -0.988280 -0.531446 8.913333
v -0.990322 -0.531765 8.911390
v -0.991792 -0.531985 8.909152
v -0.969882 -0.523833 8.917354
v -0.976404 -0.524488 8.916413
v -0.981464 -0.525110 8.915269
v -0.985285 -0.525681 8.913902
v -0.988086 -0.526183 8.912295
v -0.990092 -0.526589 8.910426
v -0.991523 -0.526872 8.908270
v -0.969813 -0.518485 8.915906
v -0.976310 -0.519238 8.914999
v -0.981340 -0.519967 8.913902
v -0.985125 -0.520656 8.912601
v -0.987885 -0.521284 8.911078
v -0.989845 -0.521804 8.909308
v -0.991230 -0.522168 8.907265
v -0.969751 -0.513469 8.914196
v -0.976224 -0.514322 8.913333
v -0.981224 -0.515172 8.912295
v -0.984970 -0.515997 8.911078
v -0.987684 -0.516779 8.909670
v -0.989591 -0.517444 8.908036
v -0.990918 -0.517917 8.906143
v -0.969701 -0.508814 8.912204
v -0.976153 -0.509769 8.911390
v -0.981126 -0.510744 8.910426
v -0.984839 -0.511720 8.909309
v -0.987509 -0.512679 8.908036
v -0.989360 -0.513528 8.906581
v -0.990617 -0.514174 8.904913
v -0.969667 -0.504550 8.909906
v -0.976105 -0.505606 8.909152
v -0.981059 -0.506707 8.908270
v -0.984747 -0.507839 8.907265
v -0.987384 -0.508991 8.906143
v -0.989183 -0.510074 8.904913
v -0.990355 -0.510998 8.903583
v -0.970123 -0.547945 8.920959
v -0.970158 -0.554490 8.921421
v -0.970182 -0.561160 8.921751
v -0.970199 -0.567909 8.921970
v -0.970208 -0.574696 8.922102
v -0.970213 -0.581473 8.922169
v -0.970215 -0.588198 8.922191
v -0.976731 -0.548315 8.919941
v -0.976777 -0.554822 8.920392
v -0.976810 -0.561464 8.920715
v -0.976833 -0.568195 8.920931
v -0.976846 -0.574970 8.921060
v -0.976852 -0.581742 8.921125
v -0.976855 -0.588465 8.921146
v -0.981888 -0.548633 8.918695
v -0.981948 -0.555098 8.919136
v -0.981991 -0.561711 8.919451
v -0.982019 -0.568424 8.919660
v -0.982036 -0.575187 8.919786
v -0.982045 -0.581952 8.919849
v -0.982047 -0.588673 8.919871
v -0.985814 -0.548898 8.917203
v -0.985888 -0.555323 8.917628
v -0.985940 -0.561908 8.917933
v -0.985976 -0.568602 8.918137
v -0.985997 -0.575353 8.918258
v -0.986007 -0.582113 8.918320
v -0.986011 -0.588832 8.918339
v -0.988726 -0.549111 8.915441
v -0.988814 -0.555502 8.915847
v -0.988877 -0.562060 8.916140
v -0.988920 -0.568737 8.916334
v -0.988945 -0.575479 8.916451
v -0.988957 -0.582233 8.916510
v -0.988962 -0.588951 8.916530
v -0.990843 -0.549275 8.913384
v -0.990946 -0.555637 8.913772
v -0.991020 -0.562175 8.914049
v -0.991068 -0.568838 8.914233
v -0.991098 -0.575570 8.914344
v -0.991112 -0.582322 8.914399
v -0.991117 -0.589037 8.914417
v -0.992385 -0.549391 8.911013
v -0.992501 -0.555733 8.911376
v -0.992584 -0.562258 8.911634
v -0.992640 -0.568911 8.911809
v -0.992673 -0.575638 8.911912
v -0.992690 -0.582386 8.911964
v -0.992695 -0.589101 8.911981
v -0.998523 -0.542573 -8.490919
v -0.998765 -0.542475 -8.329472
v -0.998946 -0.542402 -8.129368
v -0.999076 -0.542350 -7.886387
v -0.999162 -0.542315 -7.596306
v -0.999214 -0.542294 -7.254897
v -0.999239 -0.542284 -6.857938
v -0.999248 -0.542280 -6.401205
v -0.998213 -0.536340 -8.490755
v -0.997825 -0.530335 -8.490570
v -0.997351 -0.524593 -8.490377
v -0.996783 -0.519144 -8.490187
v -0.996112 -0.514019 -8.490013
v -0.995329 -0.509253 -8.489876
v -0.994427 -0.504875 -8.489780
v -0.998213 -0.542698 -8.617937
v -0.997825 -0.542840 -8.714760
v -0.997351 -0.542986 -8.785624
v -0.996783 -0.543123 -8.834770
v -0.996112 -0.543242 -8.866426
v -0.995329 -0.543329 -8.884834
v -0.994427 -0.543374 -8.894232
v -0.998765 -0.549004 -8.491045
v -0.998946 -0.555590 -8.491140
v -0.999075 -0.562288 -8.491207
v -0.999162 -0.569057 -8.491253
v -0.999214 -0.575854 -8.491280
v -0.999239 -0.582638 -8.491293
v -0.999248 -0.589364 -8.491299
v -0.999009 -0.548943 -8.329554
v -0.999193 -0.548896 -8.129419
v -0.999324 -0.548862 -7.886418
v -0.999411 -0.548841 -7.596321
v -0.999464 -0.548827 -7.254903
v -0.999490 -0.548820 -6.857939
v -0.999499 -0.548819 -6.401205
v -0.999193 -0.555554 -8.329618
v -0.999378 -0.555529 -8.129459
v -0.999510 -0.555510 -7.886439
v -0.999599 -0.555498 -7.596330
v -0.999651 -0.555490 -7.254907
v -0.999678 -0.555487 -6.857941
v -0.999687 -0.555486 -6.401205
v -0.999324 -0.562273 -8.329662
v -0.999510 -0.562261 -8.129488
v -0.999644 -0.562253 -7.886455
v -0.999732 -0.562247 -7.596339
v -0.999785 -0.562244 -7.254910
v -0.999812 -0.562242 -6.857941
v -0.999821 -0.562242 -6.401205
v -0.999411 -0.569055 -8.329693
v -0.999598 -0.569052 -8.129507
v -0.999732 -0.569051 -7.886467
v -0.999821 -0.569050 -7.596346
v -0.999875 -0.569050 -7.254912
v -0.999902 -0.569049 -6.857941
v -0.999910 -0.569049 -6.401205
v -0.999464 -0.575859 -8.329710
v -0.999651 -0.575864 -8.129517
v -0.999785 -0.575866 -7.886474
v -0.999875 -0.575868 -7.596349
v -0.999928 -0.575869 -7.254912
v -0.999955 -0.575869 -6.857943
v -0.999964 -0.575869 -6.401205
v -0.999490 -0.582646 -8.329720
v -0.999678 -0.582653 -8.129522
v -0.999812 -0.582657 -7.886477
v -0.999902 -0.582661 -7.596349
v -0.999955 -0.582663 -7.254915
v -0.999982 -0.582664 -6.857944
v -0.999991 -0.582664 -6.401205
v -0.999499 -0.589374 -8.329723
v -0.999687 -0.589381 -8.129526
v -0.999821 -0.589387 -7.886477
v -0.999910 -0.589391 -7.596350
v -0.999964 -0.589393 -7.254915
v -0.999991 -0.589394 -6.857944
v -1.000000 -0.589394 -6.401205
v -0.998451 -0.536196 -8.329361
v -0.998058 -0.530138 -8.329237
v -0.997577 -0.524335 -8.329109
v -0.997002 -0.518823 -8.328981
v -0.996321 -0.513633 -8.328867
v -0.995528 -0.508801 -8.328773
v -0.994613 -0.504361 -8.328711
v -0.998629 -0.536088 -8.129301
v -0.998232 -0.529989 -8.129221
v -0.997747 -0.524141 -8.129141
v -0.997166 -0.518580 -8.129063
v -0.996479 -0.513343 -8.128990
v -0.995678 -0.508463 -8.128933
v -0.994754 -0.503977 -8.128895
v -0.998756 -0.536011 -7.886349
v -0.998357 -0.529882 -7.886304
v -0.997869 -0.524003 -7.886258
v -0.997283 -0.518408 -7.886213
v -0.996591 -0.513135 -7.886171
v -0.995785 -0.508221 -7.886138
v -0.994853 -0.503701 -7.886116
v -0.998841 -0.535959 -7.596286
v -0.998440 -0.529813 -7.596262
v -0.997950 -0.523911 -7.596241
v -0.997362 -0.518292 -7.596216
v -0.996666 -0.512997 -7.596198
v -0.995856 -0.508059 -7.596179
v -0.994920 -0.503518 -7.596169
v -0.998892 -0.535929 -7.254888
v -0.998490 -0.529770 -7.254879
v -0.997998 -0.523856 -7.254869
v -0.997409 -0.518225 -7.254862
v -0.996711 -0.512914 -7.254854
v -0.995898 -0.507962 -7.254847
v -0.994960 -0.503407 -7.254842
v -0.998917 -0.535913 -6.857936
v -0.998515 -0.529749 -6.857933
v -0.998022 -0.523829 -6.857931
v -0.997432 -0.518189 -6.857928
v -0.996734 -0.512873 -6.857926
v -0.995920 -0.507914 -6.857925
v -0.994980 -0.503353 -6.857924
v -0.998926 -0.535909 -6.401205
v -0.998523 -0.529742 -6.401205
v -0.998031 -0.523819 -6.401205
v -0.997440 -0.518178 -6.401205
v -0.996741 -0.512858 -6.401205
v -0.995927 -0.507897 -6.401205
v -0.994987 -0.503334 -6.401205
v -0.997908 -0.536524 -8.617702
v -0.997526 -0.536734 -8.714445
v -0.997060 -0.536950 -8.785219
v -0.996501 -0.537158 -8.834269
v -0.995842 -0.537339 -8.865828
v -0.995073 -0.537477 -8.884140
v -0.994187 -0.537558 -8.893440
v -0.997526 -0.530590 -8.617439
v -0.997152 -0.530879 -8.714087
v -0.996697 -0.531181 -8.784756
v -0.996151 -0.531475 -8.833689
v -0.995508 -0.531736 -8.865128
v -0.994759 -0.531944 -8.883318
v -0.993895 -0.532070 -8.892500
v -0.997060 -0.524925 -8.617161
v -0.996697 -0.525304 -8.713707
v -0.996255 -0.525705 -8.784262
v -0.995728 -0.526100 -8.833065
v -0.995108 -0.526465 -8.864363
v -0.994387 -0.526762 -8.882404
v -0.993555 -0.526954 -8.891438
v -0.996501 -0.519557 -8.616890
v -0.996151 -0.520034 -8.713335
v -0.995728 -0.520546 -8.783770
v -0.995225 -0.521062 -8.832432
v -0.994638 -0.521556 -8.863565
v -0.993956 -0.521969 -8.881430
v -0.993167 -0.522246 -8.890274
v -0.995842 -0.514518 -8.616644
v -0.995508 -0.515097 -8.712997
v -0.995108 -0.515730 -8.783310
v -0.994639 -0.516385 -8.831821
v -0.994095 -0.517037 -8.862772
v -0.993465 -0.517599 -8.880423
v -0.992735 -0.517989 -8.889042
v -0.995073 -0.509833 -8.616446
v -0.994759 -0.510517 -8.712717
v -0.994387 -0.511277 -8.782927
v -0.993956 -0.512086 -8.831303
v -0.993465 -0.512918 -8.862080
v -0.992904 -0.513670 -8.879511
v -0.992260 -0.514240 -8.887850
v -0.994187 -0.505535 -8.616310
v -0.993896 -0.506321 -8.712526
v -0.993555 -0.507209 -8.782661
v -0.993167 -0.508178 -8.830936
v -0.992735 -0.509206 -8.861584
v -0.992260 -0.510198 -8.878807
v -0.991747 -0.511054 -8.886816
v -0.998450 -0.549083 -8.618116
v -0.998629 -0.555634 -8.618252
v -0.998756 -0.562308 -8.618349
v -0.998841 -0.569061 -8.618414
v -0.998892 -0.575848 -8.618454
v -0.998917 -0.582626 -8.618473
v -0.998926 -0.589351 -8.618479
v -0.998058 -0.549172 -8.715004
v -0.998232 -0.555683 -8.715187
v -0.998357 -0.562330 -8.715319
v -0.998440 -0.569063 -8.715406
v -0.998490 -0.575839 -8.715458
v -0.998514 -0.582612 -8.715485
v -0.998523 -0.589334 -8.715494
v -0.997577 -0.549262 -8.785940
v -0.997747 -0.555733 -8.786177
v -0.997869 -0.562349 -8.786346
v -0.997950 -0.569063 -8.786459
v -0.997998 -0.575828 -8.786526
v -0.998022 -0.582595 -8.786560
v -0.998030 -0.589314 -8.786572
v -0.997002 -0.549347 -8.835159
v -0.997166 -0.555777 -8.835453
v -0.997283 -0.562364 -8.835661
v -0.997361 -0.569058 -8.835800
v -0.997408 -0.575811 -8.835884
v -0.997432 -0.582573 -8.835926
v -0.997440 -0.589292 -8.835939
v -0.996321 -0.549416 -8.866894
v -0.996479 -0.555810 -8.867243
v -0.996591 -0.562370 -8.867495
v -0.996666 -0.569049 -8.867661
v -0.996711 -0.575791 -8.867762
v -0.996734 -0.582546 -8.867811
v -0.996741 -0.589263 -8.867828
v -0.995528 -0.549464 -8.885378
v -0.995678 -0.555827 -8.885786
v -0.995784 -0.562367 -8.886074
v -0.995856 -0.569030 -8.886269
v -0.995898 -0.575764 -8.886385
v -0.995920 -0.582515 -8.886444
v -0.995927 -0.589230 -8.886465
v -0.994613 -0.549480 -8.894846
v -0.994753 -0.555824 -8.895308
v -0.994853 -0.562348 -8.895638
v -0.994920 -0.569001 -8.895857
v -0.994960 -0.575729 -8.895988
v -0.994980 -0.582479 -8.896055
v -0.994987 -0.589192 -8.896078
v -0.961814 -0.704882 -8.919138
v -0.951661 -0.704508 -8.920095
v -0.939400 -0.704041 -8.920813
v -0.924817 -0.703473 -8.921322
v -0.907695 -0.702797 -8.921663
v -0.887817 -0.702005 -8.921869
v -0.864968 -0.701091 -8.921970
v -0.838932 -0.700047 -8.922005
v -0.961773 -0.707253 -8.917910
v -0.961726 -0.709449 -8.916374
v -0.961677 -0.711475 -8.914501
v -0.961629 -0.713334 -8.912252
v -0.961586 -0.715032 -8.909597
v -0.961550 -0.716572 -8.906498
v -0.961526 -0.717957 -8.902929
v -0.970077 -0.705171 -8.917910
v -0.976669 -0.705385 -8.916374
v -0.981808 -0.705540 -8.914499
v -0.985715 -0.705646 -8.912251
v -0.988607 -0.705716 -8.909595
v -0.990706 -0.705762 -8.906498
v -0.992229 -0.705798 -8.902929
v -0.961846 -0.702331 -8.920095
v -0.961870 -0.699598 -8.920811
v -0.961887 -0.696685 -8.921322
v -0.961899 -0.693589 -8.921663
v -0.961906 -0.690310 -8.921869
v -0.961909 -0.686847 -8.921972
v -0.961910 -0.683197 -8.922005
v -0.951682 -0.701944 -8.921061
v -0.939414 -0.701469 -8.921787
v -0.924825 -0.700894 -8.922306
v -0.907698 -0.700214 -8.922651
v -0.887819 -0.699420 -8.922857
v -0.864968 -0.698505 -8.922962
v -0.838932 -0.697459 -8.922997
v -0.951698 -0.699203 -8.921787
v -0.939424 -0.698722 -8.922520
v -0.924830 -0.698142 -8.923042
v -0.907701 -0.697459 -8.923393
v -0.887820 -0.696664 -8.923601
v -0.864969 -0.695746 -8.923708
v -0.838932 -0.694702 -8.923740
v -0.951709 -0.696285 -8.922306
v -0.939431 -0.695797 -8.923042
v -0.924834 -0.695214 -8.923571
v -0.907703 -0.694530 -8.923922
v -0.887821 -0.693731 -8.924131
v -0.864969 -0.692814 -8.924236
v -0.838932 -0.691769 -8.924273
v -0.951717 -0.693185 -8.922651
v -0.939435 -0.692694 -8.923393
v -0.924837 -0.692109 -8.923922
v -0.907705 -0.691422 -8.924273
v -0.887821 -0.690625 -8.924486
v -0.864969 -0.689707 -8.924591
v -0.838932 -0.688661 -8.924627
v -0.951722 -0.689902 -8.922859
v -0.939438 -0.689410 -8.923603
v -0.924839 -0.688825 -8.924131
v -0.907705 -0.688136 -8.924486
v -0.887821 -0.687338 -8.924698
v -0.864969 -0.686419 -8.924805
v -0.838932 -0.685373 -8.924839
v -0.951724 -0.686438 -8.922962
v -0.939440 -0.685945 -8.923708
v -0.924840 -0.685358 -8.924236
v -0.907706 -0.684669 -8.924591
v -0.887822 -0.683870 -8.924805
v -0.864969 -0.682952 -8.924910
v -0.838932 -0.681907 -8.924944
v -0.951725 -0.682789 -8.922997
v -0.939440 -0.682294 -8.923740
v -0.924840 -0.681707 -8.924273
v -0.907706 -0.681020 -8.924627
v -0.887822 -0.680222 -8.924839
v -0.864969 -0.679303 -8.924944
v -0.838932 -0.678256 -8.924980
v -0.951633 -0.706894 -8.918850
v -0.951602 -0.709108 -8.917295
v -0.951569 -0.711153 -8.915398
v -0.951537 -0.713034 -8.913116
v -0.951508 -0.714752 -8.910427
v -0.951485 -0.716312 -8.907290
v -0.951469 -0.717718 -8.903667
v -0.939383 -0.706438 -8.919556
v -0.939364 -0.708666 -8.917988
v -0.939343 -0.710726 -8.916069
v -0.939323 -0.712621 -8.913769
v -0.939305 -0.714355 -8.911051
v -0.939290 -0.715931 -8.907881
v -0.939280 -0.717353 -8.904222
v -0.924807 -0.705879 -8.920059
v -0.924796 -0.708116 -8.918480
v -0.924784 -0.710186 -8.916550
v -0.924773 -0.712092 -8.914234
v -0.924763 -0.713839 -8.911495
v -0.924754 -0.715425 -8.908302
v -0.924748 -0.716857 -8.904619
v -0.907690 -0.705209 -8.920395
v -0.907684 -0.707451 -8.918808
v -0.907678 -0.709528 -8.916868
v -0.907673 -0.711443 -8.914541
v -0.907667 -0.713196 -8.911791
v -0.907663 -0.714790 -8.908583
v -0.907660 -0.716228 -8.904882
v -0.887815 -0.704420 -8.920597
v -0.887813 -0.706667 -8.919006
v -0.887810 -0.708748 -8.917061
v -0.887808 -0.710667 -8.914726
v -0.887806 -0.712424 -8.911968
v -0.887804 -0.714024 -8.908751
v -0.887803 -0.715466 -8.905041
v -0.864968 -0.703506 -8.920696
v -0.864967 -0.705756 -8.919104
v -0.864966 -0.707840 -8.917156
v -0.864966 -0.709760 -8.914818
v -0.864965 -0.711520 -8.912058
v -0.864965 -0.713121 -8.908836
v -0.864965 -0.714566 -8.905119
v -0.838932 -0.702463 -8.920729
v -0.838932 -0.704712 -8.919134
v -0.838932 -0.706796 -8.917187
v -0.838932 -0.708717 -8.914850
v -0.838932 -0.710479 -8.912088
v -0.838932 -0.712080 -8.908865
v -0.838932 -0.713526 -8.905146
v -0.970019 -0.707522 -8.916700
v -0.976589 -0.707716 -8.915190
v -0.981706 -0.707847 -8.913347
v -0.985588 -0.707930 -8.911137
v -0.988456 -0.707979 -8.908525
v -0.990529 -0.708009 -8.905487
v -0.992029 -0.708034 -8.901979
v -0.969952 -0.709695 -8.915190
v -0.976499 -0.709863 -8.913713
v -0.981588 -0.709966 -8.911911
v -0.985442 -0.710022 -8.909754
v -0.988279 -0.710044 -8.907209
v -0.990322 -0.710052 -8.904243
v -0.991791 -0.710059 -8.900827
v -0.969881 -0.711696 -8.913347
v -0.976403 -0.711833 -8.911911
v -0.981464 -0.711905 -8.910164
v -0.985284 -0.711926 -8.908079
v -0.988086 -0.711916 -8.905626
v -0.990091 -0.711894 -8.902773
v -0.991523 -0.711880 -8.899481
v -0.969813 -0.713529 -8.911137
v -0.976309 -0.713634 -8.909754
v -0.981339 -0.713670 -8.908079
v -0.985124 -0.713652 -8.906092
v -0.987884 -0.713600 -8.903767
v -0.989845 -0.713538 -8.901066
v -0.991229 -0.713496 -8.897945
v -0.969751 -0.715199 -8.908527
v -0.976223 -0.715272 -8.907209
v -0.981223 -0.715267 -8.905626
v -0.984970 -0.715205 -8.903767
v -0.987684 -0.715100 -8.901619
v -0.989591 -0.714991 -8.899126
v -0.990917 -0.714911 -8.896235
v -0.969700 -0.716712 -8.905487
v -0.976153 -0.716750 -8.904243
v -0.981126 -0.716705 -8.902773
v -0.984838 -0.716594 -8.901066
v -0.987508 -0.716432 -8.899126
v -0.989360 -0.716261 -8.896904
v -0.990616 -0.716124 -8.894358
v -0.969666 -0.718073 -8.901979
v -0.976104 -0.718080 -8.900827
v -0.981059 -0.717994 -8.899481
v -0.984746 -0.717831 -8.897947
v -0.987383 -0.717606 -8.896235
v -0.989182 -0.717358 -8.894358
v -0.990355 -0.717129 -8.892326
v -0.970123 -0.702634 -8.918848
v -0.970157 -0.699913 -8.919556
v -0.970182 -0.697007 -8.920057
v -0.970198 -0.693917 -8.920393
v -0.970208 -0.690641 -8.920597
v -0.970213 -0.687180 -8.920698
v -0.970214 -0.683531 -8.920731
v -0.976731 -0.702867 -8.917295
v -0.976777 -0.700158 -8.917984
v -0.976810 -0.697263 -8.918480
v -0.976832 -0.694179 -8.918808
v -0.976845 -0.690907 -8.919004
v -0.976852 -0.687446 -8.919104
v -0.976854 -0.683798 -8.919134
v -0.981888 -0.703039 -8.915398
v -0.981947 -0.700345 -8.916067
v -0.981990 -0.697458 -8.916548
v -0.982019 -0.694381 -8.916868
v -0.982036 -0.691112 -8.917059
v -0.982044 -0.687654 -8.917156
v -0.982047 -0.684007 -8.917187
v -0.985813 -0.703162 -8.913116
v -0.985887 -0.700481 -8.913767
v -0.985940 -0.697605 -8.914230
v -0.985975 -0.694533 -8.914541
v -0.985996 -0.691269 -8.914726
v -0.986007 -0.687813 -8.914820
v -0.986010 -0.684166 -8.914850
v -0.988725 -0.703249 -8.910427
v -0.988814 -0.700581 -8.911049
v -0.988877 -0.697712 -8.911493
v -0.988919 -0.694646 -8.911791
v -0.988944 -0.691385 -8.911968
v -0.988957 -0.687930 -8.912058
v -0.988961 -0.684285 -8.912088
v -0.990843 -0.703309 -8.907288
v -0.990946 -0.700650 -8.907879
v -0.991019 -0.697789 -8.908302
v -0.991068 -0.694728 -8.908581
v -0.991097 -0.691469 -8.908751
v -0.991112 -0.688017 -8.908836
v -0.991117 -0.684370 -8.908865
v -0.992384 -0.703354 -8.903667
v -0.992501 -0.700703 -8.904222
v -0.992584 -0.697845 -8.904617
v -0.992639 -0.694789 -8.904881
v -0.992673 -0.691532 -8.905041
v -0.992689 -0.688080 -8.905119
v -0.992695 -0.684434 -8.905146
v 0.460273 -0.686419 -8.922003
v 0.512147 -0.687974 -8.922003
v 0.561999 -0.689580 -8.922003
v 0.609605 -0.691209 -8.922003
v 0.654743 -0.692834 -8.922003
v 0.697190 -0.694426 -8.922003
v 0.736724 -0.695958 -8.922003
v 0.773123 -0.697402 -8.922003
v 0.460273 -0.688835 -8.920729
v 0.460273 -0.691085 -8.919134
v 0.460273 -0.693170 -8.917185
v 0.460273 -0.695090 -8.914848
v 0.460273 -0.696852 -8.912086
v 0.460273 -0.698453 -8.908861
v 0.460273 -0.699899 -8.905142
v 0.406599 -0.684943 -8.922003
v 0.351348 -0.683573 -8.922003
v 0.294741 -0.682338 -8.922003
v 0.237002 -0.681266 -8.922005
v 0.178353 -0.680383 -8.922005
v 0.119017 -0.679719 -8.922005
v 0.059216 -0.679300 -8.922005
v 0.460273 -0.683832 -8.922993
v 0.460273 -0.681073 -8.923738
v 0.460273 -0.678142 -8.924271
v 0.460273 -0.675034 -8.924623
v 0.460273 -0.671746 -8.924837
v 0.460273 -0.668280 -8.924944
v 0.460273 -0.664629 -8.924978
v 0.512147 -0.685388 -8.922995
v 0.561999 -0.686994 -8.922993
v 0.609605 -0.688623 -8.922993
v 0.654743 -0.690248 -8.922993
v 0.697190 -0.691840 -8.922993
v 0.736724 -0.693372 -8.922993
v 0.773123 -0.694815 -8.922993
v 0.512147 -0.682630 -8.923738
v 0.561999 -0.684236 -8.923738
v 0.609605 -0.685864 -8.923738
v 0.654742 -0.687490 -8.923738
v 0.697190 -0.689081 -8.923738
v 0.736724 -0.690614 -8.923738
v 0.773123 -0.692058 -8.923738
v 0.512147 -0.679697 -8.924271
v 0.561999 -0.681303 -8.924269
v 0.609605 -0.682933 -8.924269
v 0.654743 -0.684557 -8.924269
v 0.697190 -0.686150 -8.924269
v 0.736724 -0.687680 -8.924269
v 0.773123 -0.689124 -8.924269
v 0.512147 -0.676588 -8.924623
v 0.561999 -0.678194 -8.924623
v 0.609605 -0.679825 -8.924623
v 0.654742 -0.681448 -8.924623
v 0.697190 -0.683042 -8.924623
v 0.736724 -0.684572 -8.924623
v 0.773123 -0.686016 -8.924623
v 0.512147 -0.673303 -8.924837
v 0.561999 -0.674909 -8.924837
v 0.609605 -0.676538 -8.924837
v 0.654743 -0.678163 -8.924837
v 0.697190 -0.679754 -8.924837
v 0.736724 -0.681286 -8.924837
v 0.773123 -0.682729 -8.924837
v 0.512147 -0.669834 -8.924942
v 0.561999 -0.671440 -8.924942
v 0.609605 -0.673069 -8.924940
v 0.654743 -0.674694 -8.924940
v 0.697190 -0.676287 -8.924940
v 0.736724 -0.677818 -8.924940
v 0.773123 -0.679262 -8.924940
v 0.512147 -0.666184 -8.924978
v 0.561999 -0.667790 -8.924978
v 0.609605 -0.669419 -8.924978
v 0.654743 -0.671044 -8.924978
v 0.697190 -0.672636 -8.924978
v 0.736724 -0.674168 -8.924978
v 0.773123 -0.675611 -8.924978
v 0.512147 -0.690391 -8.920729
v 0.512147 -0.692640 -8.919134
v 0.512147 -0.694725 -8.917185
v 0.512147 -0.696646 -8.914848
v 0.512147 -0.698406 -8.912086
v 0.512147 -0.700009 -8.908861
v 0.512147 -0.701455 -8.905142
v 0.561999 -0.691997 -8.920729
v 0.561999 -0.694247 -8.919134
v 0.561999 -0.696331 -8.917185
v 0.561999 -0.698253 -8.914848
v 0.561999 -0.700012 -8.912086
v 0.561999 -0.701615 -8.908861
v 0.561999 -0.703061 -8.905142
v 0.609605 -0.693626 -8.920729
v 0.609605 -0.695876 -8.919134
v 0.609605 -0.697960 -8.917185
v 0.609605 -0.699882 -8.914848
v 0.609605 -0.701643 -8.912086
v 0.609605 -0.703244 -8.908861
v 0.609605 -0.704690 -8.905142
v 0.654743 -0.695251 -8.920727
v 0.654743 -0.697501 -8.919134
v 0.654743 -0.699585 -8.917185
v 0.654743 -0.701507 -8.914848
v 0.654743 -0.703266 -8.912086
v 0.654743 -0.704869 -8.908861
v 0.654743 -0.706315 -8.905142
v 0.697190 -0.696843 -8.920727
v 0.697190 -0.699093 -8.919134
v 0.697190 -0.701177 -8.917185
v 0.697190 -0.703098 -8.914848
v 0.697190 -0.704860 -8.912086
v 0.697190 -0.706461 -8.908861
v 0.697190 -0.707907 -8.905142
v 0.736724 -0.698376 -8.920727
v 0.736724 -0.700624 -8.919132
v 0.736724 -0.702708 -8.917185
v 0.736724 -0.704630 -8.914848
v 0.736724 -0.706390 -8.912086
v 0.736724 -0.707993 -8.908861
v 0.736724 -0.709438 -8.905142
v 0.773123 -0.699819 -8.920727
v 0.773123 -0.702067 -8.919134
v 0.773123 -0.704153 -8.917185
v 0.773123 -0.706073 -8.914848
v 0.773123 -0.707834 -8.912086
v 0.773123 -0.709436 -8.908861
v 0.773123 -0.710882 -8.905142
v 0.406599 -0.687360 -8.920727
v 0.351348 -0.685989 -8.920727
v 0.294741 -0.684755 -8.920729
v 0.237002 -0.683681 -8.920729
v 0.178353 -0.682799 -8.920729
v 0.119017 -0.682136 -8.920729
v 0.059216 -0.681718 -8.920729
v 0.406599 -0.689609 -8.919134
v 0.351348 -0.688240 -8.919134
v 0.294741 -0.687004 -8.919134
v 0.237002 -0.685931 -8.919134
v 0.178353 -0.685049 -8.919134
v 0.119017 -0.684384 -8.919134
v 0.059216 -0.683968 -8.919134
v 0.406599 -0.691693 -8.917187
v 0.351348 -0.690324 -8.917187
v 0.294741 -0.689089 -8.917187
v 0.237002 -0.688016 -8.917187
v 0.178353 -0.687134 -8.917187
v 0.119017 -0.686470 -8.917187
v 0.059216 -0.686051 -8.917187
v 0.406599 -0.693614 -8.914848
v 0.351348 -0.692245 -8.914848
v 0.294741 -0.691010 -8.914848
v 0.237002 -0.689937 -8.914848
v 0.178353 -0.689054 -8.914848
v 0.119017 -0.688392 -8.914848
v 0.059216 -0.687973 -8.914848
v 0.406599 -0.695375 -8.912085
v 0.351348 -0.694005 -8.912086
v 0.294741 -0.692770 -8.912086
v 0.237002 -0.691698 -8.912086
v 0.178353 -0.690816 -8.912086
v 0.119017 -0.690151 -8.912086
v 0.059216 -0.689733 -8.912086
v 0.406599 -0.696977 -8.908861
v 0.351348 -0.695608 -8.908861
v 0.294741 -0.694373 -8.908861
v 0.237002 -0.693300 -8.908861
v 0.178353 -0.692418 -8.908863
v 0.119017 -0.691753 -8.908861
v 0.059216 -0.691336 -8.908863
v 0.406599 -0.698422 -8.905144
v 0.351347 -0.697054 -8.905144
v 0.294741 -0.695819 -8.905144
v 0.237002 -0.694746 -8.905144
v 0.178353 -0.693864 -8.905144
v 0.119017 -0.693199 -8.905144
v 0.059216 -0.692781 -8.905144
v 0.406599 -0.682356 -8.922993
v 0.406599 -0.679598 -8.923738
v 0.406599 -0.676666 -8.924271
v 0.406599 -0.673557 -8.924623
v 0.406599 -0.670270 -8.924837
v 0.406599 -0.666803 -8.924944
v 0.406599 -0.663153 -8.924978
v 0.351347 -0.680986 -8.922993
v 0.351347 -0.678228 -8.923738
v 0.351347 -0.675296 -8.924271
v 0.351347 -0.672187 -8.924623
v 0.351347 -0.668901 -8.924837
v 0.351347 -0.665433 -8.924944
v 0.351347 -0.661783 -8.924978
v 0.294741 -0.679751 -8.922993
v 0.294741 -0.676993 -8.923738
v 0.294741 -0.674062 -8.924271
v 0.294741 -0.670952 -8.924623
v 0.294741 -0.667665 -8.924837
v 0.294741 -0.664198 -8.924944
v 0.294741 -0.660548 -8.924978
v 0.237002 -0.678679 -8.922997
v 0.237002 -0.675920 -8.923738
v 0.237002 -0.672988 -8.924271
v 0.237002 -0.669880 -8.924623
v 0.237002 -0.666593 -8.924837
v 0.237002 -0.663126 -8.924944
v 0.237002 -0.659475 -8.924978
v 0.178353 -0.677796 -8.922997
v 0.178353 -0.675038 -8.923738
v 0.178353 -0.672106 -8.924271
v 0.178353 -0.668998 -8.924625
v 0.178353 -0.665710 -8.924837
v 0.178353 -0.662244 -8.924944
v 0.178353 -0.658593 -8.924978
v 0.119017 -0.677132 -8.922997
v 0.119017 -0.674375 -8.923738
v 0.119017 -0.671442 -8.924271
v 0.119017 -0.668333 -8.924625
v 0.119017 -0.665047 -8.924837
v 0.119017 -0.661579 -8.924944
v 0.119017 -0.657929 -8.924978
v 0.059216 -0.676714 -8.922997
v 0.059216 -0.673956 -8.923738
v 0.059216 -0.671023 -8.924271
v 0.059216 -0.667914 -8.924625
v 0.059216 -0.664629 -8.924837
v 0.059216 -0.661160 -8.924944
v 0.059216 -0.657511 -8.924978
v 0.460273 -0.522211 8.923030
v 0.512147 -0.523767 8.923030
v 0.561998 -0.525373 8.923031
v 0.609604 -0.527002 8.923031
v 0.654742 -0.528627 8.923031
v 0.697189 -0.530219 8.923032
v 0.736724 -0.531751 8.923032
v 0.773122 -0.533194 8.923032
v 0.460273 -0.515853 8.922195
v 0.460273 -0.509703 8.921151
v 0.460273 -0.503798 8.919875
v 0.460273 -0.498182 8.918343
v 0.460273 -0.492890 8.916534
v 0.460273 -0.487962 8.914422
v 0.460273 -0.483438 8.911985
v 0.406599 -0.520735 8.923030
v 0.351347 -0.519366 8.923030
v 0.294740 -0.518130 8.923030
v 0.237001 -0.517057 8.923030
v 0.178352 -0.516175 8.923028
v 0.119016 -0.515512 8.923028
v 0.059215 -0.515094 8.923028
v 0.460273 -0.528739 8.923680
v 0.460273 -0.535398 8.924168
v 0.460273 -0.542150 8.924515
v 0.460273 -0.548953 8.924747
v 0.460273 -0.555773 8.924887
v 0.460273 -0.562565 8.924956
v 0.460273 -0.569295 8.924979
v 0.512147 -0.530294 8.923680
v 0.561998 -0.531901 8.923680
v 0.609604 -0.533530 8.923680
v 0.654742 -0.535155 8.923681
v 0.697189 -0.536747 8.923681
v 0.736724 -0.538280 8.923681
v 0.773123 -0.539723 8.923681
v 0.512147 -0.536955 8.924168
v 0.561998 -0.538561 8.924168
v 0.609604 -0.540190 8.924169
v 0.654742 -0.541815 8.924169
v 0.697189 -0.543406 8.924169
v 0.736724 -0.544938 8.924169
v 0.773123 -0.546382 8.924169
v 0.512147 -0.543705 8.924515
v 0.561998 -0.545312 8.924516
v 0.609604 -0.546941 8.924517
v 0.654742 -0.548566 8.924517
v 0.697189 -0.550158 8.924517
v 0.736724 -0.551689 8.924517
v 0.773123 -0.553132 8.924517
v 0.512147 -0.550509 8.924748
v 0.561998 -0.552115 8.924748
v 0.609604 -0.553744 8.924748
v 0.654742 -0.555369 8.924748
v 0.697189 -0.556961 8.924748
v 0.736724 -0.558494 8.924748
v 0.773123 -0.559937 8.924748
v 0.512147 -0.557327 8.924887
v 0.561998 -0.558933 8.924888
v 0.609604 -0.560562 8.924888
v 0.654742 -0.562187 8.924888
v 0.697189 -0.563779 8.924888
v 0.736724 -0.565311 8.924888
v 0.773123 -0.566755 8.924888
v 0.512147 -0.564120 8.924956
v 0.561998 -0.565726 8.924957
v 0.609604 -0.567356 8.924957
v 0.654742 -0.568981 8.924957
v 0.697190 -0.570573 8.924957
v 0.736724 -0.572104 8.924957
v 0.773123 -0.573548 8.924957
v 0.512147 -0.570850 8.924980
v 0.561998 -0.572456 8.924980
v 0.609604 -0.574086 8.924980
v 0.654742 -0.575710 8.924980
v 0.697190 -0.577303 8.924980
v 0.736724 -0.578834 8.924980
v 0.773123 -0.580277 8.924980
v 0.512147 -0.517407 8.922195
v 0.512147 -0.511257 8.921151
v 0.512147 -0.505354 8.919875
v 0.512147 -0.499738 8.918343
v 0.512147 -0.494446 8.916534
v 0.512147 -0.489517 8.914422
v 0.512147 -0.484992 8.911985
v 0.561998 -0.519013 8.922196
v 0.561998 -0.512863 8.921151
v 0.561998 -0.506960 8.919875
v 0.561998 -0.501344 8.918344
v 0.561998 -0.496052 8.916534
v 0.561998 -0.491123 8.914422
v 0.561998 -0.486598 8.911985
v 0.609604 -0.520643 8.922196
v 0.609604 -0.514493 8.921152
v 0.609604 -0.508590 8.919875
v 0.609604 -0.502973 8.918344
v 0.609604 -0.497681 8.916534
v 0.609604 -0.492753 8.914423
v 0.609604 -0.488228 8.911986
v 0.654742 -0.522267 8.922196
v 0.654742 -0.516117 8.921152
v 0.654742 -0.510214 8.919875
v 0.654742 -0.504598 8.918344
v 0.654742 -0.499306 8.916534
v 0.654742 -0.494377 8.914423
v 0.654742 -0.489852 8.911986
v 0.697189 -0.523860 8.922196
v 0.697189 -0.517710 8.921152
v 0.697189 -0.511806 8.919875
v 0.697189 -0.506189 8.918344
v 0.697189 -0.500897 8.916534
v 0.697189 -0.495970 8.914423
v 0.697189 -0.491445 8.911986
v 0.736724 -0.525392 8.922196
v 0.736724 -0.519242 8.921152
v 0.736724 -0.513338 8.919875
v 0.736724 -0.507722 8.918344
v 0.736724 -0.502430 8.916534
v 0.736724 -0.497501 8.914423
v 0.736724 -0.492976 8.911987
v 0.773122 -0.526835 8.922196
v 0.773122 -0.520685 8.921152
v 0.773122 -0.514782 8.919876
v 0.773122 -0.509165 8.918344
v 0.773122 -0.503873 8.916534
v 0.773122 -0.498945 8.914423
v 0.773122 -0.494420 8.911987
v 0.406599 -0.514377 8.922195
v 0.351347 -0.513006 8.922195
v 0.294740 -0.511771 8.922194
v 0.237001 -0.510699 8.922194
v 0.178352 -0.509817 8.922194
v 0.119016 -0.509152 8.922194
v 0.059215 -0.508735 8.922194
v 0.406599 -0.508225 8.921151
v 0.351347 -0.506856 8.921150
v 0.294740 -0.505622 8.921150
v 0.237001 -0.504549 8.921150
v 0.178352 -0.503667 8.921149
v 0.119016 -0.503002 8.921148
v 0.059215 -0.502584 8.921149
v 0.406599 -0.502323 8.919874
v 0.351347 -0.500953 8.919874
v 0.294740 -0.499719 8.919874
v 0.237001 -0.498646 8.919873
v 0.178352 -0.497764 8.919873
v 0.119016 -0.497099 8.919872
v 0.059215 -0.496680 8.919872
v 0.406599 -0.496706 8.918343
v 0.351347 -0.495337 8.918343
v 0.294740 -0.494102 8.918343
v 0.237001 -0.493029 8.918342
v 0.178352 -0.492146 8.918342
v 0.119016 -0.491482 8.918341
v 0.059215 -0.491064 8.918342
v 0.406599 -0.491414 8.916534
v 0.351347 -0.490045 8.916533
v 0.294740 -0.488810 8.916533
v 0.237001 -0.487737 8.916532
v 0.178352 -0.486855 8.916532
v 0.119016 -0.486190 8.916532
v 0.059215 -0.485772 8.916532
v 0.406599 -0.486485 8.914422
v 0.351347 -0.485116 8.914422
v 0.294740 -0.483881 8.914421
v 0.237001 -0.482809 8.914421
v 0.178352 -0.481927 8.914420
v 0.119016 -0.481262 8.914420
v 0.059215 -0.480844 8.914420
v 0.406599 -0.481960 8.911985
v 0.351347 -0.480591 8.911985
v 0.294740 -0.479356 8.911984
v 0.237001 -0.478284 8.911983
v 0.178352 -0.477401 8.911983
v 0.119016 -0.476737 8.911983
v 0.059215 -0.476318 8.911983
v 0.406599 -0.527264 8.923679
v 0.406599 -0.533922 8.924167
v 0.406599 -0.540673 8.924515
v 0.406599 -0.547478 8.924747
v 0.406599 -0.554296 8.924886
v 0.406599 -0.561090 8.924955
v 0.406599 -0.567819 8.924978
v 0.351347 -0.525894 8.923679
v 0.351347 -0.532554 8.924166
v 0.351347 -0.539305 8.924515
v 0.351347 -0.546108 8.924746
v 0.351347 -0.552926 8.924886
v 0.351347 -0.559720 8.924955
v 0.351347 -0.566449 8.924978
v 0.294740 -0.524659 8.923679
v 0.294740 -0.531318 8.924167
v 0.294740 -0.538069 8.924515
v 0.294740 -0.544873 8.924746
v 0.294740 -0.551691 8.924886
v 0.294740 -0.558485 8.924955
v 0.294740 -0.565215 8.924978
v 0.237001 -0.523587 8.923679
v 0.237001 -0.530246 8.924166
v 0.237001 -0.536996 8.924515
v 0.237001 -0.543801 8.924747
v 0.237001 -0.550619 8.924886
v 0.237001 -0.557411 8.924955
v 0.237001 -0.564141 8.924978
v 0.178352 -0.522703 8.923679
v 0.178352 -0.529364 8.924167
v 0.178352 -0.536114 8.924515
v 0.178352 -0.542917 8.924746
v 0.178352 -0.549737 8.924886
v 0.178352 -0.556529 8.924955
v 0.178352 -0.563259 8.924978
v 0.119016 -0.522040 8.923679
v 0.119016 -0.528699 8.924166
v 0.119016 -0.535449 8.924515
v 0.119016 -0.542254 8.924746
v 0.119016 -0.549072 8.924886
v 0.119016 -0.555865 8.924955
v 0.119016 -0.562594 8.924978
v 0.059215 -0.521622 8.923679
v 0.059215 -0.528280 8.924167
v 0.059215 -0.535032 8.924515
v 0.059215 -0.541836 8.924746
v 0.059215 -0.548654 8.924886
v 0.059215 -0.555448 8.924955
v 0.059215 -0.562177 8.924978
v 0.460273 -0.461456 8.516318
v 0.460273 -0.460616 8.357090
v 0.460273 -0.459986 8.159214
v 0.460273 -0.459535 7.918437
v 0.460273 -0.459234 7.630509
v 0.460273 -0.459054 7.291174
v 0.460273 -0.458964 6.896182
v 0.460273 -0.458935 6.441277
v 0.406599 -0.459980 8.516318
v 0.351347 -0.458611 8.516318
v 0.294740 -0.457376 8.516318
v 0.237001 -0.456304 8.516317
v 0.178352 -0.455420 8.516317
v 0.119016 -0.454757 8.516317
v 0.059215 -0.454338 8.516317
v 0.460273 -0.462538 8.641153
v 0.460273 -0.463889 8.735847
v 0.460273 -0.465541 8.804651
v 0.460273 -0.467523 8.851822
v 0.460273 -0.469865 8.881608
v 0.460273 -0.472597 8.898266
v 0.460273 -0.475750 8.906044
v 0.512147 -0.463012 8.516318
v 0.561998 -0.464618 8.516318
v 0.609604 -0.466248 8.516318
v 0.654742 -0.467872 8.516318
v 0.697189 -0.469464 8.516318
v 0.736724 -0.470996 8.516320
v 0.773122 -0.472440 8.516320
v 0.512147 -0.462171 8.357090
v 0.512147 -0.461540 8.159214
v 0.512147 -0.461090 7.918438
v 0.512147 -0.460790 7.630509
v 0.512147 -0.460609 7.291174
v 0.512147 -0.460519 6.896182
v 0.512147 -0.460489 6.441277
v 0.561998 -0.463778 8.357091
v 0.561998 -0.463146 8.159214
v 0.561998 -0.462696 7.918438
v 0.561998 -0.462396 7.630509
v 0.561998 -0.462215 7.291174
v 0.561998 -0.462126 6.896182
v 0.561998 -0.462096 6.441278
v 0.609604 -0.465406 8.357091
v 0.609604 -0.464776 8.159215
v 0.609604 -0.464325 7.918438
v 0.609604 -0.464025 7.630509
v 0.609604 -0.463845 7.291175
v 0.609604 -0.463756 6.896182
v 0.609604 -0.463725 6.441278
v 0.654742 -0.467031 8.357091
v 0.654742 -0.466400 8.159214
v 0.654742 -0.465950 7.918438
v 0.654742 -0.465650 7.630509
v 0.654742 -0.465469 7.291176
v 0.654742 -0.465380 6.896182
v 0.654742 -0.465350 6.441278
v 0.697189 -0.468623 8.357091
v 0.697189 -0.467993 8.159215
v 0.697189 -0.467542 7.918438
v 0.697189 -0.467242 7.630509
v 0.697189 -0.467062 7.291176
v 0.697189 -0.466972 6.896182
v 0.697189 -0.466942 6.441278
v 0.736724 -0.470155 8.357091
v 0.736724 -0.469524 8.159215
v 0.736724 -0.469074 7.918439
v 0.736724 -0.468774 7.630509
v 0.736724 -0.468594 7.291176
v 0.736724 -0.468503 6.896182
v 0.736724 -0.468473 6.441278
v 0.773122 -0.471599 8.357091
v 0.773122 -0.470968 8.159215
v 0.773122 -0.470517 7.918439
v 0.773122 -0.470218 7.630510
v 0.773122 -0.470037 7.291176
v 0.773122 -0.469948 6.896182
v 0.773122 -0.469917 6.441278
v 0.406599 -0.459140 8.357090
v 0.351347 -0.457770 8.357090
v 0.294740 -0.456535 8.357089
v 0.237001 -0.455462 8.357088
v 0.178352 -0.454580 8.357088
v 0.119016 -0.453916 8.357088
v 0.059215 -0.453498 8.357088
v 0.406599 -0.458508 8.159214
v 0.351347 -0.457139 8.159214
v 0.294740 -0.455905 8.159212
v 0.237001 -0.454832 8.159212
v 0.178352 -0.453950 8.159212
v 0.119016 -0.453285 8.159212
v 0.059215 -0.452867 8.159212
v 0.406599 -0.458058 7.918437
v 0.351347 -0.456689 7.918437
v 0.294740 -0.455454 7.918436
v 0.237001 -0.454381 7.918436
v 0.178352 -0.453499 7.918436
v 0.119016 -0.452835 7.918436
v 0.059215 -0.452416 7.918436
v 0.406599 -0.457759 7.630509
v 0.351347 -0.456388 7.630509
v 0.294740 -0.455153 7.630507
v 0.237001 -0.454081 7.630507
v 0.178352 -0.453198 7.630507
v 0.119016 -0.452535 7.630507
v 0.059215 -0.452116 7.630507
v 0.406599 -0.457579 7.291173
v 0.351347 -0.456208 7.291173
v 0.294740 -0.454973 7.291173
v 0.237001 -0.453900 7.291173
v 0.178352 -0.453018 7.291173
v 0.119016 -0.452354 7.291173
v 0.059215 -0.451936 7.291172
v 0.406599 -0.457488 6.896182
v 0.351347 -0.456119 6.896180
v 0.294740 -0.454884 6.896180
v 0.237001 -0.453811 6.896180
v 0.178352 -0.452929 6.896180
v 0.119016 -0.452265 6.896180
v 0.059215 -0.451846 6.896180
v 0.406599 -0.457458 6.441277
v 0.351347 -0.456089 6.441276
v 0.294740 -0.454853 6.441276
v 0.237001 -0.453781 6.441276
v 0.178352 -0.452898 6.441276
v 0.119016 -0.452234 6.441275
v 0.059215 -0.451817 6.441275
v 0.406599 -0.461061 8.641153
v 0.406599 -0.462413 8.735847
v 0.406599 -0.464064 8.804651
v 0.406599 -0.466045 8.851822
v 0.406599 -0.468388 8.881608
v 0.406599 -0.471121 8.898265
v 0.406599 -0.474274 8.906044
v 0.351347 -0.459692 8.641153
v 0.351347 -0.461042 8.735847
v 0.351347 -0.462694 8.804651
v 0.351347 -0.464676 8.851822
v 0.351347 -0.467018 8.881608
v 0.351347 -0.469751 8.898265
v 0.351347 -0.472904 8.906044
v 0.294740 -0.458457 8.641153
v 0.294740 -0.459808 8.735847
v 0.294740 -0.461460 8.804651
v 0.294740 -0.463442 8.851821
v 0.294740 -0.465784 8.881608
v 0.294740 -0.468516 8.898264
v 0.294740 -0.471669 8.906044
v 0.237001 -0.457384 8.641153
v 0.237001 -0.458735 8.735847
v 0.237001 -0.460387 8.804651
v 0.237001 -0.462369 8.851821
v 0.237001 -0.464711 8.881608
v 0.237001 -0.467443 8.898265
v 0.237001 -0.470596 8.906044
v 0.178352 -0.456502 8.641152
v 0.178352 -0.457853 8.735846
v 0.178352 -0.459505 8.804651
v 0.178352 -0.461487 8.851821
v 0.178352 -0.463829 8.881607
v 0.178352 -0.466561 8.898264
v 0.178352 -0.469714 8.906044
v 0.119016 -0.455837 8.641151
v 0.119016 -0.457189 8.735845
v 0.119016 -0.458840 8.804651
v 0.119016 -0.460822 8.851820
v 0.119016 -0.463164 8.881606
v 0.119016 -0.465897 8.898264
v 0.119016 -0.469049 8.906044
v 0.059215 -0.455419 8.641151
v 0.059215 -0.456770 8.735846
v 0.059215 -0.458422 8.804651
v 0.059215 -0.460404 8.851821
v 0.059215 -0.462746 8.881606
v 0.059215 -0.465478 8.898264
v 0.059215 -0.468632 8.906043
v 0.512147 -0.464092 8.641154
v 0.561998 -0.465698 8.641154
v 0.609604 -0.467328 8.641154
v 0.654742 -0.468952 8.641154
v 0.697189 -0.470545 8.641154
v 0.736724 -0.472077 8.641154
v 0.773122 -0.473520 8.641154
v 0.512147 -0.465444 8.735847
v 0.561998 -0.467050 8.735847
v 0.609604 -0.468679 8.735847
v 0.654742 -0.470304 8.735847
v 0.697189 -0.471896 8.735847
v 0.736724 -0.473429 8.735847
v 0.773122 -0.474872 8.735848
v 0.512147 -0.467095 8.804651
v 0.561998 -0.468701 8.804652
v 0.609604 -0.470331 8.804653
v 0.654742 -0.471955 8.804653
v 0.697189 -0.473548 8.804653
v 0.736724 -0.475080 8.804653
v 0.773122 -0.476523 8.804653
v 0.512147 -0.469077 8.851822
v 0.561998 -0.470683 8.851822
v 0.609604 -0.472313 8.851822
v 0.654742 -0.473938 8.851822
v 0.697189 -0.475530 8.851822
v 0.736724 -0.477061 8.851822
v 0.773122 -0.478505 8.851823
v 0.512147 -0.471419 8.881609
v 0.561998 -0.473025 8.881609
v 0.609604 -0.474655 8.881609
v 0.654742 -0.476279 8.881609
v 0.697189 -0.477872 8.881609
v 0.736724 -0.479403 8.881609
v 0.773122 -0.480847 8.881610
v 0.512147 -0.474152 8.898266
v 0.561998 -0.475758 8.898266
v 0.609604 -0.477387 8.898266
v 0.654742 -0.479012 8.898266
v 0.697189 -0.480604 8.898266
v 0.736724 -0.482137 8.898267
v 0.773122 -0.483580 8.898267
v 0.512147 -0.477304 8.906045
v 0.561998 -0.478910 8.906046
v 0.609604 -0.480540 8.906046
v 0.654742 -0.482165 8.906047
v 0.697189 -0.483757 8.906047
v 0.736724 -0.485289 8.906047
v 0.773122 -0.486732 8.906048
v 0.460273 -0.706851 8.516316
v 0.512147 -0.708405 8.516316
v 0.561999 -0.710011 8.516317
v 0.609604 -0.711642 8.516317
v 0.654742 -0.713265 8.516317
v 0.697190 -0.714859 8.516317
v 0.736724 -0.716391 8.516317
v 0.773123 -0.717834 8.516317
v 0.460273 -0.706510 8.641150
v 0.460273 -0.706082 8.735845
v 0.460273 -0.705559 8.804650
v 0.460273 -0.704933 8.851819
v 0.460273 -0.704191 8.881606
v 0.460273 -0.703328 8.898264
v 0.460273 -0.702331 8.906043
v 0.406599 -0.705375 8.516316
v 0.351347 -0.704004 8.516316
v 0.294741 -0.702770 8.516316
v 0.237002 -0.701697 8.516315
v 0.178353 -0.700815 8.516316
v 0.119016 -0.700150 8.516316
v 0.059216 -0.699732 8.516316
v 0.460273 -0.707117 8.357087
v 0.460273 -0.707315 8.159211
v 0.460273 -0.707458 7.918435
v 0.460273 -0.707554 7.630505
v 0.460273 -0.707610 7.291171
v 0.460273 -0.707639 6.896178
v 0.460273 -0.707648 6.441274
v 0.512147 -0.708672 8.357087
v 0.561999 -0.710278 8.357088
v 0.609604 -0.711908 8.357088
v 0.654742 -0.713531 8.357088
v 0.697190 -0.715124 8.357088
v 0.736724 -0.716656 8.357088
v 0.773123 -0.718100 8.357088
v 0.512147 -0.708872 8.159211
v 0.561999 -0.710478 8.159212
v 0.609604 -0.712107 8.159211
v 0.654742 -0.713732 8.159212
v 0.697190 -0.715323 8.159211
v 0.736724 -0.716856 8.159212
v 0.773123 -0.718300 8.159211
v 0.512147 -0.709014 7.918435
v 0.561999 -0.710620 7.918435
v 0.609604 -0.712250 7.918435
v 0.654742 -0.713875 7.918435
v 0.697190 -0.715466 7.918435
v 0.736724 -0.716998 7.918435
v 0.773123 -0.718441 7.918435
v 0.512147 -0.709108 7.630505
v 0.561999 -0.710714 7.630506
v 0.609604 -0.712344 7.630507
v 0.654742 -0.713969 7.630507
v 0.697190 -0.715561 7.630507
v 0.736724 -0.717093 7.630507
v 0.773123 -0.718536 7.630507
v 0.512147 -0.709166 7.291171
v 0.561999 -0.710772 7.291172
v 0.609604 -0.712401 7.291172
v 0.654742 -0.714025 7.291172
v 0.697190 -0.715618 7.291172
v 0.736724 -0.717151 7.291172
v 0.773123 -0.718594 7.291172
v 0.512147 -0.709194 6.896178
v 0.561999 -0.710800 6.896178
v 0.609604 -0.712430 6.896179
v 0.654742 -0.714054 6.896179
v 0.697190 -0.715647 6.896179
v 0.736724 -0.717179 6.896179
v 0.773123 -0.718622 6.896179
v 0.512147 -0.709205 6.441274
v 0.561999 -0.710811 6.441274
v 0.609604 -0.712440 6.441274
v 0.654742 -0.714065 6.441274
v 0.697190 -0.715656 6.441274
v 0.736724 -0.717188 6.441274
v 0.773123 -0.718632 6.441274
v 0.512147 -0.708064 8.641151
v 0.512147 -0.707637 8.735845
v 0.512147 -0.707115 8.804650
v 0.512147 -0.706488 8.851819
v 0.512147 -0.705747 8.881606
v 0.512147 -0.704883 8.898264
v 0.512147 -0.703886 8.906043
v 0.561999 -0.709670 8.641151
v 0.561999 -0.709243 8.735845
v 0.561999 -0.708721 8.804650
v 0.561999 -0.708094 8.851819
v 0.561999 -0.707353 8.881606
v 0.561999 -0.706489 8.898264
v 0.561999 -0.705492 8.906043
v 0.609604 -0.711299 8.641151
v 0.609604 -0.710872 8.735846
v 0.609604 -0.710350 8.804650
v 0.609604 -0.709723 8.851819
v 0.609604 -0.708982 8.881606
v 0.609604 -0.708117 8.898264
v 0.609604 -0.707121 8.906043
v 0.654742 -0.712924 8.641151
v 0.654742 -0.712497 8.735846
v 0.654742 -0.711975 8.804651
v 0.654742 -0.711348 8.851820
v 0.654742 -0.710608 8.881606
v 0.654742 -0.709743 8.898264
v 0.654742 -0.708746 8.906044
v 0.697190 -0.714516 8.641151
v 0.697190 -0.714088 8.735846
v 0.697190 -0.713567 8.804651
v 0.697190 -0.712939 8.851821
v 0.697190 -0.712199 8.881606
v 0.697190 -0.711335 8.898264
v 0.697190 -0.710338 8.906044
v 0.736724 -0.716048 8.641151
v 0.736724 -0.715621 8.735845
v 0.736724 -0.715098 8.804651
v 0.736724 -0.714472 8.851821
v 0.736724 -0.713732 8.881607
v 0.736724 -0.712867 8.898265
v 0.736724 -0.711869 8.906044
v 0.773123 -0.717492 8.641151
v 0.773123 -0.717065 8.735846
v 0.773123 -0.716541 8.804651
v 0.773123 -0.715916 8.851821
v 0.773123 -0.715175 8.881607
v 0.773123 -0.714311 8.898264
v 0.773123 -0.713313 8.906044
v 0.406599 -0.705033 8.641151
v 0.351347 -0.703663 8.641151
v 0.294741 -0.702428 8.641151
v 0.237002 -0.701356 8.641151
v 0.178353 -0.700474 8.641150
v 0.119016 -0.699809 8.641150
v 0.059216 -0.699390 8.641150
v 0.406599 -0.704605 8.735845
v 0.351347 -0.703236 8.735846
v 0.294741 -0.702001 8.735845
v 0.237002 -0.700929 8.735845
v 0.178353 -0.700047 8.735845
v 0.119016 -0.699382 8.735845
v 0.059216 -0.698963 8.735844
v 0.406599 -0.704082 8.804651
v 0.351347 -0.702714 8.804651
v 0.294741 -0.701479 8.804651
v 0.237002 -0.700406 8.804651
v 0.178353 -0.699523 8.804650
v 0.119016 -0.698860 8.804649
v 0.059216 -0.698442 8.804649
v 0.406599 -0.703456 8.851819
v 0.351347 -0.702086 8.851819
v 0.294741 -0.700851 8.851819
v 0.237002 -0.699780 8.851819
v 0.178353 -0.698897 8.851819
v 0.119016 -0.698233 8.851819
v 0.059216 -0.697814 8.851819
v 0.406599 -0.702716 8.881606
v 0.351347 -0.701346 8.881606
v 0.294741 -0.700111 8.881606
v 0.237002 -0.699039 8.881606
v 0.178353 -0.698155 8.881606
v 0.119016 -0.697493 8.881605
v 0.059216 -0.697074 8.881606
v 0.406599 -0.701851 8.898262
v 0.351347 -0.700481 8.898262
v 0.294741 -0.699246 8.898262
v 0.237002 -0.698174 8.898262
v 0.178353 -0.697292 8.898262
v 0.119016 -0.696628 8.898262
v 0.059216 -0.696209 8.898262
v 0.406599 -0.700854 8.906043
v 0.351347 -0.699485 8.906043
v 0.294741 -0.698250 8.906043
v 0.237002 -0.697177 8.906043
v 0.178353 -0.696295 8.906043
v 0.119016 -0.695630 8.906043
v 0.059216 -0.695212 8.906043
v 0.406599 -0.705641 8.357087
v 0.406599 -0.705840 8.159210
v 0.406599 -0.705982 7.918435
v 0.406599 -0.706078 7.630505
v 0.406599 -0.706135 7.291171
v 0.406599 -0.706163 6.896178
v 0.406599 -0.706172 6.441274
v 0.351347 -0.704270 8.357087
v 0.351347 -0.704471 8.159210
v 0.351347 -0.704614 7.918435
v 0.351347 -0.704708 7.630505
v 0.351347 -0.704764 7.291170
v 0.351347 -0.704793 6.896178
v 0.351347 -0.704803 6.441274
v 0.294741 -0.703035 8.357087
v 0.294741 -0.703236 8.159210
v 0.294741 -0.703379 7.918435
v 0.294741 -0.703473 7.630505
v 0.294741 -0.703530 7.291170
v 0.294741 -0.703559 6.896177
v 0.294741 -0.703568 6.441274
v 0.237002 -0.701963 8.357087
v 0.237002 -0.702164 8.159211
v 0.237002 -0.702305 7.918435
v 0.237002 -0.702400 7.630505
v 0.237002 -0.702457 7.291171
v 0.237002 -0.702485 6.896178
v 0.237002 -0.702496 6.441274
v 0.178353 -0.701081 8.357087
v 0.178353 -0.701280 8.159210
v 0.178353 -0.701423 7.918435
v 0.178353 -0.701518 7.630505
v 0.178353 -0.701574 7.291171
v 0.178353 -0.701603 6.896178
v 0.178353 -0.701613 6.441274
v 0.119016 -0.700417 8.357086
v 0.119016 -0.700617 8.159210
v 0.119016 -0.700758 7.918435
v 0.119016 -0.700854 7.630505
v 0.119016 -0.700911 7.291170
v 0.119016 -0.700939 6.896177
v 0.119016 -0.700949 6.441274
v 0.059216 -0.699998 8.357086
v 0.059216 -0.700198 8.159210
v 0.059216 -0.700341 7.918435
v 0.059216 -0.700436 7.630505
v 0.059216 -0.700493 7.291170
v 0.059216 -0.700521 6.896177
v 0.059216 -0.700531 6.441274
v -0.462764 -0.686511 -8.922005
v -0.408935 -0.685024 -8.922005
v -0.353532 -0.683644 -8.922005
v -0.296784 -0.682399 -8.922005
v -0.238919 -0.681314 -8.922003
v -0.180163 -0.680420 -8.922005
v -0.120744 -0.679743 -8.922003
v -0.060889 -0.679313 -8.922005
v -0.462764 -0.688928 -8.920729
v -0.462764 -0.691177 -8.919134
v -0.462764 -0.693261 -8.917187
v -0.462764 -0.695183 -8.914848
v -0.462764 -0.696944 -8.912086
v -0.462764 -0.698545 -8.908865
v -0.462764 -0.699991 -8.905146
v -0.514794 -0.688075 -8.922005
v -0.564796 -0.689689 -8.922005
v -0.612543 -0.691326 -8.922005
v -0.657808 -0.692956 -8.922005
v -0.700362 -0.694553 -8.922005
v -0.739979 -0.696089 -8.922005
v -0.776432 -0.697535 -8.922005
v -0.462764 -0.683925 -8.922997
v -0.462764 -0.681166 -8.923740
v -0.462764 -0.678234 -8.924273
v -0.462764 -0.675126 -8.924627
v -0.462764 -0.671839 -8.924839
v -0.462764 -0.668370 -8.924946
v -0.462764 -0.664721 -8.924980
v -0.408935 -0.682438 -8.922997
v -0.353532 -0.681058 -8.922997
v -0.296784 -0.679812 -8.922997
v -0.238919 -0.678728 -8.922997
v -0.180163 -0.677834 -8.922997
v -0.120744 -0.677157 -8.922997
v -0.060889 -0.676726 -8.922997
v -0.408935 -0.679680 -8.923740
v -0.353532 -0.678300 -8.923740
v -0.296784 -0.677053 -8.923740
v -0.238919 -0.675969 -8.923738
v -0.180163 -0.675076 -8.923738
v -0.120744 -0.674398 -8.923738
v -0.060889 -0.673968 -8.923738
v -0.408935 -0.676747 -8.924273
v -0.353532 -0.675367 -8.924273
v -0.296784 -0.674122 -8.924271
v -0.238919 -0.673038 -8.924271
v -0.180163 -0.672143 -8.924271
v -0.120744 -0.671467 -8.924271
v -0.060889 -0.671036 -8.924271
v -0.408935 -0.673639 -8.924625
v -0.353532 -0.672259 -8.924625
v -0.296784 -0.671013 -8.924625
v -0.238919 -0.669930 -8.924623
v -0.180163 -0.669035 -8.924623
v -0.120744 -0.668359 -8.924623
v -0.060889 -0.667928 -8.924623
v -0.408935 -0.670352 -8.924839
v -0.353532 -0.668973 -8.924837
v -0.296784 -0.667727 -8.924837
v -0.238919 -0.666642 -8.924837
v -0.180163 -0.665749 -8.924837
v -0.120744 -0.665071 -8.924837
v -0.060889 -0.664640 -8.924837
v -0.408935 -0.666885 -8.924944
v -0.353532 -0.665505 -8.924944
v -0.296784 -0.664259 -8.924944
v -0.238919 -0.663176 -8.924944
v -0.180163 -0.662281 -8.924944
v -0.120744 -0.661604 -8.924944
v -0.060889 -0.661174 -8.924944
v -0.408935 -0.663235 -8.924980
v -0.353532 -0.661855 -8.924978
v -0.296784 -0.660609 -8.924978
v -0.238919 -0.659525 -8.924978
v -0.180163 -0.658630 -8.924978
v -0.120744 -0.657953 -8.924978
v -0.060889 -0.657523 -8.924978
v -0.408935 -0.687441 -8.920729
v -0.408935 -0.689691 -8.919134
v -0.408935 -0.691775 -8.917187
v -0.408935 -0.693696 -8.914848
v -0.408935 -0.695457 -8.912086
v -0.408935 -0.697060 -8.908865
v -0.408935 -0.698505 -8.905146
v -0.353532 -0.686061 -8.920729
v -0.353532 -0.688312 -8.919134
v -0.353532 -0.690395 -8.917187
v -0.353532 -0.692317 -8.914848
v -0.353532 -0.694077 -8.912086
v -0.353532 -0.695680 -8.908865
v -0.353532 -0.697125 -8.905146
v -0.296784 -0.684815 -8.920729
v -0.296784 -0.687065 -8.919134
v -0.296784 -0.689150 -8.917187
v -0.296784 -0.691071 -8.914848
v -0.296784 -0.692831 -8.912086
v -0.296784 -0.694433 -8.908865
v -0.296784 -0.695879 -8.905146
v -0.238919 -0.683731 -8.920729
v -0.238919 -0.685981 -8.919134
v -0.238919 -0.688066 -8.917187
v -0.238919 -0.689986 -8.914848
v -0.238919 -0.691748 -8.912086
v -0.238919 -0.693349 -8.908865
v -0.238919 -0.694795 -8.905146
v -0.180163 -0.682837 -8.920729
v -0.180163 -0.685087 -8.919134
v -0.180163 -0.687171 -8.917187
v -0.180163 -0.689093 -8.914848
v -0.180163 -0.690853 -8.912086
v -0.180163 -0.692455 -8.908865
v -0.180163 -0.693901 -8.905146
v -0.120744 -0.682160 -8.920729
v -0.120744 -0.684410 -8.919134
v -0.120744 -0.686494 -8.917187
v -0.120744 -0.688416 -8.914848
v -0.120744 -0.690177 -8.912086
v -0.120744 -0.691778 -8.908865
v -0.120744 -0.693224 -8.905146
v -0.060889 -0.681729 -8.920729
v -0.060889 -0.683979 -8.919134
v -0.060889 -0.686064 -8.917187
v -0.060889 -0.687984 -8.914848
v -0.060889 -0.689746 -8.912086
v -0.060889 -0.691348 -8.908865
v -0.060889 -0.692794 -8.905146
v -0.514794 -0.690492 -8.920729
v -0.564796 -0.692105 -8.920729
v -0.612543 -0.693743 -8.920729
v -0.657808 -0.695373 -8.920731
v -0.700362 -0.696970 -8.920731
v -0.739979 -0.698506 -8.920731
v -0.776432 -0.699952 -8.920731
v -0.514794 -0.692740 -8.919134
v -0.564796 -0.694356 -8.919134
v -0.612543 -0.695992 -8.919134
v -0.657808 -0.697623 -8.919134
v -0.700362 -0.699221 -8.919134
v -0.739979 -0.700755 -8.919134
v -0.776432 -0.702201 -8.919134
v -0.514794 -0.694826 -8.917187
v -0.564796 -0.696440 -8.917187
v -0.612543 -0.698076 -8.917187
v -0.657808 -0.699707 -8.917187
v -0.700362 -0.701304 -8.917187
v -0.739979 -0.702839 -8.917187
v -0.776432 -0.704286 -8.917187
v -0.514794 -0.696747 -8.914848
v -0.564796 -0.698361 -8.914850
v -0.612543 -0.699998 -8.914850
v -0.657808 -0.701629 -8.914850
v -0.700362 -0.703226 -8.914850
v -0.739979 -0.704761 -8.914848
v -0.776432 -0.706207 -8.914850
v -0.514794 -0.698507 -8.912088
v -0.564796 -0.700122 -8.912088
v -0.612543 -0.701758 -8.912088
v -0.657808 -0.703389 -8.912088
v -0.700362 -0.704986 -8.912088
v -0.739979 -0.706521 -8.912088
v -0.776432 -0.707967 -8.912088
v -0.514794 -0.700110 -8.908865
v -0.564796 -0.701724 -8.908865
v -0.612543 -0.703361 -8.908865
v -0.657808 -0.704991 -8.908865
v -0.700362 -0.706589 -8.908865
v -0.739979 -0.708123 -8.908865
v -0.776432 -0.709569 -8.908865
v -0.514794 -0.701556 -8.905146
v -0.564796 -0.703170 -8.905146
v -0.612543 -0.704806 -8.905146
v -0.657808 -0.706437 -8.905146
v -0.700362 -0.708035 -8.905146
v -0.739979 -0.709569 -8.905146
v -0.776432 -0.711015 -8.905146
v -0.514794 -0.685488 -8.922997
v -0.514794 -0.682731 -8.923740
v -0.514794 -0.679798 -8.924273
v -0.514794 -0.676689 -8.924627
v -0.514794 -0.673402 -8.924839
v -0.514794 -0.669935 -8.924944
v -0.514794 -0.666286 -8.924980
v -0.564796 -0.687102 -8.922998
v -0.564796 -0.684344 -8.923740
v -0.564796 -0.681412 -8.924273
v -0.564796 -0.678304 -8.924627
v -0.564796 -0.675017 -8.924839
v -0.564796 -0.671550 -8.924946
v -0.564796 -0.667899 -8.924980
v -0.612543 -0.688739 -8.922998
v -0.612543 -0.685981 -8.923740
v -0.612543 -0.683049 -8.924273
v -0.612543 -0.679940 -8.924627
v -0.612543 -0.676653 -8.924839
v -0.612543 -0.673185 -8.924944
v -0.612543 -0.669537 -8.924980
v -0.657808 -0.690370 -8.922998
v -0.657808 -0.687612 -8.923740
v -0.657808 -0.684679 -8.924273
v -0.657808 -0.681571 -8.924627
v -0.657808 -0.678285 -8.924839
v -0.657808 -0.674817 -8.924946
v -0.657808 -0.671166 -8.924980
v -0.700362 -0.691967 -8.922998
v -0.700362 -0.689209 -8.923740
v -0.700362 -0.686276 -8.924273
v -0.700362 -0.683167 -8.924627
v -0.700362 -0.679882 -8.924839
v -0.700362 -0.676414 -8.924944
v -0.700362 -0.672764 -8.924980
v -0.739979 -0.693502 -8.922998
v -0.739979 -0.690744 -8.923740
v -0.739979 -0.687811 -8.924273
v -0.739979 -0.684704 -8.924627
v -0.739979 -0.681417 -8.924839
v -0.739979 -0.677949 -8.924946
v -0.739979 -0.674298 -8.924980
v -0.776432 -0.694948 -8.922997
v -0.776432 -0.692190 -8.923740
v -0.776432 -0.689259 -8.924273
v -0.776432 -0.686150 -8.924627
v -0.776432 -0.682862 -8.924839
v -0.776432 -0.679395 -8.924944
v -0.776432 -0.675744 -8.924980
v -0.462765 -0.522304 8.923027
v -0.408935 -0.520818 8.923028
v -0.353533 -0.519438 8.923028
v -0.296785 -0.518191 8.923028
v -0.238919 -0.517107 8.923028
v -0.180163 -0.516213 8.923028
v -0.120744 -0.515536 8.923028
v -0.060890 -0.515105 8.923028
v -0.462765 -0.515945 8.922192
v -0.462765 -0.509794 8.921148
v -0.462765 -0.503891 8.919871
v -0.462765 -0.498274 8.918340
v -0.462765 -0.492982 8.916530
v -0.462765 -0.488054 8.914419
v -0.462765 -0.483529 8.911982
v -0.514795 -0.523867 8.923027
v -0.564797 -0.525482 8.923027
v -0.612544 -0.527118 8.923027
v -0.657808 -0.528749 8.923027
v -0.700363 -0.530345 8.923027
v -0.739980 -0.531881 8.923027
v -0.776432 -0.533327 8.923027
v -0.462765 -0.528831 8.923676
v -0.462765 -0.535491 8.924165
v -0.462765 -0.542242 8.924512
v -0.462765 -0.549046 8.924745
v -0.462765 -0.555863 8.924884
v -0.462765 -0.562657 8.924953
v -0.462765 -0.569387 8.924975
v -0.408935 -0.527345 8.923676
v -0.353532 -0.525966 8.923676
v -0.296785 -0.524719 8.923676
v -0.238919 -0.523635 8.923677
v -0.180163 -0.522741 8.923678
v -0.120744 -0.522064 8.923678
v -0.060890 -0.521633 8.923678
v -0.408935 -0.534005 8.924165
v -0.353533 -0.532625 8.924165
v -0.296785 -0.531379 8.924165
v -0.238919 -0.530294 8.924165
v -0.180163 -0.529401 8.924165
v -0.120744 -0.528724 8.924165
v -0.060890 -0.528294 8.924166
v -0.408935 -0.540755 8.924512
v -0.353532 -0.539376 8.924512
v -0.296785 -0.538130 8.924513
v -0.238919 -0.537045 8.924514
v -0.180163 -0.536152 8.924514
v -0.120744 -0.535475 8.924514
v -0.060890 -0.535044 8.924515
v -0.408935 -0.547560 8.924745
v -0.353533 -0.546180 8.924745
v -0.296785 -0.544933 8.924745
v -0.238919 -0.543849 8.924745
v -0.180163 -0.542955 8.924746
v -0.120744 -0.542278 8.924746
v -0.060890 -0.541847 8.924746
v -0.408935 -0.554379 8.924884
v -0.353532 -0.552998 8.924884
v -0.296785 -0.551751 8.924885
v -0.238919 -0.550667 8.924885
v -0.180163 -0.549773 8.924885
v -0.120744 -0.549097 8.924885
v -0.060890 -0.548667 8.924886
v -0.408935 -0.561171 8.924953
v -0.353532 -0.559791 8.924953
v -0.296785 -0.558545 8.924953
v -0.238919 -0.557461 8.924953
v -0.180163 -0.556566 8.924955
v -0.120744 -0.555890 8.924955
v -0.060890 -0.555459 8.924955
v -0.408935 -0.567901 8.924976
v -0.353532 -0.566521 8.924977
v -0.296785 -0.565275 8.924977
v -0.238919 -0.564191 8.924977
v -0.180163 -0.563296 8.924978
v -0.120744 -0.562620 8.924978
v -0.060890 -0.562189 8.924978
v -0.408935 -0.514459 8.922192
v -0.408935 -0.508308 8.921148
v -0.408935 -0.502405 8.919871
v -0.408935 -0.496788 8.918340
v -0.408935 -0.491496 8.916530
v -0.408935 -0.486568 8.914418
v -0.408935 -0.482043 8.911982
v -0.353532 -0.513079 8.922192
v -0.353533 -0.506928 8.921148
v -0.353533 -0.501025 8.919871
v -0.353533 -0.495408 8.918340
v -0.353533 -0.490116 8.916530
v -0.353533 -0.485188 8.914419
v -0.353533 -0.480662 8.911982
v -0.296785 -0.511832 8.922192
v -0.296785 -0.505682 8.921148
v -0.296785 -0.499779 8.919871
v -0.296785 -0.494163 8.918340
v -0.296785 -0.488871 8.916530
v -0.296785 -0.483942 8.914418
v -0.296785 -0.479417 8.911982
v -0.238919 -0.510748 8.922193
v -0.238919 -0.504598 8.921148
v -0.238919 -0.498694 8.919872
v -0.238919 -0.493078 8.918341
v -0.238919 -0.487786 8.916530
v -0.238919 -0.482858 8.914419
v -0.238919 -0.478333 8.911983
v -0.180163 -0.509854 8.922193
v -0.180163 -0.503703 8.921149
v -0.180163 -0.497801 8.919872
v -0.180163 -0.492184 8.918340
v -0.180163 -0.486892 8.916530
v -0.180163 -0.481964 8.914419
v -0.180163 -0.477438 8.911983
v -0.120744 -0.509177 8.922193
v -0.120744 -0.503027 8.921148
v -0.120744 -0.497124 8.919873
v -0.120744 -0.491508 8.918342
v -0.120744 -0.486216 8.916530
v -0.120744 -0.481287 8.914419
v -0.120744 -0.476762 8.911983
v -0.060890 -0.508747 8.922193
v -0.060890 -0.502597 8.921149
v -0.060890 -0.496694 8.919873
v -0.060890 -0.491076 8.918342
v -0.060890 -0.485785 8.916532
v -0.060890 -0.480857 8.914420
v -0.060890 -0.476331 8.911983
v -0.514795 -0.517509 8.922192
v -0.564797 -0.519123 8.922192
v -0.612544 -0.520759 8.922192
v -0.657808 -0.522390 8.922192
v -0.700363 -0.523987 8.922192
v -0.739980 -0.525522 8.922192
v -0.776432 -0.526968 8.922192
v -0.514795 -0.511358 8.921147
v -0.564797 -0.512972 8.921146
v -0.612544 -0.514609 8.921146
v -0.657808 -0.516239 8.921146
v -0.700363 -0.517837 8.921146
v -0.739980 -0.519373 8.921146
v -0.776432 -0.520819 8.921146
v -0.514795 -0.505455 8.919871
v -0.564797 -0.507070 8.919871
v -0.612544 -0.508706 8.919870
v -0.657808 -0.510337 8.919870
v -0.700363 -0.511934 8.919870
v -0.739980 -0.513469 8.919870
v -0.776432 -0.514915 8.919871
v -0.514795 -0.499838 8.918340
v -0.564797 -0.501452 8.918340
v -0.612544 -0.503089 8.918339
v -0.657808 -0.504720 8.918340
v -0.700363 -0.506317 8.918339
v -0.739980 -0.507853 8.918339
v -0.776432 -0.509298 8.918339
v -0.514795 -0.494546 8.916530
v -0.564797 -0.496161 8.916530
v -0.612544 -0.497797 8.916530
v -0.657808 -0.499428 8.916530
v -0.700363 -0.501025 8.916530
v -0.739980 -0.502561 8.916530
v -0.776432 -0.504006 8.916530
v -0.514795 -0.489618 8.914418
v -0.564797 -0.491233 8.914418
v -0.612544 -0.492869 8.914417
v -0.657808 -0.494500 8.914418
v -0.700363 -0.496097 8.914417
v -0.739980 -0.497632 8.914418
v -0.776432 -0.499079 8.914417
v -0.514795 -0.485093 8.911982
v -0.564797 -0.486707 8.911981
v -0.612544 -0.488343 8.911982
v -0.657808 -0.489974 8.911981
v -0.700363 -0.491571 8.911982
v -0.739980 -0.493107 8.911981
v -0.776432 -0.494553 8.911981
v -0.514795 -0.530396 8.923676
v -0.514795 -0.537054 8.924165
v -0.514795 -0.543805 8.924512
v -0.514795 -0.550610 8.924745
v -0.514795 -0.557428 8.924884
v -0.514795 -0.564221 8.924953
v -0.514795 -0.570951 8.924975
v -0.564797 -0.532010 8.923676
v -0.564797 -0.538670 8.924165
v -0.564797 -0.545421 8.924512
v -0.564797 -0.552224 8.924745
v -0.564797 -0.559042 8.924884
v -0.564797 -0.565836 8.924953
v -0.564797 -0.572565 8.924975
v -0.612544 -0.533647 8.923676
v -0.612544 -0.540305 8.924164
v -0.612544 -0.547056 8.924512
v -0.612544 -0.553861 8.924745
v -0.612544 -0.560678 8.924884
v -0.612544 -0.567472 8.924953
v -0.612544 -0.574203 8.924975
v -0.657808 -0.535277 8.923676
v -0.657808 -0.541937 8.924163
v -0.657808 -0.548688 8.924512
v -0.657808 -0.555491 8.924745
v -0.657808 -0.562309 8.924884
v -0.657808 -0.569102 8.924953
v -0.657808 -0.575832 8.924975
v -0.700363 -0.536875 8.923676
v -0.700363 -0.543533 8.924164
v -0.700363 -0.550285 8.924512
v -0.700363 -0.557089 8.924745
v -0.700363 -0.563907 8.924884
v -0.700363 -0.570700 8.924953
v -0.700363 -0.577430 8.924975
v -0.739980 -0.538410 8.923676
v -0.739980 -0.545069 8.924163
v -0.739980 -0.551820 8.924512
v -0.739980 -0.558624 8.924745
v -0.739980 -0.565442 8.924884
v -0.739980 -0.572235 8.924953
v -0.739980 -0.578965 8.924975
v -0.776432 -0.539856 8.923676
v -0.776432 -0.546515 8.924164
v -0.776432 -0.553266 8.924512
v -0.776432 -0.560070 8.924745
v -0.776432 -0.566888 8.924884
v -0.776432 -0.573682 8.924953
v -0.776432 -0.580411 8.924975
v -0.462765 -0.461549 8.516315
v -0.462765 -0.460708 8.357085
v -0.462765 -0.460077 8.159209
v -0.462765 -0.459627 7.918433
v -0.462765 -0.459327 7.630505
v -0.462765 -0.459146 7.291170
v -0.462765 -0.459056 6.896178
v -0.462765 -0.459026 6.441274
v -0.514795 -0.463113 8.516315
v -0.564797 -0.464726 8.516315
v -0.612544 -0.466363 8.516314
v -0.657808 -0.467994 8.516315
v -0.700363 -0.469591 8.516314
v -0.739980 -0.471127 8.516315
v -0.776432 -0.472572 8.516314
v -0.462765 -0.462629 8.641150
v -0.462765 -0.463981 8.735843
v -0.462765 -0.465632 8.804647
v -0.462765 -0.467614 8.851817
v -0.462765 -0.469956 8.881605
v -0.462765 -0.472689 8.898262
v -0.462765 -0.475842 8.906041
v -0.408935 -0.460062 8.516315
v -0.353533 -0.458682 8.516316
v -0.296785 -0.457437 8.516316
v -0.238919 -0.456352 8.516316
v -0.180163 -0.455458 8.516316
v -0.120744 -0.454782 8.516316
v -0.060890 -0.454350 8.516316
v -0.408935 -0.459222 8.357086
v -0.408935 -0.458591 8.159210
v -0.408935 -0.458140 7.918434
v -0.408935 -0.457840 7.630505
v -0.408935 -0.457660 7.291170
v -0.408935 -0.457570 6.896177
v -0.408935 -0.457540 6.441274
v -0.353533 -0.457842 8.357086
v -0.353533 -0.457211 8.159210
v -0.353533 -0.456760 7.918435
v -0.353533 -0.456461 7.630505
v -0.353533 -0.456281 7.291170
v -0.353533 -0.456190 6.896178
v -0.353533 -0.456160 6.441274
v -0.296785 -0.456595 8.357086
v -0.296785 -0.455965 8.159210
v -0.296785 -0.455515 7.918435
v -0.296785 -0.455215 7.630505
v -0.296785 -0.455034 7.291170
v -0.296785 -0.454944 6.896177
v -0.296785 -0.454914 6.441274
v -0.238919 -0.455511 8.357086
v -0.238919 -0.454881 8.159210
v -0.238919 -0.454431 7.918435
v -0.238919 -0.454130 7.630505
v -0.238919 -0.453950 7.291171
v -0.238919 -0.453860 6.896177
v -0.238919 -0.453830 6.441274
v -0.180163 -0.454618 8.357087
v -0.180163 -0.453986 8.159210
v -0.180163 -0.453536 7.918435
v -0.180163 -0.453237 7.630507
v -0.180163 -0.453056 7.291171
v -0.180163 -0.452966 6.896178
v -0.180163 -0.452935 6.441274
v -0.120744 -0.453941 8.357087
v -0.120744 -0.453310 8.159211
v -0.120744 -0.452860 7.918435
v -0.120744 -0.452559 7.630507
v -0.120744 -0.452379 7.291172
v -0.120744 -0.452290 6.896178
v -0.120744 -0.452259 6.441274
v -0.060890 -0.453510 8.357087
v -0.060890 -0.452880 8.159211
v -0.060890 -0.452429 7.918435
v -0.060890 -0.452128 7.630507
v -0.060890 -0.451948 7.291172
v -0.060890 -0.451859 6.896179
v -0.060890 -0.451828 6.441274
v -0.514795 -0.462272 8.357085
v -0.564797 -0.463886 8.357085
v -0.612544 -0.465523 8.357084
v -0.657808 -0.467154 8.357084
v -0.700363 -0.468751 8.357084
v -0.739980 -0.470285 8.357084
v -0.776432 -0.471731 8.357084
v -0.514795 -0.461641 8.159209
v -0.564797 -0.463255 8.159209
v -0.612544 -0.464892 8.159208
v -0.657808 -0.466522 8.159208
v -0.700363 -0.468120 8.159208
v -0.739980 -0.469655 8.159208
v -0.776432 -0.471101 8.159208
v -0.514795 -0.461191 7.918433
v -0.564797 -0.462805 7.918433
v -0.612544 -0.464442 7.918433
v -0.657808 -0.466072 7.918432
v -0.700363 -0.467669 7.918432
v -0.739980 -0.469205 7.918432
v -0.776432 -0.470651 7.918432
v -0.514795 -0.460891 7.630504
v -0.564797 -0.462505 7.630504
v -0.612544 -0.464141 7.630504
v -0.657808 -0.465773 7.630504
v -0.700363 -0.467369 7.630504
v -0.739980 -0.468904 7.630504
v -0.776432 -0.470350 7.630504
v -0.514795 -0.460711 7.291170
v -0.564797 -0.462325 7.291170
v -0.612544 -0.463962 7.291170
v -0.657808 -0.465592 7.291170
v -0.700363 -0.467189 7.291170
v -0.739980 -0.468724 7.291169
v -0.776432 -0.470170 7.291169
v -0.514795 -0.460620 6.896177
v -0.564797 -0.462234 6.896176
v -0.612544 -0.463871 6.896177
v -0.657808 -0.465502 6.896177
v -0.700363 -0.467099 6.896177
v -0.739980 -0.468634 6.896176
v -0.776432 -0.470080 6.896176
v -0.514795 -0.460590 6.441274
v -0.564797 -0.462205 6.441272
v -0.612544 -0.463840 6.441272
v -0.657808 -0.465472 6.441272
v -0.700363 -0.467069 6.441272
v -0.739980 -0.468604 6.441272
v -0.776432 -0.470050 6.441272
v -0.514795 -0.464193 8.641150
v -0.514795 -0.465545 8.735843
v -0.514795 -0.467196 8.804647
v -0.514795 -0.469178 8.851817
v -0.514795 -0.471520 8.881605
v -0.514795 -0.474253 8.898262
v -0.514795 -0.477406 8.906041
v -0.564797 -0.465808 8.641149
v -0.564797 -0.467159 8.735843
v -0.564797 -0.468811 8.804647
v -0.564797 -0.470792 8.851817
v -0.564797 -0.473134 8.881604
v -0.564797 -0.475867 8.898262
v -0.564797 -0.479020 8.906041
v -0.612544 -0.467444 8.641149
v -0.612544 -0.468796 8.735843
v -0.612544 -0.470448 8.804647
v -0.612544 -0.472429 8.851817
v -0.612544 -0.474771 8.881603
v -0.612544 -0.477504 8.898260
v -0.612544 -0.480657 8.906041
v -0.657808 -0.469075 8.641149
v -0.657808 -0.470427 8.735843
v -0.657808 -0.472078 8.804647
v -0.657808 -0.474059 8.851817
v -0.657808 -0.476401 8.881603
v -0.657808 -0.479135 8.898260
v -0.657808 -0.482287 8.906041
v -0.700363 -0.470672 8.641149
v -0.700363 -0.472023 8.735843
v -0.700363 -0.473675 8.804647
v -0.700363 -0.475657 8.851816
v -0.700363 -0.477999 8.881603
v -0.700363 -0.480731 8.898260
v -0.700363 -0.483884 8.906041
v -0.739980 -0.472208 8.641149
v -0.739980 -0.473559 8.735843
v -0.739980 -0.475210 8.804646
v -0.739980 -0.477192 8.851817
v -0.739980 -0.479534 8.881603
v -0.739980 -0.482267 8.898260
v -0.739980 -0.485419 8.906040
v -0.776432 -0.473654 8.641148
v -0.776432 -0.475005 8.735842
v -0.776432 -0.476656 8.804646
v -0.776432 -0.478638 8.851816
v -0.776432 -0.480980 8.881603
v -0.776432 -0.483713 8.898260
v -0.776432 -0.486866 8.906040
v -0.408935 -0.461143 8.641150
v -0.353533 -0.459764 8.641150
v -0.296785 -0.458518 8.641150
v -0.238919 -0.457434 8.641150
v -0.180163 -0.456539 8.641150
v -0.120744 -0.455862 8.641150
v -0.060890 -0.455432 8.641151
v -0.408935 -0.462495 8.735844
v -0.353533 -0.461115 8.735844
v -0.296785 -0.459869 8.735844
v -0.238919 -0.458785 8.735845
v -0.180163 -0.457891 8.735844
v -0.120744 -0.457213 8.735845
v -0.060890 -0.456783 8.735845
v -0.408935 -0.464147 8.804648
v -0.353533 -0.462767 8.804648
v -0.296785 -0.461520 8.804649
v -0.238919 -0.460436 8.804649
v -0.180163 -0.459541 8.804649
v -0.120744 -0.458865 8.804650
v -0.060890 -0.458435 8.804650
v -0.408935 -0.466128 8.851817
v -0.353533 -0.464748 8.851818
v -0.296785 -0.463502 8.851818
v -0.238919 -0.462418 8.851818
v -0.180163 -0.461523 8.851819
v -0.120744 -0.460847 8.851819
v -0.060890 -0.460417 8.851819
v -0.408935 -0.468471 8.881605
v -0.353533 -0.467090 8.881605
v -0.296785 -0.465844 8.881605
v -0.238919 -0.464760 8.881605
v -0.180163 -0.463865 8.881606
v -0.120744 -0.463189 8.881605
v -0.060890 -0.462759 8.881606
v -0.408935 -0.471203 8.898262
v -0.353533 -0.469823 8.898262
v -0.296785 -0.468577 8.898262
v -0.238919 -0.467493 8.898262
v -0.180163 -0.466599 8.898262
v -0.120744 -0.465921 8.898262
v -0.060890 -0.465491 8.898262
v -0.408935 -0.474356 8.906041
v -0.353533 -0.472976 8.906041
v -0.296785 -0.471729 8.906041
v -0.238919 -0.470646 8.906042
v -0.180163 -0.469751 8.906043
v -0.120744 -0.469074 8.906043
v -0.060890 -0.468644 8.906043
v -0.462765 -0.706944 8.516315
v -0.408935 -0.705457 8.516315
v -0.353532 -0.704077 8.516315
v -0.296784 -0.702830 8.516316
v -0.238919 -0.701747 8.516315
v -0.180163 -0.700852 8.516316
v -0.120744 -0.700176 8.516315
v -0.060890 -0.699745 8.516316
v -0.462765 -0.706600 8.641150
v -0.462765 -0.706173 8.735845
v -0.462765 -0.705651 8.804650
v -0.462765 -0.705024 8.851818
v -0.462765 -0.704284 8.881605
v -0.462765 -0.703419 8.898262
v -0.462765 -0.702423 8.906041
v -0.514794 -0.708507 8.516315
v -0.564796 -0.710121 8.516315
v -0.612544 -0.711758 8.516315
v -0.657808 -0.713388 8.516315
v -0.700363 -0.714985 8.516315
v -0.739980 -0.716521 8.516315
v -0.776432 -0.717967 8.516315
v -0.462765 -0.707210 8.357086
v -0.462765 -0.707408 8.159210
v -0.462765 -0.707551 7.918435
v -0.462765 -0.707645 7.630505
v -0.462765 -0.707703 7.291170
v -0.462765 -0.707731 6.896178
v -0.462765 -0.707741 6.441274
v -0.408935 -0.705723 8.357086
v -0.353532 -0.704343 8.357086
v -0.296784 -0.703097 8.357086
v -0.238919 -0.702013 8.357086
v -0.180163 -0.701118 8.357086
v -0.120744 -0.700442 8.357086
v -0.060890 -0.700011 8.357086
v -0.408935 -0.705921 8.159210
v -0.353532 -0.704542 8.159210
v -0.296784 -0.703296 8.159210
v -0.238919 -0.702211 8.159210
v -0.180163 -0.701318 8.159210
v -0.120744 -0.700641 8.159210
v -0.060890 -0.700210 8.159210
v -0.408935 -0.706064 7.918435
v -0.353532 -0.704684 7.918435
v -0.296784 -0.703439 7.918435
v -0.238919 -0.702354 7.918435
v -0.180163 -0.701460 7.918435
v -0.120744 -0.700784 7.918435
v -0.060890 -0.700353 7.918435
v -0.408935 -0.706160 7.630505
v -0.353532 -0.704779 7.630505
v -0.296784 -0.703533 7.630505
v -0.238919 -0.702449 7.630505
v -0.180163 -0.701554 7.630505
v -0.120744 -0.700879 7.630505
v -0.060890 -0.700447 7.630505
v -0.408935 -0.706216 7.291170
v -0.353532 -0.704836 7.291170
v -0.296784 -0.703590 7.291171
v -0.238919 -0.702506 7.291171
v -0.180163 -0.701612 7.291171
v -0.120744 -0.700935 7.291171
v -0.060890 -0.700504 7.291171
v -0.408935 -0.706244 6.896177
v -0.353532 -0.704865 6.896178
v -0.296784 -0.703619 6.896178
v -0.238919 -0.702535 6.896178
v -0.180163 -0.701640 6.896178
v -0.120744 -0.700964 6.896178
v -0.060890 -0.700533 6.896178
v -0.408935 -0.706255 6.441273
v -0.353532 -0.704875 6.441274
v -0.296784 -0.703629 6.441273
v -0.238919 -0.702544 6.441274
v -0.180163 -0.701651 6.441274
v -0.120744 -0.700974 6.441274
v -0.060890 -0.700542 6.441274
v -0.408935 -0.705115 8.641150
v -0.408935 -0.704688 8.735845
v -0.408935 -0.704165 8.804650
v -0.408935 -0.703539 8.851819
v -0.408935 -0.702797 8.881605
v -0.408935 -0.701934 8.898262
v -0.408935 -0.700936 8.906041
v -0.353532 -0.703734 8.641150
v -0.353532 -0.703307 8.735845
v -0.353532 -0.702785 8.804650
v -0.353532 -0.702159 8.851819
v -0.353532 -0.701417 8.881605
v -0.353532 -0.700554 8.898262
v -0.353532 -0.699556 8.906041
v -0.296784 -0.702489 8.641150
v -0.296784 -0.702062 8.735845
v -0.296784 -0.701539 8.804650
v -0.296784 -0.700912 8.851819
v -0.296784 -0.700171 8.881605
v -0.296784 -0.699307 8.898262
v -0.296784 -0.698311 8.906042
v -0.238919 -0.701405 8.641150
v -0.238919 -0.700977 8.735845
v -0.238919 -0.700455 8.804650
v -0.238919 -0.699828 8.851819
v -0.238919 -0.699087 8.881605
v -0.238919 -0.698224 8.898262
v -0.238919 -0.697227 8.906042
v -0.180163 -0.700510 8.641150
v -0.180163 -0.700083 8.735845
v -0.180163 -0.699561 8.804650
v -0.180163 -0.698934 8.851819
v -0.180163 -0.698193 8.881605
v -0.180163 -0.697330 8.898262
v -0.180163 -0.696332 8.906043
v -0.120744 -0.699834 8.641150
v -0.120744 -0.699407 8.735845
v -0.120744 -0.698884 8.804650
v -0.120744 -0.698257 8.851819
v -0.120744 -0.697516 8.881605
v -0.120744 -0.696652 8.898262
v -0.120744 -0.695655 8.906042
v -0.060890 -0.699404 8.641150
v -0.060890 -0.698977 8.735845
v -0.060890 -0.698453 8.804650
v -0.060890 -0.697827 8.851819
v -0.060890 -0.697085 8.881605
v -0.060890 -0.696222 8.898262
v -0.060890 -0.695225 8.906043
v -0.514794 -0.708165 8.641150
v -0.564797 -0.709779 8.641150
v -0.612544 -0.711415 8.641150
v -0.657808 -0.713046 8.641150
v -0.700363 -0.714643 8.641150
v -0.739980 -0.716179 8.641150
v -0.776432 -0.717625 8.641150
v -0.514794 -0.707738 8.735844
v -0.564796 -0.709352 8.735844
v -0.612544 -0.710988 8.735844
v -0.657808 -0.712619 8.735844
v -0.700363 -0.714216 8.735844
v -0.739980 -0.715752 8.735844
v -0.776432 -0.717197 8.735844
v -0.514794 -0.707216 8.804649
v -0.564797 -0.708830 8.804648
v -0.612544 -0.710466 8.804648
v -0.657808 -0.712097 8.804648
v -0.700363 -0.713695 8.804648
v -0.739980 -0.715229 8.804648
v -0.776432 -0.716675 8.804648
v -0.514794 -0.706589 8.851818
v -0.564796 -0.708202 8.851818
v -0.612544 -0.709839 8.851818
v -0.657808 -0.711470 8.851818
v -0.700363 -0.713067 8.851818
v -0.739980 -0.714602 8.851818
v -0.776432 -0.716048 8.851818
v -0.514794 -0.705848 8.881605
v -0.564797 -0.707462 8.881605
v -0.612544 -0.709099 8.881605
v -0.657808 -0.710729 8.881605
v -0.700363 -0.712326 8.881605
v -0.739980 -0.713862 8.881605
v -0.776432 -0.715308 8.881605
v -0.514794 -0.704984 8.898262
v -0.564796 -0.706598 8.898262
v -0.612544 -0.708234 8.898262
v -0.657808 -0.709866 8.898262
v -0.700363 -0.711462 8.898262
v -0.739980 -0.712997 8.898262
v -0.776432 -0.714443 8.898262
v -0.514794 -0.703987 8.906041
v -0.564797 -0.705601 8.906041
v -0.612544 -0.707236 8.906041
v -0.657808 -0.708868 8.906041
v -0.700363 -0.710465 8.906041
v -0.739980 -0.712000 8.906041
v -0.776432 -0.713446 8.906041
v -0.514794 -0.708773 8.357086
v -0.514794 -0.708972 8.159210
v -0.514794 -0.709115 7.918435
v -0.514794 -0.709209 7.630505
v -0.514794 -0.709267 7.291170
v -0.514794 -0.709295 6.896177
v -0.514794 -0.709304 6.441274
v -0.564797 -0.710387 8.357086
v -0.564797 -0.710587 8.159210
v -0.564797 -0.710729 7.918435
v -0.564797 -0.710824 7.630505
v -0.564797 -0.710880 7.291170
v -0.564797 -0.710909 6.896178
v -0.564797 -0.710919 6.441274
v -0.612544 -0.712023 8.357086
v -0.612544 -0.712223 8.159210
v -0.612544 -0.712365 7.918435
v -0.612544 -0.712461 7.630505
v -0.612544 -0.712518 7.291170
v -0.612544 -0.712546 6.896177
v -0.612544 -0.712555 6.441274
v -0.657808 -0.713655 8.357086
v -0.657808 -0.713854 8.159210
v -0.657808 -0.713996 7.918435
v -0.657808 -0.714090 7.630505
v -0.657808 -0.714148 7.291170
v -0.657808 -0.714176 6.896178
v -0.657808 -0.714187 6.441274
v -0.700363 -0.715251 8.357086
v -0.700363 -0.715451 8.159210
v -0.700363 -0.715593 7.918435
v -0.700363 -0.715688 7.630505
v -0.700363 -0.715745 7.291170
v -0.700363 -0.715774 6.896177
v -0.700363 -0.715784 6.441274
v -0.739980 -0.716786 8.357086
v -0.739980 -0.716987 8.159210
v -0.739980 -0.717129 7.918435
v -0.739980 -0.717224 7.630505
v -0.739980 -0.717281 7.291170
v -0.739980 -0.717310 6.896178
v -0.739980 -0.717319 6.441274
v -0.776432 -0.718232 8.357086
v -0.776432 -0.718432 8.159210
v -0.776432 -0.718575 7.918435
v -0.776432 -0.718670 7.630505
v -0.776432 -0.718727 7.291170
v -0.776432 -0.718756 6.896177
v -0.776432 -0.718764 6.441274
v 0.959412 -0.724550 8.516068
v 0.967869 -0.724561 8.515962
v 0.974660 -0.724422 8.515841
v 0.980000 -0.724134 8.515713
v 0.984105 -0.723696 8.515589
v 0.987192 -0.723108 8.515476
v 0.989476 -0.722370 8.515385
v 0.991173 -0.721481 8.515322
v 0.959366 -0.724218 8.640797
v 0.959312 -0.723805 8.735365
v 0.959257 -0.723300 8.804031
v 0.959202 -0.722695 8.851053
v 0.959153 -0.721981 8.880690
v 0.959113 -0.721149 8.897198
v 0.959085 -0.720191 8.904835
v 0.949073 -0.724391 8.516150
v 0.936640 -0.724084 8.516213
v 0.921899 -0.723629 8.516258
v 0.904640 -0.723027 8.516288
v 0.884649 -0.722279 8.516305
v 0.861714 -0.721384 8.516314
v 0.835623 -0.720345 8.516316
v 0.959449 -0.724808 8.356922
v 0.959476 -0.725001 8.159108
v 0.959495 -0.725140 7.918377
v 0.959508 -0.725231 7.630477
v 0.959516 -0.725286 7.291161
v 0.959520 -0.725314 6.896176
v 0.959521 -0.725324 6.441275
v 0.967921 -0.724815 8.356852
v 0.974730 -0.724671 8.356771
v 0.980090 -0.724378 8.356686
v 0.984217 -0.723933 8.356603
v 0.987326 -0.723336 8.356527
v 0.989632 -0.722588 8.356466
v 0.991350 -0.721685 8.356424
v 0.967960 -0.725005 8.159063
v 0.974783 -0.724859 8.159012
v 0.980158 -0.724561 8.158960
v 0.984301 -0.724110 8.158909
v 0.987427 -0.723507 8.158861
v 0.989749 -0.722750 8.158823
v 0.991482 -0.721839 8.158797
v 0.967988 -0.725142 7.918351
v 0.974820 -0.724992 7.918321
v 0.980207 -0.724691 7.918292
v 0.984361 -0.724237 7.918262
v 0.987498 -0.723629 7.918235
v 0.989832 -0.722867 7.918214
v 0.991576 -0.721949 7.918199
v 0.968006 -0.725233 7.630464
v 0.974845 -0.725082 7.630450
v 0.980239 -0.724778 7.630435
v 0.984401 -0.724322 7.630420
v 0.987546 -0.723711 7.630406
v 0.989888 -0.722944 7.630396
v 0.991640 -0.722023 7.630389
v 0.968017 -0.725286 7.291155
v 0.974860 -0.725135 7.291150
v 0.980258 -0.724831 7.291143
v 0.984425 -0.724373 7.291138
v 0.987575 -0.723760 7.291133
v 0.989921 -0.722992 7.291128
v 0.991677 -0.722067 7.291126
v 0.968023 -0.725314 6.896175
v 0.974868 -0.725163 6.896173
v 0.980268 -0.724857 6.896172
v 0.984437 -0.724398 6.896171
v 0.987589 -0.723783 6.896170
v 0.989938 -0.723015 6.896169
v 0.991696 -0.722089 6.896168
v 0.968025 -0.725323 6.441275
v 0.974870 -0.725171 6.441275
v 0.980271 -0.724866 6.441275
v 0.984441 -0.724406 6.441276
v 0.987594 -0.723792 6.441275
v 0.989943 -0.723022 6.441275
v 0.991702 -0.722096 6.441275
v 0.967802 -0.724235 8.640645
v 0.967726 -0.723826 8.735159
v 0.967647 -0.723329 8.803766
v 0.967569 -0.722733 8.850725
v 0.967498 -0.722031 8.880297
v 0.967441 -0.721211 8.896741
v 0.967402 -0.720270 8.904318
v 0.974570 -0.724101 8.640471
v 0.974467 -0.723701 8.734924
v 0.974358 -0.723213 8.803462
v 0.974251 -0.722631 8.850346
v 0.974154 -0.721944 8.879838
v 0.974073 -0.721146 8.896203
v 0.974019 -0.720227 8.903702
v 0.979884 -0.723820 8.640289
v 0.979750 -0.723430 8.734676
v 0.979608 -0.722956 8.803139
v 0.979467 -0.722391 8.849937
v 0.979335 -0.721728 8.879338
v 0.979225 -0.720958 8.895605
v 0.979149 -0.720073 8.903005
v 0.983961 -0.723392 8.640112
v 0.983795 -0.723014 8.734432
v 0.983616 -0.722558 8.802816
v 0.983435 -0.722017 8.849523
v 0.983259 -0.721388 8.878816
v 0.983110 -0.720657 8.894966
v 0.983005 -0.719816 8.902244
v 0.987020 -0.722815 8.639951
v 0.986819 -0.722453 8.734210
v 0.986600 -0.722020 8.802515
v 0.986371 -0.721512 8.849123
v 0.986143 -0.720927 8.878295
v 0.985944 -0.720251 8.894308
v 0.985802 -0.719469 8.901436
v 0.989276 -0.722090 8.639820
v 0.989040 -0.721746 8.734027
v 0.988778 -0.721343 8.802262
v 0.988498 -0.720874 8.848783
v 0.988210 -0.720342 8.877841
v 0.987947 -0.719735 8.893709
v 0.987746 -0.719045 8.900656
v 0.990946 -0.721217 8.639730
v 0.990676 -0.720897 8.733902
v 0.990371 -0.720523 8.802090
v 0.990038 -0.720099 8.848543
v 0.989683 -0.719625 8.877517
v 0.989341 -0.719110 8.893250
v 0.989044 -0.718553 8.899979
v 0.949042 -0.724056 8.640915
v 0.936620 -0.723746 8.641004
v 0.921888 -0.723289 8.641068
v 0.904634 -0.722686 8.641110
v 0.884647 -0.721937 8.641135
v 0.861714 -0.721043 8.641148
v 0.835623 -0.720003 8.641151
v 0.949007 -0.723638 8.735525
v 0.936598 -0.723325 8.735645
v 0.921876 -0.722865 8.735731
v 0.904628 -0.722260 8.735788
v 0.884644 -0.721511 8.735823
v 0.861713 -0.720615 8.735840
v 0.835623 -0.719576 8.735846
v 0.948969 -0.723126 8.804237
v 0.936575 -0.722809 8.804393
v 0.921862 -0.722346 8.804503
v 0.904621 -0.721741 8.804578
v 0.884642 -0.720989 8.804622
v 0.861712 -0.720094 8.804643
v 0.835623 -0.719053 8.804651
v 0.948933 -0.722515 8.851309
v 0.936552 -0.722192 8.851501
v 0.921849 -0.721725 8.851638
v 0.904615 -0.721116 8.851729
v 0.884639 -0.720363 8.851785
v 0.861712 -0.719466 8.851810
v 0.835623 -0.718427 8.851821
v 0.948900 -0.721792 8.880996
v 0.936532 -0.721462 8.881225
v 0.921838 -0.720991 8.881389
v 0.904609 -0.720378 8.881498
v 0.884637 -0.719624 8.881564
v 0.861711 -0.718726 8.881597
v 0.835623 -0.717687 8.881608
v 0.948873 -0.720949 8.897553
v 0.936515 -0.720611 8.897820
v 0.921828 -0.720134 8.898010
v 0.904604 -0.719518 8.898136
v 0.884634 -0.718760 8.898213
v 0.861710 -0.717862 8.898251
v 0.835623 -0.716822 8.898264
v 0.948855 -0.719978 8.905238
v 0.936503 -0.719631 8.905540
v 0.921821 -0.719147 8.905757
v 0.904601 -0.718526 8.905900
v 0.884633 -0.717766 8.905986
v 0.861710 -0.716866 8.906029
v 0.835623 -0.715824 8.906044
v 0.949098 -0.724651 8.356977
v 0.949116 -0.724847 8.159142
v 0.949129 -0.724987 7.918396
v 0.949137 -0.725079 7.630486
v 0.949143 -0.725135 7.291163
v 0.949145 -0.725163 6.896177
v 0.949146 -0.725172 6.441275
v 0.936655 -0.724346 8.357018
v 0.936666 -0.724543 8.159169
v 0.936674 -0.724684 7.918411
v 0.936680 -0.724778 7.630494
v 0.936683 -0.724833 7.291166
v 0.936685 -0.724861 6.896178
v 0.936685 -0.724872 6.441274
v 0.921908 -0.723892 8.357048
v 0.921915 -0.724091 8.159186
v 0.921919 -0.724232 7.918421
v 0.921922 -0.724326 7.630500
v 0.921924 -0.724382 7.291170
v 0.921925 -0.724411 6.896178
v 0.921925 -0.724421 6.441274
v 0.904644 -0.723291 8.357068
v 0.904648 -0.723491 8.159199
v 0.904650 -0.723632 7.918428
v 0.904651 -0.723726 7.630504
v 0.904652 -0.723783 7.291171
v 0.904653 -0.723812 6.896179
v 0.904653 -0.723821 6.441274
v 0.884651 -0.722544 8.357080
v 0.884652 -0.722743 8.159206
v 0.884653 -0.722885 7.918433
v 0.884654 -0.722980 7.630506
v 0.884654 -0.723037 7.291172
v 0.884654 -0.723065 6.896179
v 0.884654 -0.723075 6.441274
v 0.861715 -0.721650 8.357086
v 0.861715 -0.721849 8.159210
v 0.861715 -0.721992 7.918435
v 0.861715 -0.722086 7.630507
v 0.861715 -0.722143 7.291172
v 0.861715 -0.722172 6.896179
v 0.861715 -0.722182 6.441274
v 0.835623 -0.720611 8.357087
v 0.835623 -0.720811 8.159211
v 0.835623 -0.720953 7.918435
v 0.835623 -0.721048 7.630507
v 0.835623 -0.721106 7.291172
v 0.835623 -0.721133 6.896179
v 0.835623 -0.721143 6.441274
v 0.959412 -0.482355 8.516072
v 0.959448 -0.481546 8.356926
v 0.959475 -0.480940 8.159112
v 0.959495 -0.480507 7.918380
v 0.959508 -0.480218 7.630480
v 0.959515 -0.480044 7.291164
v 0.959519 -0.479958 6.896180
v 0.959521 -0.479929 6.441279
v 0.949073 -0.481130 8.516155
v 0.936639 -0.480022 8.516217
v 0.921899 -0.478996 8.516261
v 0.904639 -0.478013 8.516291
v 0.884648 -0.477036 8.516308
v 0.861713 -0.476028 8.516317
v 0.835622 -0.474951 8.516320
v 0.959365 -0.483395 8.640800
v 0.959312 -0.484694 8.735369
v 0.959256 -0.486281 8.804035
v 0.959201 -0.488186 8.851058
v 0.959152 -0.490435 8.880694
v 0.959112 -0.493058 8.897201
v 0.959085 -0.496083 8.904840
v 0.967869 -0.483736 8.515966
v 0.974659 -0.485311 8.515844
v 0.979999 -0.487115 8.515717
v 0.984105 -0.489186 8.515593
v 0.987191 -0.491562 8.515480
v 0.989476 -0.494278 8.515389
v 0.991173 -0.497373 8.515326
v 0.967920 -0.482942 8.356855
v 0.967959 -0.482346 8.159067
v 0.967987 -0.481919 7.918355
v 0.968006 -0.481636 7.630468
v 0.968017 -0.481465 7.291159
v 0.968022 -0.481380 6.896179
v 0.968024 -0.481352 6.441279
v 0.974729 -0.484533 8.356773
v 0.974782 -0.483950 8.159017
v 0.974819 -0.483534 7.918326
v 0.974845 -0.483255 7.630454
v 0.974860 -0.483089 7.291153
v 0.974867 -0.483006 6.896177
v 0.974870 -0.482978 6.441278
v 0.980090 -0.486359 8.356689
v 0.980157 -0.485792 8.158964
v 0.980206 -0.485387 7.918296
v 0.980238 -0.485117 7.630440
v 0.980258 -0.484955 7.291148
v 0.980267 -0.484874 6.896176
v 0.980271 -0.484846 6.441278
v 0.984217 -0.488456 8.356606
v 0.984301 -0.487908 8.158913
v 0.984361 -0.487517 7.918266
v 0.984401 -0.487257 7.630424
v 0.984425 -0.487101 7.291141
v 0.984437 -0.487021 6.896174
v 0.984441 -0.486996 6.441278
v 0.987325 -0.490863 8.356531
v 0.987426 -0.490338 8.158865
v 0.987498 -0.489964 7.918240
v 0.987546 -0.489715 7.630410
v 0.987574 -0.489565 7.291136
v 0.987589 -0.489490 6.896173
v 0.987593 -0.489465 6.441278
v 0.989631 -0.493616 8.356470
v 0.989748 -0.493119 8.158828
v 0.989831 -0.492764 7.918218
v 0.989887 -0.492528 7.630400
v 0.989920 -0.492386 7.291132
v 0.989937 -0.492315 6.896172
v 0.989943 -0.492291 6.441278
v 0.991349 -0.496754 8.356429
v 0.991481 -0.496289 8.158801
v 0.991576 -0.495957 7.918203
v 0.991639 -0.495736 7.630393
v 0.991677 -0.495604 7.291129
v 0.991696 -0.495538 6.896171
v 0.991702 -0.495516 6.441278
v 0.949097 -0.480309 8.356981
v 0.936654 -0.479195 8.357022
v 0.921907 -0.478163 8.357052
v 0.904644 -0.477176 8.357072
v 0.884650 -0.476197 8.357083
v 0.861714 -0.475187 8.357090
v 0.835622 -0.474110 8.357091
v 0.949115 -0.479696 8.159147
v 0.936666 -0.478574 8.159172
v 0.921914 -0.477538 8.159191
v 0.904647 -0.476548 8.159203
v 0.884651 -0.475568 8.159210
v 0.861714 -0.474557 8.159214
v 0.835622 -0.473479 8.159215
v 0.949128 -0.479257 7.918400
v 0.936674 -0.478131 7.918415
v 0.921919 -0.477092 7.918426
v 0.904649 -0.476100 7.918432
v 0.884652 -0.475118 7.918436
v 0.861714 -0.474107 7.918438
v 0.835622 -0.473029 7.918440
v 0.949137 -0.478964 7.630491
v 0.936679 -0.477836 7.630499
v 0.921922 -0.476794 7.630504
v 0.904651 -0.475801 7.630507
v 0.884653 -0.474818 7.630509
v 0.861714 -0.473806 7.630510
v 0.835622 -0.472729 7.630510
v 0.949142 -0.478788 7.291169
v 0.936682 -0.477658 7.291171
v 0.921924 -0.476616 7.291173
v 0.904652 -0.475622 7.291174
v 0.884653 -0.474638 7.291176
v 0.861715 -0.473627 7.291176
v 0.835622 -0.472548 7.291176
v 0.949144 -0.478701 6.896182
v 0.936684 -0.477570 6.896182
v 0.921925 -0.476526 6.896183
v 0.904652 -0.475533 6.896182
v 0.884653 -0.474549 6.896182
v 0.861715 -0.473537 6.896183
v 0.835622 -0.472458 6.896183
v 0.949145 -0.478671 6.441279
v 0.936685 -0.477540 6.441279
v 0.921925 -0.476497 6.441279
v 0.904652 -0.475502 6.441278
v 0.884653 -0.474519 6.441278
v 0.861715 -0.473507 6.441278
v 0.835622 -0.472428 6.441278
v 0.949041 -0.482183 8.640919
v 0.949006 -0.483500 8.735529
v 0.948969 -0.485108 8.804241
v 0.948933 -0.487039 8.851314
v 0.948900 -0.489319 8.881000
v 0.948873 -0.491978 8.897556
v 0.948855 -0.495046 8.905242
v 0.936620 -0.481086 8.641008
v 0.936598 -0.482416 8.735649
v 0.936574 -0.484041 8.804396
v 0.936552 -0.485991 8.851504
v 0.936531 -0.488294 8.881227
v 0.936514 -0.490980 8.897822
v 0.936503 -0.494081 8.905543
v 0.921888 -0.480067 8.641071
v 0.921875 -0.481406 8.735735
v 0.921862 -0.483042 8.804506
v 0.921849 -0.485005 8.851641
v 0.921837 -0.487326 8.881392
v 0.921827 -0.490032 8.898013
v 0.921821 -0.493155 8.905759
v 0.904634 -0.479090 8.641113
v 0.904627 -0.480434 8.735792
v 0.904621 -0.482079 8.804581
v 0.904614 -0.484051 8.851732
v 0.904608 -0.486382 8.881500
v 0.904604 -0.489101 8.898139
v 0.904600 -0.492239 8.905903
v 0.884646 -0.478115 8.641138
v 0.884643 -0.479464 8.735826
v 0.884641 -0.481112 8.804624
v 0.884638 -0.483091 8.851787
v 0.884636 -0.485428 8.881566
v 0.884634 -0.488156 8.898215
v 0.884633 -0.491302 8.905990
v 0.861713 -0.477109 8.641150
v 0.861712 -0.478459 8.735843
v 0.861712 -0.480110 8.804646
v 0.861711 -0.482091 8.851814
v 0.861710 -0.484432 8.881598
v 0.861710 -0.487163 8.898254
v 0.861709 -0.490314 8.906033
v 0.835622 -0.476032 8.641154
v 0.835622 -0.477384 8.735848
v 0.835622 -0.479034 8.804654
v 0.835622 -0.481016 8.851823
v 0.835622 -0.483358 8.881609
v 0.835622 -0.486092 8.898267
v 0.835622 -0.489244 8.906047
v 0.967802 -0.484758 8.640649
v 0.974569 -0.486310 8.640475
v 0.979883 -0.488087 8.640293
v 0.983961 -0.490125 8.640115
v 0.987019 -0.492460 8.639955
v 0.989275 -0.495130 8.639824
v 0.990946 -0.498169 8.639734
v 0.967726 -0.486035 8.735163
v 0.974466 -0.487559 8.734927
v 0.979750 -0.489299 8.734680
v 0.983794 -0.491291 8.734437
v 0.986818 -0.493570 8.734214
v 0.989040 -0.496173 8.734032
v 0.990676 -0.499135 8.733907
v 0.967646 -0.487596 8.803769
v 0.974357 -0.489082 8.803466
v 0.979608 -0.490774 8.803142
v 0.983616 -0.492703 8.802819
v 0.986599 -0.494903 8.802519
v 0.988777 -0.497410 8.802267
v 0.990370 -0.500265 8.802094
v 0.967568 -0.489466 8.850729
v 0.974251 -0.490908 8.850349
v 0.979467 -0.492537 8.849941
v 0.983434 -0.494382 8.849526
v 0.986370 -0.496469 8.849127
v 0.988497 -0.498844 8.848786
v 0.990037 -0.501552 8.848547
v 0.967498 -0.491676 8.880301
v 0.974153 -0.493061 8.879842
v 0.979335 -0.494611 8.879342
v 0.983259 -0.496345 8.878819
v 0.986142 -0.498281 8.878299
v 0.988209 -0.500479 8.877844
v 0.989683 -0.502988 8.877521
v 0.967440 -0.494252 8.896744
v 0.974073 -0.495571 8.896207
v 0.979224 -0.497026 8.895608
v 0.983110 -0.498628 8.894970
v 0.985943 -0.500387 8.894311
v 0.987947 -0.502351 8.893712
v 0.989341 -0.504566 8.893252
v 0.967401 -0.497223 8.904322
v 0.974018 -0.498466 8.903706
v 0.979148 -0.499814 8.903009
v 0.983005 -0.501269 8.902247
v 0.985801 -0.502832 8.901440
v 0.987745 -0.504502 8.900660
v 0.989044 -0.506276 8.899981
v 0.959412 -0.541001 8.921153
v 0.967869 -0.541478 8.920349
v 0.974659 -0.541909 8.919344
v 0.979999 -0.542288 8.918115
v 0.984105 -0.542615 8.916641
v 0.987192 -0.542884 8.914902
v 0.989476 -0.543095 8.912873
v 0.991173 -0.543242 8.910535
v 0.959365 -0.534779 8.920349
v 0.959312 -0.528788 8.919344
v 0.959256 -0.523063 8.918116
v 0.959202 -0.517633 8.916643
v 0.959152 -0.512535 8.914903
v 0.959112 -0.507798 8.912874
v 0.959085 -0.503455 8.910537
v 0.949073 -0.540479 8.921780
v 0.936639 -0.539899 8.922249
v 0.921899 -0.539248 8.922585
v 0.904640 -0.538517 8.922809
v 0.884648 -0.537690 8.922943
v 0.861713 -0.536757 8.923010
v 0.835622 -0.535706 8.923032
v 0.959448 -0.547424 8.921780
v 0.959475 -0.554004 8.922249
v 0.959495 -0.560699 8.922585
v 0.959508 -0.567464 8.922808
v 0.959516 -0.574260 8.922942
v 0.959520 -0.581041 8.923009
v 0.959521 -0.587768 8.923031
v 0.967921 -0.547856 8.920965
v 0.974729 -0.548235 8.919947
v 0.980090 -0.548560 8.918702
v 0.984217 -0.548833 8.917210
v 0.987326 -0.549054 8.915445
v 0.989631 -0.549227 8.913389
v 0.991349 -0.549349 8.911018
v 0.967960 -0.554402 8.921427
v 0.974782 -0.554742 8.920399
v 0.980158 -0.555026 8.919142
v 0.984301 -0.555260 8.917635
v 0.987426 -0.555446 8.915854
v 0.989748 -0.555589 8.913777
v 0.991481 -0.555692 8.911382
v 0.967987 -0.561072 8.921757
v 0.974820 -0.561384 8.920721
v 0.980206 -0.561640 8.919456
v 0.984361 -0.561844 8.917938
v 0.987498 -0.562006 8.916145
v 0.989832 -0.562128 8.914053
v 0.991576 -0.562217 8.911640
v 0.968006 -0.567822 8.921976
v 0.974845 -0.568115 8.920936
v 0.980238 -0.568351 8.919666
v 0.984401 -0.568538 8.918141
v 0.987546 -0.568682 8.916339
v 0.989887 -0.568789 8.914238
v 0.991639 -0.568870 8.911813
v 0.968017 -0.574608 8.922108
v 0.974860 -0.574890 8.921065
v 0.980258 -0.575115 8.919791
v 0.984425 -0.575290 8.918262
v 0.987575 -0.575423 8.916456
v 0.989921 -0.575522 8.914349
v 0.991677 -0.575598 8.911917
v 0.968023 -0.581385 8.922174
v 0.974867 -0.581662 8.921130
v 0.980268 -0.581881 8.919854
v 0.984437 -0.582049 8.918324
v 0.987589 -0.582178 8.916514
v 0.989937 -0.582274 8.914403
v 0.991696 -0.582346 8.911968
v 0.968024 -0.588109 8.922196
v 0.974870 -0.588384 8.921152
v 0.980271 -0.588602 8.919875
v 0.984441 -0.588769 8.918343
v 0.987594 -0.588896 8.916534
v 0.989943 -0.588989 8.914422
v 0.991702 -0.589061 8.911986
v 0.967802 -0.535315 8.919557
v 0.967726 -0.529393 8.918568
v 0.967646 -0.523743 8.917360
v 0.967568 -0.518394 8.915913
v 0.967498 -0.513379 8.914203
v 0.967440 -0.508723 8.912211
v 0.967401 -0.504459 8.909913
v 0.974569 -0.535810 8.918568
v 0.974466 -0.529967 8.917600
v 0.974357 -0.524406 8.916419
v 0.974251 -0.519154 8.915007
v 0.974153 -0.514239 8.913340
v 0.974073 -0.509686 8.911397
v 0.974018 -0.505522 8.909158
v 0.979883 -0.536261 8.917360
v 0.979750 -0.530500 8.916419
v 0.979608 -0.525036 8.915275
v 0.979467 -0.519893 8.913909
v 0.979335 -0.515096 8.912303
v 0.979224 -0.510668 8.910432
v 0.979148 -0.506630 8.908275
v 0.983961 -0.536654 8.915912
v 0.983795 -0.530978 8.915006
v 0.983616 -0.525614 8.913909
v 0.983434 -0.520589 8.912605
v 0.983259 -0.515928 8.911084
v 0.983110 -0.511649 8.909315
v 0.983005 -0.507770 8.907271
v 0.987019 -0.536984 8.914202
v 0.986819 -0.531388 8.913339
v 0.986599 -0.526123 8.912303
v 0.986370 -0.521224 8.911084
v 0.986142 -0.516717 8.909676
v 0.985943 -0.512615 8.908044
v 0.985801 -0.508927 8.906150
v 0.989275 -0.537245 8.912210
v 0.989040 -0.531714 8.911396
v 0.988777 -0.526537 8.910432
v 0.988498 -0.521750 8.909315
v 0.988209 -0.517388 8.908044
v 0.987947 -0.513471 8.906589
v 0.987745 -0.510015 8.904920
v 0.990946 -0.537427 8.909913
v 0.990676 -0.531940 8.909158
v 0.990370 -0.526826 8.908275
v 0.990037 -0.522121 8.907271
v 0.989683 -0.517867 8.906150
v 0.989341 -0.514122 8.904920
v 0.989044 -0.510945 8.903589
v 0.949042 -0.534210 8.920965
v 0.936620 -0.533596 8.921427
v 0.921888 -0.532923 8.921757
v 0.904634 -0.532174 8.921978
v 0.884646 -0.531339 8.922109
v 0.861713 -0.530400 8.922175
v 0.835622 -0.529346 8.922196
v 0.949006 -0.528167 8.919947
v 0.936598 -0.527514 8.920399
v 0.921875 -0.526810 8.920722
v 0.904628 -0.526043 8.920938
v 0.884644 -0.525195 8.921066
v 0.861712 -0.524253 8.921131
v 0.835622 -0.523197 8.921152
v 0.948969 -0.522382 8.918703
v 0.936574 -0.521683 8.919144
v 0.921862 -0.520949 8.919457
v 0.904621 -0.520162 8.919667
v 0.884641 -0.519301 8.919793
v 0.861712 -0.518351 8.919855
v 0.835622 -0.517293 8.919877
v 0.948933 -0.516891 8.917210
v 0.936552 -0.516145 8.917636
v 0.921849 -0.515377 8.917940
v 0.904614 -0.514566 8.918142
v 0.884638 -0.513693 8.918263
v 0.861711 -0.512736 8.918324
v 0.835622 -0.511676 8.918344
v 0.948900 -0.511727 8.915447
v 0.936531 -0.510933 8.915854
v 0.921837 -0.510131 8.916146
v 0.904608 -0.509297 8.916341
v 0.884636 -0.508410 8.916457
v 0.861710 -0.507447 8.916515
v 0.835622 -0.506385 8.916534
v 0.948873 -0.506927 8.913391
v 0.936514 -0.506085 8.913778
v 0.921827 -0.505249 8.914055
v 0.904604 -0.504393 8.914239
v 0.884634 -0.503491 8.914350
v 0.861710 -0.502521 8.914406
v 0.835622 -0.501456 8.914423
v 0.948855 -0.502522 8.911019
v 0.936503 -0.501636 8.911382
v 0.921821 -0.500767 8.911642
v 0.904600 -0.499888 8.911814
v 0.884633 -0.498975 8.911918
v 0.861709 -0.497998 8.911969
v 0.835622 -0.496931 8.911987
v 0.949097 -0.546936 8.922414
v 0.949115 -0.553542 8.922888
v 0.949128 -0.560256 8.923228
v 0.949137 -0.567035 8.923454
v 0.949142 -0.573837 8.923591
v 0.949145 -0.580624 8.923657
v 0.949146 -0.587350 8.923680
v 0.936654 -0.546383 8.922889
v 0.936666 -0.553009 8.923369
v 0.936674 -0.559736 8.923712
v 0.936679 -0.566525 8.923940
v 0.936683 -0.573334 8.924077
v 0.936684 -0.580122 8.924146
v 0.936685 -0.586850 8.924169
v 0.921908 -0.545753 8.923228
v 0.921914 -0.552392 8.923712
v 0.921919 -0.559130 8.924056
v 0.921922 -0.565925 8.924287
v 0.921924 -0.572737 8.924424
v 0.921925 -0.579529 8.924494
v 0.921925 -0.586257 8.924517
v 0.904644 -0.545033 8.923455
v 0.904647 -0.551682 8.923941
v 0.904649 -0.558427 8.924287
v 0.904651 -0.565226 8.924519
v 0.904652 -0.572042 8.924657
v 0.904652 -0.578834 8.924725
v 0.904653 -0.585563 8.924748
v 0.884650 -0.544214 8.923592
v 0.884651 -0.550869 8.924077
v 0.884652 -0.557618 8.924425
v 0.884653 -0.564420 8.924657
v 0.884653 -0.571238 8.924795
v 0.884654 -0.578030 8.924864
v 0.884654 -0.584760 8.924888
v 0.861714 -0.543284 8.923659
v 0.861714 -0.549943 8.924146
v 0.861715 -0.556693 8.924494
v 0.861715 -0.563497 8.924725
v 0.861715 -0.570314 8.924864
v 0.861715 -0.577108 8.924933
v 0.861715 -0.583838 8.924956
v 0.835622 -0.542234 8.923682
v 0.835622 -0.548893 8.924169
v 0.835622 -0.555644 8.924517
v 0.835623 -0.562449 8.924748
v 0.835622 -0.569266 8.924888
v 0.835623 -0.576059 8.924957
v 0.835623 -0.582789 8.924980
v 0.959412 -0.704784 -8.919134
v 0.967869 -0.705081 -8.917908
v 0.974660 -0.705304 -8.916370
v 0.980000 -0.705467 -8.914495
v 0.984105 -0.705581 -8.912247
v 0.987192 -0.705659 -8.909592
v 0.989476 -0.705713 -8.906496
v 0.991173 -0.705756 -8.902925
v 0.959366 -0.707156 -8.917908
v 0.959312 -0.709352 -8.916372
v 0.959257 -0.711378 -8.914497
v 0.959202 -0.713237 -8.912249
v 0.959153 -0.714933 -8.909592
v 0.959113 -0.716474 -8.906498
v 0.959085 -0.717860 -8.902927
v 0.949073 -0.704403 -8.920092
v 0.936640 -0.703930 -8.920809
v 0.921899 -0.703356 -8.921320
v 0.904640 -0.702674 -8.921661
v 0.884649 -0.701878 -8.921865
v 0.861714 -0.700960 -8.921968
v 0.835623 -0.699913 -8.922003
v 0.959449 -0.702233 -8.920092
v 0.959476 -0.699503 -8.920809
v 0.959495 -0.696589 -8.921320
v 0.959508 -0.693493 -8.921661
v 0.959516 -0.690214 -8.921864
v 0.959520 -0.686750 -8.921968
v 0.959521 -0.683102 -8.922003
v 0.967921 -0.702546 -8.918846
v 0.974730 -0.702786 -8.917292
v 0.980090 -0.702967 -8.915392
v 0.984217 -0.703098 -8.913115
v 0.987326 -0.703193 -8.910423
v 0.989632 -0.703259 -8.907284
v 0.991350 -0.703313 -8.903666
v 0.967960 -0.699824 -8.919550
v 0.974783 -0.700078 -8.917982
v 0.980158 -0.700273 -8.916065
v 0.984301 -0.700418 -8.913765
v 0.987427 -0.700524 -8.911047
v 0.989749 -0.700603 -8.907875
v 0.991482 -0.700662 -8.904219
v 0.967988 -0.696919 -8.920055
v 0.974820 -0.697183 -8.918474
v 0.980207 -0.697387 -8.916544
v 0.984361 -0.697541 -8.914228
v 0.987498 -0.697657 -8.911491
v 0.989832 -0.697742 -8.908298
v 0.991577 -0.697805 -8.904613
v 0.968006 -0.693830 -8.920391
v 0.974845 -0.694098 -8.918802
v 0.980239 -0.694308 -8.916864
v 0.984401 -0.694469 -8.914537
v 0.987546 -0.694591 -8.911787
v 0.989888 -0.694681 -8.908579
v 0.991640 -0.694748 -8.904877
v 0.968017 -0.690554 -8.920591
v 0.974860 -0.690825 -8.919001
v 0.980258 -0.691040 -8.917057
v 0.984425 -0.691206 -8.914722
v 0.987575 -0.691330 -8.911966
v 0.989921 -0.691422 -8.908749
v 0.991677 -0.691492 -8.905037
v 0.968023 -0.687092 -8.920692
v 0.974868 -0.687366 -8.919100
v 0.980268 -0.687583 -8.917154
v 0.984437 -0.687750 -8.914816
v 0.987589 -0.687875 -8.912054
v 0.989938 -0.687969 -8.908833
v 0.991696 -0.688040 -8.905113
v 0.968025 -0.683443 -8.920727
v 0.974870 -0.683718 -8.919132
v 0.980271 -0.683935 -8.917185
v 0.984441 -0.684102 -8.914846
v 0.987594 -0.684230 -8.912083
v 0.989943 -0.684324 -8.908861
v 0.991703 -0.684395 -8.905142
v 0.967802 -0.707434 -8.916698
v 0.967726 -0.709606 -8.915188
v 0.967647 -0.711607 -8.913345
v 0.967569 -0.713438 -8.911135
v 0.967498 -0.715108 -8.908524
v 0.967441 -0.716620 -8.905483
v 0.967402 -0.717982 -8.901976
v 0.974570 -0.707634 -8.915188
v 0.974467 -0.709781 -8.913712
v 0.974358 -0.711752 -8.911907
v 0.974251 -0.713552 -8.909750
v 0.974154 -0.715188 -8.907206
v 0.974074 -0.716667 -8.904240
v 0.974019 -0.717997 -8.900824
v 0.979884 -0.707773 -8.913345
v 0.979750 -0.709892 -8.911907
v 0.979608 -0.711830 -8.910160
v 0.979467 -0.713594 -8.908073
v 0.979335 -0.715192 -8.905622
v 0.979225 -0.716630 -8.902767
v 0.979149 -0.717917 -8.899477
v 0.983962 -0.707864 -8.911135
v 0.983795 -0.709954 -8.909750
v 0.983616 -0.711860 -8.908073
v 0.983435 -0.713584 -8.906086
v 0.983259 -0.715136 -8.903763
v 0.983110 -0.716524 -8.901062
v 0.983005 -0.717760 -8.897942
v 0.987020 -0.707921 -8.908524
v 0.986819 -0.709986 -8.907204
v 0.986600 -0.711856 -8.905622
v 0.986371 -0.713538 -8.903763
v 0.986143 -0.715039 -8.901613
v 0.985944 -0.716368 -8.899120
v 0.985802 -0.717542 -8.896231
v 0.989276 -0.707958 -8.905481
v 0.989040 -0.710000 -8.904240
v 0.988778 -0.711841 -8.902767
v 0.988498 -0.713485 -8.901062
v 0.988210 -0.714935 -8.899120
v 0.987947 -0.716205 -8.896898
v 0.987746 -0.717300 -8.894354
v 0.990946 -0.707989 -8.901976
v 0.990676 -0.710014 -8.900824
v 0.990371 -0.711833 -8.899477
v 0.990038 -0.713449 -8.897942
v 0.989683 -0.714862 -8.896231
v 0.989341 -0.716071 -8.894354
v 0.989044 -0.717075 -8.892323
v 0.949042 -0.706791 -8.918846
v 0.936620 -0.706327 -8.919550
v 0.921888 -0.705761 -8.920055
v 0.904634 -0.705086 -8.920391
v 0.884647 -0.704292 -8.920593
v 0.861714 -0.703376 -8.920692
v 0.835623 -0.702331 -8.920727
v 0.949007 -0.709004 -8.917292
v 0.936598 -0.708555 -8.917982
v 0.921876 -0.707998 -8.918474
v 0.904628 -0.707329 -8.918802
v 0.884644 -0.706540 -8.919001
v 0.861713 -0.705625 -8.919100
v 0.835623 -0.704579 -8.919134
v 0.948970 -0.711049 -8.915392
v 0.936575 -0.710615 -8.916065
v 0.921862 -0.710069 -8.916544
v 0.904621 -0.709407 -8.916864
v 0.884642 -0.708621 -8.917057
v 0.861712 -0.707709 -8.917154
v 0.835623 -0.706663 -8.917185
v 0.948933 -0.712929 -8.913115
v 0.936552 -0.712510 -8.913765
v 0.921849 -0.711975 -8.914228
v 0.904615 -0.711320 -8.914537
v 0.884639 -0.710540 -8.914722
v 0.861712 -0.709629 -8.914816
v 0.835623 -0.708585 -8.914848
v 0.948900 -0.714646 -8.910423
v 0.936532 -0.714244 -8.911047
v 0.921838 -0.713720 -8.911491
v 0.904609 -0.713073 -8.911787
v 0.884637 -0.712296 -8.911966
v 0.861711 -0.711390 -8.912056
v 0.835623 -0.710345 -8.912085
v 0.948873 -0.716208 -8.907286
v 0.936515 -0.715820 -8.907877
v 0.921828 -0.715308 -8.908298
v 0.904604 -0.714667 -8.908581
v 0.884635 -0.713897 -8.908749
v 0.861710 -0.712991 -8.908833
v 0.835623 -0.711947 -8.908861
v 0.948855 -0.717614 -8.903666
v 0.936504 -0.717240 -8.904219
v 0.921822 -0.716740 -8.904615
v 0.904601 -0.716105 -8.904879
v 0.884633 -0.715339 -8.905037
v 0.861710 -0.714436 -8.905115
v 0.835623 -0.713393 -8.905144
v 0.949098 -0.701840 -8.921059
v 0.949116 -0.699100 -8.921783
v 0.949129 -0.696180 -8.922302
v 0.949137 -0.693080 -8.922649
v 0.949143 -0.689798 -8.922855
v 0.949145 -0.686334 -8.922960
v 0.949146 -0.682684 -8.922993
v 0.936655 -0.701358 -8.921783
v 0.936666 -0.698610 -8.922516
v 0.936674 -0.695686 -8.923038
v 0.936680 -0.692582 -8.923389
v 0.936683 -0.689300 -8.923597
v 0.936685 -0.685834 -8.923700
v 0.936685 -0.682184 -8.923738
v 0.921908 -0.700777 -8.922302
v 0.921915 -0.698025 -8.923038
v 0.921919 -0.695097 -8.923567
v 0.921922 -0.691993 -8.923918
v 0.921924 -0.688707 -8.924129
v 0.921925 -0.685241 -8.924232
v 0.921925 -0.681591 -8.924269
v 0.904644 -0.700091 -8.922649
v 0.904648 -0.697336 -8.923389
v 0.904650 -0.694407 -8.923920
v 0.904651 -0.691299 -8.924271
v 0.904652 -0.688013 -8.924482
v 0.904653 -0.684547 -8.924587
v 0.904653 -0.680897 -8.924623
v 0.884651 -0.699293 -8.922855
v 0.884652 -0.696536 -8.923597
v 0.884653 -0.693605 -8.924129
v 0.884654 -0.690497 -8.924482
v 0.884654 -0.687210 -8.924694
v 0.884654 -0.683743 -8.924799
v 0.884654 -0.680094 -8.924837
v 0.861715 -0.698375 -8.922960
v 0.861715 -0.695616 -8.923702
v 0.861715 -0.692683 -8.924232
v 0.861715 -0.689575 -8.924587
v 0.861715 -0.686289 -8.924799
v 0.861715 -0.682821 -8.924908
v 0.861715 -0.679172 -8.924942
v 0.835623 -0.697327 -8.922993
v 0.835623 -0.694568 -8.923738
v 0.835623 -0.691635 -8.924269
v 0.835623 -0.688528 -8.924623
v 0.835623 -0.685241 -8.924837
v 0.835623 -0.681773 -8.924942
v 0.835623 -0.678123 -8.924978
v 0.959521 -0.642087 -8.921999
v 0.968025 -0.642428 -8.920725
v 0.974870 -0.642703 -8.919132
v 0.980271 -0.642920 -8.917185
v 0.984441 -0.643087 -8.914846
v 0.987594 -0.643215 -8.912083
v 0.989943 -0.643310 -8.908859
v 0.991703 -0.643380 -8.905140
v 0.959521 -0.647339 -8.922003
v 0.959521 -0.652425 -8.922001
v 0.959521 -0.657340 -8.922003
v 0.959521 -0.662083 -8.922001
v 0.959521 -0.666649 -8.922003
v 0.959521 -0.671037 -8.922003
v 0.959521 -0.675243 -8.922003
v 0.949146 -0.641669 -8.922993
v 0.936685 -0.641170 -8.923738
v 0.921926 -0.640576 -8.924269
v 0.904653 -0.639882 -8.924622
v 0.884654 -0.639079 -8.924835
v 0.861715 -0.638157 -8.924940
v 0.835623 -0.637108 -8.924976
v 0.959521 -0.636669 -8.921999
v 0.959521 -0.631092 -8.921999
v 0.959521 -0.625355 -8.921999
v 0.959521 -0.619463 -8.921999
v 0.959521 -0.613418 -8.921999
v 0.959521 -0.607223 -8.921999
v 0.959521 -0.600881 -8.921999
v 0.968025 -0.637012 -8.920725
v 0.974870 -0.637287 -8.919132
v 0.980271 -0.637504 -8.917185
v 0.984441 -0.637671 -8.914846
v 0.987594 -0.637797 -8.912083
v 0.989943 -0.637893 -8.908859
v 0.991703 -0.637962 -8.905140
v 0.968025 -0.631433 -8.920725
v 0.974870 -0.631708 -8.919132
v 0.980271 -0.631926 -8.917183
v 0.984441 -0.632092 -8.914846
v 0.987594 -0.632220 -8.912083
v 0.989943 -0.632314 -8.908859
v 0.991703 -0.632385 -8.905140
v 0.968025 -0.625697 -8.920725
v 0.974870 -0.625972 -8.919132
v 0.980271 -0.626189 -8.917183
v 0.984441 -0.626356 -8.914846
v 0.987594 -0.626483 -8.912083
v 0.989943 -0.626578 -8.908859
v 0.991703 -0.626648 -8.905140
v 0.968025 -0.619805 -8.920725
v 0.974870 -0.620080 -8.919132
v 0.980271 -0.620297 -8.917183
v 0.984441 -0.620464 -8.914846
v 0.987594 -0.620590 -8.912083
v 0.989943 -0.620685 -8.908859
v 0.991703 -0.620756 -8.905140
v 0.968025 -0.613759 -8.920725
v 0.974870 -0.614034 -8.919132
v 0.980271 -0.614252 -8.917183
v 0.984441 -0.614420 -8.914846
v 0.987594 -0.614546 -8.912083
v 0.989943 -0.614640 -8.908859
v 0.991703 -0.614711 -8.905138
v 0.968025 -0.607565 -8.920725
v 0.974870 -0.607841 -8.919132
v 0.980271 -0.608057 -8.917183
v 0.984441 -0.608225 -8.914846
v 0.987594 -0.608351 -8.912083
v 0.989943 -0.608445 -8.908859
v 0.991703 -0.608516 -8.905140
v 0.968025 -0.601222 -8.920725
v 0.974870 -0.601498 -8.919132
v 0.980271 -0.601714 -8.917183
v 0.984441 -0.601883 -8.914846
v 0.987594 -0.602009 -8.912083
v 0.989943 -0.602103 -8.908859
v 0.991703 -0.602174 -8.905138
v 0.968025 -0.647681 -8.920725
v 0.968025 -0.652766 -8.920725
v 0.968025 -0.657681 -8.920725
v 0.968025 -0.662424 -8.920725
v 0.968025 -0.666990 -8.920725
v 0.968025 -0.671378 -8.920725
v 0.968025 -0.675585 -8.920725
v 0.974870 -0.647955 -8.919132
v 0.974870 -0.653041 -8.919132
v 0.974870 -0.657956 -8.919132
v 0.974870 -0.662699 -8.919132
v 0.974870 -0.667265 -8.919132
v 0.974870 -0.671655 -8.919132
v 0.974870 -0.675860 -8.919132
v 0.980271 -0.648173 -8.917185
v 0.980271 -0.653258 -8.917185
v 0.980271 -0.658174 -8.917185
v 0.980271 -0.662916 -8.917185
v 0.980271 -0.667483 -8.917185
v 0.980271 -0.671871 -8.917185
v 0.980271 -0.676077 -8.917185
v 0.984441 -0.648340 -8.914846
v 0.984441 -0.653425 -8.914846
v 0.984441 -0.658341 -8.914846
v 0.984441 -0.663083 -8.914846
v 0.984441 -0.667650 -8.914846
v 0.984441 -0.672039 -8.914846
v 0.984441 -0.676246 -8.914846
v 0.987594 -0.648467 -8.912083
v 0.987594 -0.653553 -8.912083
v 0.987594 -0.658468 -8.912083
v 0.987594 -0.663211 -8.912083
v 0.987594 -0.667777 -8.912083
v 0.987594 -0.672165 -8.912083
v 0.987594 -0.676372 -8.912083
v 0.989943 -0.648561 -8.908859
v 0.989943 -0.653647 -8.908859
v 0.989943 -0.658563 -8.908859
v 0.989943 -0.663305 -8.908859
v 0.989943 -0.667871 -8.908859
v 0.989943 -0.672259 -8.908859
v 0.989943 -0.676466 -8.908859
v 0.991703 -0.648632 -8.905142
v 0.991703 -0.653718 -8.905140
v 0.991703 -0.658632 -8.905140
v 0.991703 -0.663375 -8.905140
v 0.991703 -0.667942 -8.905142
v 0.991703 -0.672330 -8.905140
v 0.991703 -0.676537 -8.905142
v 0.949146 -0.646921 -8.922993
v 0.936685 -0.646421 -8.923738
v 0.921926 -0.645828 -8.924267
v 0.904653 -0.645134 -8.924622
v 0.884654 -0.644331 -8.924835
v 0.861715 -0.643410 -8.924940
v 0.835623 -0.642361 -8.924976
v 0.949146 -0.652007 -8.922993
v 0.936685 -0.651507 -8.923738
v 0.921926 -0.650914 -8.924267
v 0.904653 -0.650220 -8.924622
v 0.884654 -0.649417 -8.924835
v 0.861715 -0.648495 -8.924940
v 0.835623 -0.647446 -8.924976
v 0.949146 -0.656923 -8.922993
v 0.936685 -0.656423 -8.923738
v 0.921926 -0.655829 -8.924267
v 0.904653 -0.655135 -8.924622
v 0.884654 -0.654331 -8.924835
v 0.861715 -0.653410 -8.924940
v 0.835623 -0.652362 -8.924976
v 0.949146 -0.661666 -8.922993
v 0.936685 -0.661165 -8.923738
v 0.921926 -0.660572 -8.924267
v 0.904653 -0.659878 -8.924622
v 0.884654 -0.659074 -8.924835
v 0.861715 -0.658153 -8.924940
v 0.835623 -0.657104 -8.924978
v 0.949146 -0.666231 -8.922993
v 0.936685 -0.665731 -8.923738
v 0.921926 -0.665138 -8.924267
v 0.904653 -0.664444 -8.924622
v 0.884654 -0.663641 -8.924835
v 0.861715 -0.662720 -8.924940
v 0.835623 -0.661671 -8.924978
v 0.949146 -0.670621 -8.922993
v 0.936685 -0.670119 -8.923738
v 0.921926 -0.669526 -8.924267
v 0.904653 -0.668832 -8.924622
v 0.884654 -0.668029 -8.924835
v 0.861715 -0.667108 -8.924940
v 0.835623 -0.666059 -8.924978
v 0.949146 -0.674827 -8.922993
v 0.936685 -0.674326 -8.923738
v 0.921926 -0.673733 -8.924267
v 0.904653 -0.673039 -8.924622
v 0.884654 -0.672235 -8.924835
v 0.861715 -0.671313 -8.924940
v 0.835623 -0.670265 -8.924978
v 0.949146 -0.636253 -8.922993
v 0.949146 -0.630674 -8.922993
v 0.949146 -0.624939 -8.922993
v 0.949146 -0.619046 -8.922993
v 0.949146 -0.613002 -8.922993
v 0.949146 -0.606807 -8.922993
v 0.949146 -0.600464 -8.922993
v 0.936685 -0.635753 -8.923738
v 0.936685 -0.630175 -8.923737
v 0.936685 -0.624437 -8.923735
v 0.936685 -0.618545 -8.923735
v 0.936685 -0.612500 -8.923735
v 0.936685 -0.606305 -8.923735
v 0.936685 -0.599963 -8.923735
v 0.921926 -0.635159 -8.924269
v 0.921926 -0.629581 -8.924267
v 0.921926 -0.623844 -8.924267
v 0.921926 -0.617952 -8.924267
v 0.921926 -0.611907 -8.924267
v 0.921926 -0.605712 -8.924267
v 0.921926 -0.599370 -8.924267
v 0.904653 -0.634464 -8.924622
v 0.904653 -0.628887 -8.924622
v 0.904653 -0.623150 -8.924622
v 0.904653 -0.617258 -8.924622
v 0.904653 -0.611213 -8.924622
v 0.904653 -0.605018 -8.924622
v 0.904653 -0.598677 -8.924622
v 0.884654 -0.633661 -8.924835
v 0.884654 -0.628084 -8.924835
v 0.884654 -0.622347 -8.924835
v 0.884654 -0.616454 -8.924835
v 0.884654 -0.610410 -8.924835
v 0.884654 -0.604215 -8.924833
v 0.884654 -0.597873 -8.924835
v 0.861715 -0.632740 -8.924940
v 0.861715 -0.627162 -8.924940
v 0.861715 -0.621426 -8.924940
v 0.861715 -0.615533 -8.924940
v 0.861715 -0.609488 -8.924940
v 0.861715 -0.603293 -8.924940
v 0.861715 -0.596951 -8.924940
v 0.835623 -0.631692 -8.924976
v 0.835623 -0.626113 -8.924976
v 0.835623 -0.620378 -8.924976
v 0.835623 -0.614485 -8.924976
v 0.835623 -0.608440 -8.924976
v 0.835623 -0.602245 -8.924976
v 0.835623 -0.595902 -8.924976
v 0.959412 -0.704784 8.921150
v 0.967869 -0.705081 8.920346
v 0.974660 -0.705304 8.919340
v 0.980000 -0.705467 8.918112
v 0.984105 -0.705581 8.916638
v 0.987192 -0.705659 8.914900
v 0.989476 -0.705713 8.912871
v 0.991173 -0.705756 8.910533
v 0.959449 -0.702233 8.921777
v 0.959476 -0.699503 8.922247
v 0.959495 -0.696589 8.922582
v 0.959508 -0.693493 8.922805
v 0.959516 -0.690214 8.922939
v 0.959520 -0.686750 8.923008
v 0.959521 -0.683102 8.923030
v 0.949073 -0.704403 8.921777
v 0.936640 -0.703930 8.922246
v 0.921899 -0.703356 8.922582
v 0.904640 -0.702674 8.922806
v 0.884649 -0.701878 8.922939
v 0.861714 -0.700960 8.923007
v 0.835623 -0.699913 8.923028
v 0.959366 -0.707156 8.920346
v 0.959312 -0.709352 8.919340
v 0.959257 -0.711378 8.918112
v 0.959202 -0.713237 8.916639
v 0.959153 -0.714933 8.914899
v 0.959112 -0.716474 8.912870
v 0.959085 -0.717860 8.910532
v 0.967802 -0.707434 8.919555
v 0.974569 -0.707634 8.918565
v 0.979883 -0.707773 8.917356
v 0.983961 -0.707864 8.915910
v 0.987020 -0.707921 8.914200
v 0.989276 -0.707958 8.912208
v 0.990946 -0.707989 8.909910
v 0.967726 -0.709606 8.918565
v 0.974466 -0.709781 8.917598
v 0.979750 -0.709892 8.916417
v 0.983795 -0.709954 8.915003
v 0.986819 -0.709986 8.913336
v 0.989040 -0.710000 8.911393
v 0.990676 -0.710014 8.909155
v 0.967647 -0.711607 8.917356
v 0.974358 -0.711752 8.916417
v 0.979608 -0.711830 8.915273
v 0.983616 -0.711860 8.913905
v 0.986600 -0.711856 8.912299
v 0.988778 -0.711841 8.910430
v 0.990371 -0.711833 8.908273
v 0.967569 -0.713438 8.915910
v 0.974251 -0.713552 8.915003
v 0.979467 -0.713594 8.913905
v 0.983435 -0.713584 8.912603
v 0.986371 -0.713538 8.911082
v 0.988498 -0.713485 8.909312
v 0.990038 -0.713449 8.907268
v 0.967498 -0.715108 8.914200
v 0.974154 -0.715188 8.913336
v 0.979335 -0.715192 8.912299
v 0.983259 -0.715136 8.911082
v 0.986143 -0.715039 8.909675
v 0.988210 -0.714935 8.908040
v 0.989683 -0.714862 8.906147
v 0.967441 -0.716620 8.912207
v 0.974073 -0.716667 8.911393
v 0.979225 -0.716630 8.910430
v 0.983110 -0.716524 8.909312
v 0.985944 -0.716368 8.908040
v 0.987947 -0.716205 8.906585
v 0.989341 -0.716071 8.904917
v 0.967402 -0.717982 8.909909
v 0.974019 -0.717997 8.909155
v 0.979149 -0.717917 8.908272
v 0.983005 -0.717760 8.907268
v 0.985802 -0.717542 8.906147
v 0.987746 -0.717300 8.904917
v 0.989044 -0.717075 8.903587
v 0.967921 -0.702546 8.920961
v 0.967960 -0.699824 8.921424
v 0.967988 -0.696919 8.921754
v 0.968006 -0.693830 8.921973
v 0.968017 -0.690554 8.922106
v 0.968023 -0.687092 8.922173
v 0.968025 -0.683443 8.922195
v 0.974730 -0.702786 8.919943
v 0.974782 -0.700078 8.920396
v 0.974820 -0.697183 8.920718
v 0.974845 -0.694098 8.920935
v 0.974860 -0.690825 8.921063
v 0.974868 -0.687366 8.921129
v 0.974870 -0.683718 8.921150
v 0.980090 -0.702967 8.918699
v 0.980158 -0.700273 8.919140
v 0.980206 -0.697387 8.919454
v 0.980239 -0.694308 8.919663
v 0.980258 -0.691040 8.919789
v 0.980268 -0.687583 8.919852
v 0.980271 -0.683935 8.919874
v 0.984217 -0.703098 8.917207
v 0.984301 -0.700418 8.917632
v 0.984361 -0.697541 8.917936
v 0.984401 -0.694469 8.918139
v 0.984425 -0.691206 8.918261
v 0.984437 -0.687750 8.918323
v 0.984441 -0.684102 8.918343
v 0.987326 -0.703193 8.915444
v 0.987427 -0.700524 8.915852
v 0.987498 -0.697657 8.916143
v 0.987546 -0.694591 8.916338
v 0.987575 -0.691330 8.916454
v 0.987589 -0.687875 8.916513
v 0.987594 -0.684230 8.916533
v 0.989632 -0.703259 8.913388
v 0.989749 -0.700603 8.913774
v 0.989832 -0.697742 8.914052
v 0.989888 -0.694681 8.914236
v 0.989921 -0.691422 8.914347
v 0.989938 -0.687969 8.914402
v 0.989943 -0.684324 8.914421
v 0.991350 -0.703313 8.911016
v 0.991482 -0.700662 8.911380
v 0.991576 -0.697805 8.911639
v 0.991639 -0.694748 8.911811
v 0.991677 -0.691492 8.911915
v 0.991696 -0.688040 8.911967
v 0.991702 -0.684395 8.911984
v 0.949097 -0.701840 8.922411
v 0.936655 -0.701358 8.922887
v 0.921908 -0.700777 8.923226
v 0.904644 -0.700091 8.923452
v 0.884651 -0.699293 8.923588
v 0.861714 -0.698375 8.923656
v 0.835623 -0.697327 8.923678
v 0.949116 -0.699100 8.922887
v 0.936666 -0.698610 8.923367
v 0.921914 -0.698025 8.923709
v 0.904647 -0.697336 8.923938
v 0.884652 -0.696536 8.924075
v 0.861715 -0.695616 8.924143
v 0.835623 -0.694568 8.924166
v 0.949128 -0.696180 8.923226
v 0.936674 -0.695686 8.923709
v 0.921919 -0.695097 8.924054
v 0.904650 -0.694407 8.924284
v 0.884653 -0.693605 8.924422
v 0.861715 -0.692683 8.924491
v 0.835623 -0.691635 8.924515
v 0.949137 -0.693080 8.923452
v 0.936680 -0.692582 8.923938
v 0.921922 -0.691993 8.924284
v 0.904651 -0.691299 8.924516
v 0.884653 -0.690497 8.924654
v 0.861715 -0.689575 8.924724
v 0.835623 -0.688528 8.924746
v 0.949142 -0.689798 8.923589
v 0.936683 -0.689300 8.924075
v 0.921924 -0.688707 8.924422
v 0.904652 -0.688013 8.924654
v 0.884654 -0.687210 8.924793
v 0.861715 -0.686289 8.924862
v 0.835623 -0.685241 8.924886
v 0.949145 -0.686334 8.923656
v 0.936685 -0.685834 8.924144
v 0.921925 -0.685241 8.924491
v 0.904653 -0.684547 8.924724
v 0.884654 -0.683743 8.924863
v 0.861715 -0.682821 8.924932
v 0.835623 -0.681773 8.924955
v 0.949146 -0.682684 8.923679
v 0.936685 -0.682184 8.924167
v 0.921925 -0.681591 8.924515
v 0.904653 -0.680897 8.924747
v 0.884654 -0.680094 8.924886
v 0.861715 -0.679172 8.924955
v 0.835623 -0.678123 8.924978
v 0.949042 -0.706791 8.920962
v 0.949007 -0.709004 8.919944
v 0.948969 -0.711049 8.918698
v 0.948933 -0.712929 8.917207
v 0.948900 -0.714646 8.915444
v 0.948873 -0.716208 8.913388
v 0.948855 -0.717614 8.911016
v 0.936620 -0.706327 8.921424
v 0.936598 -0.708555 8.920396
v 0.936575 -0.710615 8.919139
v 0.936552 -0.712510 8.917632
v 0.936532 -0.714244 8.915852
v 0.936515 -0.715820 8.913774
v 0.936503 -0.717240 8.911380
v 0.921888 -0.705761 8.921754
v 0.921876 -0.707998 8.920718
v 0.921862 -0.710069 8.919454
v 0.921849 -0.711975 8.917936
v 0.921838 -0.713720 8.916143
v 0.921828 -0.715308 8.914052
v 0.921821 -0.716740 8.911639
v 0.904634 -0.705086 8.921973
v 0.904628 -0.707329 8.920934
v 0.904621 -0.709407 8.919663
v 0.904615 -0.711320 8.918139
v 0.904609 -0.713073 8.916337
v 0.904604 -0.714667 8.914236
v 0.904601 -0.716106 8.911811
v 0.884647 -0.704292 8.922105
v 0.884644 -0.706540 8.921062
v 0.884641 -0.708621 8.919788
v 0.884639 -0.710540 8.918261
v 0.884636 -0.712296 8.916454
v 0.884634 -0.713897 8.914347
v 0.884633 -0.715339 8.911915
v 0.861713 -0.703376 8.922172
v 0.861713 -0.705625 8.921127
v 0.861712 -0.707709 8.919852
v 0.861711 -0.709629 8.918322
v 0.861711 -0.711390 8.916512
v 0.861710 -0.712991 8.914402
v 0.861710 -0.714436 8.911966
v 0.835623 -0.702331 8.922194
v 0.835623 -0.704579 8.921150
v 0.835623 -0.706663 8.919873
v 0.835623 -0.708585 8.918342
v 0.835623 -0.710345 8.916533
v 0.835623 -0.711947 8.914420
v 0.835623 -0.713393 8.911983
v -0.462765 -0.686511 8.923028
v -0.408935 -0.685024 8.923028
v -0.353532 -0.683644 8.923028
v -0.296784 -0.682399 8.923028
v -0.238919 -0.681314 8.923028
v -0.180163 -0.680420 8.923028
v -0.120744 -0.679743 8.923028
v -0.060890 -0.679313 8.923028
v -0.462765 -0.683925 8.923677
v -0.462765 -0.681166 8.924165
v -0.462765 -0.678234 8.924514
v -0.462765 -0.675125 8.924746
v -0.462765 -0.671839 8.924885
v -0.462765 -0.668370 8.924953
v -0.462765 -0.664721 8.924977
v -0.514794 -0.688075 8.923028
v -0.564797 -0.689689 8.923028
v -0.612544 -0.691326 8.923027
v -0.657808 -0.692956 8.923027
v -0.700363 -0.694553 8.923027
v -0.739980 -0.696089 8.923027
v -0.776432 -0.697535 8.923027
v -0.462765 -0.688928 8.922192
v -0.462765 -0.691177 8.921148
v -0.462765 -0.693261 8.919871
v -0.462765 -0.695183 8.918340
v -0.462765 -0.696944 8.916530
v -0.462765 -0.698545 8.914419
v -0.462765 -0.699991 8.911982
v -0.408935 -0.687441 8.922192
v -0.353532 -0.686061 8.922192
v -0.296784 -0.684815 8.922193
v -0.238919 -0.683731 8.922193
v -0.180163 -0.682837 8.922193
v -0.120744 -0.682160 8.922193
v -0.060890 -0.681729 8.922194
v -0.408935 -0.689691 8.921148
v -0.353532 -0.688312 8.921148
v -0.296784 -0.687065 8.921148
v -0.238919 -0.685981 8.921148
v -0.180163 -0.685087 8.921148
v -0.120744 -0.684410 8.921148
v -0.060890 -0.683979 8.921149
v -0.408935 -0.691775 8.919871
v -0.353532 -0.690395 8.919871
v -0.296784 -0.689150 8.919871
v -0.238919 -0.688066 8.919872
v -0.180163 -0.687171 8.919872
v -0.120744 -0.686494 8.919872
v -0.060890 -0.686064 8.919872
v -0.408935 -0.693696 8.918340
v -0.353532 -0.692317 8.918340
v -0.296784 -0.691071 8.918340
v -0.238919 -0.689986 8.918341
v -0.180163 -0.689093 8.918340
v -0.120744 -0.688416 8.918341
v -0.060890 -0.687984 8.918340
v -0.408935 -0.695457 8.916530
v -0.353532 -0.694077 8.916530
v -0.296784 -0.692831 8.916530
v -0.238919 -0.691748 8.916530
v -0.180163 -0.690853 8.916530
v -0.120744 -0.690177 8.916530
v -0.060890 -0.689746 8.916530
v -0.408935 -0.697060 8.914418
v -0.353532 -0.695680 8.914418
v -0.296784 -0.694433 8.914419
v -0.238919 -0.693349 8.914419
v -0.180163 -0.692455 8.914419
v -0.120744 -0.691778 8.914419
v -0.060890 -0.691348 8.914419
v -0.408935 -0.698505 8.911982
v -0.353532 -0.697125 8.911982
v -0.296784 -0.695879 8.911983
v -0.238919 -0.694795 8.911983
v -0.180163 -0.693901 8.911983
v -0.120744 -0.693224 8.911983
v -0.060890 -0.692794 8.911983
v -0.408935 -0.682438 8.923677
v -0.408935 -0.679680 8.924165
v -0.408935 -0.676747 8.924514
v -0.408935 -0.673639 8.924746
v -0.408935 -0.670352 8.924885
v -0.408935 -0.666885 8.924953
v -0.408935 -0.663235 8.924977
v -0.353532 -0.681058 8.923677
v -0.353532 -0.678300 8.924165
v -0.353532 -0.675367 8.924514
v -0.353532 -0.672259 8.924746
v -0.353532 -0.668973 8.924885
v -0.353532 -0.665505 8.924953
v -0.353532 -0.661855 8.924977
v -0.296784 -0.679812 8.923677
v -0.296784 -0.677053 8.924165
v -0.296784 -0.674122 8.924514
v -0.296784 -0.671013 8.924746
v -0.296784 -0.667727 8.924885
v -0.296784 -0.664259 8.924953
v -0.296784 -0.660609 8.924977
v -0.238919 -0.678728 8.923677
v -0.238919 -0.675969 8.924165
v -0.238919 -0.673038 8.924514
v -0.238919 -0.669930 8.924745
v -0.238919 -0.666642 8.924885
v -0.238919 -0.663176 8.924953
v -0.238919 -0.659525 8.924977
v -0.180163 -0.677834 8.923677
v -0.180163 -0.675076 8.924165
v -0.180163 -0.672143 8.924514
v -0.180163 -0.669035 8.924746
v -0.180163 -0.665749 8.924885
v -0.180163 -0.662281 8.924953
v -0.180163 -0.658630 8.924977
v -0.120744 -0.677157 8.923678
v -0.120744 -0.674398 8.924165
v -0.120744 -0.671467 8.924514
v -0.120744 -0.668359 8.924746
v -0.120744 -0.665071 8.924885
v -0.120744 -0.661604 8.924953
v -0.120744 -0.657953 8.924977
v -0.060890 -0.676726 8.923678
v -0.060890 -0.673968 8.924165
v -0.060890 -0.671036 8.924514
v -0.060890 -0.667928 8.924746
v -0.060890 -0.664640 8.924885
v -0.060890 -0.661174 8.924953
v -0.060890 -0.657523 8.924977
v -0.514794 -0.685488 8.923676
v -0.564797 -0.687102 8.923676
v -0.612544 -0.688739 8.923676
v -0.657808 -0.690370 8.923676
v -0.700363 -0.691967 8.923676
v -0.739980 -0.693502 8.923676
v -0.776432 -0.694948 8.923676
v -0.514794 -0.682731 8.924165
v -0.564797 -0.684344 8.924165
v -0.612544 -0.685981 8.924165
v -0.657808 -0.687612 8.924165
v -0.700363 -0.689209 8.924164
v -0.739980 -0.690744 8.924165
v -0.776432 -0.692190 8.924164
v -0.514794 -0.679798 8.924513
v -0.564797 -0.681412 8.924513
v -0.612544 -0.683049 8.924512
v -0.657808 -0.684679 8.924512
v -0.700363 -0.686276 8.924512
v -0.739980 -0.687811 8.924512
v -0.776432 -0.689259 8.924512
v -0.514794 -0.676689 8.924745
v -0.564797 -0.678304 8.924745
v -0.612544 -0.679940 8.924745
v -0.657808 -0.681571 8.924745
v -0.700363 -0.683167 8.924744
v -0.739980 -0.684704 8.924744
v -0.776432 -0.686150 8.924744
v -0.514794 -0.673402 8.924884
v -0.564797 -0.675017 8.924884
v -0.612544 -0.676653 8.924884
v -0.657808 -0.678285 8.924883
v -0.700363 -0.679882 8.924883
v -0.739980 -0.681417 8.924883
v -0.776432 -0.682862 8.924883
v -0.514794 -0.669935 8.924953
v -0.564797 -0.671550 8.924953
v -0.612544 -0.673185 8.924953
v -0.657808 -0.674817 8.924953
v -0.700363 -0.676414 8.924953
v -0.739980 -0.677949 8.924953
v -0.776432 -0.679395 8.924953
v -0.514794 -0.666286 8.924976
v -0.564797 -0.667899 8.924975
v -0.612544 -0.669537 8.924975
v -0.657808 -0.671166 8.924975
v -0.700363 -0.672764 8.924975
v -0.739980 -0.674298 8.924975
v -0.776432 -0.675744 8.924975
v -0.514794 -0.690492 8.922192
v -0.514794 -0.692740 8.921148
v -0.514794 -0.694826 8.919871
v -0.514794 -0.696747 8.918340
v -0.514794 -0.698507 8.916530
v -0.514794 -0.700110 8.914418
v -0.514794 -0.701556 8.911982
v -0.564797 -0.692105 8.922192
v -0.564797 -0.694356 8.921147
v -0.564797 -0.696440 8.919871
v -0.564797 -0.698361 8.918340
v -0.564797 -0.700122 8.916530
v -0.564797 -0.701724 8.914419
v -0.564797 -0.703170 8.911982
v -0.612544 -0.693743 8.922192
v -0.612544 -0.695992 8.921147
v -0.612544 -0.698076 8.919871
v -0.612544 -0.699998 8.918340
v -0.612544 -0.701758 8.916530
v -0.612544 -0.703361 8.914418
v -0.612544 -0.704806 8.911982
v -0.657808 -0.695373 8.922192
v -0.657808 -0.697623 8.921147
v -0.657808 -0.699707 8.919871
v -0.657808 -0.701629 8.918340
v -0.657808 -0.703389 8.916530
v -0.657808 -0.704991 8.914419
v -0.657808 -0.706437 8.911982
v -0.700363 -0.696970 8.922192
v -0.700363 -0.699221 8.921147
v -0.700363 -0.701304 8.919871
v -0.700363 -0.703226 8.918340
v -0.700363 -0.704986 8.916530
v -0.700363 -0.706589 8.914418
v -0.700363 -0.708035 8.911982
v -0.739980 -0.698506 8.922192
v -0.739980 -0.700755 8.921147
v -0.739980 -0.702839 8.919871
v -0.739980 -0.704761 8.918340
v -0.739980 -0.706521 8.916530
v -0.739980 -0.708123 8.914419
v -0.739980 -0.709569 8.911982
v -0.776432 -0.699952 8.922192
v -0.776432 -0.702201 8.921148
v -0.776432 -0.704286 8.919871
v -0.776432 -0.706206 8.918340
v -0.776432 -0.707967 8.916530
v -0.776432 -0.709569 8.914418
v -0.776432 -0.711015 8.911982
v -0.462764 -0.623706 -8.924978
v -0.408935 -0.622220 -8.924978
v -0.353532 -0.620840 -8.924978
v -0.296784 -0.619595 -8.924978
v -0.238919 -0.618510 -8.924978
v -0.180163 -0.617616 -8.924978
v -0.120744 -0.616939 -8.924978
v -0.060889 -0.616508 -8.924978
v -0.462764 -0.628959 -8.924978
v -0.462764 -0.634044 -8.924978
v -0.462764 -0.638959 -8.924978
v -0.462764 -0.643702 -8.924978
v -0.462764 -0.648269 -8.924978
v -0.462764 -0.652657 -8.924978
v -0.462764 -0.656863 -8.924978
v -0.514794 -0.625271 -8.924978
v -0.564796 -0.626884 -8.924978
v -0.612543 -0.628521 -8.924978
v -0.657808 -0.630152 -8.924980
v -0.700362 -0.631749 -8.924980
v -0.739979 -0.633284 -8.924980
v -0.776432 -0.634729 -8.924980
v -0.462764 -0.618289 -8.924978
v -0.462764 -0.612711 -8.924978
v -0.462764 -0.606975 -8.924978
v -0.462764 -0.601083 -8.924978
v -0.462764 -0.595037 -8.924978
v -0.462764 -0.588842 -8.924978
v -0.462764 -0.582500 -8.924978
v -0.408935 -0.616804 -8.924978
v -0.353532 -0.615423 -8.924978
v -0.296784 -0.614177 -8.924978
v -0.238919 -0.613092 -8.924978
v -0.180163 -0.612199 -8.924978
v -0.120744 -0.611523 -8.924978
v -0.060889 -0.611092 -8.924978
v -0.408935 -0.611225 -8.924978
v -0.353532 -0.609845 -8.924978
v -0.296784 -0.608600 -8.924978
v -0.238919 -0.607515 -8.924978
v -0.180163 -0.606621 -8.924978
v -0.120744 -0.605944 -8.924978
v -0.060889 -0.605514 -8.924978
v -0.408935 -0.605488 -8.924978
v -0.353532 -0.604108 -8.924978
v -0.296784 -0.602862 -8.924978
v -0.238919 -0.601778 -8.924978
v -0.180163 -0.600883 -8.924978
v -0.120744 -0.600207 -8.924978
v -0.060889 -0.599776 -8.924978
v -0.408935 -0.599596 -8.924978
v -0.353532 -0.598217 -8.924978
v -0.296784 -0.596971 -8.924978
v -0.238919 -0.595886 -8.924978
v -0.180163 -0.594993 -8.924978
v -0.120744 -0.594316 -8.924978
v -0.060889 -0.593884 -8.924978
v -0.408935 -0.593551 -8.924978
v -0.353532 -0.592171 -8.924978
v -0.296784 -0.590925 -8.924978
v -0.238919 -0.589841 -8.924978
v -0.180163 -0.588946 -8.924978
v -0.120744 -0.588270 -8.924978
v -0.060889 -0.587839 -8.924978
v -0.408935 -0.587357 -8.924978
v -0.353532 -0.585976 -8.924978
v -0.296784 -0.584730 -8.924978
v -0.238919 -0.583646 -8.924978
v -0.180163 -0.582751 -8.924978
v -0.120744 -0.582076 -8.924978
v -0.060889 -0.581644 -8.924978
v -0.408935 -0.581015 -8.924978
v -0.353532 -0.579635 -8.924978
v -0.296784 -0.578388 -8.924978
v -0.238919 -0.577305 -8.924978
v -0.180163 -0.576410 -8.924978
v -0.120744 -0.575734 -8.924978
v -0.060889 -0.575303 -8.924978
v -0.408935 -0.627472 -8.924978
v -0.408935 -0.632558 -8.924978
v -0.408935 -0.637472 -8.924978
v -0.408935 -0.642216 -8.924978
v -0.408935 -0.646782 -8.924978
v -0.408935 -0.651171 -8.924978
v -0.408935 -0.655377 -8.924978
v -0.353532 -0.626092 -8.924978
v -0.353532 -0.631178 -8.924978
v -0.353532 -0.636093 -8.924978
v -0.353532 -0.640836 -8.924978
v -0.353532 -0.645402 -8.924978
v -0.353532 -0.649790 -8.924978
v -0.353532 -0.653997 -8.924978
v -0.296784 -0.624846 -8.924978
v -0.296784 -0.629931 -8.924978
v -0.296784 -0.634847 -8.924978
v -0.296784 -0.639589 -8.924978
v -0.296784 -0.644156 -8.924978
v -0.296784 -0.648544 -8.924978
v -0.296784 -0.652751 -8.924978
v -0.238919 -0.623762 -8.924978
v -0.238919 -0.628847 -8.924978
v -0.238919 -0.633762 -8.924978
v -0.238919 -0.638505 -8.924978
v -0.238919 -0.643072 -8.924978
v -0.238919 -0.647460 -8.924978
v -0.238919 -0.651668 -8.924978
v -0.180163 -0.622868 -8.924978
v -0.180163 -0.627954 -8.924978
v -0.180163 -0.632869 -8.924978
v -0.180163 -0.637611 -8.924978
v -0.180163 -0.642178 -8.924978
v -0.180163 -0.646565 -8.924978
v -0.180163 -0.650773 -8.924978
v -0.120744 -0.622191 -8.924978
v -0.120744 -0.627276 -8.924978
v -0.120744 -0.632192 -8.924978
v -0.120744 -0.636934 -8.924978
v -0.120744 -0.641501 -8.924978
v -0.120744 -0.645890 -8.924978
v -0.120744 -0.650097 -8.924978
v -0.060889 -0.621760 -8.924978
v -0.060889 -0.626846 -8.924978
v -0.060889 -0.631761 -8.924978
v -0.060889 -0.636503 -8.924978
v -0.060889 -0.641070 -8.924978
v -0.060889 -0.645459 -8.924978
v -0.060889 -0.649666 -8.924978
v -0.514794 -0.630523 -8.924978
v -0.564796 -0.632136 -8.924978
v -0.612543 -0.633774 -8.924978
v -0.657808 -0.635404 -8.924980
v -0.700362 -0.637001 -8.924980
v -0.739979 -0.638536 -8.924980
v -0.776432 -0.639983 -8.924980
v -0.514794 -0.635609 -8.924978
v -0.564796 -0.637222 -8.924978
v -0.612543 -0.638859 -8.924978
v -0.657808 -0.640490 -8.924980
v -0.700362 -0.642087 -8.924980
v -0.739979 -0.643621 -8.924980
v -0.776432 -0.645067 -8.924980
v -0.514794 -0.640523 -8.924978
v -0.564796 -0.642138 -8.924978
v -0.612543 -0.643774 -8.924978
v -0.657808 -0.645405 -8.924980
v -0.700362 -0.647002 -8.924980
v -0.739979 -0.648538 -8.924980
v -0.776432 -0.649983 -8.924980
v -0.514794 -0.645266 -8.924978
v -0.564796 -0.646880 -8.924978
v -0.612543 -0.648517 -8.924980
v -0.657808 -0.650147 -8.924980
v -0.700362 -0.651745 -8.924980
v -0.739979 -0.653279 -8.924980
v -0.776432 -0.654726 -8.924980
v -0.514794 -0.649833 -8.924978
v -0.564796 -0.651446 -8.924978
v -0.612543 -0.653084 -8.924980
v -0.657808 -0.654714 -8.924980
v -0.700362 -0.656311 -8.924980
v -0.739979 -0.657846 -8.924980
v -0.776432 -0.659293 -8.924980
v -0.514794 -0.654221 -8.924978
v -0.564796 -0.655834 -8.924980
v -0.612543 -0.657472 -8.924980
v -0.657808 -0.659101 -8.924980
v -0.700362 -0.660699 -8.924980
v -0.739979 -0.662235 -8.924980
v -0.776432 -0.663681 -8.924980
v -0.514794 -0.658427 -8.924980
v -0.564796 -0.660042 -8.924980
v -0.612543 -0.661678 -8.924980
v -0.657808 -0.663309 -8.924980
v -0.700362 -0.664906 -8.924980
v -0.739979 -0.666442 -8.924980
v -0.776432 -0.667887 -8.924980
v -0.514794 -0.619853 -8.924978
v -0.514794 -0.614276 -8.924978
v -0.514794 -0.608539 -8.924978
v -0.514794 -0.602646 -8.924978
v -0.514794 -0.596601 -8.924978
v -0.514794 -0.590406 -8.924978
v -0.514794 -0.584064 -8.924978
v -0.564796 -0.621468 -8.924978
v -0.564796 -0.615890 -8.924978
v -0.564796 -0.610153 -8.924978
v -0.564796 -0.604261 -8.924978
v -0.564796 -0.598215 -8.924978
v -0.564796 -0.592020 -8.924978
v -0.564796 -0.585679 -8.924978
v -0.612543 -0.623104 -8.924978
v -0.612543 -0.617527 -8.924978
v -0.612543 -0.611790 -8.924978
v -0.612543 -0.605897 -8.924978
v -0.612543 -0.599853 -8.924978
v -0.612543 -0.593657 -8.924978
v -0.612543 -0.587316 -8.924978
v -0.657808 -0.624735 -8.924978
v -0.657808 -0.619157 -8.924978
v -0.657808 -0.613420 -8.924978
v -0.657808 -0.607529 -8.924978
v -0.657808 -0.601482 -8.924978
v -0.657808 -0.595287 -8.924978
v -0.657808 -0.588946 -8.924978
v -0.700362 -0.626331 -8.924978
v -0.700362 -0.620754 -8.924978
v -0.700362 -0.615017 -8.924978
v -0.700362 -0.609124 -8.924978
v -0.700362 -0.603080 -8.924978
v -0.700362 -0.596885 -8.924978
v -0.700362 -0.590543 -8.924978
v -0.739979 -0.627868 -8.924980
v -0.739979 -0.622289 -8.924978
v -0.739979 -0.616553 -8.924978
v -0.739979 -0.610661 -8.924978
v -0.739979 -0.604616 -8.924978
v -0.739979 -0.598421 -8.924978
v -0.739979 -0.592079 -8.924978
v -0.776432 -0.629313 -8.924980
v -0.776432 -0.623734 -8.924978
v -0.776432 -0.617999 -8.924978
v -0.776432 -0.612106 -8.924978
v -0.776432 -0.606062 -8.924978
v -0.776432 -0.599867 -8.924978
v -0.776432 -0.593524 -8.924978
v 0.460273 -0.686419 8.923029
v 0.512147 -0.687974 8.923028
v 0.561998 -0.689580 8.923028
v 0.609604 -0.691209 8.923028
v 0.654742 -0.692834 8.923028
v 0.697190 -0.694426 8.923028
v 0.736724 -0.695958 8.923028
v 0.773123 -0.697402 8.923028
v 0.460273 -0.683832 8.923679
v 0.460273 -0.681073 8.924167
v 0.460273 -0.678142 8.924515
v 0.460273 -0.675034 8.924747
v 0.460273 -0.671746 8.924886
v 0.460273 -0.668280 8.924955
v 0.460273 -0.664629 8.924978
v 0.406599 -0.684943 8.923028
v 0.351347 -0.683573 8.923028
v 0.294741 -0.682338 8.923028
v 0.237001 -0.681266 8.923028
v 0.178353 -0.680383 8.923028
v 0.119016 -0.679719 8.923028
v 0.059216 -0.679300 8.923028
v 0.460273 -0.688835 8.922194
v 0.460273 -0.691085 8.921149
v 0.460273 -0.693170 8.919873
v 0.460273 -0.695090 8.918342
v 0.460273 -0.696852 8.916532
v 0.460273 -0.698453 8.914419
v 0.460273 -0.699899 8.911983
v 0.512147 -0.690391 8.922194
v 0.561998 -0.691997 8.922194
v 0.609604 -0.693626 8.922194
v 0.654742 -0.695251 8.922194
v 0.697190 -0.696843 8.922194
v 0.736724 -0.698376 8.922194
v 0.773123 -0.699819 8.922194
v 0.512147 -0.692640 8.921149
v 0.561998 -0.694247 8.921149
v 0.609604 -0.695876 8.921149
v 0.654742 -0.697501 8.921149
v 0.697190 -0.699093 8.921149
v 0.736724 -0.700624 8.921149
v 0.773123 -0.702067 8.921149
v 0.512147 -0.694725 8.919873
v 0.561998 -0.696331 8.919873
v 0.609604 -0.697960 8.919873
v 0.654742 -0.699585 8.919873
v 0.697190 -0.701177 8.919873
v 0.736724 -0.702708 8.919873
v 0.773123 -0.704153 8.919873
v 0.512147 -0.696646 8.918342
v 0.561998 -0.698253 8.918343
v 0.609604 -0.699882 8.918343
v 0.654742 -0.701507 8.918343
v 0.697190 -0.703098 8.918343
v 0.736724 -0.704630 8.918343
v 0.773123 -0.706073 8.918342
v 0.512147 -0.698406 8.916532
v 0.561998 -0.700012 8.916533
v 0.609604 -0.701643 8.916533
v 0.654742 -0.703266 8.916533
v 0.697190 -0.704860 8.916533
v 0.736724 -0.706390 8.916533
v 0.773123 -0.707834 8.916533
v 0.512147 -0.700009 8.914420
v 0.561998 -0.701615 8.914421
v 0.609604 -0.703244 8.914421
v 0.654742 -0.704869 8.914421
v 0.697190 -0.706461 8.914421
v 0.736724 -0.707993 8.914421
v 0.773123 -0.709436 8.914421
v 0.512147 -0.701455 8.911983
v 0.561998 -0.703061 8.911984
v 0.609604 -0.704690 8.911984
v 0.654742 -0.706315 8.911984
v 0.697190 -0.707907 8.911984
v 0.736724 -0.709438 8.911984
v 0.773123 -0.710882 8.911984
v 0.512147 -0.685388 8.923679
v 0.512147 -0.682630 8.924167
v 0.512147 -0.679697 8.924515
v 0.512147 -0.676588 8.924746
v 0.512147 -0.673303 8.924886
v 0.512147 -0.669834 8.924955
v 0.512147 -0.666184 8.924978
v 0.561998 -0.686994 8.923679
v 0.561998 -0.684236 8.924166
v 0.561998 -0.681303 8.924515
v 0.561998 -0.678194 8.924746
v 0.561998 -0.674909 8.924886
v 0.561998 -0.671440 8.924955
v 0.561998 -0.667790 8.924978
v 0.609604 -0.688623 8.923679
v 0.609604 -0.685864 8.924167
v 0.609604 -0.682933 8.924515
v 0.609604 -0.679825 8.924746
v 0.609604 -0.676538 8.924886
v 0.609604 -0.673069 8.924955
v 0.609604 -0.669419 8.924978
v 0.654742 -0.690248 8.923679
v 0.654742 -0.687490 8.924166
v 0.654742 -0.684557 8.924515
v 0.654742 -0.681448 8.924747
v 0.654742 -0.678163 8.924886
v 0.654742 -0.674694 8.924955
v 0.654742 -0.671044 8.924978
v 0.697190 -0.691840 8.923679
v 0.697190 -0.689081 8.924167
v 0.697190 -0.686150 8.924515
v 0.697190 -0.683042 8.924746
v 0.697190 -0.679754 8.924886
v 0.697190 -0.676287 8.924955
v 0.697190 -0.672636 8.924978
v 0.736724 -0.693372 8.923679
v 0.736724 -0.690614 8.924166
v 0.736724 -0.687680 8.924515
v 0.736724 -0.684572 8.924746
v 0.736724 -0.681286 8.924886
v 0.736724 -0.677818 8.924955
v 0.736724 -0.674168 8.924978
v 0.773123 -0.694815 8.923679
v 0.773123 -0.692058 8.924167
v 0.773123 -0.689124 8.924515
v 0.773123 -0.686016 8.924746
v 0.773123 -0.682729 8.924886
v 0.773123 -0.679262 8.924955
v 0.773123 -0.675611 8.924978
v 0.406599 -0.682356 8.923678
v 0.351347 -0.680986 8.923678
v 0.294741 -0.679751 8.923678
v 0.237001 -0.678679 8.923678
v 0.178353 -0.677796 8.923678
v 0.119016 -0.677132 8.923678
v 0.059216 -0.676714 8.923678
v 0.406599 -0.679598 8.924166
v 0.351347 -0.678228 8.924167
v 0.294741 -0.676993 8.924166
v 0.237001 -0.675920 8.924165
v 0.178353 -0.675038 8.924165
v 0.119016 -0.674375 8.924165
v 0.059216 -0.673956 8.924165
v 0.406599 -0.676666 8.924515
v 0.351347 -0.675296 8.924515
v 0.294741 -0.674062 8.924514
v 0.237001 -0.672988 8.924514
v 0.178353 -0.672106 8.924514
v 0.119016 -0.671442 8.924514
v 0.059216 -0.671023 8.924514
v 0.406599 -0.673557 8.924746
v 0.351347 -0.672187 8.924746
v 0.294741 -0.670952 8.924746
v 0.237001 -0.669880 8.924746
v 0.178353 -0.668998 8.924746
v 0.119016 -0.668333 8.924746
v 0.059216 -0.667914 8.924746
v 0.406599 -0.670270 8.924886
v 0.351347 -0.668901 8.924886
v 0.294741 -0.667665 8.924885
v 0.237001 -0.666593 8.924885
v 0.178353 -0.665710 8.924885
v 0.119016 -0.665047 8.924885
v 0.059216 -0.664629 8.924885
v 0.406599 -0.666803 8.924955
v 0.351347 -0.665433 8.924955
v 0.294741 -0.664198 8.924955
v 0.237001 -0.663126 8.924955
v 0.178352 -0.662244 8.924955
v 0.119016 -0.661579 8.924955
v 0.059216 -0.661160 8.924953
v 0.406599 -0.663153 8.924978
v 0.351347 -0.661783 8.924978
v 0.294741 -0.660548 8.924978
v 0.237001 -0.659475 8.924978
v 0.178352 -0.658593 8.924977
v 0.119016 -0.657929 8.924977
v 0.059216 -0.657511 8.924977
v 0.406599 -0.687360 8.922194
v 0.406599 -0.689609 8.921150
v 0.406599 -0.691693 8.919873
v 0.406599 -0.693614 8.918342
v 0.406599 -0.695375 8.916532
v 0.406599 -0.696977 8.914420
v 0.406599 -0.698422 8.911983
v 0.351347 -0.685989 8.922194
v 0.351347 -0.688240 8.921150
v 0.351347 -0.690324 8.919873
v 0.351347 -0.692245 8.918342
v 0.351347 -0.694005 8.916532
v 0.351347 -0.695608 8.914420
v 0.351347 -0.697054 8.911983
v 0.294741 -0.684755 8.922194
v 0.294741 -0.687004 8.921150
v 0.294741 -0.689089 8.919873
v 0.294741 -0.691010 8.918342
v 0.294741 -0.692770 8.916531
v 0.294741 -0.694373 8.914419
v 0.294741 -0.695819 8.911983
v 0.237001 -0.683681 8.922194
v 0.237001 -0.685931 8.921150
v 0.237001 -0.688016 8.919872
v 0.237001 -0.689937 8.918342
v 0.237001 -0.691698 8.916531
v 0.237002 -0.693300 8.914419
v 0.237002 -0.694746 8.911983
v 0.178353 -0.682799 8.922194
v 0.178353 -0.685049 8.921149
v 0.178353 -0.687134 8.919872
v 0.178353 -0.689054 8.918341
v 0.178353 -0.690816 8.916531
v 0.178353 -0.692418 8.914419
v 0.178353 -0.693864 8.911983
v 0.119016 -0.682136 8.922194
v 0.119016 -0.684384 8.921148
v 0.119016 -0.686470 8.919872
v 0.119016 -0.688392 8.918341
v 0.119016 -0.690151 8.916531
v 0.119016 -0.691753 8.914419
v 0.119016 -0.693199 8.911983
v 0.059216 -0.681718 8.922194
v 0.059216 -0.683968 8.921149
v 0.059216 -0.686051 8.919872
v 0.059216 -0.687973 8.918340
v 0.059216 -0.689733 8.916530
v 0.059216 -0.691336 8.914419
v 0.059216 -0.692781 8.911983
v 0.460273 -0.623614 -8.924978
v 0.512147 -0.625170 -8.924978
v 0.561999 -0.626776 -8.924978
v 0.609605 -0.628405 -8.924978
v 0.654743 -0.630030 -8.924978
v 0.697190 -0.631621 -8.924976
v 0.736724 -0.633153 -8.924976
v 0.773123 -0.634597 -8.924976
v 0.460273 -0.628866 -8.924978
v 0.460273 -0.633951 -8.924978
v 0.460273 -0.638866 -8.924978
v 0.460273 -0.643609 -8.924978
v 0.460273 -0.648176 -8.924978
v 0.460273 -0.652565 -8.924978
v 0.460273 -0.656772 -8.924978
v 0.406599 -0.622137 -8.924978
v 0.351348 -0.620769 -8.924978
v 0.294741 -0.619534 -8.924978
v 0.237002 -0.618461 -8.924978
v 0.178353 -0.617579 -8.924978
v 0.119017 -0.616915 -8.924978
v 0.059216 -0.616496 -8.924978
v 0.460273 -0.618197 -8.924978
v 0.460273 -0.612619 -8.924978
v 0.460273 -0.606882 -8.924978
v 0.460273 -0.600990 -8.924978
v 0.460273 -0.594945 -8.924978
v 0.460273 -0.588751 -8.924978
v 0.460273 -0.582409 -8.924978
v 0.512147 -0.619752 -8.924978
v 0.561999 -0.621359 -8.924978
v 0.609605 -0.622988 -8.924978
v 0.654743 -0.624613 -8.924978
v 0.697190 -0.626204 -8.924976
v 0.736724 -0.627737 -8.924976
v 0.773123 -0.629181 -8.924976
v 0.512147 -0.614175 -8.924978
v 0.561999 -0.615781 -8.924978
v 0.609605 -0.617410 -8.924978
v 0.654743 -0.619035 -8.924976
v 0.697190 -0.620626 -8.924976
v 0.736724 -0.622158 -8.924976
v 0.773123 -0.623602 -8.924976
v 0.512147 -0.608438 -8.924978
v 0.561999 -0.610044 -8.924978
v 0.609605 -0.611673 -8.924978
v 0.654743 -0.613298 -8.924976
v 0.697190 -0.614890 -8.924976
v 0.736724 -0.616423 -8.924976
v 0.773123 -0.617866 -8.924976
v 0.512147 -0.602546 -8.924978
v 0.561999 -0.604153 -8.924978
v 0.609605 -0.605782 -8.924976
v 0.654743 -0.607406 -8.924976
v 0.697190 -0.608998 -8.924976
v 0.736724 -0.610530 -8.924976
v 0.773123 -0.611973 -8.924976
v 0.512147 -0.596500 -8.924978
v 0.561999 -0.598106 -8.924978
v 0.609605 -0.599736 -8.924976
v 0.654743 -0.601360 -8.924976
v 0.697190 -0.602953 -8.924976
v 0.736724 -0.604486 -8.924976
v 0.773123 -0.605928 -8.924976
v 0.512147 -0.590305 -8.924978
v 0.561999 -0.591911 -8.924976
v 0.609605 -0.593541 -8.924976
v 0.654743 -0.595166 -8.924976
v 0.697190 -0.596758 -8.924976
v 0.736724 -0.598290 -8.924974
v 0.773123 -0.599733 -8.924974
v 0.512147 -0.583963 -8.924978
v 0.561999 -0.585569 -8.924976
v 0.609605 -0.587199 -8.924976
v 0.654743 -0.588823 -8.924974
v 0.697190 -0.590417 -8.924974
v 0.736724 -0.591948 -8.924974
v 0.773123 -0.593391 -8.924974
v 0.512147 -0.630422 -8.924978
v 0.512147 -0.635508 -8.924978
v 0.512147 -0.640423 -8.924978
v 0.512147 -0.645165 -8.924978
v 0.512147 -0.649732 -8.924978
v 0.512147 -0.654119 -8.924978
v 0.512147 -0.658326 -8.924978
v 0.561999 -0.632028 -8.924978
v 0.561999 -0.637114 -8.924978
v 0.561999 -0.642029 -8.924978
v 0.561999 -0.646771 -8.924978
v 0.561999 -0.651338 -8.924978
v 0.561999 -0.655725 -8.924978
v 0.561999 -0.659932 -8.924978
v 0.609605 -0.633657 -8.924978
v 0.609605 -0.638742 -8.924978
v 0.609605 -0.643658 -8.924978
v 0.609605 -0.648400 -8.924978
v 0.609605 -0.652967 -8.924978
v 0.609605 -0.657355 -8.924978
v 0.609605 -0.661562 -8.924978
v 0.654743 -0.635282 -8.924978
v 0.654743 -0.640368 -8.924978
v 0.654743 -0.645283 -8.924978
v 0.654743 -0.650025 -8.924978
v 0.654743 -0.654592 -8.924978
v 0.654743 -0.658979 -8.924978
v 0.654743 -0.663186 -8.924978
v 0.697190 -0.636874 -8.924978
v 0.697190 -0.641959 -8.924978
v 0.697190 -0.646874 -8.924978
v 0.697190 -0.651617 -8.924978
v 0.697190 -0.656184 -8.924978
v 0.697190 -0.660572 -8.924978
v 0.697190 -0.664780 -8.924978
v 0.736724 -0.638406 -8.924976
v 0.736724 -0.643491 -8.924976
v 0.736724 -0.648407 -8.924978
v 0.736724 -0.653149 -8.924978
v 0.736724 -0.657716 -8.924978
v 0.736724 -0.662105 -8.924978
v 0.736724 -0.666310 -8.924978
v 0.773123 -0.639849 -8.924976
v 0.773123 -0.644935 -8.924976
v 0.773123 -0.649851 -8.924978
v 0.773123 -0.654593 -8.924978
v 0.773123 -0.659159 -8.924978
v 0.773123 -0.663548 -8.924978
v 0.773123 -0.667754 -8.924978
v 0.406599 -0.627390 -8.924978
v 0.351348 -0.626020 -8.924978
v 0.294741 -0.624786 -8.924978
v 0.237002 -0.623713 -8.924978
v 0.178353 -0.622830 -8.924978
v 0.119017 -0.622167 -8.924978
v 0.059216 -0.621748 -8.924978
v 0.406599 -0.632475 -8.924978
v 0.351348 -0.631106 -8.924978
v 0.294741 -0.629871 -8.924978
v 0.237002 -0.628798 -8.924978
v 0.178353 -0.627916 -8.924978
v 0.119017 -0.627253 -8.924978
v 0.059216 -0.626834 -8.924978
v 0.406599 -0.637391 -8.924978
v 0.351348 -0.636022 -8.924978
v 0.294741 -0.634787 -8.924978
v 0.237002 -0.633715 -8.924978
v 0.178353 -0.632831 -8.924978
v 0.119017 -0.632168 -8.924978
v 0.059216 -0.631749 -8.924978
v 0.406599 -0.642134 -8.924978
v 0.351348 -0.640764 -8.924978
v 0.294741 -0.639529 -8.924978
v 0.237002 -0.638455 -8.924978
v 0.178353 -0.637573 -8.924978
v 0.119017 -0.636910 -8.924978
v 0.059216 -0.636492 -8.924978
v 0.406599 -0.646700 -8.924978
v 0.351348 -0.645330 -8.924978
v 0.294741 -0.644096 -8.924978
v 0.237002 -0.643023 -8.924978
v 0.178353 -0.642140 -8.924978
v 0.119017 -0.641477 -8.924978
v 0.059216 -0.641058 -8.924978
v 0.406599 -0.651089 -8.924978
v 0.351348 -0.649718 -8.924978
v 0.294741 -0.648484 -8.924978
v 0.237002 -0.647411 -8.924978
v 0.178353 -0.646529 -8.924978
v 0.119017 -0.645864 -8.924978
v 0.059216 -0.645446 -8.924978
v 0.406599 -0.655295 -8.924978
v 0.351348 -0.653925 -8.924978
v 0.294741 -0.652690 -8.924978
v 0.237002 -0.651618 -8.924978
v 0.178353 -0.650736 -8.924978
v 0.119017 -0.650071 -8.924978
v 0.059216 -0.649652 -8.924978
v 0.406599 -0.616721 -8.924978
v 0.406599 -0.611142 -8.924978
v 0.406599 -0.605407 -8.924978
v 0.406599 -0.599514 -8.924978
v 0.406599 -0.593470 -8.924978
v 0.406599 -0.587275 -8.924978
v 0.406599 -0.580933 -8.924978
v 0.351348 -0.615352 -8.924978
v 0.351348 -0.609774 -8.924978
v 0.351348 -0.604037 -8.924978
v 0.351348 -0.598145 -8.924978
v 0.351348 -0.592099 -8.924978
v 0.351348 -0.585905 -8.924978
v 0.351348 -0.579562 -8.924978
v 0.294741 -0.614117 -8.924978
v 0.294741 -0.608539 -8.924978
v 0.294741 -0.602802 -8.924978
v 0.294741 -0.596910 -8.924978
v 0.294741 -0.590865 -8.924978
v 0.294741 -0.584670 -8.924978
v 0.294741 -0.578327 -8.924978
v 0.237002 -0.613045 -8.924978
v 0.237002 -0.607466 -8.924978
v 0.237002 -0.601728 -8.924978
v 0.237002 -0.595837 -8.924978
v 0.237002 -0.589792 -8.924978
v 0.237002 -0.583597 -8.924978
v 0.237002 -0.577255 -8.924978
v 0.178353 -0.612162 -8.924978
v 0.178353 -0.606584 -8.924978
v 0.178353 -0.600846 -8.924978
v 0.178353 -0.594954 -8.924978
v 0.178353 -0.588909 -8.924978
v 0.178353 -0.582714 -8.924978
v 0.178353 -0.576373 -8.924978
v 0.119017 -0.611498 -8.924978
v 0.119017 -0.605919 -8.924978
v 0.119017 -0.600183 -8.924978
v 0.119017 -0.594290 -8.924978
v 0.119017 -0.588245 -8.924978
v 0.119017 -0.582050 -8.924978
v 0.119017 -0.575708 -8.924978
v 0.059216 -0.611079 -8.924978
v 0.059216 -0.605501 -8.924978
v 0.059216 -0.599765 -8.924978
v 0.059216 -0.593872 -8.924978
v 0.059216 -0.587827 -8.924978
v 0.059216 -0.581633 -8.924978
v 0.059216 -0.575290 -8.924978
v -0.961910 -0.642182 -8.922005
v -0.951725 -0.641773 -8.922997
v -0.939440 -0.641279 -8.923740
v -0.924840 -0.640693 -8.924273
v -0.907706 -0.640005 -8.924625
v -0.887822 -0.639205 -8.924839
v -0.864969 -0.638288 -8.924944
v -0.838932 -0.637240 -8.924980
v -0.961910 -0.647434 -8.922005
v -0.961910 -0.652520 -8.922005
v -0.961910 -0.657436 -8.922005
v -0.961910 -0.662178 -8.922005
v -0.961910 -0.666744 -8.922005
v -0.961910 -0.671134 -8.922005
v -0.961910 -0.675340 -8.922005
v -0.970214 -0.642516 -8.920729
v -0.976854 -0.642783 -8.919134
v -0.982047 -0.642992 -8.917187
v -0.986010 -0.643151 -8.914848
v -0.988961 -0.643270 -8.912088
v -0.991117 -0.643355 -8.908865
v -0.992695 -0.643419 -8.905146
v -0.961910 -0.636766 -8.922005
v -0.961910 -0.631187 -8.922005
v -0.961910 -0.625451 -8.922005
v -0.961910 -0.619559 -8.922005
v -0.961910 -0.613515 -8.922005
v -0.961910 -0.607320 -8.922005
v -0.961910 -0.600977 -8.922005
v -0.951725 -0.636356 -8.922997
v -0.939440 -0.635863 -8.923740
v -0.924840 -0.635277 -8.924273
v -0.907706 -0.634587 -8.924625
v -0.887822 -0.633789 -8.924837
v -0.864969 -0.632871 -8.924944
v -0.838932 -0.631824 -8.924980
v -0.951725 -0.630779 -8.922997
v -0.939440 -0.630284 -8.923740
v -0.924840 -0.629698 -8.924273
v -0.907706 -0.629010 -8.924625
v -0.887822 -0.628210 -8.924837
v -0.864969 -0.627293 -8.924944
v -0.838932 -0.626246 -8.924980
v -0.951725 -0.625042 -8.922997
v -0.939440 -0.624549 -8.923740
v -0.924840 -0.623962 -8.924273
v -0.907706 -0.623273 -8.924625
v -0.887822 -0.622475 -8.924837
v -0.864969 -0.621556 -8.924944
v -0.838932 -0.620510 -8.924980
v -0.951725 -0.619149 -8.922997
v -0.939440 -0.618656 -8.923740
v -0.924840 -0.618070 -8.924273
v -0.907706 -0.617381 -8.924625
v -0.887822 -0.616582 -8.924837
v -0.864969 -0.615664 -8.924944
v -0.838932 -0.614617 -8.924980
v -0.951725 -0.613105 -8.922997
v -0.939440 -0.612612 -8.923740
v -0.924840 -0.612024 -8.924273
v -0.907706 -0.611336 -8.924625
v -0.887822 -0.610538 -8.924837
v -0.864969 -0.609619 -8.924944
v -0.838932 -0.608573 -8.924980
v -0.951725 -0.606910 -8.922997
v -0.939440 -0.606417 -8.923740
v -0.924840 -0.605830 -8.924271
v -0.907706 -0.605141 -8.924625
v -0.887822 -0.604342 -8.924837
v -0.864969 -0.603424 -8.924944
v -0.838932 -0.602378 -8.924980
v -0.951725 -0.600568 -8.922997
v -0.939440 -0.600074 -8.923740
v -0.924840 -0.599487 -8.924271
v -0.907706 -0.598799 -8.924625
v -0.887822 -0.598001 -8.924837
v -0.864969 -0.597082 -8.924944
v -0.838932 -0.596036 -8.924980
v -0.951725 -0.647026 -8.922997
v -0.951725 -0.652111 -8.922997
v -0.951725 -0.657026 -8.922997
v -0.951725 -0.661769 -8.922997
v -0.951725 -0.666336 -8.922997
v -0.951725 -0.670724 -8.922997
v -0.951725 -0.674931 -8.922997
v -0.939440 -0.646533 -8.923740
v -0.939440 -0.651617 -8.923740
v -0.939440 -0.656533 -8.923740
v -0.939440 -0.661276 -8.923740
v -0.939440 -0.665843 -8.923740
v -0.939440 -0.670231 -8.923740
v -0.939440 -0.674437 -8.923740
v -0.924840 -0.645947 -8.924273
v -0.924840 -0.651031 -8.924273
v -0.924840 -0.655947 -8.924273
v -0.924840 -0.660689 -8.924273
v -0.924840 -0.665255 -8.924273
v -0.924840 -0.669643 -8.924273
v -0.924840 -0.673850 -8.924273
v -0.907706 -0.645257 -8.924625
v -0.907706 -0.650343 -8.924627
v -0.907706 -0.655258 -8.924627
v -0.907706 -0.660001 -8.924627
v -0.907706 -0.664567 -8.924627
v -0.907706 -0.668955 -8.924627
v -0.907706 -0.673162 -8.924627
v -0.887822 -0.644459 -8.924839
v -0.887822 -0.649544 -8.924839
v -0.887822 -0.654459 -8.924839
v -0.887822 -0.659202 -8.924839
v -0.887822 -0.663769 -8.924839
v -0.887822 -0.668157 -8.924839
v -0.887822 -0.672363 -8.924839
v -0.864969 -0.643540 -8.924944
v -0.864969 -0.648625 -8.924944
v -0.864969 -0.653541 -8.924944
v -0.864969 -0.658283 -8.924944
v -0.864969 -0.662850 -8.924944
v -0.864969 -0.667238 -8.924944
v -0.864969 -0.671445 -8.924944
v -0.838932 -0.642493 -8.924980
v -0.838932 -0.647578 -8.924980
v -0.838932 -0.652494 -8.924980
v -0.838932 -0.657237 -8.924980
v -0.838932 -0.661803 -8.924980
v -0.838932 -0.666192 -8.924980
v -0.838932 -0.670399 -8.924980
v -0.970214 -0.647769 -8.920729
v -0.976854 -0.648036 -8.919134
v -0.982047 -0.648244 -8.917187
v -0.986010 -0.648403 -8.914850
v -0.988961 -0.648522 -8.912088
v -0.991117 -0.648609 -8.908865
v -0.992695 -0.648672 -8.905146
v -0.970214 -0.652854 -8.920729
v -0.976854 -0.653121 -8.919134
v -0.982047 -0.653330 -8.917187
v -0.986010 -0.653489 -8.914848
v -0.988961 -0.653607 -8.912088
v -0.991117 -0.653694 -8.908865
v -0.992695 -0.653757 -8.905146
v -0.970214 -0.657769 -8.920729
v -0.976854 -0.658036 -8.919134
v -0.982047 -0.658245 -8.917187
v -0.986010 -0.658404 -8.914850
v -0.988961 -0.658523 -8.912088
v -0.991117 -0.658609 -8.908865
v -0.992695 -0.658672 -8.905146
v -0.970214 -0.662512 -8.920729
v -0.976854 -0.662779 -8.919134
v -0.982047 -0.662988 -8.917187
v -0.986010 -0.663147 -8.914848
v -0.988961 -0.663265 -8.912088
v -0.991117 -0.663352 -8.908865
v -0.992695 -0.663415 -8.905146
v -0.970214 -0.667079 -8.920729
v -0.976854 -0.667346 -8.919134
v -0.982047 -0.667554 -8.917187
v -0.986010 -0.667713 -8.914850
v -0.988961 -0.667832 -8.912088
v -0.991117 -0.667919 -8.908865
v -0.992695 -0.667982 -8.905146
v -0.970214 -0.671467 -8.920729
v -0.976854 -0.671734 -8.919134
v -0.982047 -0.671942 -8.917187
v -0.986010 -0.672101 -8.914848
v -0.988961 -0.672220 -8.912088
v -0.991117 -0.672307 -8.908865
v -0.992695 -0.672371 -8.905146
v -0.970214 -0.675674 -8.920729
v -0.976854 -0.675940 -8.919134
v -0.982047 -0.676148 -8.917187
v -0.986010 -0.676308 -8.914850
v -0.988961 -0.676427 -8.912088
v -0.991117 -0.676514 -8.908865
v -0.992695 -0.676577 -8.905146
v -0.970214 -0.637099 -8.920731
v -0.970214 -0.631521 -8.920731
v -0.970214 -0.625785 -8.920731
v -0.970214 -0.619893 -8.920731
v -0.970214 -0.613848 -8.920731
v -0.970214 -0.607653 -8.920729
v -0.970214 -0.601312 -8.920729
v -0.976854 -0.637366 -8.919134
v -0.976854 -0.631788 -8.919134
v -0.976854 -0.626052 -8.919134
v -0.976854 -0.620160 -8.919134
v -0.976854 -0.614115 -8.919134
v -0.976854 -0.607920 -8.919136
v -0.976854 -0.601577 -8.919134
v -0.982047 -0.637575 -8.917187
v -0.982047 -0.631997 -8.917187
v -0.982047 -0.626261 -8.917187
v -0.982047 -0.620369 -8.917187
v -0.982047 -0.614323 -8.917187
v -0.982047 -0.608128 -8.917187
v -0.982047 -0.601786 -8.917187
v -0.986010 -0.637734 -8.914848
v -0.986010 -0.632156 -8.914848
v -0.986010 -0.626420 -8.914850
v -0.986010 -0.620527 -8.914850
v -0.986010 -0.614482 -8.914850
v -0.986010 -0.608288 -8.914850
v -0.986010 -0.601945 -8.914848
v -0.988961 -0.637853 -8.912086
v -0.988961 -0.632276 -8.912086
v -0.988961 -0.626538 -8.912088
v -0.988961 -0.620646 -8.912088
v -0.988961 -0.614601 -8.912088
v -0.988961 -0.608406 -8.912088
v -0.988961 -0.602064 -8.912086
v -0.991117 -0.637939 -8.908865
v -0.991117 -0.632360 -8.908865
v -0.991117 -0.626625 -8.908865
v -0.991117 -0.620732 -8.908865
v -0.991117 -0.614688 -8.908865
v -0.991117 -0.608493 -8.908865
v -0.991117 -0.602151 -8.908865
v -0.992695 -0.638003 -8.905146
v -0.992695 -0.632424 -8.905146
v -0.992695 -0.626688 -8.905146
v -0.992695 -0.620796 -8.905146
v -0.992695 -0.614751 -8.905146
v -0.992695 -0.608557 -8.905146
v -0.992695 -0.602214 -8.905146
v -0.998523 -0.706357 -8.490919
v -0.998765 -0.706401 -8.329472
v -0.998946 -0.706432 -8.129370
v -0.999075 -0.706456 -7.886389
v -0.999162 -0.706472 -7.596306
v -0.999213 -0.706481 -7.254897
v -0.999239 -0.706487 -6.857939
v -0.999248 -0.706488 -6.401207
v -0.998765 -0.703814 -8.491047
v -0.998946 -0.701088 -8.491142
v -0.999075 -0.698180 -8.491209
v -0.999162 -0.695086 -8.491253
v -0.999213 -0.691809 -8.491282
v -0.999239 -0.688346 -8.491295
v -0.999248 -0.684698 -8.491301
v -0.998213 -0.706301 -8.617939
v -0.997825 -0.706235 -8.714762
v -0.997351 -0.706164 -8.785627
v -0.996782 -0.706091 -8.834772
v -0.996111 -0.706017 -8.866430
v -0.995329 -0.705948 -8.884838
v -0.994426 -0.705887 -8.894234
v -0.998213 -0.708717 -8.490759
v -0.997825 -0.710900 -8.490570
v -0.997351 -0.712909 -8.490379
v -0.996783 -0.714746 -8.490189
v -0.996111 -0.716418 -8.490017
v -0.995329 -0.717928 -8.489876
v -0.994427 -0.719279 -8.489782
v -0.998450 -0.708776 -8.329363
v -0.998628 -0.708818 -8.129301
v -0.998756 -0.708851 -7.886351
v -0.998841 -0.708870 -7.596287
v -0.998892 -0.708883 -7.254891
v -0.998917 -0.708889 -6.857938
v -0.998926 -0.708891 -6.401207
v -0.998057 -0.710976 -8.329241
v -0.998232 -0.711031 -8.129225
v -0.998357 -0.711071 -7.886307
v -0.998440 -0.711099 -7.596266
v -0.998489 -0.711114 -7.254882
v -0.998514 -0.711123 -6.857936
v -0.998523 -0.711124 -6.401207
v -0.997577 -0.713002 -8.329111
v -0.997747 -0.713073 -8.129145
v -0.997869 -0.713123 -7.886261
v -0.997950 -0.713156 -7.596241
v -0.997998 -0.713176 -7.254872
v -0.998022 -0.713185 -6.857933
v -0.998030 -0.713189 -6.401207
v -0.997002 -0.714860 -8.328985
v -0.997166 -0.714946 -8.129065
v -0.997283 -0.715006 -7.886215
v -0.997361 -0.715047 -7.596219
v -0.997408 -0.715071 -7.254864
v -0.997432 -0.715083 -6.857931
v -0.997440 -0.715087 -6.401207
v -0.996321 -0.716553 -8.328869
v -0.996479 -0.716653 -8.128992
v -0.996591 -0.716724 -7.886175
v -0.996666 -0.716771 -7.596199
v -0.996711 -0.716800 -7.254854
v -0.996734 -0.716815 -6.857928
v -0.996741 -0.716820 -6.401207
v -0.995528 -0.718082 -8.328775
v -0.995678 -0.718197 -8.128935
v -0.995784 -0.718280 -7.886141
v -0.995856 -0.718333 -7.596183
v -0.995898 -0.718367 -7.254848
v -0.995920 -0.718383 -6.857926
v -0.995927 -0.718389 -6.401207
v -0.994613 -0.719452 -8.328714
v -0.994753 -0.719582 -8.128895
v -0.994853 -0.719674 -7.886118
v -0.994920 -0.719735 -7.596170
v -0.994960 -0.719772 -7.254844
v -0.994980 -0.719790 -6.857925
v -0.994987 -0.719797 -6.401207
v -0.999009 -0.703846 -8.329557
v -0.999193 -0.701112 -8.329620
v -0.999324 -0.698197 -8.329664
v -0.999411 -0.695101 -8.329695
v -0.999464 -0.691821 -8.329714
v -0.999490 -0.688357 -8.329723
v -0.999498 -0.684708 -8.329725
v -0.999193 -0.703871 -8.129421
v -0.999378 -0.701131 -8.129461
v -0.999510 -0.698211 -8.129490
v -0.999598 -0.695111 -8.129507
v -0.999651 -0.691830 -8.129520
v -0.999678 -0.688365 -8.129526
v -0.999686 -0.684715 -8.129526
v -0.999324 -0.703888 -7.886419
v -0.999510 -0.701142 -7.886442
v -0.999643 -0.698220 -7.886457
v -0.999732 -0.695119 -7.886469
v -0.999785 -0.691835 -7.886475
v -0.999812 -0.688371 -7.886477
v -0.999821 -0.684721 -7.886479
v -0.999411 -0.703899 -7.596321
v -0.999598 -0.701152 -7.596334
v -0.999732 -0.698227 -7.596339
v -0.999821 -0.695124 -7.596346
v -0.999875 -0.691840 -7.596349
v -0.999901 -0.688374 -7.596350
v -0.999910 -0.684724 -7.596352
v -0.999464 -0.703907 -7.254903
v -0.999651 -0.701157 -7.254908
v -0.999785 -0.698232 -7.254912
v -0.999875 -0.695127 -7.254912
v -0.999928 -0.691842 -7.254915
v -0.999955 -0.688376 -7.254915
v -0.999964 -0.684727 -7.254915
v -0.999490 -0.703910 -6.857941
v -0.999678 -0.701159 -6.857941
v -0.999812 -0.698233 -6.857944
v -0.999901 -0.695127 -6.857944
v -0.999955 -0.691843 -6.857944
v -0.999982 -0.688377 -6.857944
v -0.999991 -0.684728 -6.857944
v -0.999499 -0.703911 -6.401205
v -0.999687 -0.701160 -6.401205
v -0.999821 -0.698234 -6.401205
v -0.999910 -0.695129 -6.401205
v -0.999964 -0.691844 -6.401205
v -0.999991 -0.688378 -6.401205
v -1.000000 -0.684728 -6.401205
v -0.998450 -0.703772 -8.618118
v -0.998057 -0.703723 -8.715006
v -0.997577 -0.703670 -8.785942
v -0.997001 -0.703612 -8.835161
v -0.996321 -0.703554 -8.866894
v -0.995528 -0.703497 -8.885380
v -0.994613 -0.703444 -8.894846
v -0.998628 -0.701057 -8.618254
v -0.998232 -0.701021 -8.715189
v -0.997747 -0.700979 -8.786179
v -0.997166 -0.700935 -8.835453
v -0.996479 -0.700888 -8.867245
v -0.995678 -0.700841 -8.885786
v -0.994753 -0.700792 -8.895308
v -0.998756 -0.698155 -8.618351
v -0.998356 -0.698128 -8.715321
v -0.997869 -0.698096 -8.786348
v -0.997283 -0.698060 -8.835663
v -0.996591 -0.698022 -8.867495
v -0.995784 -0.697981 -8.886078
v -0.994853 -0.697937 -8.895638
v -0.998841 -0.695068 -8.618418
v -0.998440 -0.695046 -8.715406
v -0.997949 -0.695021 -8.786459
v -0.997361 -0.694990 -8.835800
v -0.996666 -0.694958 -8.867664
v -0.995855 -0.694921 -8.886272
v -0.994920 -0.694880 -8.895857
v -0.998892 -0.691793 -8.618454
v -0.998489 -0.691775 -8.715460
v -0.997998 -0.691753 -8.786526
v -0.997408 -0.691727 -8.835886
v -0.996711 -0.691697 -8.867762
v -0.995898 -0.691663 -8.886389
v -0.994960 -0.691624 -8.895990
v -0.998917 -0.688334 -8.618473
v -0.998514 -0.688316 -8.715487
v -0.998022 -0.688295 -8.786562
v -0.997432 -0.688272 -8.835926
v -0.996734 -0.688243 -8.867811
v -0.995919 -0.688210 -8.886444
v -0.994980 -0.688171 -8.896055
v -0.998926 -0.684685 -8.618481
v -0.998523 -0.684669 -8.715496
v -0.998030 -0.684649 -8.786572
v -0.997440 -0.684626 -8.835941
v -0.996741 -0.684597 -8.867830
v -0.995927 -0.684564 -8.886465
v -0.994987 -0.684526 -8.896078
v -0.997907 -0.708643 -8.617706
v -0.997526 -0.710804 -8.617441
v -0.997060 -0.712788 -8.617165
v -0.996501 -0.714602 -8.616890
v -0.995841 -0.716248 -8.616646
v -0.995073 -0.717731 -8.616446
v -0.994187 -0.719059 -8.616310
v -0.997526 -0.708556 -8.714447
v -0.997152 -0.710692 -8.714088
v -0.996697 -0.712649 -8.713711
v -0.996151 -0.714432 -8.713339
v -0.995508 -0.716046 -8.712999
v -0.994759 -0.717499 -8.712721
v -0.993895 -0.718795 -8.712530
v -0.997060 -0.708464 -8.785223
v -0.996697 -0.710573 -8.784758
v -0.996255 -0.712499 -8.784264
v -0.995728 -0.714248 -8.783772
v -0.995108 -0.715825 -8.783312
v -0.994387 -0.717238 -8.782928
v -0.993555 -0.718496 -8.782663
v -0.996501 -0.708368 -8.834270
v -0.996151 -0.710451 -8.833691
v -0.995728 -0.712346 -8.833069
v -0.995225 -0.714058 -8.832434
v -0.994638 -0.715592 -8.831825
v -0.993956 -0.716960 -8.831305
v -0.993167 -0.718169 -8.830938
v -0.995841 -0.708276 -8.865829
v -0.995508 -0.710335 -8.865131
v -0.995108 -0.712198 -8.864365
v -0.994638 -0.713871 -8.863569
v -0.994095 -0.715358 -8.862774
v -0.993465 -0.716671 -8.862082
v -0.992735 -0.717820 -8.861588
v -0.995073 -0.708191 -8.884140
v -0.994759 -0.710229 -8.883320
v -0.994387 -0.712066 -8.882406
v -0.993956 -0.713704 -8.881430
v -0.993465 -0.715146 -8.880426
v -0.992904 -0.716403 -8.879513
v -0.992260 -0.717483 -8.878811
v -0.994187 -0.708118 -8.893444
v -0.993895 -0.710143 -8.892502
v -0.993555 -0.711962 -8.891439
v -0.993167 -0.713574 -8.890278
v -0.992735 -0.714985 -8.889044
v -0.992260 -0.716189 -8.887854
v -0.991747 -0.717184 -8.886818
v -0.961815 -0.704882 8.921149
v -0.951661 -0.704508 8.921775
v -0.939401 -0.704041 8.922244
v -0.924817 -0.703473 8.922579
v -0.907695 -0.702797 8.922802
v -0.887817 -0.702005 8.922936
v -0.864968 -0.701091 8.923004
v -0.838932 -0.700047 8.923027
v -0.961847 -0.702331 8.921775
v -0.961871 -0.699598 8.922244
v -0.961888 -0.696685 8.922580
v -0.961899 -0.693589 8.922804
v -0.961906 -0.690310 8.922937
v -0.961909 -0.686847 8.923004
v -0.961911 -0.683197 8.923027
v -0.970078 -0.705171 8.920343
v -0.976669 -0.705385 8.919338
v -0.981808 -0.705540 8.918110
v -0.985715 -0.705646 8.916637
v -0.988608 -0.705716 8.914897
v -0.990706 -0.705762 8.912868
v -0.992229 -0.705798 8.910530
v -0.961774 -0.707253 8.920343
v -0.961727 -0.709449 8.919338
v -0.961678 -0.711475 8.918109
v -0.961630 -0.713335 8.916636
v -0.961586 -0.715032 8.914897
v -0.961551 -0.716572 8.912868
v -0.961527 -0.717957 8.910530
v -0.951634 -0.706894 8.920959
v -0.939384 -0.706438 8.921421
v -0.924808 -0.705879 8.921751
v -0.907690 -0.705209 8.921970
v -0.887816 -0.704420 8.922104
v -0.864968 -0.703506 8.922169
v -0.838932 -0.702463 8.922192
v -0.951602 -0.709108 8.919941
v -0.939364 -0.708666 8.920393
v -0.924796 -0.708116 8.920717
v -0.907685 -0.707451 8.920932
v -0.887813 -0.706667 8.921062
v -0.864967 -0.705756 8.921126
v -0.838932 -0.704712 8.921148
v -0.951570 -0.711153 8.918697
v -0.939344 -0.710726 8.919137
v -0.924785 -0.710186 8.919453
v -0.907679 -0.709528 8.919662
v -0.887811 -0.708748 8.919787
v -0.864967 -0.707840 8.919850
v -0.838932 -0.706796 8.919871
v -0.951538 -0.713034 8.917205
v -0.939324 -0.712621 8.917631
v -0.924773 -0.712092 8.917934
v -0.907673 -0.711443 8.918137
v -0.887809 -0.710667 8.918259
v -0.864966 -0.709760 8.918320
v -0.838932 -0.708717 8.918340
v -0.951509 -0.714752 8.915442
v -0.939305 -0.714355 8.915850
v -0.924763 -0.713839 8.916141
v -0.907668 -0.713196 8.916335
v -0.887807 -0.712424 8.916452
v -0.864966 -0.711520 8.916511
v -0.838932 -0.710479 8.916530
v -0.951485 -0.716312 8.913385
v -0.939291 -0.715931 8.913773
v -0.924755 -0.715425 8.914049
v -0.907664 -0.714790 8.914233
v -0.887805 -0.714024 8.914345
v -0.864965 -0.713121 8.914400
v -0.838932 -0.712080 8.914418
v -0.951469 -0.717718 8.911015
v -0.939281 -0.717353 8.911377
v -0.924749 -0.716857 8.911636
v -0.907661 -0.716228 8.911810
v -0.887804 -0.715466 8.911913
v -0.864965 -0.714566 8.911964
v -0.838932 -0.713526 8.911982
v -0.951682 -0.701944 8.922409
v -0.951698 -0.699203 8.922884
v -0.951710 -0.696285 8.923223
v -0.951717 -0.693185 8.923450
v -0.951722 -0.689902 8.923586
v -0.951724 -0.686438 8.923654
v -0.951725 -0.682789 8.923676
v -0.939414 -0.701469 8.922884
v -0.939424 -0.698722 8.923364
v -0.939431 -0.695797 8.923707
v -0.939436 -0.692694 8.923935
v -0.939439 -0.689410 8.924073
v -0.939440 -0.685945 8.924141
v -0.939441 -0.682294 8.924164
v -0.924825 -0.700894 8.923223
v -0.924831 -0.698142 8.923707
v -0.924835 -0.695214 8.924052
v -0.924838 -0.692109 8.924282
v -0.924839 -0.688825 8.924420
v -0.924840 -0.685358 8.924489
v -0.924840 -0.681707 8.924512
v -0.907699 -0.700214 8.923449
v -0.907702 -0.697459 8.923935
v -0.907704 -0.694530 8.924282
v -0.907705 -0.691422 8.924514
v -0.907706 -0.688136 8.924652
v -0.907706 -0.684669 8.924721
v -0.907706 -0.681020 8.924744
v -0.887819 -0.699420 8.923585
v -0.887820 -0.696664 8.924073
v -0.887821 -0.693731 8.924420
v -0.887821 -0.690625 8.924652
v -0.887822 -0.687338 8.924791
v -0.887822 -0.683870 8.924860
v -0.887822 -0.680222 8.924883
v -0.864969 -0.698505 8.923654
v -0.864969 -0.695746 8.924141
v -0.864969 -0.692814 8.924489
v -0.864969 -0.689707 8.924721
v -0.864970 -0.686419 8.924860
v -0.864970 -0.682952 8.924929
v -0.864970 -0.679303 8.924953
v -0.838932 -0.697459 8.923676
v -0.838932 -0.694702 8.924164
v -0.838932 -0.691769 8.924512
v -0.838932 -0.688661 8.924745
v -0.838932 -0.685373 8.924884
v -0.838932 -0.681907 8.924953
v -0.838932 -0.678256 8.924975
v -0.970123 -0.702634 8.920959
v -0.976731 -0.702867 8.919941
v -0.981888 -0.703039 8.918697
v -0.985813 -0.703162 8.917205
v -0.988726 -0.703249 8.915442
v -0.990843 -0.703309 8.913385
v -0.992385 -0.703354 8.911015
v -0.970157 -0.699913 8.921421
v -0.976777 -0.700158 8.920393
v -0.981948 -0.700345 8.919137
v -0.985887 -0.700481 8.917631
v -0.988814 -0.700581 8.915850
v -0.990946 -0.700650 8.913773
v -0.992501 -0.700703 8.911377
v -0.970182 -0.697007 8.921751
v -0.976810 -0.697263 8.920717
v -0.981990 -0.697458 8.919452
v -0.985940 -0.697605 8.917934
v -0.988877 -0.697712 8.916141
v -0.991019 -0.697789 8.914049
v -0.992584 -0.697845 8.911635
v -0.970198 -0.693917 8.921970
v -0.976832 -0.694179 8.920932
v -0.982019 -0.694381 8.919662
v -0.985975 -0.694533 8.918137
v -0.988919 -0.694646 8.916335
v -0.991068 -0.694728 8.914234
v -0.992640 -0.694789 8.911809
v -0.970208 -0.690641 8.922104
v -0.976846 -0.690907 8.921061
v -0.982036 -0.691112 8.919786
v -0.985997 -0.691269 8.918259
v -0.988945 -0.691385 8.916451
v -0.991098 -0.691469 8.914344
v -0.992673 -0.691532 8.911912
v -0.970213 -0.687180 8.922169
v -0.976852 -0.687446 8.921125
v -0.982045 -0.687654 8.919850
v -0.986007 -0.687813 8.918320
v -0.988957 -0.687930 8.916510
v -0.991112 -0.688017 8.914399
v -0.992690 -0.688080 8.911964
v -0.970215 -0.683531 8.922192
v -0.976854 -0.683798 8.921148
v -0.982047 -0.684007 8.919871
v -0.986011 -0.684166 8.918339
v -0.988962 -0.684285 8.916530
v -0.991117 -0.684370 8.914417
v -0.992695 -0.684434 8.911981
v -0.970019 -0.707522 8.919552
v -0.969952 -0.709695 8.918562
v -0.969882 -0.711696 8.917355
v -0.969813 -0.713529 8.915907
v -0.969751 -0.715199 8.914197
v -0.969701 -0.716712 8.912204
v -0.969666 -0.718073 8.909907
v -0.976590 -0.707716 8.918562
v -0.976499 -0.709863 8.917595
v -0.976403 -0.711833 8.916414
v -0.976309 -0.713634 8.915000
v -0.976224 -0.715272 8.913333
v -0.976153 -0.716750 8.911392
v -0.976105 -0.718080 8.909153
v -0.981706 -0.707847 8.917355
v -0.981589 -0.709966 8.916414
v -0.981464 -0.711905 8.915270
v -0.981340 -0.713670 8.913903
v -0.981223 -0.715267 8.912297
v -0.981126 -0.716705 8.910427
v -0.981059 -0.717994 8.908271
v -0.985588 -0.707930 8.915907
v -0.985442 -0.710022 8.915000
v -0.985284 -0.711926 8.913903
v -0.985124 -0.713652 8.912601
v -0.984970 -0.715205 8.911078
v -0.984839 -0.716594 8.909309
v -0.984747 -0.717831 8.907266
v -0.988456 -0.707979 8.914198
v -0.988279 -0.710044 8.913333
v -0.988086 -0.711916 8.912297
v -0.987885 -0.713600 8.911078
v -0.987684 -0.715100 8.909671
v -0.987509 -0.716432 8.908038
v -0.987384 -0.717606 8.906144
v -0.990530 -0.708009 8.912205
v -0.990322 -0.710052 8.911392
v -0.990091 -0.711894 8.910427
v -0.989845 -0.713538 8.909309
v -0.989591 -0.714991 8.908038
v -0.989360 -0.716261 8.906583
v -0.989183 -0.717358 8.904915
v -0.992029 -0.708034 8.909908
v -0.991792 -0.710059 8.909153
v -0.991523 -0.711880 8.908271
v -0.991229 -0.713496 8.907266
v -0.990918 -0.714911 8.906144
v -0.990617 -0.716124 8.904915
v -0.990355 -0.717129 8.903583
v 0.998323 -0.706349 8.516068
v 0.998597 -0.706393 8.356922
v 0.998803 -0.706427 8.159108
v 0.998950 -0.706451 7.918376
v 0.999048 -0.706468 7.630476
v 0.999107 -0.706476 7.291161
v 0.999136 -0.706482 6.896176
v 0.999146 -0.706483 6.441275
v 0.998597 -0.703807 8.516151
v 0.998803 -0.701082 8.516213
v 0.998950 -0.698174 8.516258
v 0.999048 -0.695082 8.516288
v 0.999107 -0.691805 8.516306
v 0.999136 -0.688342 8.516315
v 0.999146 -0.684693 8.516317
v 0.997970 -0.706291 8.640797
v 0.997529 -0.706223 8.735365
v 0.996991 -0.706149 8.804031
v 0.996345 -0.706073 8.851053
v 0.995583 -0.705997 8.880690
v 0.994694 -0.705923 8.897198
v 0.993669 -0.705855 8.904835
v 0.997970 -0.708708 8.515962
v 0.997529 -0.710889 8.515841
v 0.996991 -0.712894 8.515713
v 0.996346 -0.714729 8.515589
v 0.995583 -0.716398 8.515477
v 0.994694 -0.717903 8.515385
v 0.993669 -0.719250 8.515322
v 0.998240 -0.708767 8.356852
v 0.998442 -0.708811 8.159063
v 0.998587 -0.708843 7.918351
v 0.998683 -0.708865 7.630464
v 0.998741 -0.708877 7.291155
v 0.998770 -0.708883 6.896175
v 0.998780 -0.708885 6.441275
v 0.997794 -0.710964 8.356771
v 0.997992 -0.711021 8.159013
v 0.998133 -0.711062 7.918321
v 0.998228 -0.711089 7.630450
v 0.998284 -0.711106 7.291150
v 0.998313 -0.711114 6.896173
v 0.998322 -0.711117 6.441274
v 0.997248 -0.712989 8.356685
v 0.997441 -0.713060 8.158960
v 0.997579 -0.713111 7.918292
v 0.997671 -0.713145 7.630435
v 0.997726 -0.713164 7.291143
v 0.997754 -0.713176 6.896172
v 0.997763 -0.713179 6.441274
v 0.996594 -0.714844 8.356603
v 0.996781 -0.714931 8.158909
v 0.996914 -0.714992 7.918262
v 0.997003 -0.715033 7.630420
v 0.997056 -0.715056 7.291137
v 0.997083 -0.715069 6.896171
v 0.997092 -0.715073 6.441275
v 0.995822 -0.716532 8.356527
v 0.996001 -0.716633 8.158861
v 0.996128 -0.716705 7.918235
v 0.996213 -0.716754 7.630406
v 0.996265 -0.716783 7.291132
v 0.996290 -0.716797 6.896169
v 0.996299 -0.716802 6.441275
v 0.994921 -0.718058 8.356466
v 0.995090 -0.718173 8.158823
v 0.995212 -0.718257 7.918214
v 0.995293 -0.718311 7.630395
v 0.995341 -0.718345 7.291128
v 0.995365 -0.718361 6.896168
v 0.995373 -0.718367 6.441274
v 0.993882 -0.719422 8.356424
v 0.994041 -0.719553 8.158797
v 0.994154 -0.719646 7.918198
v 0.994230 -0.719707 7.630388
v 0.994275 -0.719744 7.291125
v 0.994298 -0.719763 6.896168
v 0.994306 -0.719769 6.441274
v 0.998875 -0.703841 8.356977
v 0.999083 -0.701108 8.357019
v 0.999232 -0.698195 8.357048
v 0.999331 -0.695097 8.357069
v 0.999391 -0.691818 8.357080
v 0.999421 -0.688354 8.357086
v 0.999430 -0.684706 8.357088
v 0.999083 -0.703866 8.159143
v 0.999294 -0.701127 8.159169
v 0.999444 -0.698209 8.159186
v 0.999544 -0.695109 8.159200
v 0.999604 -0.691828 8.159206
v 0.999634 -0.688363 8.159210
v 0.999644 -0.684713 8.159212
v 0.999232 -0.703884 7.918396
v 0.999444 -0.701140 7.918411
v 0.999595 -0.698218 7.918421
v 0.999696 -0.695117 7.918429
v 0.999756 -0.691834 7.918433
v 0.999786 -0.688370 7.918435
v 0.999797 -0.684720 7.918436
v 0.999331 -0.703896 7.630486
v 0.999544 -0.701149 7.630495
v 0.999696 -0.698226 7.630500
v 0.999797 -0.695123 7.630504
v 0.999858 -0.691839 7.630506
v 0.999888 -0.688374 7.630507
v 0.999898 -0.684724 7.630507
v 0.999391 -0.703903 7.291164
v 0.999604 -0.701155 7.291167
v 0.999756 -0.698229 7.291170
v 0.999858 -0.695126 7.291172
v 0.999919 -0.691842 7.291172
v 0.999949 -0.688376 7.291173
v 0.999959 -0.684727 7.291173
v 0.999421 -0.703907 6.896177
v 0.999634 -0.701159 6.896178
v 0.999786 -0.698232 6.896179
v 0.999888 -0.695127 6.896180
v 0.999949 -0.691843 6.896180
v 0.999979 -0.688377 6.896180
v 0.999990 -0.684728 6.896180
v 0.999430 -0.703908 6.441275
v 0.999644 -0.701159 6.441275
v 0.999797 -0.698233 6.441275
v 0.999898 -0.695127 6.441276
v 0.999959 -0.691844 6.441276
v 0.999990 -0.688378 6.441276
v 1.000000 -0.684728 6.441276
v 0.998240 -0.703764 8.640916
v 0.997794 -0.703712 8.735525
v 0.997248 -0.703656 8.804237
v 0.996594 -0.703596 8.851309
v 0.995822 -0.703534 8.880996
v 0.994921 -0.703473 8.897553
v 0.993882 -0.703414 8.905238
v 0.998442 -0.701050 8.641004
v 0.997992 -0.701011 8.735645
v 0.997441 -0.700967 8.804393
v 0.996781 -0.700920 8.851501
v 0.996001 -0.700870 8.881225
v 0.995090 -0.700816 8.897819
v 0.994040 -0.700764 8.905540
v 0.998587 -0.698149 8.641068
v 0.998133 -0.698119 8.735731
v 0.997579 -0.698084 8.804503
v 0.996914 -0.698046 8.851638
v 0.996128 -0.698003 8.881389
v 0.995212 -0.697958 8.898009
v 0.994154 -0.697908 8.905756
v 0.998683 -0.695062 8.641109
v 0.998228 -0.695038 8.735788
v 0.997671 -0.695009 8.804577
v 0.997003 -0.694977 8.851728
v 0.996213 -0.694939 8.881498
v 0.995292 -0.694898 8.898136
v 0.994230 -0.694852 8.905900
v 0.998741 -0.691789 8.641134
v 0.998284 -0.691768 8.735823
v 0.997726 -0.691742 8.804621
v 0.997056 -0.691713 8.851784
v 0.996265 -0.691679 8.881563
v 0.995341 -0.691640 8.898213
v 0.994275 -0.691596 8.905987
v 0.998770 -0.688327 8.641148
v 0.998313 -0.688308 8.735840
v 0.997754 -0.688285 8.804643
v 0.997083 -0.688257 8.851810
v 0.996290 -0.688226 8.881597
v 0.995365 -0.688187 8.898251
v 0.994298 -0.688144 8.906029
v 0.998780 -0.684679 8.641152
v 0.998322 -0.684661 8.735846
v 0.997763 -0.684639 8.804651
v 0.997092 -0.684611 8.851821
v 0.996299 -0.684579 8.881608
v 0.995373 -0.684542 8.898265
v 0.994305 -0.684499 8.906044
v 0.997623 -0.708632 8.640645
v 0.997190 -0.710791 8.640471
v 0.996660 -0.712772 8.640289
v 0.996026 -0.714581 8.640112
v 0.995276 -0.716225 8.639951
v 0.994403 -0.717704 8.639820
v 0.993397 -0.719027 8.639730
v 0.997190 -0.708543 8.735159
v 0.996765 -0.710677 8.734924
v 0.996248 -0.712631 8.734676
v 0.995628 -0.714411 8.734432
v 0.994898 -0.716022 8.734210
v 0.994047 -0.717470 8.734027
v 0.993066 -0.718760 8.733902
v 0.996660 -0.708447 8.803765
v 0.996248 -0.710554 8.803462
v 0.995746 -0.712478 8.803139
v 0.995148 -0.714225 8.802816
v 0.994444 -0.715798 8.802515
v 0.993624 -0.717208 8.802262
v 0.992679 -0.718461 8.802090
v 0.996026 -0.708349 8.850725
v 0.995628 -0.710430 8.850347
v 0.995148 -0.712323 8.849937
v 0.994577 -0.714031 8.849523
v 0.993910 -0.715563 8.849123
v 0.993135 -0.716928 8.848782
v 0.992239 -0.718131 8.848543
v 0.995276 -0.708253 8.880297
v 0.994898 -0.710309 8.879839
v 0.994444 -0.712172 8.879337
v 0.993910 -0.713841 8.878816
v 0.993293 -0.715325 8.878296
v 0.992577 -0.716635 8.877841
v 0.991748 -0.717781 8.877517
v 0.994403 -0.708164 8.896741
v 0.994047 -0.710200 8.896203
v 0.993624 -0.712035 8.895605
v 0.993135 -0.713671 8.894966
v 0.992577 -0.715112 8.894308
v 0.991940 -0.716365 8.893709
v 0.991209 -0.717440 8.893249
v 0.993397 -0.708088 8.904318
v 0.993066 -0.710111 8.903702
v 0.992679 -0.711926 8.903006
v 0.992239 -0.713537 8.902245
v 0.991748 -0.714946 8.901436
v 0.991209 -0.716147 8.900656
v 0.990626 -0.717139 8.899979
v -0.961814 -0.541099 -8.919136
v -0.951661 -0.540582 -8.920092
v -0.939400 -0.540009 -8.920809
v -0.924817 -0.539366 -8.921322
v -0.907695 -0.538640 -8.921661
v -0.887817 -0.537818 -8.921865
v -0.864968 -0.536889 -8.921968
v -0.838932 -0.535838 -8.922003
v -0.961846 -0.547521 -8.920092
v -0.961870 -0.554100 -8.920809
v -0.961887 -0.560794 -8.921322
v -0.961899 -0.567560 -8.921663
v -0.961906 -0.574355 -8.921867
v -0.961909 -0.581138 -8.921968
v -0.961910 -0.587863 -8.922005
v -0.970077 -0.541568 -8.917908
v -0.976669 -0.541989 -8.916374
v -0.981808 -0.542360 -8.914497
v -0.985715 -0.542680 -8.912249
v -0.988607 -0.542941 -8.909594
v -0.990706 -0.543144 -8.906498
v -0.992229 -0.543285 -8.902927
v -0.961773 -0.534875 -8.917908
v -0.961727 -0.528885 -8.916372
v -0.961677 -0.523159 -8.914497
v -0.961629 -0.517732 -8.912249
v -0.961586 -0.512632 -8.909594
v -0.961551 -0.507895 -8.906498
v -0.961527 -0.503553 -8.902927
v -0.951633 -0.534314 -8.918848
v -0.939383 -0.533707 -8.919554
v -0.924807 -0.533040 -8.920057
v -0.907690 -0.532297 -8.920391
v -0.887815 -0.531466 -8.920593
v -0.864968 -0.530531 -8.920694
v -0.838932 -0.529480 -8.920727
v -0.951602 -0.528272 -8.917294
v -0.939364 -0.527624 -8.917984
v -0.924796 -0.526928 -8.918476
v -0.907684 -0.526166 -8.918806
v -0.887813 -0.525323 -8.919003
v -0.864967 -0.524384 -8.919102
v -0.838932 -0.523330 -8.919134
v -0.951569 -0.522486 -8.915394
v -0.939343 -0.521795 -8.916065
v -0.924784 -0.521067 -8.916546
v -0.907678 -0.520285 -8.916866
v -0.887811 -0.519428 -8.917059
v -0.864967 -0.518481 -8.917154
v -0.838932 -0.517426 -8.917187
v -0.951537 -0.516995 -8.913115
v -0.939323 -0.516256 -8.913765
v -0.924773 -0.515494 -8.914228
v -0.907673 -0.514689 -8.914537
v -0.887808 -0.513821 -8.914722
v -0.864966 -0.512867 -8.914818
v -0.838932 -0.511808 -8.914848
v -0.951509 -0.511832 -8.910425
v -0.939305 -0.511045 -8.911047
v -0.924763 -0.510249 -8.911491
v -0.907668 -0.509420 -8.911787
v -0.887806 -0.508537 -8.911966
v -0.864965 -0.507578 -8.912056
v -0.838932 -0.506517 -8.912085
v -0.951485 -0.507031 -8.907286
v -0.939290 -0.506197 -8.907877
v -0.924754 -0.505366 -8.908298
v -0.907663 -0.504516 -8.908581
v -0.887804 -0.503619 -8.908749
v -0.864965 -0.502652 -8.908834
v -0.838932 -0.501589 -8.908861
v -0.951469 -0.502628 -8.903666
v -0.939281 -0.501747 -8.904219
v -0.924749 -0.500884 -8.904615
v -0.907660 -0.500011 -8.904879
v -0.887803 -0.499102 -8.905037
v -0.864965 -0.498129 -8.905117
v -0.838932 -0.497064 -8.905144
v -0.951682 -0.547041 -8.921059
v -0.951698 -0.553647 -8.921783
v -0.951709 -0.560360 -8.922304
v -0.951717 -0.567139 -8.922649
v -0.951722 -0.573941 -8.922857
v -0.951724 -0.580727 -8.922960
v -0.951725 -0.587455 -8.922997
v -0.939414 -0.546494 -8.921783
v -0.939424 -0.553120 -8.922518
v -0.939431 -0.559847 -8.923040
v -0.939436 -0.566635 -8.923389
v -0.939438 -0.573444 -8.923599
v -0.939440 -0.580233 -8.923704
v -0.939440 -0.586961 -8.923740
v -0.924825 -0.545870 -8.922304
v -0.924830 -0.552509 -8.923040
v -0.924834 -0.559247 -8.923569
v -0.924837 -0.566042 -8.923920
v -0.924839 -0.572854 -8.924129
v -0.924840 -0.579645 -8.924236
v -0.924840 -0.586373 -8.924271
v -0.907699 -0.545156 -8.922649
v -0.907701 -0.551805 -8.923389
v -0.907703 -0.558550 -8.923920
v -0.907705 -0.565349 -8.924273
v -0.907706 -0.572165 -8.924482
v -0.907706 -0.578956 -8.924589
v -0.907706 -0.585686 -8.924625
v -0.887819 -0.544341 -8.922857
v -0.887820 -0.550997 -8.923599
v -0.887821 -0.557745 -8.924129
v -0.887821 -0.564547 -8.924482
v -0.887821 -0.571364 -8.924694
v -0.887822 -0.578157 -8.924803
v -0.887822 -0.584887 -8.924837
v -0.864969 -0.543415 -8.922960
v -0.864969 -0.550074 -8.923704
v -0.864969 -0.556824 -8.924234
v -0.864969 -0.563627 -8.924589
v -0.864969 -0.570445 -8.924803
v -0.864969 -0.577239 -8.924908
v -0.864969 -0.583969 -8.924944
v -0.838932 -0.542367 -8.922993
v -0.838932 -0.549026 -8.923738
v -0.838932 -0.555777 -8.924271
v -0.838932 -0.562581 -8.924623
v -0.838932 -0.569399 -8.924837
v -0.838932 -0.576192 -8.924944
v -0.838932 -0.582922 -8.924978
v -0.970123 -0.547945 -8.918848
v -0.976731 -0.548315 -8.917294
v -0.981888 -0.548633 -8.915394
v -0.985813 -0.548898 -8.913115
v -0.988725 -0.549111 -8.910425
v -0.990843 -0.549275 -8.907286
v -0.992384 -0.549391 -8.903666
v -0.970157 -0.554490 -8.919554
v -0.976777 -0.554822 -8.917984
v -0.981947 -0.555098 -8.916067
v -0.985887 -0.555323 -8.913767
v -0.988814 -0.555502 -8.911047
v -0.990946 -0.555637 -8.907877
v -0.992501 -0.555733 -8.904221
v -0.970182 -0.561160 -8.920057
v -0.976810 -0.561464 -8.918476
v -0.981990 -0.561711 -8.916548
v -0.985940 -0.561908 -8.914230
v -0.988877 -0.562060 -8.911491
v -0.991019 -0.562175 -8.908298
v -0.992584 -0.562258 -8.904615
v -0.970198 -0.567909 -8.920393
v -0.976832 -0.568195 -8.918806
v -0.982019 -0.568424 -8.916868
v -0.985975 -0.568602 -8.914539
v -0.988919 -0.568737 -8.911791
v -0.991068 -0.568838 -8.908581
v -0.992640 -0.568911 -8.904881
v -0.970208 -0.574696 -8.920593
v -0.976845 -0.574970 -8.919003
v -0.982036 -0.575187 -8.917059
v -0.985996 -0.575353 -8.914726
v -0.988944 -0.575479 -8.911968
v -0.991097 -0.575570 -8.908751
v -0.992673 -0.575638 -8.905037
v -0.970213 -0.581473 -8.920694
v -0.976852 -0.581742 -8.919102
v -0.982044 -0.581952 -8.917154
v -0.986007 -0.582113 -8.914818
v -0.988957 -0.582233 -8.912056
v -0.991112 -0.582322 -8.908836
v -0.992689 -0.582386 -8.905117
v -0.970214 -0.588198 -8.920729
v -0.976854 -0.588465 -8.919134
v -0.982047 -0.588673 -8.917187
v -0.986010 -0.588832 -8.914848
v -0.988961 -0.588951 -8.912086
v -0.991117 -0.589037 -8.908865
v -0.992695 -0.589101 -8.905146
v -0.970019 -0.535403 -8.916698
v -0.969952 -0.529482 -8.915190
v -0.969882 -0.523833 -8.913345
v -0.969813 -0.518485 -8.911135
v -0.969751 -0.513469 -8.908525
v -0.969700 -0.508814 -8.905483
v -0.969666 -0.504550 -8.901979
v -0.976590 -0.535892 -8.915190
v -0.976499 -0.530050 -8.913712
v -0.976403 -0.524488 -8.911911
v -0.976309 -0.519238 -8.909750
v -0.976223 -0.514322 -8.907206
v -0.976153 -0.509769 -8.904243
v -0.976105 -0.505606 -8.900826
v -0.981706 -0.536333 -8.913345
v -0.981588 -0.530574 -8.911911
v -0.981464 -0.525110 -8.910164
v -0.981339 -0.519967 -8.908077
v -0.981223 -0.515172 -8.905624
v -0.981126 -0.510744 -8.902769
v -0.981059 -0.506707 -8.899477
v -0.985588 -0.536719 -8.911135
v -0.985442 -0.531044 -8.909750
v -0.985284 -0.525681 -8.908077
v -0.985124 -0.520656 -8.906090
v -0.984970 -0.515997 -8.903765
v -0.984838 -0.511720 -8.901066
v -0.984746 -0.507839 -8.897945
v -0.988456 -0.537043 -8.908525
v -0.988279 -0.531446 -8.907206
v -0.988086 -0.526183 -8.905624
v -0.987885 -0.521284 -8.903765
v -0.987684 -0.516779 -8.901615
v -0.987509 -0.512679 -8.899124
v -0.987383 -0.508991 -8.896233
v -0.990530 -0.537295 -8.905483
v -0.990322 -0.531765 -8.904243
v -0.990091 -0.526589 -8.902769
v -0.989845 -0.521804 -8.901066
v -0.989591 -0.517444 -8.899124
v -0.989360 -0.513528 -8.896902
v -0.989182 -0.510074 -8.894354
v -0.992029 -0.537471 -8.901979
v -0.991792 -0.531985 -8.900826
v -0.991523 -0.526872 -8.899477
v -0.991229 -0.522168 -8.897945
v -0.990918 -0.517917 -8.896231
v -0.990616 -0.514174 -8.894354
v -0.990355 -0.510998 -8.892324
v 0.460273 -0.522211 -8.921999
v 0.512147 -0.523767 -8.921999
v 0.561999 -0.525373 -8.921999
v 0.609605 -0.527002 -8.921999
v 0.654743 -0.528627 -8.921999
v 0.697190 -0.530219 -8.921999
v 0.736724 -0.531751 -8.921999
v 0.773123 -0.533194 -8.921999
v 0.460273 -0.528739 -8.922993
v 0.460273 -0.535398 -8.923735
v 0.460273 -0.542150 -8.924267
v 0.460273 -0.548953 -8.924622
v 0.460273 -0.555773 -8.924833
v 0.460273 -0.562565 -8.924940
v 0.460273 -0.569295 -8.924974
v 0.406599 -0.520735 -8.921999
v 0.351348 -0.519366 -8.921999
v 0.294741 -0.518130 -8.921999
v 0.237002 -0.517057 -8.921999
v 0.178353 -0.516175 -8.921999
v 0.119017 -0.515512 -8.921999
v 0.059216 -0.515094 -8.921999
v 0.460273 -0.515853 -8.920725
v 0.460273 -0.509703 -8.919132
v 0.460273 -0.503798 -8.917183
v 0.460273 -0.498182 -8.914846
v 0.460273 -0.492890 -8.912083
v 0.460273 -0.487962 -8.908859
v 0.460273 -0.483438 -8.905138
v 0.512147 -0.517407 -8.920725
v 0.561999 -0.519013 -8.920725
v 0.609605 -0.520643 -8.920725
v 0.654743 -0.522267 -8.920725
v 0.697190 -0.523860 -8.920725
v 0.736724 -0.525392 -8.920725
v 0.773123 -0.526835 -8.920725
v 0.512147 -0.511257 -8.919132
v 0.561999 -0.512863 -8.919132
v 0.609605 -0.514493 -8.919130
v 0.654743 -0.516117 -8.919130
v 0.697190 -0.517710 -8.919130
v 0.736724 -0.519242 -8.919130
v 0.773123 -0.520685 -8.919130
v 0.512147 -0.505354 -8.917183
v 0.561999 -0.506960 -8.917183
v 0.609605 -0.508590 -8.917181
v 0.654743 -0.510214 -8.917181
v 0.697190 -0.511806 -8.917181
v 0.736724 -0.513338 -8.917181
v 0.773123 -0.514782 -8.917181
v 0.512147 -0.499738 -8.914846
v 0.561999 -0.501344 -8.914845
v 0.609605 -0.502973 -8.914845
v 0.654743 -0.504598 -8.914843
v 0.697190 -0.506189 -8.914843
v 0.736724 -0.507722 -8.914843
v 0.773123 -0.509165 -8.914843
v 0.512147 -0.494446 -8.912083
v 0.561999 -0.496052 -8.912081
v 0.609605 -0.497681 -8.912081
v 0.654743 -0.499306 -8.912081
v 0.697190 -0.500897 -8.912081
v 0.736724 -0.502430 -8.912081
v 0.773123 -0.503873 -8.912081
v 0.512147 -0.489517 -8.908859
v 0.561999 -0.491123 -8.908859
v 0.609605 -0.492753 -8.908859
v 0.654743 -0.494377 -8.908859
v 0.697190 -0.495970 -8.908859
v 0.736724 -0.497501 -8.908857
v 0.773123 -0.498945 -8.908859
v 0.512147 -0.484992 -8.905138
v 0.561999 -0.486598 -8.905138
v 0.609605 -0.488228 -8.905138
v 0.654743 -0.489852 -8.905138
v 0.697190 -0.491445 -8.905138
v 0.736724 -0.492976 -8.905138
v 0.773123 -0.494420 -8.905138
v 0.512147 -0.530294 -8.922993
v 0.512147 -0.536955 -8.923735
v 0.512147 -0.543705 -8.924267
v 0.512147 -0.550509 -8.924622
v 0.512147 -0.557327 -8.924833
v 0.512147 -0.564120 -8.924940
v 0.512147 -0.570850 -8.924974
v 0.561999 -0.531901 -8.922991
v 0.561999 -0.538561 -8.923735
v 0.561999 -0.545312 -8.924267
v 0.561999 -0.552115 -8.924622
v 0.561999 -0.558933 -8.924833
v 0.561999 -0.565726 -8.924940
v 0.561999 -0.572456 -8.924974
v 0.609605 -0.533530 -8.922991
v 0.609605 -0.540190 -8.923735
v 0.609605 -0.546941 -8.924267
v 0.609605 -0.553744 -8.924622
v 0.609605 -0.560562 -8.924833
v 0.609605 -0.567356 -8.924940
v 0.609605 -0.574086 -8.924974
v 0.654743 -0.535155 -8.922991
v 0.654743 -0.541815 -8.923735
v 0.654743 -0.548566 -8.924267
v 0.654743 -0.555369 -8.924622
v 0.654743 -0.562187 -8.924833
v 0.654743 -0.568981 -8.924940
v 0.654743 -0.575710 -8.924974
v 0.697190 -0.536747 -8.922991
v 0.697190 -0.543406 -8.923735
v 0.697190 -0.550158 -8.924267
v 0.697190 -0.556961 -8.924622
v 0.697190 -0.563779 -8.924833
v 0.697190 -0.570573 -8.924940
v 0.697190 -0.577303 -8.924974
v 0.736724 -0.538280 -8.922991
v 0.736724 -0.544938 -8.923735
v 0.736724 -0.551689 -8.924267
v 0.736724 -0.558494 -8.924622
v 0.736724 -0.565311 -8.924833
v 0.736724 -0.572104 -8.924940
v 0.736724 -0.578834 -8.924974
v 0.773123 -0.539723 -8.922991
v 0.773123 -0.546382 -8.923735
v 0.773123 -0.553132 -8.924267
v 0.773123 -0.559937 -8.924622
v 0.773123 -0.566755 -8.924833
v 0.773123 -0.573548 -8.924940
v 0.773123 -0.580277 -8.924974
v 0.406599 -0.527264 -8.922993
v 0.351348 -0.525894 -8.922993
v 0.294741 -0.524659 -8.922993
v 0.237002 -0.523587 -8.922993
v 0.178353 -0.522703 -8.922993
v 0.119017 -0.522040 -8.922993
v 0.059216 -0.521622 -8.922993
v 0.406599 -0.533922 -8.923735
v 0.351348 -0.532554 -8.923735
v 0.294741 -0.531318 -8.923735
v 0.237002 -0.530246 -8.923735
v 0.178353 -0.529364 -8.923735
v 0.119017 -0.528699 -8.923737
v 0.059216 -0.528280 -8.923738
v 0.406599 -0.540673 -8.924267
v 0.351348 -0.539305 -8.924267
v 0.294741 -0.538069 -8.924267
v 0.237002 -0.536996 -8.924267
v 0.178353 -0.536114 -8.924267
v 0.119017 -0.535449 -8.924267
v 0.059216 -0.535032 -8.924269
v 0.406599 -0.547478 -8.924622
v 0.351348 -0.546108 -8.924622
v 0.294741 -0.544873 -8.924622
v 0.237002 -0.543801 -8.924622
v 0.178353 -0.542917 -8.924622
v 0.119017 -0.542254 -8.924622
v 0.059216 -0.541836 -8.924622
v 0.406599 -0.554296 -8.924833
v 0.351348 -0.552926 -8.924835
v 0.294741 -0.551691 -8.924835
v 0.237002 -0.550619 -8.924835
v 0.178353 -0.549737 -8.924835
v 0.119017 -0.549072 -8.924837
v 0.059216 -0.548654 -8.924837
v 0.406599 -0.561090 -8.924940
v 0.351348 -0.559720 -8.924940
v 0.294741 -0.558485 -8.924940
v 0.237002 -0.557411 -8.924940
v 0.178353 -0.556529 -8.924940
v 0.119017 -0.555865 -8.924940
v 0.059216 -0.555448 -8.924940
v 0.406599 -0.567819 -8.924976
v 0.351348 -0.566449 -8.924976
v 0.294741 -0.565215 -8.924976
v 0.237002 -0.564141 -8.924976
v 0.178353 -0.563259 -8.924976
v 0.119017 -0.562594 -8.924978
v 0.059216 -0.562177 -8.924978
v 0.406599 -0.514377 -8.920725
v 0.406599 -0.508225 -8.919130
v 0.406599 -0.502323 -8.917183
v 0.406599 -0.496706 -8.914845
v 0.406599 -0.491414 -8.912081
v 0.406599 -0.486485 -8.908859
v 0.406599 -0.481960 -8.905138
v 0.351348 -0.513006 -8.920725
v 0.351348 -0.506856 -8.919130
v 0.351348 -0.500953 -8.917183
v 0.351348 -0.495337 -8.914846
v 0.351348 -0.490045 -8.912081
v 0.351348 -0.485116 -8.908859
v 0.351348 -0.480591 -8.905138
v 0.294741 -0.511771 -8.920725
v 0.294741 -0.505622 -8.919132
v 0.294741 -0.499719 -8.917183
v 0.294741 -0.494102 -8.914846
v 0.294741 -0.488810 -8.912083
v 0.294741 -0.483881 -8.908859
v 0.294741 -0.479356 -8.905138
v 0.237002 -0.510699 -8.920725
v 0.237002 -0.504549 -8.919132
v 0.237002 -0.498646 -8.917183
v 0.237002 -0.493029 -8.914846
v 0.237002 -0.487737 -8.912083
v 0.237002 -0.482809 -8.908859
v 0.237002 -0.478284 -8.905138
v 0.178353 -0.509817 -8.920725
v 0.178353 -0.503667 -8.919132
v 0.178353 -0.497764 -8.917183
v 0.178353 -0.492146 -8.914846
v 0.178353 -0.486855 -8.912083
v 0.178353 -0.481927 -8.908859
v 0.178353 -0.477401 -8.905138
v 0.119017 -0.509152 -8.920725
v 0.119017 -0.503002 -8.919132
v 0.119017 -0.497099 -8.917183
v 0.119017 -0.491482 -8.914846
v 0.119017 -0.486190 -8.912083
v 0.119017 -0.481262 -8.908859
v 0.119017 -0.476737 -8.905138
v 0.059216 -0.508735 -8.920725
v 0.059216 -0.502584 -8.919132
v 0.059216 -0.496680 -8.917183
v 0.059216 -0.491064 -8.914846
v 0.059216 -0.485772 -8.912083
v 0.059216 -0.480844 -8.908859
v 0.059216 -0.476318 -8.905140
v -0.462764 -0.522304 -8.922003
v -0.408935 -0.520818 -8.922003
v -0.353532 -0.519438 -8.922003
v -0.296784 -0.518191 -8.922003
v -0.238919 -0.517107 -8.922003
v -0.180163 -0.516213 -8.922003
v -0.120744 -0.515536 -8.922001
v -0.060889 -0.515105 -8.922003
v -0.462764 -0.528831 -8.922993
v -0.462764 -0.535491 -8.923738
v -0.462764 -0.542242 -8.924271
v -0.462764 -0.549046 -8.924623
v -0.462764 -0.555863 -8.924837
v -0.462764 -0.562657 -8.924942
v -0.462764 -0.569387 -8.924978
v -0.514794 -0.523867 -8.922003
v -0.564796 -0.525482 -8.922003
v -0.612543 -0.527118 -8.922003
v -0.657808 -0.528749 -8.922003
v -0.700362 -0.530347 -8.922003
v -0.739979 -0.531881 -8.922003
v -0.776432 -0.533327 -8.922003
v -0.462764 -0.515945 -8.920727
v -0.462764 -0.509794 -8.919134
v -0.462764 -0.503891 -8.917185
v -0.462764 -0.498274 -8.914846
v -0.462764 -0.492982 -8.912083
v -0.462765 -0.488054 -8.908859
v -0.462765 -0.483529 -8.905142
v -0.408935 -0.514459 -8.920727
v -0.353532 -0.513079 -8.920727
v -0.296784 -0.511832 -8.920727
v -0.238919 -0.510748 -8.920727
v -0.180163 -0.509854 -8.920725
v -0.120744 -0.509177 -8.920725
v -0.060889 -0.508747 -8.920725
v -0.408935 -0.508308 -8.919132
v -0.353532 -0.506928 -8.919134
v -0.296784 -0.505682 -8.919132
v -0.238919 -0.504598 -8.919132
v -0.180163 -0.503703 -8.919132
v -0.120744 -0.503027 -8.919132
v -0.060889 -0.502597 -8.919132
v -0.408935 -0.502405 -8.917185
v -0.353532 -0.501025 -8.917185
v -0.296784 -0.499779 -8.917185
v -0.238919 -0.498694 -8.917185
v -0.180163 -0.497801 -8.917185
v -0.120744 -0.497124 -8.917185
v -0.060889 -0.496694 -8.917185
v -0.408935 -0.496788 -8.914846
v -0.353532 -0.495408 -8.914846
v -0.296784 -0.494163 -8.914846
v -0.238919 -0.493078 -8.914846
v -0.180163 -0.492184 -8.914846
v -0.120744 -0.491508 -8.914846
v -0.060889 -0.491076 -8.914846
v -0.408935 -0.491496 -8.912083
v -0.353532 -0.490116 -8.912083
v -0.296784 -0.488871 -8.912083
v -0.238919 -0.487786 -8.912083
v -0.180163 -0.486892 -8.912083
v -0.120744 -0.486216 -8.912083
v -0.060889 -0.485785 -8.912083
v -0.408935 -0.486568 -8.908861
v -0.353532 -0.485188 -8.908859
v -0.296784 -0.483942 -8.908859
v -0.238919 -0.482858 -8.908859
v -0.180163 -0.481964 -8.908859
v -0.120744 -0.481287 -8.908859
v -0.060889 -0.480857 -8.908859
v -0.408935 -0.482043 -8.905142
v -0.353532 -0.480662 -8.905142
v -0.296784 -0.479417 -8.905142
v -0.238919 -0.478333 -8.905140
v -0.180163 -0.477438 -8.905142
v -0.120744 -0.476762 -8.905140
v -0.060889 -0.476331 -8.905140
v -0.408935 -0.527345 -8.922993
v -0.408935 -0.534005 -8.923738
v -0.408935 -0.540755 -8.924271
v -0.408935 -0.547560 -8.924623
v -0.408935 -0.554379 -8.924837
v -0.408935 -0.561171 -8.924944
v -0.408935 -0.567901 -8.924978
v -0.353532 -0.525966 -8.922993
v -0.353532 -0.532625 -8.923738
v -0.353532 -0.539376 -8.924269
v -0.353532 -0.546180 -8.924623
v -0.353532 -0.552998 -8.924837
v -0.353532 -0.559791 -8.924942
v -0.353532 -0.566521 -8.924978
v -0.296784 -0.524719 -8.922993
v -0.296784 -0.531379 -8.923738
v -0.296784 -0.538130 -8.924269
v -0.296784 -0.544933 -8.924623
v -0.296784 -0.551751 -8.924837
v -0.296784 -0.558545 -8.924944
v -0.296784 -0.565275 -8.924978
v -0.238919 -0.523635 -8.922993
v -0.238919 -0.530294 -8.923738
v -0.238919 -0.537045 -8.924269
v -0.238919 -0.543849 -8.924623
v -0.238919 -0.550667 -8.924837
v -0.238919 -0.557461 -8.924942
v -0.238919 -0.564191 -8.924978
v -0.180163 -0.522741 -8.922993
v -0.180163 -0.529401 -8.923738
v -0.180163 -0.536152 -8.924269
v -0.180163 -0.542955 -8.924623
v -0.180163 -0.549773 -8.924837
v -0.180163 -0.556566 -8.924942
v -0.180163 -0.563296 -8.924978
v -0.120744 -0.522064 -8.922993
v -0.120744 -0.528724 -8.923738
v -0.120744 -0.535475 -8.924269
v -0.120744 -0.542278 -8.924623
v -0.120744 -0.549097 -8.924837
v -0.120744 -0.555890 -8.924942
v -0.120744 -0.562620 -8.924978
v -0.060889 -0.521633 -8.922993
v -0.060889 -0.528294 -8.923738
v -0.060889 -0.535044 -8.924269
v -0.060889 -0.541847 -8.924623
v -0.060889 -0.548667 -8.924837
v -0.060889 -0.555459 -8.924942
v -0.060889 -0.562189 -8.924978
v -0.514794 -0.530396 -8.922993
v -0.564796 -0.532010 -8.922993
v -0.612543 -0.533647 -8.922993
v -0.657808 -0.535277 -8.922993
v -0.700362 -0.536875 -8.922993
v -0.739979 -0.538410 -8.922995
v -0.776432 -0.539856 -8.922995
v -0.514794 -0.537054 -8.923738
v -0.564796 -0.538670 -8.923738
v -0.612543 -0.540305 -8.923738
v -0.657808 -0.541937 -8.923738
v -0.700362 -0.543533 -8.923738
v -0.739979 -0.545069 -8.923738
v -0.776432 -0.546515 -8.923738
v -0.514794 -0.543805 -8.924271
v -0.564796 -0.545421 -8.924271
v -0.612543 -0.547056 -8.924271
v -0.657808 -0.548688 -8.924271
v -0.700362 -0.550285 -8.924271
v -0.739979 -0.551820 -8.924271
v -0.776432 -0.553266 -8.924271
v -0.514794 -0.550610 -8.924623
v -0.564796 -0.552224 -8.924623
v -0.612543 -0.553861 -8.924623
v -0.657808 -0.555491 -8.924623
v -0.700362 -0.557089 -8.924623
v -0.739979 -0.558624 -8.924623
v -0.776432 -0.560070 -8.924623
v -0.514794 -0.557428 -8.924837
v -0.564796 -0.559042 -8.924837
v -0.612543 -0.560678 -8.924837
v -0.657808 -0.562309 -8.924837
v -0.700362 -0.563907 -8.924837
v -0.739979 -0.565442 -8.924837
v -0.776432 -0.566888 -8.924837
v -0.514794 -0.564221 -8.924944
v -0.564796 -0.565836 -8.924944
v -0.612543 -0.567472 -8.924944
v -0.657808 -0.569102 -8.924944
v -0.700362 -0.570700 -8.924944
v -0.739979 -0.572235 -8.924944
v -0.776432 -0.573682 -8.924944
v -0.514794 -0.570951 -8.924978
v -0.564796 -0.572565 -8.924978
v -0.612543 -0.574203 -8.924978
v -0.657808 -0.575832 -8.924978
v -0.700362 -0.577430 -8.924978
v -0.739979 -0.578965 -8.924978
v -0.776432 -0.580411 -8.924978
v -0.514794 -0.517509 -8.920727
v -0.514794 -0.511358 -8.919132
v -0.514794 -0.505455 -8.917185
v -0.514794 -0.499838 -8.914846
v -0.514794 -0.494546 -8.912083
v -0.514794 -0.489618 -8.908861
v -0.514794 -0.485093 -8.905142
v -0.564796 -0.519123 -8.920727
v -0.564796 -0.512972 -8.919134
v -0.564796 -0.507070 -8.917185
v -0.564796 -0.501452 -8.914846
v -0.564796 -0.496161 -8.912083
v -0.564796 -0.491233 -8.908859
v -0.564796 -0.486707 -8.905142
v -0.612543 -0.520759 -8.920727
v -0.612543 -0.514609 -8.919134
v -0.612543 -0.508706 -8.917185
v -0.612543 -0.503089 -8.914846
v -0.612543 -0.497797 -8.912083
v -0.612543 -0.492869 -8.908861
v -0.612543 -0.488343 -8.905142
v -0.657808 -0.522390 -8.920727
v -0.657808 -0.516239 -8.919134
v -0.657808 -0.510337 -8.917185
v -0.657808 -0.504720 -8.914848
v -0.657808 -0.499428 -8.912085
v -0.657808 -0.494500 -8.908861
v -0.657808 -0.489974 -8.905142
v -0.700362 -0.523987 -8.920727
v -0.700362 -0.517837 -8.919134
v -0.700362 -0.511934 -8.917185
v -0.700362 -0.506317 -8.914848
v -0.700362 -0.501025 -8.912085
v -0.700362 -0.496097 -8.908861
v -0.700362 -0.491571 -8.905142
v -0.739979 -0.525522 -8.920729
v -0.739979 -0.519373 -8.919134
v -0.739979 -0.513469 -8.917185
v -0.739979 -0.507853 -8.914848
v -0.739979 -0.502561 -8.912086
v -0.739979 -0.497632 -8.908861
v -0.739979 -0.493107 -8.905142
v -0.776432 -0.526968 -8.920729
v -0.776432 -0.520819 -8.919134
v -0.776432 -0.514915 -8.917185
v -0.776432 -0.509298 -8.914848
v -0.776432 -0.504006 -8.912086
v -0.776432 -0.499079 -8.908861
v -0.776432 -0.494553 -8.905142
v 0.959413 -0.541001 -8.919132
v 0.967869 -0.541478 -8.917904
v 0.974660 -0.541909 -8.916368
v 0.980000 -0.542288 -8.914492
v 0.984106 -0.542615 -8.912245
v 0.987192 -0.542884 -8.909588
v 0.989476 -0.543095 -8.906492
v 0.991173 -0.543242 -8.902924
v 0.959449 -0.547424 -8.920088
v 0.959476 -0.554004 -8.920805
v 0.959496 -0.560699 -8.921316
v 0.959509 -0.567464 -8.921658
v 0.959516 -0.574260 -8.921864
v 0.959520 -0.581041 -8.921967
v 0.959521 -0.587768 -8.921999
v 0.949074 -0.540479 -8.920088
v 0.936640 -0.539899 -8.920803
v 0.921900 -0.539248 -8.921316
v 0.904640 -0.538517 -8.921658
v 0.884649 -0.537690 -8.921862
v 0.861714 -0.536757 -8.921967
v 0.835623 -0.535706 -8.921999
v 0.959366 -0.534779 -8.917904
v 0.959313 -0.528788 -8.916368
v 0.959257 -0.523063 -8.914494
v 0.959202 -0.517633 -8.912245
v 0.959153 -0.512535 -8.909588
v 0.959113 -0.507798 -8.906492
v 0.959086 -0.503455 -8.902922
v 0.967803 -0.535315 -8.916695
v 0.974570 -0.535810 -8.915184
v 0.979884 -0.536261 -8.913342
v 0.983962 -0.536654 -8.911129
v 0.987020 -0.536984 -8.908520
v 0.989276 -0.537245 -8.905479
v 0.990946 -0.537427 -8.901972
v 0.967727 -0.529393 -8.915184
v 0.974467 -0.529967 -8.913708
v 0.979750 -0.530500 -8.911905
v 0.983795 -0.530978 -8.909748
v 0.986819 -0.531388 -8.907202
v 0.989040 -0.531714 -8.904238
v 0.990677 -0.531940 -8.900820
v 0.967647 -0.523743 -8.913340
v 0.974358 -0.524406 -8.911905
v 0.979609 -0.525036 -8.910156
v 0.983616 -0.525614 -8.908072
v 0.986600 -0.526123 -8.905619
v 0.988778 -0.526537 -8.902765
v 0.990371 -0.526826 -8.899475
v 0.967569 -0.518394 -8.911129
v 0.974252 -0.519154 -8.909746
v 0.979467 -0.519893 -8.908072
v 0.983435 -0.520589 -8.906084
v 0.986371 -0.521224 -8.903761
v 0.988498 -0.521750 -8.901058
v 0.990038 -0.522121 -8.897940
v 0.967499 -0.513379 -8.908520
v 0.974154 -0.514239 -8.907202
v 0.979335 -0.515096 -8.905619
v 0.983260 -0.515928 -8.903761
v 0.986143 -0.516717 -8.901611
v 0.988210 -0.517388 -8.899118
v 0.989683 -0.517867 -8.896229
v 0.967441 -0.508723 -8.905479
v 0.974074 -0.509686 -8.904238
v 0.979225 -0.510668 -8.902763
v 0.983110 -0.511649 -8.901058
v 0.985944 -0.512615 -8.899118
v 0.987947 -0.513471 -8.896896
v 0.989342 -0.514122 -8.894350
v 0.967402 -0.504459 -8.901972
v 0.974019 -0.505522 -8.900820
v 0.979149 -0.506630 -8.899473
v 0.983006 -0.507770 -8.897940
v 0.985802 -0.508927 -8.896229
v 0.987746 -0.510015 -8.894350
v 0.989044 -0.510945 -8.892319
v 0.967921 -0.547856 -8.918844
v 0.967960 -0.554402 -8.919548
v 0.967988 -0.561072 -8.920053
v 0.968006 -0.567822 -8.920389
v 0.968018 -0.574608 -8.920589
v 0.968023 -0.581385 -8.920692
v 0.968025 -0.588109 -8.920725
v 0.974730 -0.548235 -8.917290
v 0.974783 -0.554742 -8.917978
v 0.974820 -0.561384 -8.918474
v 0.974845 -0.568115 -8.918802
v 0.974860 -0.574890 -8.918999
v 0.974868 -0.581662 -8.919098
v 0.974870 -0.588384 -8.919132
v 0.980090 -0.548560 -8.915388
v 0.980158 -0.555026 -8.916061
v 0.980207 -0.561640 -8.916542
v 0.980239 -0.568351 -8.916861
v 0.980258 -0.575115 -8.917055
v 0.980268 -0.581881 -8.917150
v 0.980271 -0.588602 -8.917183
v 0.984218 -0.548833 -8.913111
v 0.984302 -0.555260 -8.913759
v 0.984362 -0.561846 -8.914225
v 0.984402 -0.568538 -8.914536
v 0.984425 -0.575290 -8.914721
v 0.984437 -0.582049 -8.914814
v 0.984441 -0.588769 -8.914846
v 0.987326 -0.549054 -8.910418
v 0.987427 -0.555446 -8.911043
v 0.987498 -0.562006 -8.911486
v 0.987546 -0.568682 -8.911785
v 0.987575 -0.575423 -8.911963
v 0.987589 -0.582178 -8.912052
v 0.987594 -0.588896 -8.912083
v 0.989632 -0.549227 -8.907280
v 0.989749 -0.555589 -8.907873
v 0.989832 -0.562128 -8.908295
v 0.989888 -0.568789 -8.908577
v 0.989921 -0.575522 -8.908747
v 0.989938 -0.582274 -8.908831
v 0.989943 -0.588989 -8.908859
v 0.991350 -0.549349 -8.903662
v 0.991482 -0.555692 -8.904215
v 0.991577 -0.562217 -8.904613
v 0.991640 -0.568870 -8.904875
v 0.991678 -0.575598 -8.905035
v 0.991696 -0.582346 -8.905113
v 0.991703 -0.589061 -8.905138
v 0.949098 -0.546936 -8.921055
v 0.936655 -0.546383 -8.921782
v 0.921908 -0.545753 -8.922300
v 0.904644 -0.545033 -8.922646
v 0.884651 -0.544214 -8.922852
v 0.861715 -0.543284 -8.922956
v 0.835623 -0.542234 -8.922991
v 0.949116 -0.553542 -8.921782
v 0.936666 -0.553009 -8.922514
v 0.921915 -0.552392 -8.923037
v 0.904648 -0.551682 -8.923386
v 0.884652 -0.550869 -8.923595
v 0.861715 -0.549943 -8.923700
v 0.835623 -0.548893 -8.923735
v 0.949129 -0.560256 -8.922300
v 0.936675 -0.559736 -8.923038
v 0.921919 -0.559130 -8.923565
v 0.904650 -0.558427 -8.923916
v 0.884653 -0.557618 -8.924126
v 0.861715 -0.556693 -8.924231
v 0.835623 -0.555644 -8.924267
v 0.949138 -0.567035 -8.922646
v 0.936680 -0.566525 -8.923388
v 0.921922 -0.565925 -8.923916
v 0.904652 -0.565226 -8.924269
v 0.884654 -0.564420 -8.924479
v 0.861715 -0.563497 -8.924583
v 0.835623 -0.562449 -8.924622
v 0.949143 -0.573837 -8.922855
v 0.936683 -0.573334 -8.923595
v 0.921924 -0.572737 -8.924126
v 0.904653 -0.572042 -8.924480
v 0.884654 -0.571238 -8.924692
v 0.861715 -0.570314 -8.924797
v 0.835623 -0.569266 -8.924833
v 0.949145 -0.580624 -8.922956
v 0.936685 -0.580122 -8.923700
v 0.921925 -0.579529 -8.924232
v 0.904653 -0.578834 -8.924587
v 0.884654 -0.578030 -8.924799
v 0.861715 -0.577108 -8.924904
v 0.835623 -0.576059 -8.924940
v 0.949146 -0.587350 -8.922991
v 0.936685 -0.586850 -8.923735
v 0.921926 -0.586257 -8.924267
v 0.904653 -0.585563 -8.924622
v 0.884654 -0.584760 -8.924833
v 0.861715 -0.583838 -8.924940
v 0.835623 -0.582789 -8.924974
v 0.949042 -0.534210 -8.918842
v 0.949007 -0.528167 -8.917290
v 0.948970 -0.522382 -8.915388
v 0.948933 -0.516891 -8.913111
v 0.948901 -0.511727 -8.910418
v 0.948874 -0.506927 -8.907280
v 0.948856 -0.502522 -8.903662
v 0.936621 -0.533596 -8.919548
v 0.936598 -0.527514 -8.917978
v 0.936575 -0.521683 -8.916061
v 0.936552 -0.516145 -8.913759
v 0.936532 -0.510933 -8.911043
v 0.936515 -0.506085 -8.907871
v 0.936504 -0.501636 -8.904215
v 0.921889 -0.532923 -8.920052
v 0.921876 -0.526810 -8.918474
v 0.921862 -0.520949 -8.916542
v 0.921849 -0.515377 -8.914225
v 0.921838 -0.510131 -8.911486
v 0.921828 -0.505249 -8.908295
v 0.921822 -0.500767 -8.904610
v 0.904635 -0.532174 -8.920387
v 0.904628 -0.526043 -8.918800
v 0.904621 -0.520162 -8.916861
v 0.904615 -0.514566 -8.914536
v 0.904609 -0.509297 -8.911785
v 0.904604 -0.504393 -8.908575
v 0.904601 -0.499888 -8.904875
v 0.884647 -0.531339 -8.920589
v 0.884644 -0.525195 -8.918999
v 0.884642 -0.519301 -8.917053
v 0.884639 -0.513693 -8.914721
v 0.884637 -0.508410 -8.911961
v 0.884635 -0.503491 -8.908745
v 0.884634 -0.498975 -8.905033
v 0.861714 -0.530400 -8.920689
v 0.861713 -0.524253 -8.919096
v 0.861712 -0.518351 -8.917150
v 0.861712 -0.512736 -8.914812
v 0.861711 -0.507447 -8.912052
v 0.861711 -0.502521 -8.908831
v 0.861710 -0.497998 -8.905111
v 0.835623 -0.529346 -8.920725
v 0.835623 -0.523197 -8.919130
v 0.835623 -0.517293 -8.917181
v 0.835623 -0.511676 -8.914843
v 0.835623 -0.506385 -8.912081
v 0.835623 -0.501456 -8.908859
v 0.835623 -0.496931 -8.905138
v 0.959521 -0.642087 8.923031
v 0.968025 -0.642428 8.922195
v 0.974870 -0.642703 8.921151
v 0.980271 -0.642920 8.919874
v 0.984441 -0.643087 8.918343
v 0.987594 -0.643215 8.916533
v 0.989943 -0.643310 8.914422
v 0.991702 -0.643380 8.911985
v 0.959521 -0.636669 8.923031
v 0.959521 -0.631092 8.923031
v 0.959521 -0.625355 8.923031
v 0.959521 -0.619463 8.923031
v 0.959521 -0.613418 8.923031
v 0.959521 -0.607223 8.923031
v 0.959521 -0.600881 8.923031
v 0.949146 -0.641669 8.923680
v 0.936685 -0.641170 8.924168
v 0.921925 -0.640576 8.924517
v 0.904653 -0.639882 8.924748
v 0.884654 -0.639079 8.924888
v 0.861715 -0.638157 8.924956
v 0.835623 -0.637108 8.924980
v 0.959521 -0.647339 8.923031
v 0.959521 -0.652425 8.923031
v 0.959521 -0.657340 8.923031
v 0.959521 -0.662083 8.923031
v 0.959521 -0.666649 8.923031
v 0.959521 -0.671037 8.923030
v 0.959521 -0.675243 8.923030
v 0.968025 -0.647681 8.922195
v 0.974870 -0.647955 8.921151
v 0.980271 -0.648173 8.919874
v 0.984441 -0.648340 8.918343
v 0.987594 -0.648467 8.916533
v 0.989943 -0.648561 8.914422
v 0.991702 -0.648632 8.911985
v 0.968025 -0.652766 8.922195
v 0.974870 -0.653041 8.921150
v 0.980271 -0.653258 8.919874
v 0.984441 -0.653425 8.918343
v 0.987594 -0.653553 8.916533
v 0.989943 -0.653647 8.914422
v 0.991702 -0.653718 8.911985
v 0.968025 -0.657681 8.922195
v 0.974870 -0.657956 8.921151
v 0.980271 -0.658174 8.919874
v 0.984441 -0.658341 8.918343
v 0.987594 -0.658468 8.916533
v 0.989943 -0.658563 8.914422
v 0.991702 -0.658632 8.911985
v 0.968025 -0.662424 8.922195
v 0.974870 -0.662699 8.921150
v 0.980271 -0.662916 8.919874
v 0.984441 -0.663083 8.918343
v 0.987594 -0.663211 8.916533
v 0.989943 -0.663305 8.914422
v 0.991702 -0.663375 8.911985
v 0.968025 -0.666990 8.922195
v 0.974870 -0.667265 8.921151
v 0.980271 -0.667483 8.919874
v 0.984441 -0.667650 8.918343
v 0.987594 -0.667777 8.916533
v 0.989943 -0.667871 8.914422
v 0.991702 -0.667942 8.911985
v 0.968025 -0.671378 8.922195
v 0.974870 -0.671655 8.921150
v 0.980271 -0.671871 8.919874
v 0.984441 -0.672039 8.918343
v 0.987594 -0.672165 8.916533
v 0.989943 -0.672259 8.914422
v 0.991702 -0.672330 8.911985
v 0.968025 -0.675585 8.922195
v 0.974870 -0.675860 8.921151
v 0.980271 -0.676077 8.919874
v 0.984441 -0.676246 8.918343
v 0.987594 -0.676372 8.916533
v 0.989943 -0.676466 8.914421
v 0.991702 -0.676537 8.911985
v 0.968025 -0.637012 8.922195
v 0.968025 -0.631433 8.922196
v 0.968025 -0.625697 8.922196
v 0.968025 -0.619805 8.922196
v 0.968024 -0.613759 8.922196
v 0.968024 -0.607565 8.922196
v 0.968024 -0.601222 8.922196
v 0.974870 -0.637287 8.921151
v 0.974870 -0.631708 8.921151
v 0.974870 -0.625972 8.921152
v 0.974870 -0.620080 8.921151
v 0.974870 -0.614034 8.921152
v 0.974870 -0.607841 8.921151
v 0.974870 -0.601498 8.921152
v 0.980271 -0.637504 8.919875
v 0.980271 -0.631926 8.919875
v 0.980271 -0.626189 8.919875
v 0.980271 -0.620297 8.919875
v 0.980271 -0.614252 8.919876
v 0.980271 -0.608057 8.919876
v 0.980271 -0.601714 8.919876
v 0.984441 -0.637671 8.918343
v 0.984441 -0.632092 8.918344
v 0.984441 -0.626356 8.918344
v 0.984441 -0.620464 8.918344
v 0.984441 -0.614420 8.918344
v 0.984441 -0.608225 8.918344
v 0.984441 -0.601883 8.918344
v 0.987594 -0.637797 8.916533
v 0.987594 -0.632220 8.916534
v 0.987594 -0.626483 8.916534
v 0.987594 -0.620590 8.916534
v 0.987594 -0.614546 8.916534
v 0.987594 -0.608351 8.916534
v 0.987594 -0.602009 8.916534
v 0.989943 -0.637893 8.914422
v 0.989943 -0.632314 8.914423
v 0.989943 -0.626578 8.914422
v 0.989943 -0.620685 8.914422
v 0.989943 -0.614640 8.914423
v 0.989943 -0.608445 8.914422
v 0.989943 -0.602103 8.914423
v 0.991702 -0.637962 8.911985
v 0.991702 -0.632385 8.911985
v 0.991702 -0.626648 8.911985
v 0.991702 -0.620756 8.911985
v 0.991702 -0.614711 8.911985
v 0.991702 -0.608516 8.911985
v 0.991702 -0.602174 8.911985
v 0.949146 -0.636253 8.923680
v 0.936685 -0.635753 8.924169
v 0.921925 -0.635159 8.924517
v 0.904653 -0.634464 8.924748
v 0.884654 -0.633661 8.924888
v 0.861715 -0.632740 8.924957
v 0.835623 -0.631692 8.924980
v 0.949146 -0.630674 8.923680
v 0.936685 -0.630175 8.924168
v 0.921925 -0.629581 8.924517
v 0.904653 -0.628887 8.924748
v 0.884654 -0.628084 8.924888
v 0.861715 -0.627162 8.924956
v 0.835623 -0.626113 8.924980
v 0.949146 -0.624939 8.923680
v 0.936685 -0.624437 8.924169
v 0.921925 -0.623844 8.924517
v 0.904653 -0.623150 8.924748
v 0.884654 -0.622347 8.924888
v 0.861715 -0.621426 8.924957
v 0.835623 -0.620378 8.924980
v 0.949146 -0.619046 8.923681
v 0.936685 -0.618545 8.924169
v 0.921925 -0.617952 8.924517
v 0.904653 -0.617258 8.924748
v 0.884654 -0.616454 8.924888
v 0.861715 -0.615533 8.924956
v 0.835623 -0.614485 8.924980
v 0.949146 -0.613002 8.923681
v 0.936685 -0.612500 8.924169
v 0.921925 -0.611907 8.924517
v 0.904653 -0.611213 8.924748
v 0.884654 -0.610410 8.924888
v 0.861715 -0.609488 8.924957
v 0.835623 -0.608440 8.924980
v 0.949146 -0.606807 8.923680
v 0.936685 -0.606305 8.924168
v 0.921925 -0.605712 8.924517
v 0.904653 -0.605018 8.924748
v 0.884654 -0.604215 8.924888
v 0.861715 -0.603293 8.924956
v 0.835623 -0.602245 8.924980
v 0.949146 -0.600464 8.923680
v 0.936685 -0.599963 8.924169
v 0.921925 -0.599370 8.924517
v 0.904653 -0.598677 8.924748
v 0.884654 -0.597873 8.924888
v 0.861715 -0.596951 8.924957
v 0.835623 -0.595902 8.924980
v 0.949146 -0.646921 8.923680
v 0.949146 -0.652007 8.923680
v 0.949146 -0.656923 8.923680
v 0.949146 -0.661666 8.923680
v 0.949146 -0.666231 8.923680
v 0.949146 -0.670621 8.923680
v 0.949146 -0.674827 8.923680
v 0.936685 -0.646421 8.924169
v 0.936685 -0.651507 8.924169
v 0.936685 -0.656423 8.924169
v 0.936685 -0.661165 8.924169
v 0.936685 -0.665731 8.924169
v 0.936685 -0.670119 8.924168
v 0.936685 -0.674326 8.924168
v 0.921925 -0.645828 8.924517
v 0.921925 -0.650914 8.924517
v 0.921925 -0.655829 8.924517
v 0.921925 -0.660572 8.924517
v 0.921925 -0.665138 8.924517
v 0.921925 -0.669526 8.924515
v 0.921925 -0.673733 8.924515
v 0.904653 -0.645134 8.924748
v 0.904653 -0.650220 8.924748
v 0.904653 -0.655135 8.924748
v 0.904653 -0.659878 8.924748
v 0.904653 -0.664444 8.924748
v 0.904653 -0.668832 8.924748
v 0.904653 -0.673039 8.924748
v 0.884654 -0.644331 8.924888
v 0.884654 -0.649417 8.924888
v 0.884654 -0.654331 8.924888
v 0.884654 -0.659074 8.924888
v 0.884654 -0.663641 8.924888
v 0.884654 -0.668029 8.924888
v 0.884654 -0.672235 8.924888
v 0.861715 -0.643410 8.924957
v 0.861715 -0.648495 8.924957
v 0.861715 -0.653410 8.924957
v 0.861715 -0.658153 8.924957
v 0.861715 -0.662720 8.924957
v 0.861715 -0.667108 8.924956
v 0.861715 -0.671313 8.924956
v 0.835623 -0.642361 8.924980
v 0.835623 -0.647446 8.924980
v 0.835623 -0.652362 8.924980
v 0.835623 -0.657104 8.924980
v 0.835623 -0.661671 8.924980
v 0.835623 -0.666059 8.924980
v 0.835623 -0.670265 8.924980
v -0.462765 -0.623706 8.924976
v -0.408935 -0.622220 8.924976
v -0.353532 -0.620840 8.924976
v -0.296785 -0.619595 8.924976
v -0.238919 -0.618510 8.924976
v -0.180163 -0.617616 8.924976
v -0.120744 -0.616939 8.924976
v -0.060890 -0.616508 8.924976
v -0.462765 -0.618289 8.924975
v -0.462765 -0.612711 8.924975
v -0.462765 -0.606975 8.924975
v -0.462765 -0.601083 8.924975
v -0.462765 -0.595037 8.924975
v -0.462765 -0.588842 8.924975
v -0.462765 -0.582500 8.924975
v -0.514795 -0.625271 8.924975
v -0.564797 -0.626884 8.924975
v -0.612544 -0.628521 8.924975
v -0.657808 -0.630152 8.924975
v -0.700363 -0.631749 8.924975
v -0.739980 -0.633284 8.924975
v -0.776432 -0.634729 8.924975
v -0.462765 -0.628959 8.924976
v -0.462765 -0.634044 8.924976
v -0.462765 -0.638959 8.924976
v -0.462765 -0.643702 8.924976
v -0.462765 -0.648269 8.924976
v -0.462765 -0.652657 8.924976
v -0.462765 -0.656863 8.924976
v -0.408935 -0.627472 8.924976
v -0.353532 -0.626092 8.924976
v -0.296785 -0.624846 8.924976
v -0.238919 -0.623762 8.924976
v -0.180163 -0.622868 8.924976
v -0.120744 -0.622191 8.924976
v -0.060890 -0.621760 8.924976
v -0.408935 -0.632558 8.924976
v -0.353532 -0.631178 8.924976
v -0.296784 -0.629931 8.924976
v -0.238919 -0.628847 8.924976
v -0.180163 -0.627954 8.924976
v -0.120744 -0.627276 8.924976
v -0.060890 -0.626846 8.924976
v -0.408935 -0.637472 8.924976
v -0.353532 -0.636093 8.924976
v -0.296784 -0.634847 8.924976
v -0.238919 -0.633762 8.924976
v -0.180163 -0.632869 8.924976
v -0.120744 -0.632192 8.924976
v -0.060890 -0.631761 8.924976
v -0.408935 -0.642216 8.924976
v -0.353532 -0.640836 8.924976
v -0.296784 -0.639589 8.924976
v -0.238919 -0.638505 8.924976
v -0.180163 -0.637611 8.924976
v -0.120744 -0.636934 8.924976
v -0.060890 -0.636503 8.924976
v -0.408935 -0.646782 8.924976
v -0.353532 -0.645402 8.924976
v -0.296784 -0.644156 8.924976
v -0.238919 -0.643072 8.924976
v -0.180163 -0.642178 8.924976
v -0.120744 -0.641501 8.924976
v -0.060890 -0.641070 8.924976
v -0.408935 -0.651171 8.924976
v -0.353532 -0.649790 8.924976
v -0.296784 -0.648544 8.924976
v -0.238919 -0.647460 8.924976
v -0.180163 -0.646565 8.924976
v -0.120744 -0.645890 8.924976
v -0.060890 -0.645459 8.924976
v -0.408935 -0.655377 8.924976
v -0.353532 -0.653997 8.924976
v -0.296784 -0.652751 8.924976
v -0.238919 -0.651668 8.924976
v -0.180163 -0.650773 8.924976
v -0.120744 -0.650097 8.924976
v -0.060890 -0.649666 8.924976
v -0.408935 -0.616804 8.924975
v -0.408935 -0.611225 8.924975
v -0.408935 -0.605488 8.924976
v -0.408935 -0.599596 8.924977
v -0.408935 -0.593551 8.924977
v -0.408935 -0.587357 8.924977
v -0.408935 -0.581015 8.924977
v -0.353532 -0.615423 8.924976
v -0.353532 -0.609845 8.924977
v -0.353532 -0.604108 8.924977
v -0.353532 -0.598217 8.924977
v -0.353532 -0.592171 8.924977
v -0.353532 -0.585976 8.924977
v -0.353532 -0.579635 8.924977
v -0.296785 -0.614177 8.924976
v -0.296785 -0.608600 8.924977
v -0.296785 -0.602862 8.924977
v -0.296785 -0.596971 8.924977
v -0.296785 -0.590925 8.924977
v -0.296785 -0.584730 8.924977
v -0.296785 -0.578388 8.924977
v -0.238919 -0.613092 8.924977
v -0.238919 -0.607515 8.924977
v -0.238919 -0.601778 8.924977
v -0.238919 -0.595886 8.924977
v -0.238919 -0.589841 8.924977
v -0.238919 -0.583646 8.924977
v -0.238919 -0.577305 8.924977
v -0.180163 -0.612199 8.924977
v -0.180163 -0.606621 8.924977
v -0.180163 -0.600883 8.924977
v -0.180163 -0.594993 8.924977
v -0.180163 -0.588946 8.924977
v -0.180163 -0.582751 8.924977
v -0.180163 -0.576410 8.924977
v -0.120744 -0.611523 8.924977
v -0.120744 -0.605944 8.924977
v -0.120744 -0.600207 8.924977
v -0.120744 -0.594316 8.924977
v -0.120744 -0.588270 8.924977
v -0.120744 -0.582076 8.924978
v -0.120744 -0.575734 8.924978
v -0.060890 -0.611092 8.924977
v -0.060890 -0.605514 8.924977
v -0.060890 -0.599776 8.924978
v -0.060890 -0.593884 8.924978
v -0.060890 -0.587839 8.924978
v -0.060890 -0.581644 8.924978
v -0.060890 -0.575303 8.924978
v -0.514795 -0.619853 8.924975
v -0.564797 -0.621468 8.924975
v -0.612544 -0.623104 8.924975
v -0.657808 -0.624735 8.924975
v -0.700363 -0.626331 8.924975
v -0.739980 -0.627868 8.924975
v -0.776432 -0.629313 8.924975
v -0.514795 -0.614276 8.924975
v -0.564797 -0.615890 8.924975
v -0.612544 -0.617527 8.924975
v -0.657808 -0.619157 8.924975
v -0.700363 -0.620754 8.924975
v -0.739980 -0.622289 8.924975
v -0.776432 -0.623734 8.924975
v -0.514795 -0.608539 8.924975
v -0.564797 -0.610153 8.924975
v -0.612544 -0.611790 8.924975
v -0.657808 -0.613420 8.924975
v -0.700363 -0.615017 8.924975
v -0.739980 -0.616553 8.924975
v -0.776432 -0.617999 8.924975
v -0.514795 -0.602646 8.924975
v -0.564797 -0.604261 8.924975
v -0.612544 -0.605897 8.924975
v -0.657808 -0.607529 8.924975
v -0.700363 -0.609124 8.924975
v -0.739980 -0.610661 8.924975
v -0.776432 -0.612106 8.924975
v -0.514795 -0.596601 8.924975
v -0.564797 -0.598215 8.924975
v -0.612544 -0.599853 8.924975
v -0.657808 -0.601482 8.924975
v -0.700363 -0.603080 8.924975
v -0.739980 -0.604616 8.924975
v -0.776432 -0.606062 8.924975
v -0.514795 -0.590406 8.924975
v -0.564797 -0.592020 8.924975
v -0.612544 -0.593657 8.924975
v -0.657808 -0.595287 8.924975
v -0.700363 -0.596885 8.924975
v -0.739980 -0.598421 8.924975
v -0.776432 -0.599867 8.924975
v -0.514795 -0.584064 8.924975
v -0.564797 -0.585679 8.924975
v -0.612544 -0.587316 8.924975
v -0.657808 -0.588946 8.924975
v -0.700363 -0.590543 8.924975
v -0.739980 -0.592079 8.924975
v -0.776432 -0.593524 8.924975
v -0.514795 -0.630523 8.924976
v -0.514795 -0.635609 8.924976
v -0.514795 -0.640523 8.924976
v -0.514795 -0.645266 8.924976
v -0.514795 -0.649833 8.924976
v -0.514795 -0.654221 8.924976
v -0.514795 -0.658427 8.924976
v -0.564797 -0.632136 8.924975
v -0.564797 -0.637222 8.924975
v -0.564797 -0.642138 8.924976
v -0.564797 -0.646880 8.924976
v -0.564797 -0.651446 8.924976
v -0.564797 -0.655834 8.924975
v -0.564797 -0.660042 8.924975
v -0.612544 -0.633774 8.924975
v -0.612544 -0.638859 8.924975
v -0.612544 -0.643774 8.924976
v -0.612544 -0.648517 8.924975
v -0.612544 -0.653084 8.924976
v -0.612544 -0.657472 8.924975
v -0.612544 -0.661678 8.924975
v -0.657808 -0.635404 8.924975
v -0.657808 -0.640490 8.924975
v -0.657808 -0.645405 8.924975
v -0.657808 -0.650147 8.924975
v -0.657808 -0.654714 8.924975
v -0.657808 -0.659101 8.924975
v -0.657808 -0.663309 8.924975
v -0.700363 -0.637001 8.924975
v -0.700363 -0.642087 8.924975
v -0.700363 -0.647002 8.924975
v -0.700363 -0.651745 8.924975
v -0.700363 -0.656311 8.924975
v -0.700363 -0.660699 8.924975
v -0.700363 -0.664906 8.924975
v -0.739980 -0.638536 8.924975
v -0.739980 -0.643621 8.924975
v -0.739980 -0.648538 8.924975
v -0.739980 -0.653279 8.924975
v -0.739980 -0.657846 8.924975
v -0.739980 -0.662235 8.924975
v -0.739980 -0.666442 8.924975
v -0.776432 -0.639983 8.924975
v -0.776432 -0.645067 8.924975
v -0.776432 -0.649983 8.924975
v -0.776432 -0.654726 8.924975
v -0.776432 -0.659293 8.924975
v -0.776432 -0.663681 8.924975
v -0.776432 -0.667887 8.924975
v 0.460273 -0.623614 8.924979
v 0.512147 -0.625170 8.924980
v 0.561998 -0.626776 8.924980
v 0.609604 -0.628405 8.924980
v 0.654742 -0.630030 8.924980
v 0.697190 -0.631621 8.924980
v 0.736724 -0.633153 8.924980
v 0.773123 -0.634597 8.924980
v 0.460273 -0.618197 8.924979
v 0.460273 -0.612619 8.924979
v 0.460273 -0.606882 8.924979
v 0.460273 -0.600990 8.924979
v 0.460273 -0.594945 8.924979
v 0.460273 -0.588751 8.924979
v 0.460273 -0.582409 8.924979
v 0.406599 -0.622137 8.924978
v 0.351347 -0.620769 8.924978
v 0.294740 -0.619534 8.924978
v 0.237001 -0.618461 8.924978
v 0.178352 -0.617579 8.924978
v 0.119016 -0.616914 8.924978
v 0.059215 -0.616496 8.924978
v 0.460273 -0.628866 8.924978
v 0.460273 -0.633951 8.924978
v 0.460273 -0.638866 8.924978
v 0.460273 -0.643609 8.924978
v 0.460273 -0.648176 8.924978
v 0.460273 -0.652565 8.924978
v 0.460273 -0.656772 8.924978
v 0.512147 -0.630422 8.924979
v 0.561998 -0.632028 8.924980
v 0.609604 -0.633657 8.924980
v 0.654742 -0.635282 8.924980
v 0.697190 -0.636874 8.924980
v 0.736724 -0.638406 8.924980
v 0.773123 -0.639849 8.924980
v 0.512147 -0.635508 8.924978
v 0.561998 -0.637114 8.924979
v 0.609604 -0.638742 8.924980
v 0.654742 -0.640368 8.924980
v 0.697190 -0.641959 8.924980
v 0.736724 -0.643491 8.924980
v 0.773123 -0.644935 8.924980
v 0.512147 -0.640423 8.924978
v 0.561998 -0.642029 8.924978
v 0.609604 -0.643658 8.924979
v 0.654742 -0.645283 8.924980
v 0.697190 -0.646874 8.924980
v 0.736724 -0.648407 8.924980
v 0.773123 -0.649851 8.924980
v 0.512147 -0.645165 8.924978
v 0.561998 -0.646771 8.924978
v 0.609604 -0.648400 8.924978
v 0.654742 -0.650025 8.924979
v 0.697190 -0.651617 8.924980
v 0.736724 -0.653149 8.924980
v 0.773123 -0.654593 8.924980
v 0.512147 -0.649732 8.924978
v 0.561998 -0.651338 8.924978
v 0.609604 -0.652967 8.924978
v 0.654742 -0.654592 8.924978
v 0.697190 -0.656184 8.924979
v 0.736724 -0.657716 8.924980
v 0.773123 -0.659159 8.924980
v 0.512147 -0.654119 8.924978
v 0.561998 -0.655725 8.924978
v 0.609604 -0.657355 8.924978
v 0.654742 -0.658979 8.924978
v 0.697190 -0.660572 8.924978
v 0.736724 -0.662105 8.924979
v 0.773123 -0.663548 8.924980
v 0.512147 -0.658326 8.924978
v 0.561998 -0.659932 8.924978
v 0.609604 -0.661562 8.924978
v 0.654742 -0.663186 8.924978
v 0.697190 -0.664780 8.924978
v 0.736724 -0.666310 8.924978
v 0.773123 -0.667754 8.924979
v 0.512147 -0.619752 8.924980
v 0.512147 -0.614175 8.924980
v 0.512147 -0.608438 8.924980
v 0.512147 -0.602545 8.924980
v 0.512147 -0.596500 8.924980
v 0.512147 -0.590305 8.924980
v 0.512147 -0.583963 8.924980
v 0.561998 -0.621359 8.924980
v 0.561998 -0.615781 8.924980
v 0.561998 -0.610044 8.924980
v 0.561998 -0.604153 8.924980
v 0.561998 -0.598106 8.924980
v 0.561998 -0.591911 8.924980
v 0.561998 -0.585569 8.924980
v 0.609604 -0.622988 8.924980
v 0.609604 -0.617410 8.924980
v 0.609604 -0.611673 8.924980
v 0.609604 -0.605782 8.924980
v 0.609604 -0.599736 8.924980
v 0.609604 -0.593541 8.924980
v 0.609604 -0.587199 8.924980
v 0.654742 -0.624613 8.924980
v 0.654742 -0.619035 8.924980
v 0.654742 -0.613298 8.924980
v 0.654742 -0.607406 8.924980
v 0.654742 -0.601360 8.924980
v 0.654742 -0.595166 8.924980
v 0.654742 -0.588823 8.924980
v 0.697190 -0.626204 8.924980
v 0.697190 -0.620626 8.924980
v 0.697190 -0.614890 8.924980
v 0.697190 -0.608998 8.924980
v 0.697190 -0.602953 8.924980
v 0.697190 -0.596758 8.924980
v 0.697190 -0.590417 8.924980
v 0.736724 -0.627737 8.924980
v 0.736724 -0.622158 8.924980
v 0.736724 -0.616423 8.924980
v 0.736724 -0.610530 8.924980
v 0.736724 -0.604486 8.924980
v 0.736724 -0.598290 8.924980
v 0.736724 -0.591948 8.924980
v 0.773123 -0.629181 8.924980
v 0.773123 -0.623602 8.924980
v 0.773123 -0.617866 8.924980
v 0.773123 -0.611973 8.924980
v 0.773123 -0.605928 8.924980
v 0.773123 -0.599733 8.924980
v 0.773123 -0.593391 8.924980
v 0.406599 -0.616721 8.924978
v 0.351347 -0.615352 8.924978
v 0.294740 -0.614117 8.924978
v 0.237001 -0.613045 8.924978
v 0.178352 -0.612162 8.924978
v 0.119016 -0.611498 8.924978
v 0.059215 -0.611079 8.924977
v 0.406599 -0.611142 8.924978
v 0.351347 -0.609774 8.924978
v 0.294740 -0.608539 8.924978
v 0.237001 -0.607466 8.924978
v 0.178352 -0.606584 8.924978
v 0.119016 -0.605919 8.924978
v 0.059215 -0.605501 8.924978
v 0.406599 -0.605407 8.924978
v 0.351347 -0.604037 8.924978
v 0.294740 -0.602802 8.924978
v 0.237001 -0.601728 8.924978
v 0.178352 -0.600846 8.924978
v 0.119016 -0.600183 8.924978
v 0.059215 -0.599765 8.924978
v 0.406599 -0.599514 8.924978
v 0.351347 -0.598145 8.924978
v 0.294740 -0.596910 8.924978
v 0.237001 -0.595837 8.924978
v 0.178352 -0.594954 8.924978
v 0.119016 -0.594290 8.924978
v 0.059215 -0.593872 8.924978
v 0.406599 -0.593470 8.924978
v 0.351347 -0.592099 8.924978
v 0.294740 -0.590865 8.924978
v 0.237001 -0.589792 8.924978
v 0.178352 -0.588909 8.924978
v 0.119016 -0.588245 8.924978
v 0.059215 -0.587827 8.924978
v 0.406599 -0.587275 8.924978
v 0.351347 -0.585905 8.924978
v 0.294740 -0.584670 8.924978
v 0.237001 -0.583597 8.924978
v 0.178352 -0.582714 8.924978
v 0.119016 -0.582050 8.924978
v 0.059215 -0.581633 8.924978
v 0.406599 -0.580933 8.924978
v 0.351347 -0.579562 8.924978
v 0.294740 -0.578327 8.924978
v 0.237001 -0.577255 8.924978
v 0.178352 -0.576373 8.924978
v 0.119016 -0.575708 8.924978
v 0.059215 -0.575290 8.924978
v 0.406599 -0.627390 8.924978
v 0.406599 -0.632475 8.924978
v 0.406599 -0.637391 8.924978
v 0.406599 -0.642134 8.924978
v 0.406599 -0.646700 8.924978
v 0.406599 -0.651089 8.924978
v 0.406599 -0.655295 8.924978
v 0.351347 -0.626020 8.924978
v 0.351347 -0.631106 8.924978
v 0.351347 -0.636022 8.924978
v 0.351347 -0.640764 8.924978
v 0.351347 -0.645330 8.924978
v 0.351347 -0.649718 8.924978
v 0.351347 -0.653925 8.924978
v 0.294740 -0.624786 8.924978
v 0.294740 -0.629871 8.924978
v 0.294740 -0.634787 8.924978
v 0.294740 -0.639529 8.924978
v 0.294741 -0.644096 8.924978
v 0.294741 -0.648484 8.924978
v 0.294741 -0.652690 8.924978
v 0.237001 -0.623713 8.924978
v 0.237001 -0.628798 8.924978
v 0.237001 -0.633715 8.924978
v 0.237001 -0.638455 8.924978
v 0.237001 -0.643023 8.924978
v 0.237001 -0.647411 8.924978
v 0.237001 -0.651618 8.924978
v 0.178352 -0.622830 8.924978
v 0.178352 -0.627916 8.924978
v 0.178352 -0.632831 8.924978
v 0.178352 -0.637573 8.924978
v 0.178352 -0.642140 8.924978
v 0.178352 -0.646529 8.924978
v 0.178352 -0.650736 8.924978
v 0.119016 -0.622167 8.924978
v 0.119016 -0.627253 8.924978
v 0.119016 -0.632168 8.924978
v 0.119016 -0.636910 8.924978
v 0.119016 -0.641477 8.924978
v 0.119016 -0.645864 8.924978
v 0.119016 -0.650071 8.924978
v 0.059215 -0.621748 8.924978
v 0.059215 -0.626834 8.924978
v 0.059215 -0.631749 8.924978
v 0.059215 -0.636492 8.924978
v 0.059215 -0.641058 8.924978
v 0.059216 -0.645446 8.924978
v 0.059216 -0.649652 8.924977
v -0.999248 -0.643683 -8.491301
v -0.999499 -0.643693 -8.329725
v -0.999687 -0.643701 -8.129526
v -0.999821 -0.643706 -7.886479
v -0.999910 -0.643709 -7.596352
v -0.999964 -0.643711 -7.254915
v -0.999991 -0.643713 -6.857944
v -1.000000 -0.643713 -6.401205
v -0.999248 -0.638266 -8.491301
v -0.999248 -0.632689 -8.491301
v -0.999248 -0.626951 -8.491301
v -0.999248 -0.621059 -8.491299
v -0.999248 -0.615014 -8.491299
v -0.999248 -0.608819 -8.491299
v -0.999248 -0.602477 -8.491297
v -0.998926 -0.643670 -8.618481
v -0.998523 -0.643653 -8.715494
v -0.998030 -0.643634 -8.786572
v -0.997440 -0.643610 -8.835939
v -0.996741 -0.643582 -8.867828
v -0.995927 -0.643549 -8.886465
v -0.994987 -0.643512 -8.896078
v -0.999248 -0.648935 -8.491301
v -0.999248 -0.654020 -8.491301
v -0.999248 -0.658936 -8.491301
v -0.999248 -0.663678 -8.491301
v -0.999248 -0.668245 -8.491301
v -0.999248 -0.672633 -8.491301
v -0.999248 -0.676840 -8.491301
v -0.999499 -0.648945 -8.329725
v -0.999687 -0.648952 -8.129526
v -0.999821 -0.648958 -7.886479
v -0.999910 -0.648962 -7.596352
v -0.999964 -0.648964 -7.254915
v -0.999991 -0.648965 -6.857944
v -1.000000 -0.648965 -6.401205
v -0.999498 -0.654031 -8.329725
v -0.999686 -0.654038 -8.129528
v -0.999821 -0.654044 -7.886479
v -0.999910 -0.654047 -7.596352
v -0.999964 -0.654049 -7.254915
v -0.999991 -0.654051 -6.857944
v -1.000000 -0.654051 -6.401205
v -0.999498 -0.658946 -8.329725
v -0.999686 -0.658954 -8.129528
v -0.999821 -0.658959 -7.886479
v -0.999910 -0.658962 -7.596352
v -0.999964 -0.658964 -7.254915
v -0.999991 -0.658965 -6.857944
v -1.000000 -0.658967 -6.401205
v -0.999498 -0.663689 -8.329725
v -0.999686 -0.663696 -8.129528
v -0.999821 -0.663702 -7.886479
v -0.999910 -0.663705 -7.596352
v -0.999964 -0.663707 -7.254915
v -0.999991 -0.663708 -6.857944
v -1.000000 -0.663710 -6.401205
v -0.999498 -0.668255 -8.329725
v -0.999686 -0.668262 -8.129528
v -0.999821 -0.668268 -7.886479
v -0.999910 -0.668272 -7.596352
v -0.999964 -0.668274 -7.254915
v -0.999991 -0.668275 -6.857944
v -1.000000 -0.668275 -6.401205
v -0.999498 -0.672643 -8.329725
v -0.999686 -0.672650 -8.129528
v -0.999821 -0.672656 -7.886479
v -0.999910 -0.672661 -7.596352
v -0.999964 -0.672662 -7.254915
v -0.999991 -0.672663 -6.857944
v -1.000000 -0.672664 -6.401205
v -0.999498 -0.676850 -8.329725
v -0.999686 -0.676858 -8.129528
v -0.999821 -0.676863 -7.886479
v -0.999910 -0.676867 -7.596352
v -0.999964 -0.676869 -7.254915
v -0.999991 -0.676870 -6.857944
v -1.000000 -0.676870 -6.401205
v -0.999499 -0.638276 -8.329725
v -0.999499 -0.632698 -8.329725
v -0.999499 -0.626962 -8.329725
v -0.999499 -0.621070 -8.329723
v -0.999499 -0.615024 -8.329723
v -0.999499 -0.608829 -8.329723
v -0.999499 -0.602488 -8.329723
v -0.999687 -0.638284 -8.129526
v -0.999687 -0.632706 -8.129526
v -0.999687 -0.626969 -8.129526
v -0.999687 -0.621078 -8.129526
v -0.999687 -0.615031 -8.129526
v -0.999687 -0.608837 -8.129526
v -0.999687 -0.602494 -8.129526
v -0.999821 -0.638288 -7.886479
v -0.999821 -0.632711 -7.886479
v -0.999821 -0.626974 -7.886479
v -0.999821 -0.621082 -7.886477
v -0.999821 -0.615037 -7.886477
v -0.999821 -0.608842 -7.886477
v -0.999821 -0.602500 -7.886477
v -0.999910 -0.638293 -7.596352
v -0.999910 -0.632714 -7.596352
v -0.999910 -0.626978 -7.596352
v -0.999910 -0.621086 -7.596352
v -0.999910 -0.615041 -7.596352
v -0.999910 -0.608846 -7.596352
v -0.999910 -0.602505 -7.596352
v -0.999964 -0.638294 -7.254915
v -0.999964 -0.632717 -7.254915
v -0.999964 -0.626980 -7.254915
v -0.999964 -0.621088 -7.254915
v -0.999964 -0.615043 -7.254915
v -0.999964 -0.608848 -7.254915
v -0.999964 -0.602507 -7.254915
v -0.999991 -0.638295 -6.857944
v -0.999991 -0.632718 -6.857944
v -0.999991 -0.626981 -6.857944
v -0.999991 -0.621089 -6.857944
v -0.999991 -0.615044 -6.857944
v -0.999991 -0.608849 -6.857944
v -0.999991 -0.602508 -6.857944
v -1.000000 -0.638296 -6.401205
v -1.000000 -0.632718 -6.401205
v -1.000000 -0.626982 -6.401205
v -1.000000 -0.621089 -6.401205
v -1.000000 -0.615045 -6.401205
v -1.000000 -0.608850 -6.401205
v -1.000000 -0.602508 -6.401205
v -0.998926 -0.638252 -8.618481
v -0.998523 -0.638237 -8.715492
v -0.998030 -0.638218 -8.786572
v -0.997440 -0.638193 -8.835939
v -0.996741 -0.638165 -8.867828
v -0.995927 -0.638133 -8.886465
v -0.994987 -0.638095 -8.896078
v -0.998926 -0.632675 -8.618481
v -0.998523 -0.632659 -8.715492
v -0.998030 -0.632639 -8.786572
v -0.997440 -0.632616 -8.835939
v -0.996741 -0.632587 -8.867828
v -0.995927 -0.632554 -8.886465
v -0.994987 -0.632517 -8.896078
v -0.998926 -0.626938 -8.618481
v -0.998523 -0.626923 -8.715492
v -0.998030 -0.626903 -8.786572
v -0.997440 -0.626879 -8.835939
v -0.996741 -0.626850 -8.867828
v -0.995927 -0.626819 -8.886465
v -0.994987 -0.626780 -8.896078
v -0.998926 -0.621046 -8.618479
v -0.998523 -0.621030 -8.715492
v -0.998030 -0.621010 -8.786572
v -0.997440 -0.620986 -8.835939
v -0.996741 -0.620958 -8.867828
v -0.995927 -0.620926 -8.886465
v -0.994987 -0.620889 -8.896078
v -0.998926 -0.615001 -8.618479
v -0.998523 -0.614985 -8.715492
v -0.998030 -0.614965 -8.786572
v -0.997440 -0.614942 -8.835939
v -0.996741 -0.614913 -8.867828
v -0.995927 -0.614882 -8.886465
v -0.994987 -0.614842 -8.896078
v -0.998926 -0.608806 -8.618479
v -0.998523 -0.608790 -8.715492
v -0.998030 -0.608770 -8.786572
v -0.997440 -0.608747 -8.835939
v -0.996741 -0.608719 -8.867828
v -0.995927 -0.608686 -8.886465
v -0.994987 -0.608647 -8.896078
v -0.998926 -0.602465 -8.618479
v -0.998523 -0.602448 -8.715492
v -0.998030 -0.602428 -8.786572
v -0.997440 -0.602405 -8.835939
v -0.996741 -0.602377 -8.867828
v -0.995927 -0.602344 -8.886465
v -0.994987 -0.602306 -8.896078
v -0.998926 -0.648922 -8.618481
v -0.998926 -0.654008 -8.618481
v -0.998926 -0.658923 -8.618481
v -0.998926 -0.663666 -8.618481
v -0.998926 -0.668232 -8.618481
v -0.998926 -0.672621 -8.618481
v -0.998926 -0.676827 -8.618481
v -0.998523 -0.648906 -8.715496
v -0.998523 -0.653991 -8.715496
v -0.998523 -0.658907 -8.715496
v -0.998523 -0.663649 -8.715496
v -0.998523 -0.668216 -8.715496
v -0.998523 -0.672605 -8.715496
v -0.998523 -0.676811 -8.715496
v -0.998030 -0.648886 -8.786572
v -0.998030 -0.653972 -8.786572
v -0.998030 -0.658888 -8.786572
v -0.998030 -0.663630 -8.786572
v -0.998030 -0.668196 -8.786572
v -0.998030 -0.672585 -8.786572
v -0.998030 -0.676791 -8.786572
v -0.997440 -0.648863 -8.835939
v -0.997440 -0.653948 -8.835939
v -0.997440 -0.658863 -8.835939
v -0.997440 -0.663606 -8.835941
v -0.997440 -0.668173 -8.835941
v -0.997440 -0.672561 -8.835941
v -0.997440 -0.676767 -8.835941
v -0.996741 -0.648834 -8.867828
v -0.996741 -0.653919 -8.867828
v -0.996741 -0.658834 -8.867828
v -0.996741 -0.663577 -8.867828
v -0.996741 -0.668144 -8.867830
v -0.996741 -0.672533 -8.867830
v -0.996741 -0.676740 -8.867830
v -0.995927 -0.648802 -8.886465
v -0.995927 -0.653887 -8.886465
v -0.995927 -0.658803 -8.886465
v -0.995927 -0.663546 -8.886465
v -0.995927 -0.668111 -8.886465
v -0.995927 -0.672501 -8.886465
v -0.995927 -0.676706 -8.886465
v -0.994987 -0.648764 -8.896078
v -0.994987 -0.653850 -8.896078
v -0.994987 -0.658765 -8.896078
v -0.994987 -0.663507 -8.896078
v -0.994987 -0.668074 -8.896078
v -0.994987 -0.672462 -8.896078
v -0.994987 -0.676669 -8.896078
v -0.961911 -0.642182 8.923027
v -0.951725 -0.641773 8.923676
v -0.939441 -0.641279 8.924163
v -0.924840 -0.640693 8.924512
v -0.907706 -0.640005 8.924745
v -0.887822 -0.639205 8.924884
v -0.864970 -0.638288 8.924953
v -0.838932 -0.637240 8.924975
v -0.961911 -0.636766 8.923027
v -0.961911 -0.631187 8.923027
v -0.961911 -0.625451 8.923027
v -0.961911 -0.619559 8.923027
v -0.961911 -0.613515 8.923027
v -0.961911 -0.607320 8.923027
v -0.961911 -0.600977 8.923027
v -0.970215 -0.642516 8.922192
v -0.976855 -0.642783 8.921147
v -0.982048 -0.642992 8.919870
v -0.986011 -0.643151 8.918339
v -0.988962 -0.643270 8.916529
v -0.991117 -0.643355 8.914417
v -0.992695 -0.643419 8.911981
v -0.961911 -0.647434 8.923027
v -0.961911 -0.652520 8.923027
v -0.961911 -0.657436 8.923027
v -0.961911 -0.662178 8.923027
v -0.961911 -0.666744 8.923027
v -0.961911 -0.671134 8.923027
v -0.961911 -0.675340 8.923027
v -0.951725 -0.647026 8.923676
v -0.939441 -0.646533 8.924164
v -0.924840 -0.645945 8.924512
v -0.907706 -0.645257 8.924745
v -0.887822 -0.644459 8.924884
v -0.864970 -0.643540 8.924953
v -0.838932 -0.642493 8.924975
v -0.951725 -0.652111 8.923676
v -0.939441 -0.651617 8.924163
v -0.924840 -0.651031 8.924512
v -0.907706 -0.650343 8.924745
v -0.887822 -0.649544 8.924884
v -0.864970 -0.648625 8.924953
v -0.838932 -0.647578 8.924975
v -0.951725 -0.657026 8.923676
v -0.939441 -0.656533 8.924164
v -0.924840 -0.655947 8.924512
v -0.907706 -0.655258 8.924745
v -0.887822 -0.654459 8.924884
v -0.864970 -0.653541 8.924953
v -0.838932 -0.652494 8.924975
v -0.951725 -0.661769 8.923676
v -0.939441 -0.661276 8.924165
v -0.924840 -0.660689 8.924512
v -0.907706 -0.660001 8.924745
v -0.887822 -0.659202 8.924884
v -0.864970 -0.658283 8.924953
v -0.838932 -0.657237 8.924975
v -0.951725 -0.666336 8.923676
v -0.939441 -0.665842 8.924164
v -0.924840 -0.665255 8.924512
v -0.907706 -0.664567 8.924745
v -0.887822 -0.663769 8.924884
v -0.864970 -0.662850 8.924953
v -0.838932 -0.661803 8.924975
v -0.951725 -0.670724 8.923676
v -0.939441 -0.670231 8.924163
v -0.924840 -0.669643 8.924512
v -0.907706 -0.668955 8.924745
v -0.887822 -0.668157 8.924884
v -0.864970 -0.667238 8.924953
v -0.838932 -0.666192 8.924975
v -0.951725 -0.674931 8.923676
v -0.939441 -0.674437 8.924164
v -0.924840 -0.673850 8.924512
v -0.907706 -0.673162 8.924745
v -0.887822 -0.672363 8.924884
v -0.864970 -0.671445 8.924953
v -0.838932 -0.670399 8.924975
v -0.951725 -0.636356 8.923676
v -0.951725 -0.630779 8.923676
v -0.951725 -0.625042 8.923676
v -0.951725 -0.619149 8.923676
v -0.951725 -0.613105 8.923676
v -0.951725 -0.606910 8.923676
v -0.951725 -0.600568 8.923676
v -0.939441 -0.635863 8.924164
v -0.939441 -0.630284 8.924163
v -0.939441 -0.624549 8.924164
v -0.939441 -0.618656 8.924163
v -0.939441 -0.612612 8.924163
v -0.939441 -0.606417 8.924163
v -0.939441 -0.600074 8.924163
v -0.924840 -0.635277 8.924512
v -0.924840 -0.629698 8.924511
v -0.924840 -0.623962 8.924511
v -0.924840 -0.618070 8.924511
v -0.924840 -0.612024 8.924511
v -0.924840 -0.605830 8.924511
v -0.924840 -0.599487 8.924511
v -0.907707 -0.634587 8.924745
v -0.907707 -0.629010 8.924745
v -0.907707 -0.623273 8.924744
v -0.907707 -0.617381 8.924744
v -0.907707 -0.611336 8.924744
v -0.907707 -0.605141 8.924744
v -0.907707 -0.598799 8.924744
v -0.887822 -0.633789 8.924884
v -0.887822 -0.628210 8.924883
v -0.887822 -0.622475 8.924883
v -0.887822 -0.616582 8.924883
v -0.887822 -0.610538 8.924883
v -0.887822 -0.604342 8.924883
v -0.887822 -0.598001 8.924883
v -0.864970 -0.632871 8.924953
v -0.864970 -0.627293 8.924953
v -0.864970 -0.621556 8.924953
v -0.864970 -0.615664 8.924953
v -0.864970 -0.609619 8.924953
v -0.864970 -0.603424 8.924953
v -0.864970 -0.597082 8.924953
v -0.838932 -0.631824 8.924975
v -0.838932 -0.626246 8.924975
v -0.838932 -0.620510 8.924975
v -0.838932 -0.614617 8.924975
v -0.838932 -0.608573 8.924975
v -0.838932 -0.602378 8.924975
v -0.838932 -0.596036 8.924975
v -0.970215 -0.637099 8.922191
v -0.976855 -0.637366 8.921146
v -0.982048 -0.637575 8.919870
v -0.986011 -0.637734 8.918339
v -0.988962 -0.637853 8.916529
v -0.991117 -0.637939 8.914417
v -0.992695 -0.638003 8.911981
v -0.970215 -0.631521 8.922191
v -0.976855 -0.631788 8.921146
v -0.982048 -0.631997 8.919870
v -0.986011 -0.632156 8.918339
v -0.988962 -0.632276 8.916529
v -0.991117 -0.632360 8.914417
v -0.992695 -0.632424 8.911981
v -0.970215 -0.625785 8.922191
v -0.976855 -0.626052 8.921146
v -0.982048 -0.626261 8.919870
v -0.986011 -0.626420 8.918339
v -0.988962 -0.626538 8.916529
v -0.991117 -0.626625 8.914417
v -0.992695 -0.626688 8.911981
v -0.970215 -0.619893 8.922191
v -0.976855 -0.620160 8.921146
v -0.982048 -0.620369 8.919870
v -0.986011 -0.620527 8.918339
v -0.988962 -0.620646 8.916529
v -0.991117 -0.620732 8.914417
v -0.992695 -0.620796 8.911981
v -0.970215 -0.613848 8.922191
v -0.976855 -0.614115 8.921146
v -0.982048 -0.614323 8.919870
v -0.986011 -0.614482 8.918339
v -0.988962 -0.614601 8.916529
v -0.991117 -0.614688 8.914417
v -0.992695 -0.614751 8.911981
v -0.970215 -0.607653 8.922191
v -0.976855 -0.607920 8.921146
v -0.982048 -0.608128 8.919870
v -0.986011 -0.608288 8.918339
v -0.988962 -0.608406 8.916530
v -0.991117 -0.608493 8.914417
v -0.992695 -0.608557 8.911981
v -0.970215 -0.601312 8.922191
v -0.976855 -0.601577 8.921146
v -0.982048 -0.601786 8.919870
v -0.986011 -0.601945 8.918339
v -0.988962 -0.602064 8.916530
v -0.991117 -0.602151 8.914417
v -0.992695 -0.602214 8.911981
v -0.970215 -0.647769 8.922192
v -0.970215 -0.652854 8.922192
v -0.970215 -0.657769 8.922192
v -0.970215 -0.662512 8.922192
v -0.970215 -0.667079 8.922192
v -0.970215 -0.671467 8.922192
v -0.970215 -0.675674 8.922192
v -0.976855 -0.648036 8.921146
v -0.976855 -0.653121 8.921147
v -0.976855 -0.658036 8.921148
v -0.976854 -0.662779 8.921147
v -0.976855 -0.667346 8.921148
v -0.976854 -0.671734 8.921147
v -0.976855 -0.675940 8.921148
v -0.982047 -0.648244 8.919870
v -0.982047 -0.653330 8.919871
v -0.982047 -0.658245 8.919871
v -0.982047 -0.662988 8.919871
v -0.982047 -0.667554 8.919871
v -0.982047 -0.671942 8.919871
v -0.982047 -0.676148 8.919871
v -0.986011 -0.648403 8.918339
v -0.986011 -0.653489 8.918340
v -0.986011 -0.658404 8.918340
v -0.986011 -0.663147 8.918340
v -0.986011 -0.667713 8.918340
v -0.986011 -0.672101 8.918340
v -0.986011 -0.676308 8.918340
v -0.988962 -0.648522 8.916529
v -0.988962 -0.653607 8.916530
v -0.988962 -0.658523 8.916530
v -0.988961 -0.663265 8.916530
v -0.988961 -0.667832 8.916530
v -0.988961 -0.672220 8.916530
v -0.988961 -0.676427 8.916530
v -0.991117 -0.648609 8.914417
v -0.991117 -0.653694 8.914418
v -0.991117 -0.658609 8.914417
v -0.991117 -0.663352 8.914417
v -0.991117 -0.667919 8.914418
v -0.991117 -0.672307 8.914417
v -0.991117 -0.676514 8.914418
v -0.992695 -0.648672 8.911981
v -0.992695 -0.653757 8.911981
v -0.992695 -0.658672 8.911981
v -0.992695 -0.663415 8.911981
v -0.992695 -0.667982 8.911982
v -0.992695 -0.672371 8.911981
v -0.992695 -0.676577 8.911981
v 0.999146 -0.643679 8.516318
v 0.999430 -0.643691 8.357090
v 0.999644 -0.643699 8.159214
v 0.999796 -0.643705 7.918437
v 0.999898 -0.643709 7.630509
v 0.999959 -0.643711 7.291173
v 0.999990 -0.643713 6.896182
v 1.000000 -0.643713 6.441277
v 0.999146 -0.638263 8.516318
v 0.999146 -0.632684 8.516318
v 0.999146 -0.626947 8.516318
v 0.999145 -0.621056 8.516318
v 0.999146 -0.615009 8.516318
v 0.999145 -0.608814 8.516318
v 0.999146 -0.602473 8.516318
v 0.998780 -0.643664 8.641153
v 0.998322 -0.643645 8.735847
v 0.997763 -0.643623 8.804652
v 0.997091 -0.643597 8.851822
v 0.996298 -0.643564 8.881608
v 0.995373 -0.643527 8.898265
v 0.994305 -0.643484 8.906044
v 0.999146 -0.648931 8.516318
v 0.999146 -0.654016 8.516318
v 0.999146 -0.658932 8.516318
v 0.999146 -0.663674 8.516318
v 0.999146 -0.668241 8.516318
v 0.999146 -0.672630 8.516318
v 0.999146 -0.676836 8.516318
v 0.999430 -0.648943 8.357090
v 0.999644 -0.648951 8.159213
v 0.999796 -0.648957 7.918437
v 0.999898 -0.648962 7.630509
v 0.999959 -0.648964 7.291173
v 0.999990 -0.648965 6.896182
v 1.000000 -0.648965 6.441277
v 0.999430 -0.654029 8.357090
v 0.999644 -0.654037 8.159212
v 0.999796 -0.654043 7.918436
v 0.999898 -0.654047 7.630507
v 0.999959 -0.654049 7.291173
v 0.999990 -0.654051 6.896182
v 1.000000 -0.654051 6.441276
v 0.999430 -0.658943 8.357090
v 0.999644 -0.658953 8.159212
v 0.999796 -0.658957 7.918436
v 0.999898 -0.658962 7.630507
v 0.999959 -0.658964 7.291173
v 0.999990 -0.658965 6.896180
v 1.000000 -0.658967 6.441276
v 0.999430 -0.663686 8.357090
v 0.999644 -0.663693 8.159213
v 0.999796 -0.663700 7.918436
v 0.999898 -0.663705 7.630507
v 0.999959 -0.663707 7.291173
v 0.999990 -0.663708 6.896180
v 1.000000 -0.663708 6.441276
v 0.999430 -0.668253 8.357090
v 0.999644 -0.668261 8.159212
v 0.999797 -0.668267 7.918436
v 0.999898 -0.668272 7.630507
v 0.999959 -0.668274 7.291173
v 0.999990 -0.668275 6.896180
v 1.000000 -0.668275 6.441276
v 0.999430 -0.672641 8.357090
v 0.999644 -0.672649 8.159213
v 0.999797 -0.672655 7.918436
v 0.999898 -0.672660 7.630507
v 0.999959 -0.672662 7.291173
v 0.999990 -0.672663 6.896180
v 1.000000 -0.672664 6.441276
v 0.999430 -0.676847 8.357089
v 0.999644 -0.676856 8.159212
v 0.999797 -0.676863 7.918436
v 0.999898 -0.676866 7.630507
v 0.999959 -0.676868 7.291173
v 0.999990 -0.676870 6.896180
v 1.000000 -0.676870 6.441276
v 0.999430 -0.638273 8.357090
v 0.999430 -0.632695 8.357090
v 0.999430 -0.626959 8.357090
v 0.999430 -0.621066 8.357090
v 0.999430 -0.615022 8.357090
v 0.999430 -0.608827 8.357090
v 0.999430 -0.602485 8.357090
v 0.999644 -0.638282 8.159214
v 0.999644 -0.632704 8.159214
v 0.999644 -0.626967 8.159214
v 0.999644 -0.621075 8.159214
v 0.999644 -0.615030 8.159214
v 0.999644 -0.608835 8.159214
v 0.999644 -0.602493 8.159214
v 0.999796 -0.638288 7.918437
v 0.999796 -0.632710 7.918437
v 0.999796 -0.626973 7.918437
v 0.999796 -0.621081 7.918437
v 0.999796 -0.615036 7.918437
v 0.999796 -0.608841 7.918437
v 0.999796 -0.602499 7.918437
v 0.999898 -0.638292 7.630509
v 0.999898 -0.632714 7.630509
v 0.999898 -0.626978 7.630509
v 0.999898 -0.621085 7.630509
v 0.999898 -0.615041 7.630509
v 0.999898 -0.608846 7.630509
v 0.999898 -0.602503 7.630509
v 0.999959 -0.638294 7.291173
v 0.999959 -0.632717 7.291173
v 0.999959 -0.626980 7.291173
v 0.999959 -0.621088 7.291173
v 0.999959 -0.615043 7.291174
v 0.999959 -0.608848 7.291174
v 0.999959 -0.602506 7.291174
v 0.999990 -0.638295 6.896182
v 0.999990 -0.632718 6.896182
v 0.999990 -0.626981 6.896182
v 0.999990 -0.621089 6.896181
v 0.999990 -0.615044 6.896182
v 0.999990 -0.608849 6.896182
v 0.999990 -0.602508 6.896182
v 1.000000 -0.638296 6.441277
v 1.000000 -0.632718 6.441277
v 1.000000 -0.626982 6.441277
v 1.000000 -0.621089 6.441277
v 1.000000 -0.615045 6.441277
v 1.000000 -0.608850 6.441278
v 1.000000 -0.602508 6.441277
v 0.998780 -0.638247 8.641153
v 0.998322 -0.638228 8.735847
v 0.997763 -0.638206 8.804652
v 0.997091 -0.638179 8.851822
v 0.996298 -0.638147 8.881608
v 0.995373 -0.638111 8.898265
v 0.994305 -0.638067 8.906044
v 0.998779 -0.632669 8.641154
v 0.998322 -0.632651 8.735847
v 0.997763 -0.632627 8.804652
v 0.997091 -0.632602 8.851822
v 0.996298 -0.632569 8.881608
v 0.995373 -0.632532 8.898265
v 0.994305 -0.632489 8.906044
v 0.998779 -0.626933 8.641154
v 0.998322 -0.626914 8.735847
v 0.997763 -0.626892 8.804652
v 0.997091 -0.626864 8.851822
v 0.996298 -0.626833 8.881608
v 0.995373 -0.626796 8.898265
v 0.994305 -0.626753 8.906044
v 0.998779 -0.621039 8.641154
v 0.998322 -0.621022 8.735847
v 0.997763 -0.620999 8.804652
v 0.997091 -0.620973 8.851822
v 0.996298 -0.620941 8.881608
v 0.995373 -0.620904 8.898265
v 0.994305 -0.620861 8.906045
v 0.998779 -0.614995 8.641154
v 0.998322 -0.614977 8.735847
v 0.997763 -0.614955 8.804652
v 0.997091 -0.614927 8.851822
v 0.996298 -0.614896 8.881608
v 0.995373 -0.614858 8.898265
v 0.994305 -0.614815 8.906045
v 0.998779 -0.608800 8.641154
v 0.998322 -0.608782 8.735847
v 0.997763 -0.608760 8.804652
v 0.997091 -0.608732 8.851822
v 0.996298 -0.608701 8.881608
v 0.995373 -0.608664 8.898265
v 0.994305 -0.608621 8.906045
v 0.998779 -0.602458 8.641154
v 0.998322 -0.602441 8.735847
v 0.997763 -0.602418 8.804652
v 0.997091 -0.602391 8.851822
v 0.996298 -0.602360 8.881608
v 0.995373 -0.602322 8.898265
v 0.994305 -0.602279 8.906045
v 0.998780 -0.648916 8.641153
v 0.998780 -0.654002 8.641153
v 0.998780 -0.658917 8.641153
v 0.998780 -0.663660 8.641153
v 0.998780 -0.668226 8.641153
v 0.998780 -0.672614 8.641153
v 0.998780 -0.676821 8.641153
v 0.998322 -0.648898 8.735847
v 0.998322 -0.653983 8.735847
v 0.998322 -0.658898 8.735847
v 0.998322 -0.663641 8.735847
v 0.998322 -0.668208 8.735847
v 0.998322 -0.672596 8.735847
v 0.998322 -0.676804 8.735847
v 0.997763 -0.648876 8.804651
v 0.997763 -0.653961 8.804651
v 0.997763 -0.658876 8.804651
v 0.997763 -0.663619 8.804651
v 0.997763 -0.668186 8.804651
v 0.997763 -0.672574 8.804651
v 0.997763 -0.676781 8.804651
v 0.997091 -0.648849 8.851822
v 0.997091 -0.653934 8.851821
v 0.997091 -0.658849 8.851822
v 0.997092 -0.663591 8.851821
v 0.997092 -0.668159 8.851822
v 0.997092 -0.672546 8.851821
v 0.997092 -0.676754 8.851822
v 0.996298 -0.648817 8.881608
v 0.996298 -0.653902 8.881608
v 0.996298 -0.658817 8.881608
v 0.996298 -0.663560 8.881608
v 0.996299 -0.668127 8.881608
v 0.996299 -0.672515 8.881608
v 0.996299 -0.676723 8.881608
v 0.995373 -0.648779 8.898265
v 0.995373 -0.653865 8.898265
v 0.995373 -0.658780 8.898265
v 0.995373 -0.663523 8.898265
v 0.995373 -0.668089 8.898265
v 0.995373 -0.672479 8.898265
v 0.995373 -0.676684 8.898265
v 0.994305 -0.648737 8.906044
v 0.994305 -0.653822 8.906044
v 0.994305 -0.658737 8.906044
v 0.994305 -0.663480 8.906044
v 0.994305 -0.668047 8.906044
v 0.994305 -0.672436 8.906044
v 0.994305 -0.676641 8.906044
v 0.999146 -0.643679 -8.491293
v 0.998780 -0.643664 -8.618475
v 0.998322 -0.643645 -8.715488
v 0.997763 -0.643623 -8.786568
v 0.997092 -0.643597 -8.835936
v 0.996299 -0.643564 -8.867823
v 0.995373 -0.643527 -8.886459
v 0.994306 -0.643484 -8.896072
v 0.999146 -0.638263 -8.491293
v 0.999146 -0.632684 -8.491293
v 0.999146 -0.626947 -8.491293
v 0.999146 -0.621056 -8.491293
v 0.999146 -0.615009 -8.491293
v 0.999146 -0.608814 -8.491293
v 0.999146 -0.602473 -8.491293
v 0.999431 -0.643691 -8.329720
v 0.999644 -0.643699 -8.129522
v 0.999797 -0.643705 -7.886474
v 0.999898 -0.643709 -7.596347
v 0.999959 -0.643711 -7.254910
v 0.999990 -0.643713 -6.857938
v 1.000000 -0.643713 -6.401202
v 0.999146 -0.648931 -8.491295
v 0.999146 -0.654016 -8.491295
v 0.999146 -0.658932 -8.491295
v 0.999146 -0.663674 -8.491297
v 0.999146 -0.668241 -8.491297
v 0.999146 -0.672630 -8.491295
v 0.999146 -0.676836 -8.491297
v 0.998780 -0.648916 -8.618475
v 0.998322 -0.648898 -8.715488
v 0.997763 -0.648876 -8.786568
v 0.997092 -0.648849 -8.835936
v 0.996299 -0.648817 -8.867823
v 0.995373 -0.648779 -8.886459
v 0.994306 -0.648737 -8.896072
v 0.998780 -0.654002 -8.618475
v 0.998322 -0.653983 -8.715488
v 0.997763 -0.653961 -8.786568
v 0.997092 -0.653934 -8.835936
v 0.996299 -0.653902 -8.867823
v 0.995373 -0.653865 -8.886459
v 0.994306 -0.653822 -8.896072
v 0.998780 -0.658917 -8.618475
v 0.998322 -0.658898 -8.715490
v 0.997763 -0.658876 -8.786568
v 0.997092 -0.658849 -8.835936
v 0.996299 -0.658817 -8.867823
v 0.995373 -0.658780 -8.886459
v 0.994306 -0.658737 -8.896072
v 0.998780 -0.663660 -8.618475
v 0.998322 -0.663641 -8.715490
v 0.997763 -0.663619 -8.786570
v 0.997092 -0.663591 -8.835936
v 0.996299 -0.663560 -8.867825
v 0.995373 -0.663523 -8.886459
v 0.994306 -0.663480 -8.896072
v 0.998780 -0.668226 -8.618475
v 0.998322 -0.668208 -8.715490
v 0.997763 -0.668186 -8.786570
v 0.997092 -0.668159 -8.835936
v 0.996299 -0.668127 -8.867825
v 0.995373 -0.668089 -8.886459
v 0.994306 -0.668047 -8.896072
v 0.998780 -0.672614 -8.618475
v 0.998322 -0.672596 -8.715490
v 0.997763 -0.672574 -8.786570
v 0.997092 -0.672546 -8.835936
v 0.996299 -0.672515 -8.867825
v 0.995373 -0.672479 -8.886459
v 0.994306 -0.672436 -8.896072
v 0.998780 -0.676821 -8.618475
v 0.998322 -0.676804 -8.715490
v 0.997763 -0.676781 -8.786570
v 0.997092 -0.676754 -8.835936
v 0.996299 -0.676723 -8.867825
v 0.995373 -0.676684 -8.886459
v 0.994306 -0.676641 -8.896072
v 0.998780 -0.638247 -8.618475
v 0.998780 -0.632669 -8.618475
v 0.998780 -0.626933 -8.618475
v 0.998780 -0.621039 -8.618475
v 0.998780 -0.614995 -8.618475
v 0.998780 -0.608800 -8.618475
v 0.998780 -0.602458 -8.618475
v 0.998322 -0.638228 -8.715488
v 0.998322 -0.632651 -8.715488
v 0.998322 -0.626914 -8.715488
v 0.998322 -0.621022 -8.715488
v 0.998322 -0.614977 -8.715488
v 0.998322 -0.608782 -8.715488
v 0.998322 -0.602441 -8.715488
v 0.997763 -0.638206 -8.786568
v 0.997763 -0.632627 -8.786568
v 0.997763 -0.626892 -8.786568
v 0.997763 -0.620999 -8.786568
v 0.997763 -0.614955 -8.786568
v 0.997763 -0.608760 -8.786568
v 0.997763 -0.602418 -8.786568
v 0.997092 -0.638179 -8.835936
v 0.997092 -0.632602 -8.835936
v 0.997092 -0.626864 -8.835936
v 0.997092 -0.620973 -8.835936
v 0.997092 -0.614927 -8.835936
v 0.997092 -0.608732 -8.835936
v 0.997092 -0.602391 -8.835936
v 0.996299 -0.638147 -8.867823
v 0.996299 -0.632569 -8.867823
v 0.996299 -0.626833 -8.867823
v 0.996299 -0.620941 -8.867823
v 0.996299 -0.614896 -8.867823
v 0.996299 -0.608701 -8.867823
v 0.996299 -0.602360 -8.867823
v 0.995373 -0.638111 -8.886459
v 0.995373 -0.632532 -8.886459
v 0.995373 -0.626796 -8.886459
v 0.995373 -0.620904 -8.886459
v 0.995373 -0.614858 -8.886459
v 0.995373 -0.608664 -8.886459
v 0.995373 -0.602322 -8.886459
v 0.994306 -0.638067 -8.896072
v 0.994306 -0.632489 -8.896072
v 0.994306 -0.626753 -8.896072
v 0.994306 -0.620861 -8.896072
v 0.994306 -0.614815 -8.896072
v 0.994306 -0.608621 -8.896072
v 0.994306 -0.602279 -8.896072
v 0.999431 -0.638273 -8.329720
v 0.999644 -0.638282 -8.129522
v 0.999797 -0.638288 -7.886474
v 0.999898 -0.638292 -7.596347
v 0.999959 -0.638294 -7.254910
v 0.999990 -0.638295 -6.857938
v 1.000000 -0.638296 -6.401200
v 0.999431 -0.632695 -8.329720
v 0.999644 -0.632704 -8.129522
v 0.999797 -0.632710 -7.886474
v 0.999898 -0.632714 -7.596346
v 0.999959 -0.632717 -7.254910
v 0.999990 -0.632718 -6.857939
v 1.000000 -0.632718 -6.401202
v 0.999431 -0.626959 -8.329720
v 0.999644 -0.626967 -8.129522
v 0.999797 -0.626973 -7.886474
v 0.999898 -0.626978 -7.596347
v 0.999959 -0.626980 -7.254910
v 0.999990 -0.626981 -6.857938
v 1.000000 -0.626982 -6.401202
v 0.999431 -0.621066 -8.329720
v 0.999644 -0.621075 -8.129522
v 0.999797 -0.621081 -7.886474
v 0.999898 -0.621085 -7.596347
v 0.999959 -0.621088 -7.254910
v 0.999990 -0.621089 -6.857938
v 1.000000 -0.621089 -6.401202
v 0.999431 -0.615022 -8.329720
v 0.999644 -0.615030 -8.129522
v 0.999797 -0.615036 -7.886474
v 0.999898 -0.615041 -7.596347
v 0.999959 -0.615043 -7.254910
v 0.999990 -0.615044 -6.857938
v 1.000000 -0.615045 -6.401202
v 0.999431 -0.608827 -8.329720
v 0.999644 -0.608835 -8.129522
v 0.999797 -0.608841 -7.886474
v 0.999898 -0.608846 -7.596346
v 0.999959 -0.608848 -7.254910
v 0.999990 -0.608849 -6.857938
v 1.000000 -0.608850 -6.401202
v 0.999431 -0.602485 -8.329720
v 0.999644 -0.602493 -8.129522
v 0.999797 -0.602499 -7.886474
v 0.999898 -0.602503 -7.596346
v 0.999959 -0.602506 -7.254910
v 0.999990 -0.602508 -6.857938
v 1.000000 -0.602508 -6.401202
v 0.999431 -0.648943 -8.329720
v 0.999431 -0.654029 -8.329720
v 0.999430 -0.658943 -8.329720
v 0.999430 -0.663686 -8.329720
v 0.999430 -0.668253 -8.329720
v 0.999430 -0.672641 -8.329720
v 0.999430 -0.676847 -8.329720
v 0.999644 -0.648951 -8.129522
v 0.999644 -0.654037 -8.129522
v 0.999644 -0.658953 -8.129522
v 0.999644 -0.663693 -8.129522
v 0.999644 -0.668261 -8.129522
v 0.999644 -0.672649 -8.129522
v 0.999644 -0.676856 -8.129522
v 0.999797 -0.648957 -7.886474
v 0.999797 -0.654043 -7.886474
v 0.999797 -0.658957 -7.886474
v 0.999797 -0.663700 -7.886475
v 0.999797 -0.668267 -7.886475
v 0.999797 -0.672655 -7.886475
v 0.999797 -0.676863 -7.886475
v 0.999898 -0.648962 -7.596347
v 0.999898 -0.654047 -7.596347
v 0.999898 -0.658962 -7.596347
v 0.999898 -0.663705 -7.596347
v 0.999898 -0.668272 -7.596347
v 0.999898 -0.672660 -7.596347
v 0.999898 -0.676866 -7.596347
v 0.999959 -0.648964 -7.254911
v 0.999959 -0.654049 -7.254911
v 0.999959 -0.658964 -7.254912
v 0.999959 -0.663707 -7.254912
v 0.999959 -0.668274 -7.254912
v 0.999959 -0.672662 -7.254912
v 0.999959 -0.676868 -7.254912
v 0.999990 -0.648965 -6.857939
v 0.999990 -0.654051 -6.857938
v 0.999990 -0.658965 -6.857939
v 0.999990 -0.663708 -6.857938
v 0.999990 -0.668275 -6.857939
v 0.999990 -0.672663 -6.857939
v 0.999990 -0.676870 -6.857939
v 1.000000 -0.648965 -6.401202
v 1.000000 -0.654051 -6.401202
v 1.000000 -0.658967 -6.401202
v 1.000000 -0.663708 -6.401202
v 1.000000 -0.668275 -6.401202
v 1.000000 -0.672664 -6.401202
v 1.000000 -0.676870 -6.401202
v -1.000000 -0.643713 0.023991
v -1.000000 -0.643713 0.851279
v -1.000000 -0.643713 1.669929
v -1.000000 -0.643713 2.471402
v -1.000000 -0.643713 3.247157
v -1.000000 -0.643713 3.988654
v -1.000000 -0.643713 4.687354
v -1.000000 -0.643713 5.334717
v -1.000000 -0.638296 0.023991
v -1.000000 -0.632718 0.023991
v -1.000000 -0.626982 0.023991
v -1.000000 -0.621089 0.023991
v -1.000000 -0.615045 0.023991
v -1.000000 -0.608850 0.023991
v -1.000000 -0.602508 0.023991
v -1.000000 -0.643713 -0.803394
v -1.000000 -0.643713 -1.622337
v -1.000000 -0.643713 -2.424299
v -1.000000 -0.643713 -3.200738
v -1.000000 -0.643713 -3.943115
v -1.000000 -0.643713 -4.642890
v -1.000000 -0.643713 -5.291524
v -1.000000 -0.648965 0.023991
v -1.000000 -0.654051 0.023991
v -1.000000 -0.658967 0.023991
v -1.000000 -0.663710 0.023991
v -1.000000 -0.668275 0.023991
v -1.000000 -0.672664 0.023991
v -1.000000 -0.676870 0.023991
v -1.000000 -0.648965 0.851279
v -1.000000 -0.648965 1.669929
v -1.000000 -0.648965 2.471402
v -1.000000 -0.648965 3.247156
v -1.000000 -0.648965 3.988654
v -1.000000 -0.648965 4.687354
v -1.000000 -0.648965 5.334718
v -1.000000 -0.654051 0.851279
v -1.000000 -0.654051 1.669929
v -1.000000 -0.654051 2.471402
v -1.000000 -0.654051 3.247156
v -1.000000 -0.654051 3.988654
v -1.000000 -0.654051 4.687354
v -1.000000 -0.654051 5.334718
v -1.000000 -0.658967 0.851279
v -1.000000 -0.658967 1.669929
v -1.000000 -0.658967 2.471402
v -1.000000 -0.658967 3.247156
v -1.000000 -0.658967 3.988654
v -1.000000 -0.658967 4.687354
v -1.000000 -0.658967 5.334718
v -1.000000 -0.663710 0.851279
v -1.000000 -0.663710 1.669929
v -1.000000 -0.663710 2.471402
v -1.000000 -0.663710 3.247156
v -1.000000 -0.663710 3.988654
v -1.000000 -0.663710 4.687354
v -1.000000 -0.663710 5.334718
v -1.000000 -0.668275 0.851279
v -1.000000 -0.668275 1.669929
v -1.000000 -0.668275 2.471402
v -1.000000 -0.668275 3.247156
v -1.000000 -0.668275 3.988654
v -1.000000 -0.668275 4.687354
v -1.000000 -0.668275 5.334718
v -1.000000 -0.672664 0.851279
v -1.000000 -0.672664 1.669929
v -1.000000 -0.672664 2.471402
v -1.000000 -0.672664 3.247156
v -1.000000 -0.672664 3.988654
v -1.000000 -0.672664 4.687354
v -1.000000 -0.672664 5.334718
v -1.000000 -0.676870 0.851279
v -1.000000 -0.676870 1.669929
v -1.000000 -0.676870 2.471402
v -1.000000 -0.676870 3.247156
v -1.000000 -0.676870 3.988654
v -1.000000 -0.676870 4.687354
v -1.000000 -0.676870 5.334718
v -1.000000 -0.638296 0.851279
v -1.000000 -0.632718 0.851279
v -1.000000 -0.626982 0.851279
v -1.000000 -0.621089 0.851279
v -1.000000 -0.615045 0.851279
v -1.000000 -0.608850 0.851279
v -1.000000 -0.602508 0.851279
v -1.000000 -0.638296 1.669929
v -1.000000 -0.632718 1.669929
v -1.000000 -0.626982 1.669929
v -1.000000 -0.621089 1.669929
v -1.000000 -0.615045 1.669929
v -1.000000 -0.608850 1.669929
v -1.000000 -0.602508 1.669929
v -1.000000 -0.638296 2.471401
v -1.000000 -0.632718 2.471401
v -1.000000 -0.626982 2.471401
v -1.000000 -0.621089 2.471401
v -1.000000 -0.615045 2.471401
v -1.000000 -0.608850 2.471401
v -1.000000 -0.602508 2.471401
v -1.000000 -0.638296 3.247156
v -1.000000 -0.632718 3.247156
v -1.000000 -0.626982 3.247156
v -1.000000 -0.621089 3.247156
v -1.000000 -0.615045 3.247156
v -1.000000 -0.608850 3.247156
v -1.000000 -0.602508 3.247156
v -1.000000 -0.638296 3.988654
v -1.000000 -0.632718 3.988654
v -1.000000 -0.626982 3.988653
v -1.000000 -0.621089 3.988653
v -1.000000 -0.615045 3.988653
v -1.000000 -0.608850 3.988653
v -1.000000 -0.602508 3.988654
v -1.000000 -0.638296 4.687354
v -1.000000 -0.632718 4.687354
v -1.000000 -0.626982 4.687354
v -1.000000 -0.621089 4.687354
v -1.000000 -0.615045 4.687354
v -1.000000 -0.608850 4.687354
v -1.000000 -0.602508 4.687354
v -1.000000 -0.638296 5.334717
v -1.000000 -0.632718 5.334717
v -1.000000 -0.626982 5.334717
v -1.000000 -0.621089 5.334717
v -1.000000 -0.615045 5.334717
v -1.000000 -0.608850 5.334717
v -1.000000 -0.602508 5.334717
v -1.000000 -0.638296 -0.803394
v -1.000000 -0.638296 -1.622337
v -1.000000 -0.638296 -2.424299
v -1.000000 -0.638296 -3.200738
v -1.000000 -0.638296 -3.943115
v -1.000000 -0.638296 -4.642890
v -1.000000 -0.638296 -5.291524
v -1.000000 -0.632718 -0.803394
v -1.000000 -0.632718 -1.622337
v -1.000000 -0.632718 -2.424299
v -1.000000 -0.632718 -3.200738
v -1.000000 -0.632718 -3.943115
v -1.000000 -0.632718 -4.642890
v -1.000000 -0.632718 -5.291524
v -1.000000 -0.626982 -0.803394
v -1.000000 -0.626982 -1.622337
v -1.000000 -0.626982 -2.424299
v -1.000000 -0.626982 -3.200738
v -1.000000 -0.626982 -3.943115
v -1.000000 -0.626982 -4.642890
v -1.000000 -0.626982 -5.291524
v -1.000000 -0.621089 -0.803394
v -1.000000 -0.621089 -1.622337
v -1.000000 -0.621089 -2.424299
v -1.000000 -0.621089 -3.200738
v -1.000000 -0.621089 -3.943115
v -1.000000 -0.621089 -4.642890
v -1.000000 -0.621089 -5.291524
v -1.000000 -0.615045 -0.803394
v -1.000000 -0.615045 -1.622337
v -1.000000 -0.615045 -2.424299
v -1.000000 -0.615045 -3.200738
v -1.000000 -0.615045 -3.943115
v -1.000000 -0.615045 -4.642890
v -1.000000 -0.615045 -5.291524
v -1.000000 -0.608850 -0.803394
v -1.000000 -0.608850 -1.622337
v -1.000000 -0.608850 -2.424299
v -1.000000 -0.608850 -3.200738
v -1.000000 -0.608850 -3.943115
v -1.000000 -0.608850 -4.642890
v -1.000000 -0.608850 -5.291524
v -1.000000 -0.602508 -0.803394
v -1.000000 -0.602508 -1.622337
v -1.000000 -0.602508 -2.424299
v -1.000000 -0.602508 -3.200738
v -1.000000 -0.602508 -3.943115
v -1.000000 -0.602508 -4.642890
v -1.000000 -0.602508 -5.291524
v -1.000000 -0.648965 -0.803394
v -1.000000 -0.654051 -0.803394
v -1.000000 -0.658967 -0.803394
v -1.000000 -0.663710 -0.803394
v -1.000000 -0.668275 -0.803394
v -1.000000 -0.672664 -0.803394
v -1.000000 -0.676870 -0.803394
v -1.000000 -0.648965 -1.622337
v -1.000000 -0.654051 -1.622337
v -1.000000 -0.658967 -1.622337
v -1.000000 -0.663710 -1.622337
v -1.000000 -0.668275 -1.622337
v -1.000000 -0.672664 -1.622337
v -1.000000 -0.676870 -1.622337
v -1.000000 -0.648965 -2.424299
v -1.000000 -0.654051 -2.424299
v -1.000000 -0.658967 -2.424299
v -1.000000 -0.663710 -2.424299
v -1.000000 -0.668275 -2.424299
v -1.000000 -0.672664 -2.424299
v -1.000000 -0.676870 -2.424299
v -1.000000 -0.648965 -3.200738
v -1.000000 -0.654051 -3.200738
v -1.000000 -0.658967 -3.200738
v -1.000000 -0.663710 -3.200738
v -1.000000 -0.668275 -3.200738
v -1.000000 -0.672664 -3.200738
v -1.000000 -0.676870 -3.200738
v -1.000000 -0.648965 -3.943115
v -1.000000 -0.654051 -3.943116
v -1.000000 -0.658967 -3.943116
v -1.000000 -0.663710 -3.943116
v -1.000000 -0.668275 -3.943116
v -1.000000 -0.672664 -3.943116
v -1.000000 -0.676870 -3.943116
v -1.000000 -0.648965 -4.642891
v -1.000000 -0.654051 -4.642891
v -1.000000 -0.658967 -4.642891
v -1.000000 -0.663710 -4.642891
v -1.000000 -0.668275 -4.642891
v -1.000000 -0.672664 -4.642891
v -1.000000 -0.676870 -4.642891
v -1.000000 -0.648965 -5.291524
v -1.000000 -0.654051 -5.291524
v -1.000000 -0.658967 -5.291524
v -1.000000 -0.663710 -5.291524
v -1.000000 -0.668275 -5.291524
v -1.000000 -0.672664 -5.291524
v -1.000000 -0.676870 -5.291524
v 0.998323 -0.706349 -8.490915
v 0.997970 -0.706291 -8.617933
v 0.997529 -0.706223 -8.714758
v 0.996991 -0.706149 -8.785624
v 0.996346 -0.706073 -8.834766
v 0.995583 -0.705997 -8.866425
v 0.994694 -0.705923 -8.884834
v 0.993670 -0.705855 -8.894228
v 0.998597 -0.703807 -8.491043
v 0.998803 -0.701082 -8.491137
v 0.998950 -0.698174 -8.491205
v 0.999048 -0.695082 -8.491249
v 0.999107 -0.691805 -8.491278
v 0.999136 -0.688342 -8.491291
v 0.999146 -0.684693 -8.491297
v 0.998597 -0.706393 -8.329468
v 0.998803 -0.706427 -8.129366
v 0.998950 -0.706451 -7.886386
v 0.999048 -0.706468 -7.596302
v 0.999107 -0.706476 -7.254894
v 0.999136 -0.706482 -6.857936
v 0.999146 -0.706483 -6.401202
v 0.997970 -0.708708 -8.490753
v 0.997529 -0.710889 -8.490568
v 0.996991 -0.712894 -8.490374
v 0.996346 -0.714729 -8.490185
v 0.995583 -0.716398 -8.490013
v 0.994694 -0.717903 -8.489872
v 0.993669 -0.719250 -8.489777
v 0.997623 -0.708632 -8.617702
v 0.997190 -0.708543 -8.714443
v 0.996660 -0.708447 -8.785219
v 0.996026 -0.708349 -8.834265
v 0.995276 -0.708253 -8.865828
v 0.994403 -0.708164 -8.884136
v 0.993397 -0.708088 -8.893438
v 0.997190 -0.710791 -8.617439
v 0.996766 -0.710677 -8.714087
v 0.996248 -0.710554 -8.784754
v 0.995628 -0.710430 -8.833687
v 0.994898 -0.710309 -8.865126
v 0.994047 -0.710200 -8.883316
v 0.993066 -0.710111 -8.892500
v 0.996660 -0.712772 -8.617161
v 0.996248 -0.712631 -8.713707
v 0.995746 -0.712478 -8.784262
v 0.995148 -0.712323 -8.833065
v 0.994444 -0.712172 -8.864363
v 0.993624 -0.712035 -8.882402
v 0.992679 -0.711926 -8.891436
v 0.996026 -0.714581 -8.616890
v 0.995628 -0.714411 -8.713335
v 0.995148 -0.714225 -8.783770
v 0.994577 -0.714031 -8.832432
v 0.993910 -0.713841 -8.863565
v 0.993135 -0.713671 -8.881430
v 0.992239 -0.713537 -8.890274
v 0.995276 -0.716225 -8.616644
v 0.994898 -0.716022 -8.712996
v 0.994444 -0.715798 -8.783310
v 0.993910 -0.715563 -8.831821
v 0.993293 -0.715325 -8.862772
v 0.992577 -0.715112 -8.880423
v 0.991748 -0.714946 -8.889042
v 0.994403 -0.717704 -8.616444
v 0.994047 -0.717470 -8.712717
v 0.993624 -0.717208 -8.782927
v 0.993135 -0.716928 -8.831303
v 0.992577 -0.716635 -8.862078
v 0.991940 -0.716365 -8.879509
v 0.991209 -0.716147 -8.887850
v 0.993397 -0.719027 -8.616306
v 0.993066 -0.718760 -8.712526
v 0.992679 -0.718461 -8.782658
v 0.992239 -0.718131 -8.830936
v 0.991748 -0.717781 -8.861584
v 0.991209 -0.717440 -8.878807
v 0.990626 -0.717139 -8.886814
v 0.998240 -0.703764 -8.618116
v 0.998442 -0.701050 -8.618250
v 0.998587 -0.698149 -8.618345
v 0.998683 -0.695062 -8.618410
v 0.998741 -0.691789 -8.618450
v 0.998770 -0.688327 -8.618469
v 0.998780 -0.684679 -8.618475
v 0.997794 -0.703712 -8.715004
v 0.997992 -0.701011 -8.715185
v 0.998133 -0.698119 -8.715315
v 0.998228 -0.695038 -8.715403
v 0.998285 -0.691768 -8.715456
v 0.998313 -0.688308 -8.715483
v 0.998322 -0.684661 -8.715490
v 0.997248 -0.703656 -8.785938
v 0.997441 -0.700967 -8.786175
v 0.997579 -0.698084 -8.786343
v 0.997671 -0.695009 -8.786455
v 0.997726 -0.691742 -8.786522
v 0.997754 -0.688285 -8.786556
v 0.997763 -0.684639 -8.786570
v 0.996594 -0.703596 -8.835157
v 0.996781 -0.700920 -8.835449
v 0.996914 -0.698046 -8.835659
v 0.997003 -0.694977 -8.835798
v 0.997056 -0.691713 -8.835880
v 0.997083 -0.688257 -8.835924
v 0.997092 -0.684611 -8.835936
v 0.995822 -0.703534 -8.866892
v 0.996001 -0.700870 -8.867243
v 0.996128 -0.698003 -8.867491
v 0.996214 -0.694939 -8.867657
v 0.996265 -0.691679 -8.867760
v 0.996290 -0.688226 -8.867807
v 0.996299 -0.684579 -8.867825
v 0.994921 -0.703473 -8.885376
v 0.995091 -0.700816 -8.885782
v 0.995212 -0.697958 -8.886074
v 0.995293 -0.694898 -8.886267
v 0.995341 -0.691640 -8.886383
v 0.995365 -0.688187 -8.886440
v 0.995373 -0.684542 -8.886459
v 0.993882 -0.703414 -8.894844
v 0.994041 -0.700764 -8.895306
v 0.994154 -0.697908 -8.895634
v 0.994230 -0.694852 -8.895855
v 0.994275 -0.691596 -8.895985
v 0.994298 -0.688144 -8.896051
v 0.994306 -0.684499 -8.896074
v 0.998875 -0.703841 -8.329552
v 0.999083 -0.703866 -8.129419
v 0.999232 -0.703884 -7.886415
v 0.999331 -0.703896 -7.596318
v 0.999391 -0.703903 -7.254900
v 0.999421 -0.703907 -6.857938
v 0.999430 -0.703908 -6.401202
v 0.999083 -0.701108 -8.329615
v 0.999294 -0.701127 -8.129459
v 0.999444 -0.701140 -7.886437
v 0.999544 -0.701149 -7.596329
v 0.999604 -0.701155 -7.254903
v 0.999634 -0.701159 -6.857938
v 0.999644 -0.701159 -6.401202
v 0.999232 -0.698195 -8.329662
v 0.999444 -0.698209 -8.129486
v 0.999595 -0.698218 -7.886454
v 0.999696 -0.698226 -7.596336
v 0.999756 -0.698229 -7.254908
v 0.999787 -0.698232 -6.857938
v 0.999797 -0.698233 -6.401202
v 0.999331 -0.695097 -8.329689
v 0.999544 -0.695109 -8.129505
v 0.999696 -0.695117 -7.886464
v 0.999797 -0.695123 -7.596342
v 0.999858 -0.695126 -7.254910
v 0.999888 -0.695127 -6.857939
v 0.999898 -0.695127 -6.401202
v 0.999391 -0.691818 -8.329708
v 0.999604 -0.691828 -8.129517
v 0.999756 -0.691834 -7.886470
v 0.999858 -0.691839 -7.596346
v 0.999919 -0.691842 -7.254912
v 0.999949 -0.691843 -6.857941
v 0.999959 -0.691844 -6.401202
v 0.999421 -0.688354 -8.329718
v 0.999634 -0.688363 -8.129522
v 0.999787 -0.688370 -7.886474
v 0.999888 -0.688374 -7.596347
v 0.999949 -0.688376 -7.254912
v 0.999980 -0.688377 -6.857939
v 0.999990 -0.688378 -6.401202
v 0.999430 -0.684706 -8.329720
v 0.999644 -0.684713 -8.129522
v 0.999797 -0.684720 -7.886477
v 0.999898 -0.684724 -7.596347
v 0.999959 -0.684727 -7.254912
v 0.999990 -0.684728 -6.857939
v 1.000000 -0.684728 -6.401202
v 0.998240 -0.708767 -8.329359
v 0.997794 -0.710964 -8.329237
v 0.997248 -0.712989 -8.329107
v 0.996594 -0.714844 -8.328981
v 0.995822 -0.716532 -8.328865
v 0.994921 -0.718058 -8.328772
v 0.993882 -0.719422 -8.328707
v 0.998442 -0.708811 -8.129299
v 0.997992 -0.711021 -8.129221
v 0.997441 -0.713060 -8.129141
v 0.996781 -0.714931 -8.129063
v 0.996001 -0.716633 -8.128990
v 0.995091 -0.718173 -8.128931
v 0.994041 -0.719553 -8.128893
v 0.998587 -0.708843 -7.886347
v 0.998133 -0.711062 -7.886301
v 0.997579 -0.713111 -7.886255
v 0.996914 -0.714992 -7.886211
v 0.996128 -0.716705 -7.886171
v 0.995212 -0.718257 -7.886136
v 0.994154 -0.719646 -7.886113
v 0.998683 -0.708865 -7.596284
v 0.998228 -0.711089 -7.596261
v 0.997671 -0.713145 -7.596238
v 0.997003 -0.715033 -7.596216
v 0.996213 -0.716754 -7.596195
v 0.995293 -0.718311 -7.596179
v 0.994230 -0.719707 -7.596167
v 0.998741 -0.708877 -7.254887
v 0.998285 -0.711106 -7.254877
v 0.997726 -0.713164 -7.254869
v 0.997056 -0.715056 -7.254860
v 0.996265 -0.716783 -7.254851
v 0.995341 -0.718345 -7.254845
v 0.994275 -0.719744 -7.254840
v 0.998770 -0.708883 -6.857934
v 0.998313 -0.711114 -6.857931
v 0.997754 -0.713176 -6.857928
v 0.997083 -0.715069 -6.857926
v 0.996290 -0.716797 -6.857925
v 0.995365 -0.718361 -6.857923
v 0.994298 -0.719763 -6.857923
v 0.998780 -0.708885 -6.401204
v 0.998322 -0.711117 -6.401202
v 0.997763 -0.713179 -6.401204
v 0.997092 -0.715073 -6.401202
v 0.996299 -0.716802 -6.401204
v 0.995373 -0.718367 -6.401204
v 0.994306 -0.719769 -6.401204
v -0.999248 -0.706488 0.023991
v -0.999248 -0.706488 0.851279
v -0.999248 -0.706488 1.669929
v -0.999248 -0.706488 2.471402
v -0.999248 -0.706488 3.247157
v -0.999248 -0.706488 3.988655
v -0.999248 -0.706488 4.687355
v -0.999248 -0.706488 5.334718
v -0.999499 -0.703911 0.023991
v -0.999687 -0.701160 0.023991
v -0.999821 -0.698234 0.023991
v -0.999910 -0.695129 0.023991
v -0.999964 -0.691844 0.023991
v -0.999991 -0.688378 0.023991
v -1.000000 -0.684728 0.023991
v -0.999248 -0.706488 -0.803394
v -0.999248 -0.706488 -1.622337
v -0.999248 -0.706488 -2.424299
v -0.999248 -0.706488 -3.200738
v -0.999248 -0.706488 -3.943116
v -0.999248 -0.706488 -4.642891
v -0.999248 -0.706488 -5.291524
v -0.998926 -0.708891 0.023991
v -0.998523 -0.711124 0.023991
v -0.998031 -0.713189 0.023991
v -0.997440 -0.715087 0.023991
v -0.996741 -0.716820 0.023991
v -0.995927 -0.718389 0.023991
v -0.994987 -0.719797 0.023991
v -0.998926 -0.708891 0.851279
v -0.998926 -0.708891 1.669929
v -0.998926 -0.708891 2.471402
v -0.998926 -0.708891 3.247157
v -0.998926 -0.708891 3.988655
v -0.998926 -0.708891 4.687355
v -0.998926 -0.708891 5.334718
v -0.998523 -0.711124 0.851279
v -0.998523 -0.711124 1.669929
v -0.998523 -0.711124 2.471402
v -0.998523 -0.711124 3.247157
v -0.998523 -0.711124 3.988655
v -0.998523 -0.711124 4.687355
v -0.998523 -0.711124 5.334718
v -0.998031 -0.713189 0.851279
v -0.998031 -0.713189 1.669929
v -0.998031 -0.713189 2.471402
v -0.998031 -0.713189 3.247157
v -0.998031 -0.713189 3.988655
v -0.998031 -0.713189 4.687355
v -0.998031 -0.713189 5.334718
v -0.997440 -0.715087 0.851279
v -0.997440 -0.715087 1.669929
v -0.997440 -0.715087 2.471402
v -0.997440 -0.715087 3.247157
v -0.997440 -0.715087 3.988655
v -0.997440 -0.715087 4.687355
v -0.997440 -0.715087 5.334718
v -0.996741 -0.716820 0.851279
v -0.996741 -0.716820 1.669929
v -0.996741 -0.716820 2.471402
v -0.996741 -0.716820 3.247157
v -0.996741 -0.716820 3.988655
v -0.996741 -0.716820 4.687355
v -0.996741 -0.716820 5.334718
v -0.995927 -0.718389 0.851279
v -0.995927 -0.718389 1.669929
v -0.995927 -0.718389 2.471402
v -0.995927 -0.718389 3.247157
v -0.995927 -0.718389 3.988655
v -0.995927 -0.718389 4.687355
v -0.995927 -0.718389 5.334718
v -0.994987 -0.719797 0.851279
v -0.994987 -0.719797 1.669930
v -0.994987 -0.719797 2.471402
v -0.994987 -0.719797 3.247157
v -0.994987 -0.719797 3.988655
v -0.994987 -0.719797 4.687355
v -0.994987 -0.719797 5.334718
v -0.999499 -0.703911 0.851279
v -0.999687 -0.701160 0.851279
v -0.999821 -0.698234 0.851279
v -0.999910 -0.695129 0.851279
v -0.999964 -0.691844 0.851279
v -0.999991 -0.688378 0.851279
v -1.000000 -0.684728 0.851279
v -0.999499 -0.703911 1.669929
v -0.999687 -0.701160 1.669929
v -0.999821 -0.698234 1.669929
v -0.999910 -0.695129 1.669929
v -0.999964 -0.691844 1.669929
v -0.999991 -0.688378 1.669929
v -1.000000 -0.684728 1.669929
v -0.999499 -0.703911 2.471402
v -0.999687 -0.701160 2.471402
v -0.999821 -0.698234 2.471402
v -0.999910 -0.695129 2.471402
v -0.999964 -0.691844 2.471402
v -0.999991 -0.688378 2.471402
v -1.000000 -0.684728 2.471402
v -0.999499 -0.703911 3.247157
v -0.999687 -0.701160 3.247157
v -0.999821 -0.698234 3.247157
v -0.999910 -0.695129 3.247157
v -0.999964 -0.691844 3.247157
v -0.999991 -0.688378 3.247157
v -1.000000 -0.684728 3.247156
v -0.999499 -0.703911 3.988655
v -0.999687 -0.701160 3.988655
v -0.999821 -0.698234 3.988655
v -0.999910 -0.695129 3.988655
v -0.999964 -0.691844 3.988655
v -0.999991 -0.688378 3.988655
v -1.000000 -0.684728 3.988654
v -0.999499 -0.703911 4.687355
v -0.999687 -0.701160 4.687355
v -0.999821 -0.698234 4.687355
v -0.999910 -0.695129 4.687355
v -0.999964 -0.691844 4.687355
v -0.999991 -0.688378 4.687355
v -1.000000 -0.684728 4.687355
v -0.999499 -0.703911 5.334718
v -0.999687 -0.701160 5.334718
v -0.999821 -0.698234 5.334718
v -0.999910 -0.695129 5.334718
v -0.999964 -0.691844 5.334718
v -0.999991 -0.688378 5.334718
v -1.000000 -0.684728 5.334718
v -0.999499 -0.703911 -0.803394
v -0.999499 -0.703911 -1.622337
v -0.999499 -0.703911 -2.424299
v -0.999499 -0.703911 -3.200738
v -0.999499 -0.703911 -3.943116
v -0.999499 -0.703911 -4.642891
v -0.999499 -0.703911 -5.291524
v -0.999687 -0.701160 -0.803394
v -0.999687 -0.701160 -1.622337
v -0.999687 -0.701160 -2.424299
v -0.999687 -0.701160 -3.200738
v -0.999687 -0.701160 -3.943116
v -0.999687 -0.701160 -4.642891
v -0.999687 -0.701160 -5.291524
v -0.999821 -0.698234 -0.803394
v -0.999821 -0.698234 -1.622337
v -0.999821 -0.698234 -2.424299
v -0.999821 -0.698234 -3.200739
v -0.999821 -0.698234 -3.943116
v -0.999821 -0.698234 -4.642891
v -0.999821 -0.698234 -5.291524
v -0.999910 -0.695129 -0.803394
v -0.999910 -0.695129 -1.622337
v -0.999910 -0.695129 -2.424299
v -0.999910 -0.695129 -3.200739
v -0.999910 -0.695129 -3.943116
v -0.999910 -0.695129 -4.642891
v -0.999910 -0.695129 -5.291524
v -0.999964 -0.691844 -0.803394
v -0.999964 -0.691844 -1.622337
v -0.999964 -0.691844 -2.424299
v -0.999964 -0.691844 -3.200739
v -0.999964 -0.691844 -3.943116
v -0.999964 -0.691844 -4.642891
v -0.999964 -0.691844 -5.291524
v -0.999991 -0.688378 -0.803394
v -0.999991 -0.688378 -1.622337
v -0.999991 -0.688378 -2.424299
v -0.999991 -0.688378 -3.200739
v -0.999991 -0.688378 -3.943116
v -0.999991 -0.688378 -4.642891
v -0.999991 -0.688378 -5.291524
v -1.000000 -0.684728 -0.803394
v -1.000000 -0.684728 -1.622337
v -1.000000 -0.684728 -2.424299
v -1.000000 -0.684728 -3.200738
v -1.000000 -0.684728 -3.943116
v -1.000000 -0.684728 -4.642891
v -1.000000 -0.684728 -5.291524
v -0.998926 -0.708891 -0.803394
v -0.998523 -0.711124 -0.803394
v -0.998031 -0.713189 -0.803394
v -0.997440 -0.715087 -0.803394
v -0.996741 -0.716820 -0.803394
v -0.995927 -0.718389 -0.803394
v -0.994987 -0.719797 -0.803394
v -0.998926 -0.708891 -1.622337
v -0.998523 -0.711124 -1.622337
v -0.998031 -0.713189 -1.622337
v -0.997440 -0.715087 -1.622337
v -0.996741 -0.716820 -1.622337
v -0.995927 -0.718389 -1.622337
v -0.994987 -0.719797 -1.622337
v -0.998926 -0.708891 -2.424299
v -0.998523 -0.711124 -2.424299
v -0.998031 -0.713189 -2.424299
v -0.997440 -0.715087 -2.424299
v -0.996741 -0.716820 -2.424299
v -0.995927 -0.718389 -2.424299
v -0.994987 -0.719797 -2.424299
v -0.998926 -0.708891 -3.200738
v -0.998523 -0.711124 -3.200738
v -0.998030 -0.713189 -3.200738
v -0.997440 -0.715087 -3.200738
v -0.996741 -0.716820 -3.200738
v -0.995927 -0.718389 -3.200738
v -0.994987 -0.719797 -3.200738
v -0.998926 -0.708891 -3.943116
v -0.998523 -0.711124 -3.943116
v -0.998030 -0.713189 -3.943116
v -0.997440 -0.715087 -3.943116
v -0.996741 -0.716820 -3.943116
v -0.995927 -0.718389 -3.943116
v -0.994987 -0.719797 -3.943116
v -0.998926 -0.708891 -4.642891
v -0.998523 -0.711124 -4.642891
v -0.998030 -0.713189 -4.642891
v -0.997440 -0.715087 -4.642891
v -0.996741 -0.716820 -4.642891
v -0.995927 -0.718389 -4.642891
v -0.994987 -0.719797 -4.642891
v -0.998926 -0.708891 -5.291524
v -0.998523 -0.711124 -5.291524
v -0.998030 -0.713189 -5.291524
v -0.997440 -0.715087 -5.291524
v -0.996741 -0.716820 -5.291524
v -0.995927 -0.718389 -5.291524
v -0.994987 -0.719797 -5.291524
v 0.959412 -0.482355 -8.490911
v 0.959366 -0.483395 -8.617931
v 0.959312 -0.484694 -8.714754
v 0.959257 -0.486281 -8.785622
v 0.959202 -0.488186 -8.834764
v 0.959153 -0.490435 -8.866423
v 0.959113 -0.493058 -8.884830
v 0.959086 -0.496083 -8.894226
v 0.949073 -0.481130 -8.491039
v 0.936640 -0.480022 -8.491135
v 0.921899 -0.478996 -8.491201
v 0.904640 -0.478013 -8.491247
v 0.884649 -0.477036 -8.491276
v 0.861714 -0.476028 -8.491287
v 0.835623 -0.474951 -8.491293
v 0.959449 -0.481546 -8.329464
v 0.959476 -0.480940 -8.129362
v 0.959495 -0.480507 -7.886381
v 0.959508 -0.480218 -7.596299
v 0.959516 -0.480044 -7.254891
v 0.959520 -0.479958 -6.857931
v 0.959521 -0.479929 -6.401199
v 0.967869 -0.483736 -8.490749
v 0.974660 -0.485311 -8.490564
v 0.980000 -0.487115 -8.490370
v 0.984105 -0.489186 -8.490179
v 0.987192 -0.491562 -8.490009
v 0.989476 -0.494278 -8.489870
v 0.991173 -0.497373 -8.489775
v 0.967802 -0.484758 -8.617699
v 0.967727 -0.486035 -8.714439
v 0.967647 -0.487596 -8.785215
v 0.967569 -0.489466 -8.834263
v 0.967499 -0.491676 -8.865822
v 0.967441 -0.494252 -8.884134
v 0.967402 -0.497223 -8.893436
v 0.974570 -0.486310 -8.617432
v 0.974467 -0.487559 -8.714081
v 0.974358 -0.489082 -8.784750
v 0.974251 -0.490908 -8.833683
v 0.974154 -0.493061 -8.865122
v 0.974074 -0.495571 -8.883312
v 0.974019 -0.498466 -8.892496
v 0.979884 -0.488088 -8.617155
v 0.979750 -0.489299 -8.713703
v 0.979609 -0.490774 -8.784256
v 0.979467 -0.492537 -8.833061
v 0.979335 -0.494611 -8.864357
v 0.979225 -0.497026 -8.882399
v 0.979149 -0.499814 -8.891432
v 0.983961 -0.490125 -8.616884
v 0.983795 -0.491291 -8.713331
v 0.983616 -0.492703 -8.783766
v 0.983435 -0.494382 -8.832426
v 0.983260 -0.496345 -8.863562
v 0.983110 -0.498628 -8.881422
v 0.983006 -0.501269 -8.890272
v 0.987020 -0.492460 -8.616640
v 0.986819 -0.493570 -8.712992
v 0.986600 -0.494903 -8.783304
v 0.986371 -0.496469 -8.831818
v 0.986143 -0.498281 -8.862768
v 0.985944 -0.500387 -8.880421
v 0.985802 -0.502832 -8.889038
v 0.989276 -0.495130 -8.616438
v 0.989040 -0.496173 -8.712713
v 0.988778 -0.497410 -8.782921
v 0.988498 -0.498844 -8.831297
v 0.988210 -0.500479 -8.862074
v 0.987947 -0.502351 -8.879505
v 0.987746 -0.504502 -8.887846
v 0.990946 -0.498169 -8.616302
v 0.990677 -0.499135 -8.712523
v 0.990371 -0.500265 -8.782656
v 0.990038 -0.501552 -8.830933
v 0.989683 -0.502988 -8.861580
v 0.989342 -0.504566 -8.878803
v 0.989044 -0.506276 -8.886810
v 0.949042 -0.482183 -8.618113
v 0.936620 -0.481086 -8.618248
v 0.921888 -0.480067 -8.618343
v 0.904634 -0.479090 -8.618408
v 0.884647 -0.478115 -8.618448
v 0.861714 -0.477109 -8.618465
v 0.835623 -0.476032 -8.618473
v 0.949007 -0.483500 -8.715000
v 0.936598 -0.482416 -8.715183
v 0.921876 -0.481406 -8.715313
v 0.904628 -0.480434 -8.715401
v 0.884644 -0.479464 -8.715452
v 0.861713 -0.478459 -8.715481
v 0.835623 -0.477384 -8.715488
v 0.948970 -0.485108 -8.785934
v 0.936575 -0.484041 -8.786173
v 0.921862 -0.483042 -8.786341
v 0.904621 -0.482079 -8.786453
v 0.884642 -0.481112 -8.786520
v 0.861712 -0.480110 -8.786554
v 0.835623 -0.479034 -8.786566
v 0.948933 -0.487039 -8.835154
v 0.936552 -0.485991 -8.835447
v 0.921849 -0.485005 -8.835655
v 0.904615 -0.484051 -8.835794
v 0.884639 -0.483091 -8.835878
v 0.861712 -0.482091 -8.835920
v 0.835623 -0.481016 -8.835934
v 0.948901 -0.489319 -8.866888
v 0.936532 -0.488294 -8.867239
v 0.921838 -0.487326 -8.867489
v 0.904609 -0.486382 -8.867657
v 0.884637 -0.485428 -8.867756
v 0.861711 -0.484432 -8.867805
v 0.835623 -0.483358 -8.867823
v 0.948874 -0.491978 -8.885374
v 0.936515 -0.490980 -8.885780
v 0.921828 -0.490032 -8.886070
v 0.904604 -0.489101 -8.886265
v 0.884635 -0.488156 -8.886381
v 0.861711 -0.487163 -8.886438
v 0.835623 -0.486092 -8.886457
v 0.948856 -0.495046 -8.894840
v 0.936504 -0.494081 -8.895302
v 0.921822 -0.493155 -8.895632
v 0.904601 -0.492239 -8.895849
v 0.884633 -0.491302 -8.895983
v 0.861710 -0.490314 -8.896049
v 0.835623 -0.489244 -8.896072
v 0.949098 -0.480309 -8.329548
v 0.949116 -0.479696 -8.129416
v 0.949129 -0.479257 -7.886412
v 0.949137 -0.478964 -7.596313
v 0.949142 -0.478788 -7.254895
v 0.949145 -0.478701 -6.857931
v 0.949146 -0.478671 -6.401199
v 0.936655 -0.479195 -8.329613
v 0.936666 -0.478574 -8.129452
v 0.936674 -0.478131 -7.886434
v 0.936680 -0.477836 -7.596324
v 0.936683 -0.477658 -7.254900
v 0.936685 -0.477570 -6.857933
v 0.936685 -0.477540 -6.401199
v 0.921908 -0.478163 -8.329657
v 0.921915 -0.477538 -8.129482
v 0.921919 -0.477092 -7.886450
v 0.921922 -0.476794 -7.596334
v 0.921924 -0.476616 -7.254903
v 0.921925 -0.476526 -6.857934
v 0.921925 -0.476497 -6.401199
v 0.904644 -0.477176 -8.329685
v 0.904648 -0.476548 -8.129501
v 0.904650 -0.476100 -7.886461
v 0.904651 -0.475801 -7.596339
v 0.904652 -0.475622 -7.254907
v 0.904653 -0.475533 -6.857934
v 0.904653 -0.475502 -6.401199
v 0.884651 -0.476197 -8.329704
v 0.884652 -0.475568 -8.129515
v 0.884653 -0.475118 -7.886467
v 0.884653 -0.474818 -7.596342
v 0.884654 -0.474638 -7.254907
v 0.884654 -0.474549 -6.857936
v 0.884654 -0.474519 -6.401199
v 0.861715 -0.475187 -8.329714
v 0.861715 -0.474557 -8.129519
v 0.861715 -0.474107 -7.886470
v 0.861715 -0.473806 -7.596344
v 0.861715 -0.473627 -7.254908
v 0.861715 -0.473537 -6.857936
v 0.861715 -0.473507 -6.401199
v 0.835623 -0.474110 -8.329718
v 0.835623 -0.473479 -8.129520
v 0.835623 -0.473029 -7.886474
v 0.835623 -0.472729 -7.596346
v 0.835623 -0.472548 -7.254910
v 0.835623 -0.472458 -6.857936
v 0.835623 -0.472428 -6.401199
v 0.967921 -0.482942 -8.329357
v 0.974730 -0.484533 -8.329233
v 0.980090 -0.486359 -8.329103
v 0.984217 -0.488456 -8.328978
v 0.987326 -0.490863 -8.328861
v 0.989632 -0.493616 -8.328770
v 0.991350 -0.496754 -8.328707
v 0.967960 -0.482346 -8.129293
v 0.974783 -0.483950 -8.129215
v 0.980158 -0.485792 -8.129135
v 0.984301 -0.487908 -8.129059
v 0.987427 -0.490338 -8.128984
v 0.989749 -0.493119 -8.128929
v 0.991482 -0.496289 -8.128889
v 0.967988 -0.481919 -7.886341
v 0.974820 -0.483533 -7.886298
v 0.980206 -0.485387 -7.886251
v 0.984361 -0.487517 -7.886208
v 0.987498 -0.489964 -7.886166
v 0.989832 -0.492764 -7.886133
v 0.991576 -0.495957 -7.886110
v 0.968006 -0.481636 -7.596278
v 0.974845 -0.483255 -7.596256
v 0.980239 -0.485117 -7.596234
v 0.984401 -0.487257 -7.596211
v 0.987546 -0.489715 -7.596191
v 0.989888 -0.492528 -7.596175
v 0.991639 -0.495736 -7.596164
v 0.968017 -0.481465 -7.254882
v 0.974860 -0.483089 -7.254872
v 0.980258 -0.484955 -7.254864
v 0.984425 -0.487101 -7.254854
v 0.987575 -0.489565 -7.254848
v 0.989921 -0.492386 -7.254840
v 0.991677 -0.495604 -7.254835
v 0.968023 -0.481380 -6.857928
v 0.974868 -0.483006 -6.857928
v 0.980268 -0.484874 -6.857925
v 0.984437 -0.487021 -6.857923
v 0.987589 -0.489490 -6.857921
v 0.989938 -0.492315 -6.857919
v 0.991696 -0.495538 -6.857919
v 0.968025 -0.481352 -6.401199
v 0.974870 -0.482978 -6.401199
v 0.980271 -0.484846 -6.401199
v 0.984441 -0.486996 -6.401199
v 0.987594 -0.489465 -6.401199
v 0.989943 -0.492291 -6.401199
v 0.991702 -0.495516 -6.401199
v 0.959412 -0.724550 -8.490919
v 0.967869 -0.724561 -8.490755
v 0.974660 -0.724422 -8.490570
v 0.980000 -0.724134 -8.490374
v 0.984105 -0.723696 -8.490185
v 0.987192 -0.723108 -8.490013
v 0.989476 -0.722370 -8.489872
v 0.991173 -0.721481 -8.489777
v 0.959449 -0.724808 -8.329470
v 0.959476 -0.725001 -8.129366
v 0.959495 -0.725140 -7.886386
v 0.959508 -0.725231 -7.596302
v 0.959516 -0.725286 -7.254894
v 0.959520 -0.725314 -6.857936
v 0.959521 -0.725324 -6.401202
v 0.949073 -0.724391 -8.491045
v 0.936640 -0.724084 -8.491140
v 0.921899 -0.723629 -8.491207
v 0.904640 -0.723027 -8.491253
v 0.884649 -0.722279 -8.491278
v 0.861714 -0.721384 -8.491293
v 0.835623 -0.720345 -8.491297
v 0.959366 -0.724218 -8.617937
v 0.959312 -0.723805 -8.714760
v 0.959257 -0.723300 -8.785624
v 0.959202 -0.722695 -8.834768
v 0.959153 -0.721981 -8.866426
v 0.959113 -0.721149 -8.884834
v 0.959085 -0.720191 -8.894230
v 0.967802 -0.724235 -8.617702
v 0.974570 -0.724101 -8.617439
v 0.979884 -0.723820 -8.617161
v 0.983961 -0.723392 -8.616890
v 0.987020 -0.722815 -8.616644
v 0.989276 -0.722090 -8.616444
v 0.990946 -0.721217 -8.616306
v 0.967727 -0.723826 -8.714445
v 0.974467 -0.723701 -8.714087
v 0.979750 -0.723430 -8.713707
v 0.983795 -0.723014 -8.713335
v 0.986819 -0.722453 -8.712996
v 0.989040 -0.721746 -8.712717
v 0.990676 -0.720897 -8.712526
v 0.967647 -0.723329 -8.785219
v 0.974358 -0.723213 -8.784756
v 0.979609 -0.722956 -8.784262
v 0.983616 -0.722558 -8.783770
v 0.986600 -0.722019 -8.783310
v 0.988778 -0.721343 -8.782927
v 0.990371 -0.720523 -8.782658
v 0.967569 -0.722733 -8.834267
v 0.974251 -0.722631 -8.833689
v 0.979467 -0.722391 -8.833065
v 0.983435 -0.722017 -8.832432
v 0.986371 -0.721512 -8.831821
v 0.988498 -0.720874 -8.831303
v 0.990038 -0.720099 -8.830936
v 0.967499 -0.722031 -8.865828
v 0.974154 -0.721944 -8.865128
v 0.979335 -0.721728 -8.864363
v 0.983260 -0.721388 -8.863565
v 0.986143 -0.720927 -8.862772
v 0.988210 -0.720342 -8.862078
v 0.989683 -0.719625 -8.861584
v 0.967441 -0.721211 -8.884136
v 0.974074 -0.721146 -8.883316
v 0.979225 -0.720958 -8.882404
v 0.983110 -0.720657 -8.881430
v 0.985944 -0.720251 -8.880423
v 0.987947 -0.719735 -8.879509
v 0.989341 -0.719110 -8.878807
v 0.967402 -0.720270 -8.893438
v 0.974019 -0.720227 -8.892500
v 0.979149 -0.720073 -8.891436
v 0.983005 -0.719816 -8.890274
v 0.985802 -0.719469 -8.889042
v 0.987746 -0.719045 -8.887850
v 0.989044 -0.718553 -8.886814
v 0.967921 -0.724815 -8.329359
v 0.967960 -0.725005 -8.129299
v 0.967988 -0.725142 -7.886347
v 0.968006 -0.725233 -7.596284
v 0.968017 -0.725286 -7.254885
v 0.968023 -0.725314 -6.857934
v 0.968025 -0.725323 -6.401202
v 0.974730 -0.724671 -8.329237
v 0.974783 -0.724859 -8.129221
v 0.974820 -0.724992 -7.886303
v 0.974845 -0.725082 -7.596261
v 0.974860 -0.725135 -7.254877
v 0.974868 -0.725163 -6.857931
v 0.974870 -0.725171 -6.401202
v 0.980090 -0.724378 -8.329107
v 0.980158 -0.724561 -8.129141
v 0.980207 -0.724691 -7.886258
v 0.980239 -0.724778 -7.596238
v 0.980258 -0.724831 -7.254868
v 0.980268 -0.724857 -6.857928
v 0.980271 -0.724866 -6.401202
v 0.984217 -0.723933 -8.328981
v 0.984301 -0.724110 -8.129063
v 0.984361 -0.724237 -7.886211
v 0.984401 -0.724322 -7.596216
v 0.984425 -0.724373 -7.254860
v 0.984437 -0.724398 -6.857926
v 0.984441 -0.724406 -6.401202
v 0.987326 -0.723335 -8.328867
v 0.987427 -0.723507 -8.128990
v 0.987498 -0.723629 -7.886171
v 0.987546 -0.723711 -7.596195
v 0.987575 -0.723760 -7.254851
v 0.987589 -0.723783 -6.857925
v 0.987594 -0.723792 -6.401202
v 0.989632 -0.722588 -8.328772
v 0.989749 -0.722750 -8.128933
v 0.989832 -0.722867 -7.886136
v 0.989888 -0.722944 -7.596179
v 0.989921 -0.722992 -7.254845
v 0.989938 -0.723015 -6.857923
v 0.989943 -0.723022 -6.401202
v 0.991350 -0.721685 -8.328709
v 0.991482 -0.721839 -8.128893
v 0.991577 -0.721949 -7.886113
v 0.991640 -0.722023 -7.596167
v 0.991677 -0.722067 -7.254840
v 0.991696 -0.722089 -6.857923
v 0.991702 -0.722096 -6.401202
v 0.949098 -0.724651 -8.329554
v 0.936655 -0.724346 -8.329617
v 0.921908 -0.723892 -8.329662
v 0.904644 -0.723291 -8.329693
v 0.884651 -0.722544 -8.329710
v 0.861715 -0.721650 -8.329720
v 0.835623 -0.720611 -8.329723
v 0.949116 -0.724847 -8.129419
v 0.936666 -0.724543 -8.129459
v 0.921915 -0.724091 -8.129486
v 0.904648 -0.723491 -8.129507
v 0.884652 -0.722743 -8.129517
v 0.861715 -0.721849 -8.129522
v 0.835623 -0.720811 -8.129524
v 0.949129 -0.724987 -7.886415
v 0.936674 -0.724684 -7.886439
v 0.921919 -0.724232 -7.886455
v 0.904650 -0.723632 -7.886466
v 0.884653 -0.722885 -7.886474
v 0.861715 -0.721992 -7.886477
v 0.835623 -0.720953 -7.886477
v 0.949137 -0.725079 -7.596318
v 0.936680 -0.724778 -7.596330
v 0.921922 -0.724326 -7.596336
v 0.904651 -0.723726 -7.596342
v 0.884654 -0.722980 -7.596346
v 0.861715 -0.722086 -7.596349
v 0.835623 -0.721048 -7.596349
v 0.949143 -0.725135 -7.254900
v 0.936683 -0.724833 -7.254905
v 0.921924 -0.724382 -7.254908
v 0.904652 -0.723783 -7.254910
v 0.884654 -0.723037 -7.254912
v 0.861715 -0.722143 -7.254912
v 0.835623 -0.721106 -7.254912
v 0.949145 -0.725163 -6.857938
v 0.936685 -0.724861 -6.857938
v 0.921925 -0.724411 -6.857939
v 0.904653 -0.723812 -6.857939
v 0.884654 -0.723065 -6.857941
v 0.861715 -0.722172 -6.857941
v 0.835623 -0.721133 -6.857941
v 0.949146 -0.725172 -6.401204
v 0.936685 -0.724872 -6.401204
v 0.921925 -0.724421 -6.401204
v 0.904653 -0.723821 -6.401204
v 0.884654 -0.723075 -6.401204
v 0.861715 -0.722182 -6.401204
v 0.835623 -0.721143 -6.401204
v 0.949042 -0.724056 -8.618116
v 0.949007 -0.723638 -8.715004
v 0.948970 -0.723126 -8.785940
v 0.948933 -0.722515 -8.835157
v 0.948900 -0.721792 -8.866894
v 0.948874 -0.720949 -8.885376
v 0.948855 -0.719978 -8.894846
v 0.936620 -0.723746 -8.618252
v 0.936598 -0.723325 -8.715187
v 0.936575 -0.722809 -8.786177
v 0.936552 -0.722192 -8.835449
v 0.936532 -0.721462 -8.867243
v 0.936515 -0.720611 -8.885784
v 0.936504 -0.719631 -8.895306
v 0.921888 -0.723289 -8.618349
v 0.921876 -0.722865 -8.715317
v 0.921862 -0.722346 -8.786345
v 0.921849 -0.721725 -8.835659
v 0.921838 -0.720991 -8.867493
v 0.921828 -0.720134 -8.886074
v 0.921822 -0.719147 -8.895634
v 0.904634 -0.722686 -8.618414
v 0.904628 -0.722260 -8.715405
v 0.904621 -0.721741 -8.786459
v 0.904615 -0.721116 -8.835798
v 0.904609 -0.720378 -8.867661
v 0.904604 -0.719518 -8.886269
v 0.904601 -0.718526 -8.895857
v 0.884647 -0.721937 -8.618452
v 0.884644 -0.721511 -8.715458
v 0.884642 -0.720989 -8.786526
v 0.884639 -0.720363 -8.835884
v 0.884637 -0.719624 -8.867760
v 0.884635 -0.718760 -8.886385
v 0.884633 -0.717766 -8.895988
v 0.861714 -0.721043 -8.618471
v 0.861713 -0.720615 -8.715485
v 0.861712 -0.720094 -8.786560
v 0.861712 -0.719466 -8.835924
v 0.861711 -0.718726 -8.867809
v 0.861710 -0.717862 -8.886444
v 0.861710 -0.716866 -8.896053
v 0.835623 -0.720003 -8.618479
v 0.835623 -0.719576 -8.715492
v 0.835623 -0.719053 -8.786570
v 0.835623 -0.718427 -8.835939
v 0.835623 -0.717687 -8.867826
v 0.835623 -0.716822 -8.886463
v 0.835623 -0.715824 -8.896074
v -0.462764 -0.706944 -8.491301
v -0.408935 -0.705457 -8.491299
v -0.353532 -0.704077 -8.491299
v -0.296784 -0.702830 -8.491299
v -0.238919 -0.701747 -8.491299
v -0.180163 -0.700852 -8.491299
v -0.120744 -0.700176 -8.491299
v -0.060889 -0.699745 -8.491299
v -0.462764 -0.707210 -8.329725
v -0.462764 -0.707408 -8.129526
v -0.462765 -0.707551 -7.886477
v -0.462765 -0.707645 -7.596352
v -0.462765 -0.707703 -7.254915
v -0.462765 -0.707731 -6.857944
v -0.462765 -0.707741 -6.401205
v -0.514794 -0.708507 -8.491301
v -0.564796 -0.710121 -8.491301
v -0.612543 -0.711758 -8.491301
v -0.657808 -0.713388 -8.491301
v -0.700362 -0.714985 -8.491301
v -0.739979 -0.716521 -8.491301
v -0.776432 -0.717967 -8.491301
v -0.462764 -0.706600 -8.618481
v -0.462764 -0.706173 -8.715492
v -0.462764 -0.705651 -8.786572
v -0.462764 -0.705024 -8.835939
v -0.462764 -0.704284 -8.867828
v -0.462764 -0.703419 -8.886465
v -0.462764 -0.702423 -8.896078
v -0.408935 -0.705115 -8.618479
v -0.353532 -0.703734 -8.618479
v -0.296784 -0.702489 -8.618479
v -0.238919 -0.701405 -8.618479
v -0.180163 -0.700510 -8.618479
v -0.120744 -0.699834 -8.618479
v -0.060889 -0.699404 -8.618479
v -0.408935 -0.704688 -8.715494
v -0.353532 -0.703307 -8.715492
v -0.296784 -0.702062 -8.715494
v -0.238919 -0.700977 -8.715492
v -0.180163 -0.700083 -8.715494
v -0.120744 -0.699407 -8.715492
v -0.060889 -0.698977 -8.715494
v -0.408935 -0.704165 -8.786572
v -0.353532 -0.702785 -8.786572
v -0.296784 -0.701539 -8.786572
v -0.238919 -0.700455 -8.786572
v -0.180163 -0.699561 -8.786572
v -0.120744 -0.698884 -8.786572
v -0.060889 -0.698453 -8.786572
v -0.408935 -0.703539 -8.835941
v -0.353532 -0.702159 -8.835939
v -0.296784 -0.700912 -8.835941
v -0.238919 -0.699828 -8.835939
v -0.180163 -0.698934 -8.835939
v -0.120744 -0.698257 -8.835939
v -0.060889 -0.697827 -8.835939
v -0.408935 -0.702797 -8.867828
v -0.353532 -0.701417 -8.867828
v -0.296784 -0.700171 -8.867828
v -0.238919 -0.699087 -8.867828
v -0.180163 -0.698193 -8.867828
v -0.120744 -0.697516 -8.867828
v -0.060889 -0.697085 -8.867826
v -0.408935 -0.701934 -8.886465
v -0.353532 -0.700554 -8.886465
v -0.296784 -0.699307 -8.886465
v -0.238919 -0.698224 -8.886465
v -0.180163 -0.697330 -8.886465
v -0.120744 -0.696652 -8.886465
v -0.060889 -0.696222 -8.886463
v -0.408935 -0.700936 -8.896078
v -0.353532 -0.699556 -8.896078
v -0.296784 -0.698311 -8.896078
v -0.238919 -0.697227 -8.896078
v -0.180163 -0.696332 -8.896078
v -0.120744 -0.695655 -8.896076
v -0.060889 -0.695225 -8.896076
v -0.408935 -0.705723 -8.329725
v -0.408935 -0.705921 -8.129526
v -0.408935 -0.706064 -7.886477
v -0.408935 -0.706160 -7.596352
v -0.408935 -0.706216 -7.254915
v -0.408935 -0.706244 -6.857944
v -0.408935 -0.706255 -6.401205
v -0.353532 -0.704343 -8.329725
v -0.353532 -0.704542 -8.129526
v -0.353532 -0.704684 -7.886477
v -0.353532 -0.704779 -7.596352
v -0.353532 -0.704836 -7.254915
v -0.353532 -0.704865 -6.857944
v -0.353532 -0.704875 -6.401205
v -0.296784 -0.703097 -8.329725
v -0.296784 -0.703296 -8.129526
v -0.296784 -0.703439 -7.886477
v -0.296784 -0.703533 -7.596352
v -0.296784 -0.703590 -7.254915
v -0.296784 -0.703619 -6.857944
v -0.296784 -0.703629 -6.401205
v -0.238919 -0.702013 -8.329723
v -0.238919 -0.702211 -8.129526
v -0.238919 -0.702354 -7.886477
v -0.238919 -0.702449 -7.596352
v -0.238919 -0.702506 -7.254915
v -0.238919 -0.702535 -6.857944
v -0.238919 -0.702544 -6.401205
v -0.180163 -0.701118 -8.329723
v -0.180163 -0.701318 -8.129526
v -0.180163 -0.701460 -7.886477
v -0.180163 -0.701554 -7.596352
v -0.180163 -0.701612 -7.254915
v -0.180163 -0.701640 -6.857944
v -0.180163 -0.701651 -6.401205
v -0.120744 -0.700442 -8.329723
v -0.120744 -0.700641 -8.129526
v -0.120744 -0.700784 -7.886477
v -0.120744 -0.700879 -7.596350
v -0.120744 -0.700935 -7.254915
v -0.120744 -0.700964 -6.857944
v -0.120744 -0.700974 -6.401205
v -0.060889 -0.700011 -8.329723
v -0.060889 -0.700210 -8.129526
v -0.060889 -0.700353 -7.886477
v -0.060889 -0.700447 -7.596350
v -0.060889 -0.700504 -7.254915
v -0.060889 -0.700533 -6.857944
v -0.060889 -0.700542 -6.401205
v -0.514794 -0.708773 -8.329725
v -0.564796 -0.710387 -8.329725
v -0.612543 -0.712023 -8.329725
v -0.657808 -0.713655 -8.329725
v -0.700362 -0.715251 -8.329725
v -0.739979 -0.716786 -8.329725
v -0.776432 -0.718232 -8.329725
v -0.514794 -0.708972 -8.129526
v -0.564796 -0.710587 -8.129526
v -0.612543 -0.712223 -8.129526
v -0.657808 -0.713854 -8.129528
v -0.700362 -0.715451 -8.129528
v -0.739979 -0.716987 -8.129528
v -0.776432 -0.718432 -8.129528
v -0.514794 -0.709115 -7.886479
v -0.564796 -0.710729 -7.886479
v -0.612543 -0.712366 -7.886479
v -0.657808 -0.713996 -7.886479
v -0.700362 -0.715593 -7.886479
v -0.739979 -0.717129 -7.886479
v -0.776432 -0.718575 -7.886479
v -0.514794 -0.709209 -7.596352
v -0.564796 -0.710824 -7.596352
v -0.612543 -0.712461 -7.596352
v -0.657808 -0.714090 -7.596352
v -0.700362 -0.715688 -7.596352
v -0.739979 -0.717224 -7.596352
v -0.776432 -0.718670 -7.596352
v -0.514794 -0.709267 -7.254915
v -0.564796 -0.710880 -7.254915
v -0.612543 -0.712518 -7.254915
v -0.657808 -0.714148 -7.254915
v -0.700362 -0.715745 -7.254915
v -0.739979 -0.717281 -7.254915
v -0.776432 -0.718727 -7.254915
v -0.514794 -0.709295 -6.857944
v -0.564796 -0.710909 -6.857944
v -0.612543 -0.712546 -6.857944
v -0.657808 -0.714176 -6.857944
v -0.700362 -0.715774 -6.857944
v -0.739979 -0.717309 -6.857944
v -0.776432 -0.718756 -6.857944
v -0.514794 -0.709304 -6.401205
v -0.564796 -0.710919 -6.401205
v -0.612543 -0.712555 -6.401205
v -0.657808 -0.714187 -6.401205
v -0.700362 -0.715784 -6.401205
v -0.739979 -0.717319 -6.401205
v -0.776432 -0.718764 -6.401205
v -0.514794 -0.708165 -8.618481
v -0.514794 -0.707738 -8.715494
v -0.514794 -0.707216 -8.786572
v -0.514794 -0.706589 -8.835941
v -0.514794 -0.705848 -8.867828
v -0.514794 -0.704984 -8.886465
v -0.514794 -0.703987 -8.896078
v -0.564796 -0.709779 -8.618481
v -0.564796 -0.709352 -8.715494
v -0.564796 -0.708830 -8.786572
v -0.564796 -0.708202 -8.835939
v -0.564796 -0.707462 -8.867828
v -0.564796 -0.706598 -8.886465
v -0.564796 -0.705601 -8.896078
v -0.612543 -0.711415 -8.618481
v -0.612543 -0.710988 -8.715496
v -0.612543 -0.710466 -8.786572
v -0.612543 -0.709839 -8.835941
v -0.612543 -0.709099 -8.867828
v -0.612543 -0.708234 -8.886465
v -0.612543 -0.707236 -8.896078
v -0.657808 -0.713046 -8.618481
v -0.657808 -0.712619 -8.715496
v -0.657808 -0.712097 -8.786572
v -0.657808 -0.711470 -8.835939
v -0.657808 -0.710729 -8.867830
v -0.657808 -0.709866 -8.886465
v -0.657808 -0.708868 -8.896078
v -0.700362 -0.714643 -8.618481
v -0.700362 -0.714216 -8.715496
v -0.700362 -0.713695 -8.786572
v -0.700362 -0.713067 -8.835941
v -0.700362 -0.712326 -8.867830
v -0.700362 -0.711462 -8.886465
v -0.700362 -0.710465 -8.896078
v -0.739979 -0.716179 -8.618481
v -0.739979 -0.715752 -8.715496
v -0.739979 -0.715229 -8.786572
v -0.739979 -0.714602 -8.835941
v -0.739979 -0.713862 -8.867830
v -0.739979 -0.712997 -8.886465
v -0.739979 -0.712000 -8.896078
v -0.776432 -0.717625 -8.618481
v -0.776432 -0.717197 -8.715496
v -0.776432 -0.716675 -8.786572
v -0.776432 -0.716048 -8.835941
v -0.776432 -0.715308 -8.867830
v -0.776432 -0.714443 -8.886465
v -0.776432 -0.713446 -8.896078
v -0.462765 -0.461549 -8.491297
v -0.462765 -0.462629 -8.618475
v -0.462765 -0.463981 -8.715490
v -0.462765 -0.465632 -8.786570
v -0.462765 -0.467614 -8.835938
v -0.462765 -0.469956 -8.867825
v -0.462765 -0.472689 -8.886459
v -0.462765 -0.475842 -8.896074
v -0.514794 -0.463113 -8.491297
v -0.564796 -0.464726 -8.491297
v -0.612543 -0.466363 -8.491297
v -0.657808 -0.467994 -8.491297
v -0.700363 -0.469591 -8.491297
v -0.739980 -0.471127 -8.491297
v -0.776432 -0.472572 -8.491297
v -0.462765 -0.460708 -8.329723
v -0.462765 -0.460077 -8.129524
v -0.462765 -0.459627 -7.886477
v -0.462765 -0.459327 -7.596349
v -0.462765 -0.459146 -7.254912
v -0.462765 -0.459056 -6.857941
v -0.462765 -0.459026 -6.401202
v -0.408935 -0.460062 -8.491297
v -0.353532 -0.458682 -8.491297
v -0.296784 -0.457437 -8.491297
v -0.238919 -0.456352 -8.491295
v -0.180163 -0.455458 -8.491297
v -0.120744 -0.454782 -8.491295
v -0.060889 -0.454350 -8.491295
v -0.408935 -0.461143 -8.618475
v -0.408935 -0.462495 -8.715492
v -0.408935 -0.464147 -8.786570
v -0.408935 -0.466128 -8.835938
v -0.408935 -0.468471 -8.867825
v -0.408935 -0.471203 -8.886459
v -0.408935 -0.474356 -8.896074
v -0.353532 -0.459764 -8.618475
v -0.353532 -0.461115 -8.715490
v -0.353532 -0.462767 -8.786570
v -0.353532 -0.464748 -8.835936
v -0.353532 -0.467090 -8.867825
v -0.353532 -0.469823 -8.886461
v -0.353532 -0.472976 -8.896074
v -0.296784 -0.458518 -8.618475
v -0.296784 -0.459869 -8.715490
v -0.296784 -0.461520 -8.786570
v -0.296784 -0.463502 -8.835936
v -0.296784 -0.465844 -8.867825
v -0.296784 -0.468577 -8.886459
v -0.296784 -0.471729 -8.896074
v -0.238919 -0.457434 -8.618475
v -0.238919 -0.458785 -8.715490
v -0.238919 -0.460436 -8.786570
v -0.238919 -0.462418 -8.835936
v -0.238919 -0.464760 -8.867823
v -0.238919 -0.467493 -8.886459
v -0.238919 -0.470646 -8.896072
v -0.180163 -0.456539 -8.618475
v -0.180163 -0.457891 -8.715490
v -0.180163 -0.459541 -8.786570
v -0.180163 -0.461523 -8.835936
v -0.180163 -0.463865 -8.867823
v -0.180163 -0.466599 -8.886459
v -0.180163 -0.469751 -8.896072
v -0.120744 -0.455862 -8.618475
v -0.120744 -0.457213 -8.715490
v -0.120744 -0.458865 -8.786570
v -0.120744 -0.460847 -8.835936
v -0.120744 -0.463189 -8.867823
v -0.120744 -0.465921 -8.886459
v -0.120744 -0.469074 -8.896072
v -0.060889 -0.455432 -8.618475
v -0.060889 -0.456783 -8.715490
v -0.060889 -0.458435 -8.786568
v -0.060889 -0.460417 -8.835936
v -0.060889 -0.462759 -8.867823
v -0.060889 -0.465491 -8.886459
v -0.060889 -0.468644 -8.896072
v -0.514794 -0.464193 -8.618477
v -0.564796 -0.465808 -8.618477
v -0.612543 -0.467444 -8.618477
v -0.657808 -0.469075 -8.618477
v -0.700362 -0.470672 -8.618477
v -0.739980 -0.472208 -8.618479
v -0.776432 -0.473654 -8.618479
v -0.514794 -0.465545 -8.715492
v -0.564796 -0.467159 -8.715492
v -0.612543 -0.468796 -8.715492
v -0.657808 -0.470427 -8.715492
v -0.700362 -0.472023 -8.715492
v -0.739980 -0.473559 -8.715492
v -0.776432 -0.475005 -8.715492
v -0.514794 -0.467196 -8.786570
v -0.564796 -0.468811 -8.786570
v -0.612543 -0.470448 -8.786570
v -0.657808 -0.472078 -8.786570
v -0.700362 -0.473675 -8.786570
v -0.739980 -0.475210 -8.786570
v -0.776432 -0.476656 -8.786570
v -0.514794 -0.469178 -8.835938
v -0.564796 -0.470792 -8.835938
v -0.612543 -0.472429 -8.835938
v -0.657808 -0.474059 -8.835938
v -0.700362 -0.475657 -8.835938
v -0.739980 -0.477192 -8.835938
v -0.776432 -0.478638 -8.835939
v -0.514794 -0.471520 -8.867825
v -0.564796 -0.473134 -8.867826
v -0.612543 -0.474771 -8.867825
v -0.657808 -0.476401 -8.867826
v -0.700362 -0.477999 -8.867826
v -0.739980 -0.479534 -8.867826
v -0.776432 -0.480980 -8.867826
v -0.514794 -0.474253 -8.886461
v -0.564796 -0.475867 -8.886463
v -0.612543 -0.477504 -8.886463
v -0.657808 -0.479135 -8.886463
v -0.700362 -0.480731 -8.886463
v -0.739980 -0.482267 -8.886463
v -0.776432 -0.483713 -8.886463
v -0.514794 -0.477406 -8.896074
v -0.564796 -0.479020 -8.896074
v -0.612543 -0.480657 -8.896074
v -0.657808 -0.482287 -8.896074
v -0.700362 -0.483884 -8.896074
v -0.739980 -0.485419 -8.896074
v -0.776432 -0.486866 -8.896074
v -0.514794 -0.462272 -8.329723
v -0.514794 -0.461641 -8.129524
v -0.514794 -0.461191 -7.886477
v -0.514794 -0.460891 -7.596349
v -0.514794 -0.460711 -7.254912
v -0.514794 -0.460620 -6.857941
v -0.514794 -0.460590 -6.401204
v -0.564796 -0.463886 -8.329723
v -0.564796 -0.463255 -8.129524
v -0.564797 -0.462805 -7.886477
v -0.564797 -0.462505 -7.596349
v -0.564797 -0.462325 -7.254912
v -0.564797 -0.462234 -6.857941
v -0.564797 -0.462205 -6.401204
v -0.612543 -0.465523 -8.329723
v -0.612543 -0.464892 -8.129524
v -0.612544 -0.464442 -7.886477
v -0.612544 -0.464141 -7.596349
v -0.612544 -0.463962 -7.254912
v -0.612544 -0.463871 -6.857941
v -0.612544 -0.463840 -6.401204
v -0.657808 -0.467154 -8.329723
v -0.657808 -0.466522 -8.129524
v -0.657808 -0.466072 -7.886477
v -0.657808 -0.465773 -7.596349
v -0.657808 -0.465592 -7.254912
v -0.657808 -0.465502 -6.857941
v -0.657808 -0.465472 -6.401204
v -0.700363 -0.468751 -8.329723
v -0.700363 -0.468120 -8.129524
v -0.700363 -0.467669 -7.886477
v -0.700363 -0.467369 -7.596349
v -0.700363 -0.467189 -7.254912
v -0.700363 -0.467099 -6.857941
v -0.700363 -0.467069 -6.401204
v -0.739980 -0.470285 -8.329723
v -0.739980 -0.469655 -8.129526
v -0.739980 -0.469205 -7.886477
v -0.739980 -0.468904 -7.596349
v -0.739980 -0.468724 -7.254912
v -0.739980 -0.468634 -6.857941
v -0.739980 -0.468604 -6.401205
v -0.776432 -0.471731 -8.329723
v -0.776432 -0.471101 -8.129526
v -0.776432 -0.470651 -7.886477
v -0.776432 -0.470350 -7.596349
v -0.776432 -0.470170 -7.254912
v -0.776432 -0.470080 -6.857941
v -0.776432 -0.470050 -6.401205
v -0.408935 -0.459222 -8.329723
v -0.353532 -0.457842 -8.329721
v -0.296784 -0.456595 -8.329720
v -0.238919 -0.455511 -8.329720
v -0.180163 -0.454618 -8.329720
v -0.120744 -0.453941 -8.329720
v -0.060890 -0.453510 -8.329720
v -0.408935 -0.458591 -8.129524
v -0.353532 -0.457211 -8.129524
v -0.296784 -0.455965 -8.129522
v -0.238919 -0.454881 -8.129522
v -0.180163 -0.453986 -8.129522
v -0.120744 -0.453310 -8.129522
v -0.060890 -0.452880 -8.129522
v -0.408935 -0.458140 -7.886477
v -0.353532 -0.456760 -7.886477
v -0.296784 -0.455515 -7.886475
v -0.238919 -0.454431 -7.886475
v -0.180163 -0.453536 -7.886475
v -0.120744 -0.452860 -7.886475
v -0.060890 -0.452429 -7.886474
v -0.408935 -0.457840 -7.596349
v -0.353532 -0.456461 -7.596349
v -0.296784 -0.455215 -7.596347
v -0.238919 -0.454130 -7.596347
v -0.180163 -0.453237 -7.596347
v -0.120744 -0.452559 -7.596347
v -0.060890 -0.452128 -7.596347
v -0.408935 -0.457660 -7.254912
v -0.353532 -0.456281 -7.254912
v -0.296784 -0.455034 -7.254912
v -0.238919 -0.453950 -7.254912
v -0.180163 -0.453056 -7.254912
v -0.120744 -0.452379 -7.254912
v -0.060890 -0.451948 -7.254912
v -0.408935 -0.457570 -6.857941
v -0.353532 -0.456190 -6.857941
v -0.296784 -0.454944 -6.857941
v -0.238919 -0.453860 -6.857941
v -0.180163 -0.452966 -6.857941
v -0.120744 -0.452290 -6.857939
v -0.060890 -0.451859 -6.857939
v -0.408935 -0.457540 -6.401204
v -0.353532 -0.456160 -6.401202
v -0.296784 -0.454914 -6.401204
v -0.238919 -0.453830 -6.401202
v -0.180163 -0.452935 -6.401204
v -0.120744 -0.452259 -6.401202
v -0.060890 -0.451828 -6.401202
v 0.460273 -0.706851 -8.491299
v 0.512147 -0.708405 -8.491297
v 0.561999 -0.710011 -8.491299
v 0.609604 -0.711642 -8.491297
v 0.654742 -0.713265 -8.491297
v 0.697190 -0.714859 -8.491297
v 0.736724 -0.716391 -8.491297
v 0.773123 -0.717834 -8.491297
v 0.460273 -0.707117 -8.329723
v 0.460273 -0.707315 -8.129526
v 0.460273 -0.707458 -7.886477
v 0.460273 -0.707554 -7.596350
v 0.460273 -0.707610 -7.254915
v 0.460273 -0.707639 -6.857941
v 0.460273 -0.707648 -6.401205
v 0.406599 -0.705375 -8.491297
v 0.351347 -0.704004 -8.491297
v 0.294741 -0.702770 -8.491297
v 0.237002 -0.701697 -8.491297
v 0.178353 -0.700815 -8.491297
v 0.119017 -0.700150 -8.491297
v 0.059216 -0.699732 -8.491297
v 0.460273 -0.706510 -8.618479
v 0.460273 -0.706082 -8.715492
v 0.460273 -0.705559 -8.786570
v 0.460273 -0.704933 -8.835939
v 0.460273 -0.704191 -8.867826
v 0.460273 -0.703328 -8.886463
v 0.460273 -0.702331 -8.896074
v 0.512147 -0.708064 -8.618479
v 0.561999 -0.709670 -8.618479
v 0.609604 -0.711299 -8.618479
v 0.654742 -0.712924 -8.618479
v 0.697190 -0.714516 -8.618479
v 0.736724 -0.716048 -8.618479
v 0.773123 -0.717492 -8.618479
v 0.512147 -0.707637 -8.715492
v 0.561999 -0.709243 -8.715492
v 0.609604 -0.710872 -8.715492
v 0.654742 -0.712497 -8.715492
v 0.697190 -0.714088 -8.715492
v 0.736724 -0.715621 -8.715492
v 0.773123 -0.717065 -8.715492
v 0.512147 -0.707115 -8.786570
v 0.561999 -0.708721 -8.786570
v 0.609604 -0.710350 -8.786570
v 0.654742 -0.711975 -8.786570
v 0.697190 -0.713567 -8.786570
v 0.736724 -0.715098 -8.786570
v 0.773123 -0.716541 -8.786570
v 0.512147 -0.706488 -8.835939
v 0.561999 -0.708094 -8.835939
v 0.609604 -0.709723 -8.835939
v 0.654742 -0.711348 -8.835939
v 0.697190 -0.712939 -8.835939
v 0.736724 -0.714472 -8.835939
v 0.773123 -0.715916 -8.835939
v 0.512147 -0.705747 -8.867826
v 0.561999 -0.707353 -8.867826
v 0.609604 -0.708982 -8.867826
v 0.654742 -0.710608 -8.867826
v 0.697190 -0.712199 -8.867826
v 0.736724 -0.713732 -8.867826
v 0.773123 -0.715175 -8.867826
v 0.512147 -0.704883 -8.886463
v 0.561999 -0.706489 -8.886463
v 0.609605 -0.708117 -8.886463
v 0.654743 -0.709743 -8.886463
v 0.697190 -0.711335 -8.886463
v 0.736724 -0.712867 -8.886463
v 0.773123 -0.714311 -8.886463
v 0.512147 -0.703886 -8.896074
v 0.561999 -0.705492 -8.896074
v 0.609605 -0.707121 -8.896074
v 0.654743 -0.708746 -8.896074
v 0.697190 -0.710338 -8.896074
v 0.736724 -0.711869 -8.896074
v 0.773123 -0.713313 -8.896074
v 0.512147 -0.708672 -8.329723
v 0.512147 -0.708872 -8.129526
v 0.512147 -0.709014 -7.886477
v 0.512147 -0.709108 -7.596350
v 0.512147 -0.709166 -7.254915
v 0.512147 -0.709194 -6.857944
v 0.512147 -0.709205 -6.401205
v 0.561999 -0.710278 -8.329723
v 0.561999 -0.710478 -8.129526
v 0.561999 -0.710620 -7.886477
v 0.561999 -0.710714 -7.596349
v 0.561999 -0.710772 -7.254914
v 0.561999 -0.710800 -6.857943
v 0.561999 -0.710811 -6.401205
v 0.609604 -0.711908 -8.329723
v 0.609604 -0.712107 -8.129526
v 0.609604 -0.712250 -7.886477
v 0.609604 -0.712344 -7.596349
v 0.609604 -0.712401 -7.254912
v 0.609604 -0.712430 -6.857941
v 0.609604 -0.712440 -6.401205
v 0.654742 -0.713531 -8.329723
v 0.654742 -0.713732 -8.129526
v 0.654742 -0.713875 -7.886477
v 0.654742 -0.713969 -7.596349
v 0.654742 -0.714025 -7.254912
v 0.654742 -0.714054 -6.857941
v 0.654742 -0.714065 -6.401204
v 0.697190 -0.715124 -8.329723
v 0.697190 -0.715323 -8.129526
v 0.697190 -0.715466 -7.886477
v 0.697190 -0.715561 -7.596349
v 0.697190 -0.715618 -7.254912
v 0.697190 -0.715647 -6.857941
v 0.697190 -0.715656 -6.401204
v 0.736724 -0.716656 -8.329723
v 0.736724 -0.716856 -8.129526
v 0.736724 -0.716998 -7.886477
v 0.736724 -0.717093 -7.596349
v 0.736724 -0.717151 -7.254912
v 0.736724 -0.717179 -6.857941
v 0.736724 -0.717188 -6.401204
v 0.773123 -0.718100 -8.329723
v 0.773123 -0.718300 -8.129526
v 0.773123 -0.718441 -7.886477
v 0.773123 -0.718536 -7.596349
v 0.773123 -0.718594 -7.254912
v 0.773123 -0.718622 -6.857941
v 0.773123 -0.718632 -6.401204
v 0.406599 -0.705641 -8.329723
v 0.351347 -0.704270 -8.329723
v 0.294741 -0.703035 -8.329723
v 0.237002 -0.701963 -8.329723
v 0.178353 -0.701081 -8.329723
v 0.119017 -0.700417 -8.329723
v 0.059216 -0.699998 -8.329723
v 0.406599 -0.705840 -8.129526
v 0.351347 -0.704471 -8.129526
v 0.294741 -0.703236 -8.129526
v 0.237002 -0.702164 -8.129526
v 0.178353 -0.701280 -8.129526
v 0.119017 -0.700617 -8.129526
v 0.059216 -0.700198 -8.129526
v 0.406599 -0.705982 -7.886477
v 0.351347 -0.704614 -7.886477
v 0.294741 -0.703379 -7.886477
v 0.237002 -0.702305 -7.886477
v 0.178353 -0.701423 -7.886477
v 0.119017 -0.700758 -7.886477
v 0.059216 -0.700341 -7.886477
v 0.406599 -0.706078 -7.596349
v 0.351347 -0.704708 -7.596349
v 0.294741 -0.703473 -7.596349
v 0.237002 -0.702400 -7.596349
v 0.178353 -0.701517 -7.596349
v 0.119017 -0.700854 -7.596349
v 0.059216 -0.700436 -7.596349
v 0.406599 -0.706135 -7.254914
v 0.351347 -0.704764 -7.254914
v 0.294741 -0.703530 -7.254914
v 0.237002 -0.702457 -7.254914
v 0.178353 -0.701574 -7.254914
v 0.119017 -0.700911 -7.254914
v 0.059216 -0.700493 -7.254914
v 0.406599 -0.706163 -6.857941
v 0.351347 -0.704793 -6.857941
v 0.294741 -0.703559 -6.857941
v 0.237002 -0.702485 -6.857941
v 0.178353 -0.701603 -6.857941
v 0.119017 -0.700939 -6.857941
v 0.059216 -0.700521 -6.857941
v 0.406599 -0.706172 -6.401205
v 0.351347 -0.704803 -6.401205
v 0.294741 -0.703568 -6.401205
v 0.237002 -0.702496 -6.401205
v 0.178353 -0.701613 -6.401205
v 0.119017 -0.700949 -6.401205
v 0.059216 -0.700531 -6.401205
v 0.406599 -0.705033 -8.618479
v 0.406599 -0.704605 -8.715492
v 0.406599 -0.704082 -8.786570
v 0.406599 -0.703456 -8.835939
v 0.406599 -0.702716 -8.867826
v 0.406599 -0.701851 -8.886463
v 0.406599 -0.700854 -8.896074
v 0.351347 -0.703663 -8.618479
v 0.351347 -0.703236 -8.715492
v 0.351347 -0.702714 -8.786570
v 0.351347 -0.702086 -8.835939
v 0.351347 -0.701346 -8.867826
v 0.351347 -0.700481 -8.886463
v 0.351347 -0.699485 -8.896074
v 0.294741 -0.702428 -8.618479
v 0.294741 -0.702001 -8.715492
v 0.294741 -0.701479 -8.786570
v 0.294741 -0.700851 -8.835939
v 0.294741 -0.700111 -8.867826
v 0.294741 -0.699246 -8.886463
v 0.294741 -0.698250 -8.896074
v 0.237002 -0.701356 -8.618479
v 0.237002 -0.700929 -8.715492
v 0.237002 -0.700406 -8.786570
v 0.237002 -0.699780 -8.835939
v 0.237002 -0.699039 -8.867826
v 0.237002 -0.698174 -8.886465
v 0.237002 -0.697177 -8.896074
v 0.178353 -0.700474 -8.618479
v 0.178353 -0.700047 -8.715492
v 0.178353 -0.699523 -8.786572
v 0.178353 -0.698897 -8.835939
v 0.178353 -0.698155 -8.867828
v 0.178353 -0.697292 -8.886463
v 0.178353 -0.696295 -8.896074
v 0.119017 -0.699809 -8.618479
v 0.119017 -0.699382 -8.715492
v 0.119017 -0.698860 -8.786572
v 0.119017 -0.698233 -8.835939
v 0.119017 -0.697493 -8.867828
v 0.119017 -0.696628 -8.886465
v 0.119017 -0.695630 -8.896074
v 0.059216 -0.699390 -8.618479
v 0.059216 -0.698963 -8.715492
v 0.059216 -0.698442 -8.786572
v 0.059216 -0.697814 -8.835939
v 0.059216 -0.697074 -8.867828
v 0.059216 -0.696209 -8.886463
v 0.059216 -0.695212 -8.896074
v 0.460273 -0.461456 -8.491293
v 0.460273 -0.462538 -8.618473
v 0.460273 -0.463889 -8.715488
v 0.460273 -0.465541 -8.786566
v 0.460273 -0.467523 -8.835936
v 0.460273 -0.469865 -8.867823
v 0.460273 -0.472597 -8.886459
v 0.460273 -0.475750 -8.896072
v 0.406599 -0.459980 -8.491293
v 0.351347 -0.458611 -8.491293
v 0.294741 -0.457376 -8.491293
v 0.237002 -0.456304 -8.491293
v 0.178353 -0.455420 -8.491293
v 0.119016 -0.454757 -8.491293
v 0.059216 -0.454338 -8.491293
v 0.460273 -0.460616 -8.329720
v 0.460273 -0.459986 -8.129522
v 0.460273 -0.459535 -7.886474
v 0.460273 -0.459234 -7.596346
v 0.460273 -0.459054 -7.254910
v 0.460273 -0.458964 -6.857938
v 0.460273 -0.458935 -6.401200
v 0.512147 -0.463012 -8.491293
v 0.561999 -0.464618 -8.491293
v 0.609604 -0.466248 -8.491293
v 0.654742 -0.467872 -8.491293
v 0.697190 -0.469464 -8.491293
v 0.736724 -0.470996 -8.491293
v 0.773123 -0.472440 -8.491293
v 0.512147 -0.464093 -8.618473
v 0.512147 -0.465444 -8.715488
v 0.512147 -0.467095 -8.786566
v 0.512147 -0.469077 -8.835934
v 0.512147 -0.471419 -8.867823
v 0.512147 -0.474152 -8.886459
v 0.512147 -0.477304 -8.896072
v 0.561999 -0.465699 -8.618473
v 0.561999 -0.467050 -8.715488
v 0.561999 -0.468701 -8.786566
v 0.561999 -0.470683 -8.835936
v 0.561999 -0.473025 -8.867823
v 0.561999 -0.475758 -8.886459
v 0.561999 -0.478910 -8.896072
v 0.609604 -0.467328 -8.618473
v 0.609605 -0.468679 -8.715488
v 0.609605 -0.470331 -8.786566
v 0.609605 -0.472313 -8.835934
v 0.609605 -0.474655 -8.867823
v 0.609605 -0.477387 -8.886459
v 0.609605 -0.480540 -8.896072
v 0.654742 -0.468952 -8.618473
v 0.654743 -0.470304 -8.715488
v 0.654743 -0.471955 -8.786566
v 0.654743 -0.473938 -8.835936
v 0.654743 -0.476279 -8.867823
v 0.654743 -0.479012 -8.886459
v 0.654743 -0.482165 -8.896072
v 0.697190 -0.470545 -8.618473
v 0.697190 -0.471896 -8.715488
v 0.697190 -0.473548 -8.786566
v 0.697190 -0.475530 -8.835934
v 0.697190 -0.477872 -8.867823
v 0.697190 -0.480604 -8.886459
v 0.697190 -0.483757 -8.896072
v 0.736724 -0.472077 -8.618473
v 0.736724 -0.473429 -8.715488
v 0.736724 -0.475080 -8.786566
v 0.736724 -0.477061 -8.835934
v 0.736724 -0.479403 -8.867823
v 0.736724 -0.482137 -8.886459
v 0.736724 -0.485289 -8.896072
v 0.773123 -0.473520 -8.618473
v 0.773123 -0.474872 -8.715488
v 0.773123 -0.476523 -8.786566
v 0.773123 -0.478505 -8.835934
v 0.773123 -0.480847 -8.867823
v 0.773123 -0.483580 -8.886457
v 0.773123 -0.486732 -8.896072
v 0.406599 -0.461061 -8.618473
v 0.351347 -0.459692 -8.618473
v 0.294741 -0.458457 -8.618475
v 0.237002 -0.457384 -8.618475
v 0.178353 -0.456502 -8.618475
v 0.119016 -0.455837 -8.618475
v 0.059216 -0.455419 -8.618475
v 0.406599 -0.462413 -8.715488
v 0.351347 -0.461043 -8.715488
v 0.294741 -0.459808 -8.715488
v 0.237002 -0.458735 -8.715488
v 0.178353 -0.457853 -8.715488
v 0.119017 -0.457189 -8.715488
v 0.059216 -0.456770 -8.715488
v 0.406599 -0.464064 -8.786566
v 0.351347 -0.462694 -8.786566
v 0.294741 -0.461460 -8.786566
v 0.237002 -0.460387 -8.786566
v 0.178353 -0.459505 -8.786566
v 0.119017 -0.458840 -8.786568
v 0.059216 -0.458422 -8.786568
v 0.406599 -0.466045 -8.835934
v 0.351347 -0.464676 -8.835936
v 0.294741 -0.463442 -8.835934
v 0.237002 -0.462369 -8.835936
v 0.178353 -0.461487 -8.835936
v 0.119017 -0.460822 -8.835936
v 0.059216 -0.460404 -8.835936
v 0.406599 -0.468388 -8.867823
v 0.351348 -0.467018 -8.867823
v 0.294741 -0.465784 -8.867823
v 0.237002 -0.464711 -8.867823
v 0.178353 -0.463829 -8.867823
v 0.119017 -0.463164 -8.867823
v 0.059216 -0.462746 -8.867823
v 0.406599 -0.471121 -8.886459
v 0.351348 -0.469751 -8.886459
v 0.294741 -0.468516 -8.886459
v 0.237002 -0.467443 -8.886459
v 0.178353 -0.466561 -8.886459
v 0.119017 -0.465897 -8.886459
v 0.059216 -0.465478 -8.886459
v 0.406599 -0.474274 -8.896072
v 0.351348 -0.472904 -8.896072
v 0.294741 -0.471669 -8.896072
v 0.237002 -0.470596 -8.896072
v 0.178353 -0.469714 -8.896072
v 0.119017 -0.469049 -8.896072
v 0.059216 -0.468632 -8.896072
v 0.406599 -0.459140 -8.329720
v 0.406599 -0.458508 -8.129522
v 0.406599 -0.458058 -7.886474
v 0.406599 -0.457759 -7.596346
v 0.406599 -0.457579 -7.254910
v 0.406599 -0.457488 -6.857938
v 0.406599 -0.457458 -6.401200
v 0.351347 -0.457770 -8.329720
v 0.351347 -0.457139 -8.129522
v 0.351347 -0.456689 -7.886474
v 0.351347 -0.456388 -7.596346
v 0.351347 -0.456208 -7.254910
v 0.351347 -0.456119 -6.857938
v 0.351347 -0.456089 -6.401200
v 0.294741 -0.456535 -8.329720
v 0.294741 -0.455905 -8.129522
v 0.294741 -0.455454 -7.886474
v 0.294741 -0.455153 -7.596346
v 0.294741 -0.454973 -7.254910
v 0.294741 -0.454884 -6.857938
v 0.294741 -0.454853 -6.401200
v 0.237002 -0.455462 -8.329720
v 0.237002 -0.454832 -8.129522
v 0.237002 -0.454381 -7.886474
v 0.237001 -0.454081 -7.596346
v 0.237001 -0.453900 -7.254910
v 0.237001 -0.453811 -6.857938
v 0.237001 -0.453781 -6.401202
v 0.178353 -0.454580 -8.329720
v 0.178353 -0.453950 -8.129522
v 0.178353 -0.453499 -7.886474
v 0.178353 -0.453198 -7.596347
v 0.178353 -0.453018 -7.254910
v 0.178353 -0.452929 -6.857938
v 0.178352 -0.452898 -6.401202
v 0.119016 -0.453916 -8.329720
v 0.119016 -0.453285 -8.129522
v 0.119016 -0.452835 -7.886474
v 0.119016 -0.452535 -7.596347
v 0.119016 -0.452354 -7.254911
v 0.119016 -0.452265 -6.857938
v 0.119016 -0.452234 -6.401202
v 0.059216 -0.453498 -8.329720
v 0.059216 -0.452867 -8.129522
v 0.059216 -0.452416 -7.886474
v 0.059216 -0.452116 -7.596347
v 0.059216 -0.451936 -7.254911
v 0.059216 -0.451846 -6.857939
v 0.059216 -0.451817 -6.401202
v 0.512147 -0.462171 -8.329720
v 0.561999 -0.463778 -8.329720
v 0.609604 -0.465406 -8.329718
v 0.654742 -0.467031 -8.329718
v 0.697190 -0.468623 -8.329718
v 0.736724 -0.470155 -8.329720
v 0.773123 -0.471599 -8.329718
v 0.512147 -0.461540 -8.129522
v 0.561999 -0.463146 -8.129522
v 0.609604 -0.464776 -8.129522
v 0.654742 -0.466400 -8.129522
v 0.697190 -0.467993 -8.129522
v 0.736724 -0.469524 -8.129522
v 0.773123 -0.470968 -8.129522
v 0.512147 -0.461090 -7.886474
v 0.561998 -0.462696 -7.886474
v 0.609604 -0.464325 -7.886474
v 0.654742 -0.465950 -7.886474
v 0.697190 -0.467542 -7.886474
v 0.736724 -0.469074 -7.886474
v 0.773123 -0.470517 -7.886474
v 0.512147 -0.460790 -7.596346
v 0.561998 -0.462396 -7.596346
v 0.609604 -0.464025 -7.596346
v 0.654742 -0.465650 -7.596346
v 0.697190 -0.467242 -7.596346
v 0.736724 -0.468774 -7.596346
v 0.773123 -0.470218 -7.596346
v 0.512147 -0.460609 -7.254910
v 0.561998 -0.462215 -7.254908
v 0.609604 -0.463845 -7.254908
v 0.654742 -0.465469 -7.254908
v 0.697190 -0.467062 -7.254908
v 0.736724 -0.468594 -7.254908
v 0.773123 -0.470037 -7.254908
v 0.512147 -0.460519 -6.857938
v 0.561998 -0.462126 -6.857938
v 0.609604 -0.463756 -6.857938
v 0.654742 -0.465380 -6.857938
v 0.697190 -0.466972 -6.857938
v 0.736724 -0.468503 -6.857938
v 0.773123 -0.469948 -6.857938
v 0.512147 -0.460489 -6.401199
v 0.561998 -0.462096 -6.401199
v 0.609604 -0.463725 -6.401199
v 0.654742 -0.465350 -6.401199
v 0.697190 -0.466942 -6.401199
v 0.736724 -0.468473 -6.401199
v 0.773123 -0.469917 -6.401199
v -0.999248 -0.542280 0.023991
v -0.999248 -0.542280 0.851279
v -0.999248 -0.542280 1.669929
v -0.999248 -0.542280 2.471401
v -0.999248 -0.542280 3.247156
v -0.999248 -0.542280 3.988653
v -0.999248 -0.542280 4.687354
v -0.999248 -0.542280 5.334717
v -0.998926 -0.535909 0.023991
v -0.998523 -0.529742 0.023991
v -0.998031 -0.523819 0.023991
v -0.997440 -0.518178 0.023991
v -0.996742 -0.512858 0.023991
v -0.995927 -0.507897 0.023991
v -0.994987 -0.503334 0.023991
v -0.999248 -0.542280 -0.803394
v -0.999248 -0.542280 -1.622337
v -0.999248 -0.542280 -2.424299
v -0.999248 -0.542280 -3.200737
v -0.999248 -0.542280 -3.943114
v -0.999248 -0.542280 -4.642890
v -0.999248 -0.542280 -5.291524
v -0.999499 -0.548819 0.023991
v -0.999687 -0.555486 0.023991
v -0.999821 -0.562242 0.023991
v -0.999911 -0.569049 0.023991
v -0.999964 -0.575869 0.023991
v -0.999991 -0.582664 0.023991
v -1.000000 -0.589394 0.023991
v -0.999499 -0.548819 0.851279
v -0.999499 -0.548819 1.669929
v -0.999499 -0.548819 2.471401
v -0.999499 -0.548819 3.247156
v -0.999499 -0.548819 3.988653
v -0.999499 -0.548819 4.687354
v -0.999499 -0.548819 5.334717
v -0.999687 -0.555486 0.851279
v -0.999687 -0.555486 1.669929
v -0.999687 -0.555486 2.471401
v -0.999687 -0.555486 3.247156
v -0.999687 -0.555486 3.988653
v -0.999687 -0.555486 4.687354
v -0.999687 -0.555486 5.334717
v -0.999821 -0.562242 0.851279
v -0.999821 -0.562242 1.669929
v -0.999821 -0.562242 2.471401
v -0.999821 -0.562242 3.247156
v -0.999821 -0.562242 3.988653
v -0.999821 -0.562242 4.687354
v -0.999821 -0.562242 5.334717
v -0.999911 -0.569049 0.851279
v -0.999911 -0.569049 1.669929
v -0.999911 -0.569049 2.471401
v -0.999911 -0.569049 3.247156
v -0.999911 -0.569049 3.988653
v -0.999911 -0.569049 4.687354
v -0.999911 -0.569049 5.334717
v -0.999964 -0.575869 0.851279
v -0.999964 -0.575869 1.669929
v -0.999964 -0.575869 2.471401
v -0.999964 -0.575869 3.247156
v -0.999964 -0.575869 3.988653
v -0.999965 -0.575869 4.687354
v -0.999964 -0.575869 5.334717
v -0.999991 -0.582664 0.851279
v -0.999991 -0.582664 1.669929
v -0.999991 -0.582664 2.471401
v -0.999991 -0.582664 3.247156
v -0.999991 -0.582664 3.988653
v -0.999991 -0.582664 4.687354
v -0.999991 -0.582664 5.334717
v -1.000000 -0.589394 0.851279
v -1.000000 -0.589394 1.669929
v -1.000000 -0.589394 2.471401
v -1.000000 -0.589394 3.247156
v -1.000000 -0.589394 3.988653
v -1.000000 -0.589394 4.687354
v -1.000000 -0.589394 5.334717
v -0.998926 -0.535909 0.851279
v -0.998523 -0.529742 0.851279
v -0.998031 -0.523819 0.851279
v -0.997440 -0.518178 0.851279
v -0.996742 -0.512858 0.851279
v -0.995927 -0.507897 0.851279
v -0.994987 -0.503334 0.851279
v -0.998926 -0.535909 1.669929
v -0.998523 -0.529742 1.669929
v -0.998031 -0.523819 1.669929
v -0.997440 -0.518178 1.669929
v -0.996742 -0.512858 1.669929
v -0.995927 -0.507897 1.669929
v -0.994987 -0.503334 1.669929
v -0.998926 -0.535909 2.471401
v -0.998523 -0.529742 2.471401
v -0.998031 -0.523819 2.471401
v -0.997440 -0.518178 2.471401
v -0.996742 -0.512858 2.471401
v -0.995927 -0.507897 2.471401
v -0.994987 -0.503334 2.471401
v -0.998926 -0.535909 3.247156
v -0.998523 -0.529742 3.247156
v -0.998031 -0.523819 3.247156
v -0.997440 -0.518178 3.247156
v -0.996742 -0.512858 3.247156
v -0.995927 -0.507897 3.247156
v -0.994987 -0.503334 3.247156
v -0.998926 -0.535909 3.988653
v -0.998523 -0.529742 3.988653
v -0.998031 -0.523819 3.988653
v -0.997440 -0.518178 3.988653
v -0.996742 -0.512858 3.988653
v -0.995927 -0.507897 3.988653
v -0.994987 -0.503334 3.988653
v -0.998926 -0.535909 4.687354
v -0.998523 -0.529742 4.687354
v -0.998031 -0.523819 4.687354
v -0.997440 -0.518178 4.687354
v -0.996742 -0.512858 4.687354
v -0.995927 -0.507897 4.687354
v -0.994987 -0.503334 4.687354
v -0.998926 -0.535909 5.334717
v -0.998523 -0.529742 5.334717
v -0.998031 -0.523819 5.334717
v -0.997440 -0.518178 5.334717
v -0.996742 -0.512858 5.334716
v -0.995927 -0.507897 5.334716
v -0.994987 -0.503334 5.334716
v -0.998926 -0.535909 -0.803394
v -0.998926 -0.535909 -1.622337
v -0.998926 -0.535909 -2.424299
v -0.998926 -0.535909 -3.200737
v -0.998926 -0.535909 -3.943114
v -0.998926 -0.535909 -4.642890
v -0.998926 -0.535909 -5.291524
v -0.998523 -0.529742 -0.803394
v -0.998523 -0.529742 -1.622337
v -0.998523 -0.529742 -2.424299
v -0.998523 -0.529742 -3.200738
v -0.998523 -0.529742 -3.943115
v -0.998523 -0.529742 -4.642890
v -0.998523 -0.529742 -5.291523
v -0.998031 -0.523819 -0.803394
v -0.998031 -0.523819 -1.622337
v -0.998031 -0.523819 -2.424299
v -0.998031 -0.523819 -3.200737
v -0.998031 -0.523819 -3.943114
v -0.998031 -0.523819 -4.642890
v -0.998031 -0.523819 -5.291523
v -0.997440 -0.518178 -0.803394
v -0.997440 -0.518178 -1.622337
v -0.997440 -0.518178 -2.424299
v -0.997440 -0.518178 -3.200737
v -0.997440 -0.518178 -3.943114
v -0.997440 -0.518178 -4.642890
v -0.997440 -0.518178 -5.291523
v -0.996741 -0.512858 -0.803394
v -0.996741 -0.512858 -1.622337
v -0.996741 -0.512858 -2.424299
v -0.996741 -0.512858 -3.200737
v -0.996741 -0.512858 -3.943114
v -0.996741 -0.512858 -4.642890
v -0.996741 -0.512858 -5.291523
v -0.995927 -0.507897 -0.803394
v -0.995927 -0.507897 -1.622337
v -0.995927 -0.507897 -2.424299
v -0.995927 -0.507897 -3.200737
v -0.995927 -0.507897 -3.943114
v -0.995927 -0.507897 -4.642890
v -0.995927 -0.507897 -5.291523
v -0.994987 -0.503334 -0.803394
v -0.994987 -0.503334 -1.622337
v -0.994987 -0.503334 -2.424299
v -0.994987 -0.503334 -3.200737
v -0.994987 -0.503334 -3.943114
v -0.994987 -0.503334 -4.642890
v -0.994987 -0.503334 -5.291524
v -0.999499 -0.548819 -0.803394
v -0.999687 -0.555486 -0.803394
v -0.999821 -0.562242 -0.803394
v -0.999911 -0.569049 -0.803394
v -0.999964 -0.575869 -0.803394
v -0.999991 -0.582664 -0.803394
v -1.000000 -0.589394 -0.803394
v -0.999499 -0.548819 -1.622337
v -0.999687 -0.555486 -1.622337
v -0.999821 -0.562242 -1.622337
v -0.999910 -0.569049 -1.622337
v -0.999964 -0.575869 -1.622337
v -0.999991 -0.582664 -1.622337
v -1.000000 -0.589394 -1.622337
v -0.999499 -0.548819 -2.424299
v -0.999687 -0.555486 -2.424299
v -0.999821 -0.562242 -2.424299
v -0.999910 -0.569049 -2.424299
v -0.999964 -0.575869 -2.424299
v -0.999991 -0.582664 -2.424299
v -1.000000 -0.589394 -2.424299
v -0.999499 -0.548819 -3.200737
v -0.999687 -0.555486 -3.200737
v -0.999821 -0.562242 -3.200737
v -0.999910 -0.569049 -3.200738
v -0.999964 -0.575869 -3.200738
v -0.999991 -0.582664 -3.200738
v -1.000000 -0.589394 -3.200738
v -0.999499 -0.548819 -3.943114
v -0.999687 -0.555486 -3.943114
v -0.999821 -0.562242 -3.943114
v -0.999910 -0.569049 -3.943115
v -0.999964 -0.575869 -3.943115
v -0.999991 -0.582664 -3.943115
v -1.000000 -0.589394 -3.943115
v -0.999499 -0.548819 -4.642890
v -0.999687 -0.555486 -4.642890
v -0.999821 -0.562242 -4.642890
v -0.999910 -0.569049 -4.642890
v -0.999964 -0.575869 -4.642890
v -0.999991 -0.582664 -4.642890
v -1.000000 -0.589394 -4.642890
v -0.999499 -0.548819 -5.291523
v -0.999687 -0.555486 -5.291523
v -0.999821 -0.562242 -5.291523
v -0.999910 -0.569049 -5.291523
v -0.999964 -0.575869 -5.291523
v -0.999991 -0.582664 -5.291524
v -1.000000 -0.589394 -5.291524
v 0.998323 -0.542565 -8.490913
v 0.997970 -0.542688 -8.617931
v 0.997529 -0.542828 -8.714756
v 0.996991 -0.542972 -8.785622
v 0.996346 -0.543105 -8.834764
v 0.995583 -0.543221 -8.866425
v 0.994694 -0.543304 -8.884832
v 0.993670 -0.543343 -8.894226
v 0.997970 -0.536329 -8.490751
v 0.997529 -0.530323 -8.490564
v 0.996991 -0.524579 -8.490370
v 0.996346 -0.519127 -8.490181
v 0.995583 -0.513998 -8.490011
v 0.994694 -0.509227 -8.489870
v 0.993670 -0.504845 -8.489775
v 0.998597 -0.542468 -8.329464
v 0.998803 -0.542396 -8.129364
v 0.998950 -0.542344 -7.886382
v 0.999048 -0.542310 -7.596299
v 0.999107 -0.542290 -7.254891
v 0.999136 -0.542279 -6.857931
v 0.999146 -0.542276 -6.401199
v 0.998597 -0.548997 -8.491039
v 0.998803 -0.555583 -8.491135
v 0.998950 -0.562284 -8.491203
v 0.999048 -0.569054 -8.491249
v 0.999107 -0.575850 -8.491276
v 0.999136 -0.582633 -8.491289
v 0.999146 -0.589359 -8.491293
v 0.998240 -0.549074 -8.618113
v 0.997794 -0.549161 -8.715000
v 0.997248 -0.549249 -8.785934
v 0.996594 -0.549330 -8.835154
v 0.995822 -0.549397 -8.866890
v 0.994921 -0.549439 -8.885374
v 0.993882 -0.549451 -8.894842
v 0.998442 -0.555627 -8.618248
v 0.997992 -0.555675 -8.715183
v 0.997441 -0.555720 -8.786173
v 0.996781 -0.555761 -8.835447
v 0.996001 -0.555791 -8.867239
v 0.995091 -0.555803 -8.885780
v 0.994041 -0.555795 -8.895302
v 0.998587 -0.562302 -8.618345
v 0.998133 -0.562321 -8.715313
v 0.997579 -0.562338 -8.786341
v 0.996914 -0.562349 -8.835655
v 0.996128 -0.562352 -8.867489
v 0.995212 -0.562345 -8.886072
v 0.994154 -0.562320 -8.895632
v 0.998683 -0.569055 -8.618410
v 0.998228 -0.569056 -8.715401
v 0.997671 -0.569052 -8.786453
v 0.997003 -0.569044 -8.835794
v 0.996214 -0.569030 -8.867657
v 0.995293 -0.569007 -8.886267
v 0.994230 -0.568974 -8.895853
v 0.998741 -0.575843 -8.618448
v 0.998285 -0.575831 -8.715454
v 0.997726 -0.575816 -8.786522
v 0.997056 -0.575797 -8.835878
v 0.996265 -0.575772 -8.867756
v 0.995341 -0.575742 -8.886383
v 0.994275 -0.575702 -8.895985
v 0.998770 -0.582620 -8.618467
v 0.998313 -0.582603 -8.715481
v 0.997754 -0.582583 -8.786554
v 0.997083 -0.582559 -8.835920
v 0.996290 -0.582529 -8.867807
v 0.995365 -0.582493 -8.886440
v 0.994298 -0.582451 -8.896049
v 0.998780 -0.589345 -8.618475
v 0.998322 -0.589327 -8.715488
v 0.997763 -0.589304 -8.786566
v 0.997092 -0.589277 -8.835936
v 0.996299 -0.589246 -8.867823
v 0.995373 -0.589208 -8.886459
v 0.994306 -0.589166 -8.896072
v 0.997623 -0.536513 -8.617699
v 0.997190 -0.530576 -8.617435
v 0.996660 -0.524908 -8.617157
v 0.996026 -0.519539 -8.616884
v 0.995277 -0.514495 -8.616638
v 0.994403 -0.509807 -8.616438
v 0.993397 -0.505504 -8.616302
v 0.997190 -0.536719 -8.714439
v 0.996766 -0.530864 -8.714083
v 0.996248 -0.525287 -8.713705
v 0.995629 -0.520013 -8.713333
v 0.994898 -0.515073 -8.712992
v 0.994047 -0.510489 -8.712713
v 0.993066 -0.506288 -8.712523
v 0.996660 -0.536934 -8.785215
v 0.996248 -0.531163 -8.784750
v 0.995747 -0.525684 -8.784256
v 0.995148 -0.520522 -8.783766
v 0.994444 -0.515702 -8.783304
v 0.993624 -0.511246 -8.782921
v 0.992679 -0.507174 -8.782656
v 0.996026 -0.537138 -8.834263
v 0.995629 -0.531454 -8.833683
v 0.995148 -0.526077 -8.833061
v 0.994577 -0.521036 -8.832426
v 0.993910 -0.516356 -8.831818
v 0.993135 -0.512053 -8.831297
v 0.992239 -0.508141 -8.830933
v 0.995277 -0.537316 -8.865822
v 0.994898 -0.531712 -8.865124
v 0.994444 -0.526439 -8.864359
v 0.993910 -0.521526 -8.863562
v 0.993293 -0.517005 -8.862768
v 0.992578 -0.512882 -8.862074
v 0.991748 -0.509167 -8.861580
v 0.994404 -0.537451 -8.884134
v 0.994047 -0.531916 -8.883312
v 0.993625 -0.526731 -8.882399
v 0.993135 -0.521935 -8.881422
v 0.992578 -0.517565 -8.880421
v 0.991940 -0.513632 -8.879505
v 0.991209 -0.510155 -8.878801
v 0.993397 -0.537526 -8.893438
v 0.993066 -0.532037 -8.892496
v 0.992679 -0.526918 -8.891432
v 0.992239 -0.522209 -8.890272
v 0.991748 -0.517950 -8.889038
v 0.991209 -0.514197 -8.887846
v 0.990626 -0.511008 -8.886810
v 0.998240 -0.536188 -8.329357
v 0.998442 -0.536080 -8.129295
v 0.998587 -0.536004 -7.886344
v 0.998683 -0.535954 -7.596281
v 0.998741 -0.535923 -7.254882
v 0.998770 -0.535908 -6.857931
v 0.998780 -0.535902 -6.401199
v 0.997794 -0.530127 -8.329233
v 0.997992 -0.529980 -8.129219
v 0.998133 -0.529874 -7.886299
v 0.998228 -0.529804 -7.596258
v 0.998284 -0.529762 -7.254874
v 0.998313 -0.529741 -6.857928
v 0.998322 -0.529734 -6.401199
v 0.997248 -0.524322 -8.329105
v 0.997441 -0.524130 -8.129137
v 0.997579 -0.523992 -7.886253
v 0.997671 -0.523900 -7.596234
v 0.997726 -0.523845 -7.254865
v 0.997754 -0.523818 -6.857925
v 0.997763 -0.523808 -6.401199
v 0.996594 -0.518806 -8.328978
v 0.996781 -0.518565 -8.129059
v 0.996914 -0.518394 -7.886209
v 0.997003 -0.518278 -7.596211
v 0.997056 -0.518210 -7.254855
v 0.997083 -0.518175 -6.857924
v 0.997092 -0.518165 -6.401199
v 0.995822 -0.513613 -8.328861
v 0.996001 -0.513323 -8.128984
v 0.996128 -0.513116 -7.886166
v 0.996213 -0.512979 -7.596191
v 0.996265 -0.512896 -7.254848
v 0.996290 -0.512855 -6.857923
v 0.996299 -0.512840 -6.401199
v 0.994921 -0.508777 -8.328770
v 0.995090 -0.508438 -8.128927
v 0.995212 -0.508197 -7.886131
v 0.995292 -0.508037 -7.596175
v 0.995341 -0.507939 -7.254842
v 0.995365 -0.507892 -6.857919
v 0.995373 -0.507875 -6.401199
v 0.993882 -0.504333 -8.328707
v 0.994040 -0.503948 -8.128887
v 0.994154 -0.503674 -7.886110
v 0.994230 -0.503490 -7.596164
v 0.994275 -0.503381 -7.254835
v 0.994298 -0.503325 -6.857919
v 0.994306 -0.503306 -6.401199
v 0.998875 -0.548937 -8.329550
v 0.999083 -0.555551 -8.329613
v 0.999232 -0.562269 -8.329659
v 0.999331 -0.569051 -8.329689
v 0.999391 -0.575857 -8.329708
v 0.999421 -0.582644 -8.329718
v 0.999431 -0.589371 -8.329720
v 0.999083 -0.548891 -8.129416
v 0.999294 -0.555525 -8.129456
v 0.999444 -0.562259 -8.129484
v 0.999544 -0.569050 -8.129501
v 0.999604 -0.575861 -8.129515
v 0.999634 -0.582652 -8.129520
v 0.999644 -0.589379 -8.129522
v 0.999232 -0.548859 -7.886412
v 0.999444 -0.555508 -7.886436
v 0.999595 -0.562251 -7.886452
v 0.999696 -0.569050 -7.886462
v 0.999756 -0.575865 -7.886470
v 0.999787 -0.582656 -7.886474
v 0.999797 -0.589386 -7.886474
v 0.999331 -0.548837 -7.596314
v 0.999544 -0.555495 -7.596327
v 0.999696 -0.562245 -7.596334
v 0.999797 -0.569049 -7.596339
v 0.999858 -0.575867 -7.596342
v 0.999888 -0.582661 -7.596346
v 0.999898 -0.589391 -7.596346
v 0.999391 -0.548825 -7.254897
v 0.999604 -0.555488 -7.254903
v 0.999756 -0.562243 -7.254905
v 0.999858 -0.569049 -7.254908
v 0.999919 -0.575868 -7.254910
v 0.999949 -0.582663 -7.254910
v 0.999959 -0.589393 -7.254910
v 0.999421 -0.548819 -6.857934
v 0.999634 -0.555485 -6.857934
v 0.999786 -0.562241 -6.857936
v 0.999888 -0.569049 -6.857938
v 0.999949 -0.575869 -6.857938
v 0.999980 -0.582664 -6.857938
v 0.999990 -0.589394 -6.857938
v 0.999430 -0.548816 -6.401200
v 0.999644 -0.555484 -6.401200
v 0.999797 -0.562241 -6.401200
v 0.999898 -0.569049 -6.401200
v 0.999959 -0.575869 -6.401200
v 0.999990 -0.582664 -6.401200
v 1.000000 -0.589394 -6.401202
v -0.961815 -0.482451 -8.490919
v -0.961773 -0.483492 -8.617937
v -0.961727 -0.484791 -8.714760
v -0.961677 -0.486379 -8.785624
v -0.961629 -0.488283 -8.834768
v -0.961586 -0.490533 -8.866426
v -0.961551 -0.493155 -8.884834
v -0.961527 -0.496181 -8.894232
v -0.970077 -0.483826 -8.490755
v -0.976669 -0.485392 -8.490570
v -0.981808 -0.487187 -8.490377
v -0.985715 -0.489251 -8.490187
v -0.988608 -0.491618 -8.490013
v -0.990706 -0.494328 -8.489874
v -0.992229 -0.497415 -8.489780
v -0.961847 -0.481643 -8.329472
v -0.961871 -0.481036 -8.129368
v -0.961888 -0.480602 -7.886387
v -0.961899 -0.480313 -7.596306
v -0.961906 -0.480141 -7.254897
v -0.961909 -0.480054 -6.857938
v -0.961911 -0.480025 -6.401205
v -0.951661 -0.481234 -8.491045
v -0.939401 -0.480134 -8.491140
v -0.924817 -0.479114 -8.491207
v -0.907695 -0.478136 -8.491253
v -0.887817 -0.477163 -8.491280
v -0.864968 -0.476159 -8.491293
v -0.838932 -0.475084 -8.491297
v -0.951633 -0.482287 -8.618116
v -0.951602 -0.483604 -8.715004
v -0.951569 -0.485213 -8.785940
v -0.951537 -0.487144 -8.835157
v -0.951509 -0.489424 -8.866894
v -0.951485 -0.492083 -8.885378
v -0.951469 -0.495152 -8.894846
v -0.939383 -0.481197 -8.618252
v -0.939364 -0.482527 -8.715187
v -0.939343 -0.484152 -8.786177
v -0.939323 -0.486101 -8.835449
v -0.939305 -0.488405 -8.867243
v -0.939290 -0.491092 -8.885784
v -0.939281 -0.494192 -8.895306
v -0.924807 -0.480185 -8.618349
v -0.924796 -0.481524 -8.715317
v -0.924785 -0.483160 -8.786345
v -0.924773 -0.485124 -8.835659
v -0.924763 -0.487443 -8.867493
v -0.924754 -0.490150 -8.886074
v -0.924749 -0.493272 -8.895634
v -0.907690 -0.479213 -8.618414
v -0.907684 -0.480557 -8.715405
v -0.907679 -0.482202 -8.786459
v -0.907673 -0.484174 -8.835798
v -0.907668 -0.486505 -8.867661
v -0.907663 -0.489224 -8.886269
v -0.907660 -0.492362 -8.895857
v -0.887815 -0.478243 -8.618452
v -0.887813 -0.479591 -8.715458
v -0.887811 -0.481240 -8.786526
v -0.887808 -0.483218 -8.835884
v -0.887806 -0.485556 -8.867760
v -0.887805 -0.488283 -8.886385
v -0.887803 -0.491430 -8.895988
v -0.864968 -0.477240 -8.618473
v -0.864967 -0.478590 -8.715485
v -0.864967 -0.480241 -8.786560
v -0.864966 -0.482222 -8.835924
v -0.864965 -0.484563 -8.867809
v -0.864965 -0.487293 -8.886444
v -0.864965 -0.490445 -8.896053
v -0.838932 -0.476165 -8.618479
v -0.838932 -0.477516 -8.715492
v -0.838932 -0.479167 -8.786570
v -0.838932 -0.481150 -8.835939
v -0.838932 -0.483492 -8.867826
v -0.838932 -0.486224 -8.886463
v -0.838932 -0.489377 -8.896074
v -0.970019 -0.484848 -8.617702
v -0.976590 -0.486392 -8.617439
v -0.981706 -0.488160 -8.617161
v -0.985588 -0.490191 -8.616890
v -0.988456 -0.492518 -8.616644
v -0.990530 -0.495179 -8.616446
v -0.992029 -0.498212 -8.616310
v -0.969952 -0.486125 -8.714445
v -0.976499 -0.487640 -8.714087
v -0.981588 -0.489373 -8.713707
v -0.985442 -0.491358 -8.713337
v -0.988279 -0.493629 -8.712997
v -0.990322 -0.496223 -8.712717
v -0.991792 -0.499180 -8.712526
v -0.969882 -0.487685 -8.785219
v -0.976403 -0.489164 -8.784756
v -0.981464 -0.490849 -8.784262
v -0.985284 -0.492771 -8.783770
v -0.988086 -0.494963 -8.783310
v -0.990091 -0.497463 -8.782927
v -0.991523 -0.500311 -8.782661
v -0.969813 -0.489556 -8.834269
v -0.976309 -0.490991 -8.833691
v -0.981339 -0.492613 -8.833065
v -0.985124 -0.494450 -8.832432
v -0.987885 -0.496531 -8.831821
v -0.989845 -0.498899 -8.831303
v -0.991229 -0.501599 -8.830936
v -0.969751 -0.491766 -8.865828
v -0.976224 -0.493144 -8.865128
v -0.981223 -0.494687 -8.864363
v -0.984970 -0.496413 -8.863565
v -0.987684 -0.498343 -8.862772
v -0.989591 -0.500534 -8.862080
v -0.990918 -0.503037 -8.861584
v -0.969700 -0.494343 -8.884140
v -0.976153 -0.495654 -8.883318
v -0.981126 -0.497103 -8.882404
v -0.984839 -0.498697 -8.881430
v -0.987509 -0.500450 -8.880423
v -0.989360 -0.502408 -8.879511
v -0.990617 -0.504618 -8.878807
v -0.969666 -0.497313 -8.893440
v -0.976105 -0.498549 -8.892500
v -0.981059 -0.499890 -8.891438
v -0.984746 -0.501339 -8.890276
v -0.987383 -0.502896 -8.889042
v -0.989182 -0.504560 -8.887850
v -0.990355 -0.506329 -8.886816
v -0.970123 -0.483030 -8.329363
v -0.970157 -0.482433 -8.129301
v -0.970182 -0.482008 -7.886349
v -0.970198 -0.481724 -7.596286
v -0.970208 -0.481553 -7.254888
v -0.970213 -0.481468 -6.857936
v -0.970215 -0.481440 -6.401205
v -0.976731 -0.484613 -8.329237
v -0.976777 -0.484031 -8.129221
v -0.976810 -0.483613 -7.886304
v -0.976832 -0.483335 -7.596262
v -0.976846 -0.483169 -7.254880
v -0.976852 -0.483086 -6.857934
v -0.976854 -0.483058 -6.401205
v -0.981888 -0.486431 -8.329109
v -0.981948 -0.485864 -8.129141
v -0.981990 -0.485458 -7.886258
v -0.982019 -0.485188 -7.596241
v -0.982036 -0.485026 -7.254871
v -0.982044 -0.484945 -6.857931
v -0.982047 -0.484918 -6.401205
v -0.985813 -0.488521 -8.328981
v -0.985887 -0.487972 -8.129063
v -0.985940 -0.487581 -7.886213
v -0.985975 -0.487320 -7.596218
v -0.985996 -0.487164 -7.254862
v -0.986007 -0.487085 -6.857930
v -0.986011 -0.487060 -6.401205
v -0.988726 -0.490919 -8.328867
v -0.988814 -0.490395 -8.128990
v -0.988877 -0.490019 -7.886171
v -0.988919 -0.489770 -7.596198
v -0.988945 -0.489620 -7.254854
v -0.988957 -0.489545 -6.857926
v -0.988961 -0.489520 -6.401205
v -0.990843 -0.493665 -8.328773
v -0.990946 -0.493167 -8.128933
v -0.991019 -0.492812 -7.886138
v -0.991068 -0.492576 -7.596179
v -0.991098 -0.492434 -7.254847
v -0.991112 -0.492363 -6.857925
v -0.991117 -0.492339 -6.401205
v -0.992384 -0.496795 -8.328711
v -0.992501 -0.496330 -8.128895
v -0.992584 -0.495997 -7.886116
v -0.992640 -0.495776 -7.596170
v -0.992673 -0.495644 -7.254842
v -0.992690 -0.495578 -6.857925
v -0.992695 -0.495555 -6.401205
v -0.951682 -0.480414 -8.329556
v -0.939414 -0.479306 -8.329618
v -0.924825 -0.478280 -8.329662
v -0.907699 -0.477300 -8.329693
v -0.887819 -0.476325 -8.329710
v -0.864969 -0.475319 -8.329720
v -0.838932 -0.474243 -8.329723
v -0.951698 -0.479799 -8.129421
v -0.939424 -0.478685 -8.129459
v -0.924831 -0.477655 -8.129490
v -0.907701 -0.476671 -8.129507
v -0.887820 -0.475696 -8.129517
v -0.864969 -0.474689 -8.129522
v -0.838932 -0.473613 -8.129526
v -0.951710 -0.479361 -7.886418
v -0.939431 -0.478242 -7.886439
v -0.924835 -0.477209 -7.886456
v -0.907704 -0.476223 -7.886467
v -0.887821 -0.475245 -7.886474
v -0.864969 -0.474238 -7.886477
v -0.838932 -0.473162 -7.886477
v -0.951717 -0.479068 -7.596321
v -0.939436 -0.477946 -7.596332
v -0.924838 -0.476912 -7.596339
v -0.907705 -0.475924 -7.596346
v -0.887821 -0.474945 -7.596349
v -0.864969 -0.473938 -7.596349
v -0.838932 -0.472862 -7.596349
v -0.951722 -0.478892 -7.254903
v -0.939439 -0.477769 -7.254907
v -0.924839 -0.476733 -7.254910
v -0.907706 -0.475744 -7.254912
v -0.887822 -0.474766 -7.254912
v -0.864969 -0.473758 -7.254912
v -0.838932 -0.472681 -7.254914
v -0.951724 -0.478805 -6.857939
v -0.939440 -0.477680 -6.857941
v -0.924840 -0.476644 -6.857941
v -0.907706 -0.475656 -6.857941
v -0.887822 -0.474676 -6.857943
v -0.864970 -0.473668 -6.857941
v -0.838932 -0.472591 -6.857941
v -0.951725 -0.478775 -6.401205
v -0.939441 -0.477651 -6.401205
v -0.924840 -0.476614 -6.401205
v -0.907706 -0.475625 -6.401205
v -0.887822 -0.474647 -6.401205
v -0.864970 -0.473638 -6.401205
v -0.838932 -0.472562 -6.401205
v -0.961814 -0.724648 -8.490919
v -0.951661 -0.724496 -8.491047
v -0.939400 -0.724195 -8.491142
v -0.924817 -0.723746 -8.491209
v -0.907695 -0.723150 -8.491253
v -0.887817 -0.722406 -8.491282
v -0.864968 -0.721515 -8.491295
v -0.838932 -0.720478 -8.491301
v -0.961846 -0.724904 -8.329472
v -0.961870 -0.725098 -8.129370
v -0.961887 -0.725236 -7.886389
v -0.961899 -0.725327 -7.596306
v -0.961906 -0.725382 -7.254897
v -0.961909 -0.725410 -6.857939
v -0.961910 -0.725419 -6.401207
v -0.970077 -0.724649 -8.490759
v -0.976669 -0.724504 -8.490574
v -0.981808 -0.724207 -8.490379
v -0.985715 -0.723761 -8.490189
v -0.988607 -0.723166 -8.490017
v -0.990706 -0.722419 -8.489876
v -0.992229 -0.721522 -8.489782
v -0.961773 -0.724316 -8.617939
v -0.961726 -0.723903 -8.714760
v -0.961677 -0.723398 -8.785625
v -0.961629 -0.722793 -8.834770
v -0.961586 -0.722078 -8.866430
v -0.961550 -0.721247 -8.884838
v -0.961526 -0.720289 -8.894234
v -0.951633 -0.724160 -8.618118
v -0.939383 -0.723857 -8.618254
v -0.924807 -0.723407 -8.618351
v -0.907690 -0.722809 -8.618414
v -0.887815 -0.722064 -8.618454
v -0.864968 -0.721173 -8.618473
v -0.838932 -0.720137 -8.618481
v -0.951602 -0.723742 -8.715006
v -0.939364 -0.723435 -8.715189
v -0.924796 -0.722982 -8.715321
v -0.907684 -0.722383 -8.715406
v -0.887813 -0.721638 -8.715460
v -0.864967 -0.720746 -8.715487
v -0.838932 -0.719709 -8.715496
v -0.951569 -0.723232 -8.785942
v -0.939343 -0.722920 -8.786179
v -0.924784 -0.722465 -8.786348
v -0.907678 -0.721864 -8.786459
v -0.887811 -0.721116 -8.786528
v -0.864967 -0.720224 -8.786562
v -0.838932 -0.719186 -8.786572
v -0.951537 -0.722619 -8.835161
v -0.939323 -0.722302 -8.835453
v -0.924773 -0.721843 -8.835663
v -0.907673 -0.721238 -8.835800
v -0.887808 -0.720490 -8.835886
v -0.864966 -0.719597 -8.835926
v -0.838932 -0.718560 -8.835941
v -0.951508 -0.721897 -8.866896
v -0.939305 -0.721573 -8.867245
v -0.924763 -0.721108 -8.867496
v -0.907667 -0.720501 -8.867664
v -0.887806 -0.719750 -8.867762
v -0.864965 -0.718858 -8.867811
v -0.838932 -0.717819 -8.867830
v -0.951485 -0.721055 -8.885380
v -0.939290 -0.720723 -8.885788
v -0.924754 -0.720252 -8.886078
v -0.907663 -0.719641 -8.886272
v -0.887804 -0.718888 -8.886389
v -0.864965 -0.717993 -8.886448
v -0.838932 -0.716955 -8.886465
v -0.951469 -0.720083 -8.894848
v -0.939280 -0.719742 -8.895308
v -0.924748 -0.719264 -8.895639
v -0.907660 -0.718649 -8.895859
v -0.887803 -0.717893 -8.895990
v -0.864965 -0.716996 -8.896055
v -0.838932 -0.715958 -8.896078
v -0.951682 -0.724756 -8.329557
v -0.951698 -0.724951 -8.129421
v -0.951709 -0.725090 -7.886419
v -0.951717 -0.725183 -7.596321
v -0.951722 -0.725240 -7.254903
v -0.951724 -0.725266 -6.857941
v -0.951725 -0.725276 -6.401207
v -0.939414 -0.724457 -8.329620
v -0.939424 -0.724654 -8.129461
v -0.939431 -0.724794 -7.886442
v -0.939436 -0.724888 -7.596334
v -0.939438 -0.724945 -7.254908
v -0.939440 -0.724973 -6.857941
v -0.939440 -0.724982 -6.401207
v -0.924825 -0.724010 -8.329664
v -0.924830 -0.724208 -8.129490
v -0.924834 -0.724349 -7.886457
v -0.924837 -0.724444 -7.596341
v -0.924839 -0.724500 -7.254912
v -0.924840 -0.724528 -6.857944
v -0.924840 -0.724537 -6.401207
v -0.907699 -0.723414 -8.329695
v -0.907701 -0.723614 -8.129509
v -0.907703 -0.723755 -7.886469
v -0.907705 -0.723849 -7.596346
v -0.907706 -0.723907 -7.254912
v -0.907706 -0.723935 -6.857944
v -0.907706 -0.723944 -6.401207
v -0.887819 -0.722671 -8.329714
v -0.887820 -0.722871 -8.129520
v -0.887821 -0.723013 -7.886475
v -0.887821 -0.723107 -7.596349
v -0.887821 -0.723164 -7.254915
v -0.887822 -0.723192 -6.857944
v -0.887822 -0.723203 -6.401207
v -0.864969 -0.721781 -8.329723
v -0.864969 -0.721980 -8.129526
v -0.864969 -0.722122 -7.886477
v -0.864969 -0.722218 -7.596352
v -0.864969 -0.722274 -7.254915
v -0.864969 -0.722302 -6.857944
v -0.864969 -0.722313 -6.401207
v -0.838932 -0.720744 -8.329725
v -0.838932 -0.720943 -8.129528
v -0.838932 -0.721086 -7.886479
v -0.838932 -0.721181 -7.596352
v -0.838932 -0.721238 -7.254915
v -0.838932 -0.721267 -6.857944
v -0.838932 -0.721275 -6.401207
v -0.970123 -0.724903 -8.329363
v -0.976731 -0.724751 -8.329241
v -0.981888 -0.724449 -8.329111
v -0.985813 -0.723997 -8.328985
v -0.988725 -0.723392 -8.328871
v -0.990843 -0.722635 -8.328775
v -0.992384 -0.721727 -8.328714
v -0.970157 -0.725094 -8.129301
v -0.976777 -0.724939 -8.129225
v -0.981947 -0.724633 -8.129145
v -0.985887 -0.724174 -8.129065
v -0.988814 -0.723563 -8.128994
v -0.990946 -0.722798 -8.128935
v -0.992501 -0.721881 -8.128895
v -0.970182 -0.725229 -7.886351
v -0.976810 -0.725072 -7.886307
v -0.981990 -0.724763 -7.886261
v -0.985940 -0.724301 -7.886215
v -0.988877 -0.723685 -7.886175
v -0.991019 -0.722915 -7.886141
v -0.992584 -0.721990 -7.886120
v -0.970198 -0.725321 -7.596287
v -0.976832 -0.725162 -7.596266
v -0.982019 -0.724851 -7.596243
v -0.985975 -0.724384 -7.596219
v -0.988919 -0.723766 -7.596199
v -0.991068 -0.722993 -7.596183
v -0.992640 -0.722063 -7.596171
v -0.970208 -0.725374 -7.254891
v -0.976845 -0.725215 -7.254882
v -0.982036 -0.724902 -7.254872
v -0.985996 -0.724435 -7.254864
v -0.988944 -0.723814 -7.254854
v -0.991097 -0.723039 -7.254848
v -0.992673 -0.722107 -7.254845
v -0.970213 -0.725402 -6.857938
v -0.976852 -0.725242 -6.857936
v -0.982044 -0.724929 -6.857933
v -0.986007 -0.724462 -6.857931
v -0.988957 -0.723839 -6.857928
v -0.991112 -0.723062 -6.857926
v -0.992689 -0.722128 -6.857925
v -0.970214 -0.725410 -6.401207
v -0.976854 -0.725250 -6.401207
v -0.982047 -0.724937 -6.401207
v -0.986010 -0.724469 -6.401207
v -0.988961 -0.723847 -6.401207
v -0.991117 -0.723069 -6.401207
v -0.992695 -0.722136 -6.401207
v -0.970019 -0.724323 -8.617706
v -0.969952 -0.723915 -8.714447
v -0.969881 -0.723418 -8.785221
v -0.969813 -0.722822 -8.834270
v -0.969751 -0.722120 -8.865829
v -0.969700 -0.721303 -8.884140
v -0.969666 -0.720362 -8.893444
v -0.976589 -0.724182 -8.617441
v -0.976499 -0.723783 -8.714088
v -0.976403 -0.723296 -8.784758
v -0.976309 -0.722713 -8.833691
v -0.976223 -0.722027 -8.865129
v -0.976153 -0.721230 -8.883320
v -0.976104 -0.720311 -8.892502
v -0.981706 -0.723893 -8.617163
v -0.981588 -0.723503 -8.713711
v -0.981464 -0.723030 -8.784264
v -0.981339 -0.722466 -8.833067
v -0.981223 -0.721804 -8.864365
v -0.981126 -0.721035 -8.882406
v -0.981059 -0.720150 -8.891441
v -0.985588 -0.723456 -8.616890
v -0.985442 -0.723080 -8.713339
v -0.985284 -0.722625 -8.783772
v -0.985124 -0.722085 -8.832434
v -0.984970 -0.721456 -8.863569
v -0.984838 -0.720726 -8.881430
v -0.984746 -0.719886 -8.890278
v -0.988456 -0.722872 -8.616648
v -0.988279 -0.722511 -8.712999
v -0.988086 -0.722080 -8.783312
v -0.987884 -0.721573 -8.831825
v -0.987684 -0.720989 -8.862774
v -0.987508 -0.720313 -8.880426
v -0.987383 -0.719533 -8.889044
v -0.990530 -0.722140 -8.616446
v -0.990322 -0.721799 -8.712721
v -0.990091 -0.721395 -8.782928
v -0.989845 -0.720927 -8.831305
v -0.989591 -0.720397 -8.862082
v -0.989360 -0.719792 -8.879513
v -0.989182 -0.719103 -8.887854
v -0.992029 -0.721260 -8.616312
v -0.991792 -0.720942 -8.712530
v -0.991523 -0.720571 -8.782663
v -0.991229 -0.720147 -8.830938
v -0.990917 -0.719675 -8.861588
v -0.990616 -0.719160 -8.878811
v -0.990355 -0.718605 -8.886818
v -0.998524 -0.542573 8.516066
v -0.998213 -0.542698 8.640794
v -0.997825 -0.542840 8.735363
v -0.997351 -0.542986 8.804029
v -0.996783 -0.543123 8.851051
v -0.996112 -0.543242 8.880687
v -0.995329 -0.543329 8.897194
v -0.994427 -0.543374 8.904832
v -0.998213 -0.536340 8.515959
v -0.997825 -0.530335 8.515837
v -0.997351 -0.524593 8.515709
v -0.996783 -0.519144 8.515585
v -0.996112 -0.514019 8.515472
v -0.995329 -0.509253 8.515380
v -0.994427 -0.504875 8.515318
v -0.998765 -0.542475 8.356919
v -0.998946 -0.542402 8.159105
v -0.999076 -0.542350 7.918373
v -0.999162 -0.542315 7.630474
v -0.999214 -0.542294 7.291157
v -0.999240 -0.542284 6.896173
v -0.999248 -0.542280 6.441271
v -0.998765 -0.549004 8.516149
v -0.998946 -0.555590 8.516210
v -0.999076 -0.562288 8.516254
v -0.999162 -0.569057 8.516284
v -0.999214 -0.575854 8.516303
v -0.999240 -0.582638 8.516312
v -0.999248 -0.589364 8.516315
v -0.998451 -0.549083 8.640912
v -0.998058 -0.549172 8.735522
v -0.997578 -0.549262 8.804235
v -0.997002 -0.549347 8.851306
v -0.996322 -0.549416 8.880993
v -0.995529 -0.549464 8.897550
v -0.994614 -0.549480 8.905234
v -0.998629 -0.555634 8.641001
v -0.998232 -0.555683 8.735641
v -0.997748 -0.555733 8.804389
v -0.997166 -0.555777 8.851498
v -0.996479 -0.555810 8.881222
v -0.995678 -0.555827 8.897817
v -0.994754 -0.555824 8.905538
v -0.998756 -0.562308 8.641064
v -0.998357 -0.562330 8.735728
v -0.997869 -0.562349 8.804500
v -0.997284 -0.562364 8.851635
v -0.996592 -0.562370 8.881386
v -0.995785 -0.562367 8.898006
v -0.994854 -0.562348 8.905753
v -0.998841 -0.569061 8.641107
v -0.998440 -0.569063 8.735785
v -0.997950 -0.569063 8.804574
v -0.997362 -0.569058 8.851726
v -0.996667 -0.569049 8.881495
v -0.995856 -0.569030 8.898133
v -0.994920 -0.569001 8.905897
v -0.998892 -0.575848 8.641132
v -0.998490 -0.575839 8.735820
v -0.997998 -0.575828 8.804619
v -0.997409 -0.575811 8.851781
v -0.996712 -0.575791 8.881559
v -0.995899 -0.575764 8.898211
v -0.994960 -0.575729 8.905983
v -0.998918 -0.582626 8.641146
v -0.998515 -0.582612 8.735837
v -0.998023 -0.582595 8.804640
v -0.997432 -0.582573 8.851809
v -0.996734 -0.582546 8.881593
v -0.995920 -0.582515 8.898248
v -0.994980 -0.582479 8.906026
v -0.998926 -0.589351 8.641150
v -0.998523 -0.589334 8.735843
v -0.998031 -0.589314 8.804647
v -0.997440 -0.589292 8.851817
v -0.996742 -0.589263 8.881603
v -0.995927 -0.589230 8.898260
v -0.994987 -0.589192 8.906040
v -0.997908 -0.536524 8.640641
v -0.997526 -0.530590 8.640467
v -0.997060 -0.524925 8.640285
v -0.996501 -0.519557 8.640108
v -0.995842 -0.514518 8.639947
v -0.995073 -0.509833 8.639815
v -0.994187 -0.505535 8.639727
v -0.997526 -0.536734 8.735156
v -0.997153 -0.530879 8.734921
v -0.996697 -0.525304 8.734673
v -0.996152 -0.520034 8.734428
v -0.995509 -0.515097 8.734206
v -0.994759 -0.510517 8.734023
v -0.993896 -0.506321 8.733899
v -0.997060 -0.536950 8.803763
v -0.996697 -0.531181 8.803457
v -0.996256 -0.525705 8.803135
v -0.995728 -0.520546 8.802813
v -0.995109 -0.515730 8.802511
v -0.994387 -0.511277 8.802259
v -0.993555 -0.507209 8.802086
v -0.996501 -0.537158 8.850722
v -0.996152 -0.531475 8.850343
v -0.995728 -0.526100 8.849934
v -0.995226 -0.521062 8.849520
v -0.994639 -0.516385 8.849119
v -0.993956 -0.512086 8.848779
v -0.993168 -0.508178 8.848539
v -0.995842 -0.537339 8.880293
v -0.995509 -0.531736 8.879836
v -0.995109 -0.526465 8.879335
v -0.994639 -0.521556 8.878813
v -0.994096 -0.517037 8.878293
v -0.993466 -0.512918 8.877837
v -0.992735 -0.509206 8.877514
v -0.995073 -0.537477 8.896737
v -0.994759 -0.531944 8.896200
v -0.994387 -0.526762 8.895601
v -0.993956 -0.521969 8.894962
v -0.993466 -0.517599 8.894304
v -0.992904 -0.513670 8.893705
v -0.992261 -0.510198 8.893245
v -0.994187 -0.537558 8.904314
v -0.993896 -0.532070 8.903699
v -0.993555 -0.526954 8.903002
v -0.993168 -0.522246 8.902241
v -0.992735 -0.517989 8.901433
v -0.992261 -0.514240 8.900652
v -0.991747 -0.511054 8.899975
v -0.998451 -0.536196 8.356848
v -0.998629 -0.536088 8.159060
v -0.998756 -0.536011 7.918347
v -0.998841 -0.535959 7.630460
v -0.998892 -0.535929 7.291152
v -0.998918 -0.535913 6.896172
v -0.998926 -0.535909 6.441271
v -0.998058 -0.530138 8.356766
v -0.998232 -0.529989 8.159009
v -0.998357 -0.529882 7.918319
v -0.998440 -0.529813 7.630446
v -0.998490 -0.529770 7.291146
v -0.998515 -0.529749 6.896170
v -0.998523 -0.529742 6.441271
v -0.997578 -0.524335 8.356681
v -0.997748 -0.524141 8.158957
v -0.997869 -0.524003 7.918288
v -0.997950 -0.523911 7.630431
v -0.997998 -0.523856 7.291140
v -0.998023 -0.523829 6.896168
v -0.998031 -0.523819 6.441271
v -0.997002 -0.518823 8.356598
v -0.997166 -0.518580 8.158904
v -0.997284 -0.518408 7.918258
v -0.997362 -0.518292 7.630416
v -0.997409 -0.518225 7.291133
v -0.997432 -0.518189 6.896166
v -0.997440 -0.518178 6.441271
v -0.996322 -0.513633 8.356524
v -0.996479 -0.513343 8.158856
v -0.996592 -0.513135 7.918231
v -0.996667 -0.512997 7.630402
v -0.996712 -0.512914 7.291127
v -0.996734 -0.512873 6.896164
v -0.996742 -0.512858 6.441271
v -0.995529 -0.508801 8.356462
v -0.995678 -0.508463 8.158818
v -0.995785 -0.508221 7.918209
v -0.995856 -0.508059 7.630391
v -0.995899 -0.507962 7.291123
v -0.995920 -0.507914 6.896164
v -0.995927 -0.507897 6.441271
v -0.994614 -0.504361 8.356421
v -0.994754 -0.503977 8.158793
v -0.994854 -0.503701 7.918194
v -0.994921 -0.503518 7.630384
v -0.994960 -0.503407 7.291121
v -0.994980 -0.503353 6.896163
v -0.994987 -0.503334 6.441271
v -0.999010 -0.548943 8.356975
v -0.999193 -0.555554 8.357015
v -0.999324 -0.562273 8.357045
v -0.999412 -0.569055 8.357065
v -0.999464 -0.575859 8.357078
v -0.999490 -0.582646 8.357083
v -0.999499 -0.589374 8.357085
v -0.999193 -0.548896 8.159140
v -0.999378 -0.555529 8.159165
v -0.999511 -0.562261 8.159184
v -0.999599 -0.569052 8.159197
v -0.999652 -0.575864 8.159204
v -0.999678 -0.582653 8.159207
v -0.999687 -0.589381 8.159208
v -0.999324 -0.548862 7.918393
v -0.999511 -0.555510 7.918407
v -0.999644 -0.562253 7.918418
v -0.999732 -0.569051 7.918426
v -0.999786 -0.575866 7.918430
v -0.999812 -0.582657 7.918433
v -0.999821 -0.589387 7.918433
v -0.999412 -0.548841 7.630484
v -0.999599 -0.555498 7.630491
v -0.999732 -0.562247 7.630497
v -0.999822 -0.569050 7.630500
v -0.999875 -0.575868 7.630502
v -0.999902 -0.582661 7.630504
v -0.999911 -0.589391 7.630504
v -0.999464 -0.548827 7.291161
v -0.999652 -0.555490 7.291163
v -0.999786 -0.562244 7.291166
v -0.999875 -0.569050 7.291167
v -0.999929 -0.575869 7.291169
v -0.999956 -0.582663 7.291169
v -0.999964 -0.589393 7.291170
v -0.999490 -0.548820 6.896173
v -0.999678 -0.555487 6.896174
v -0.999812 -0.562242 6.896175
v -0.999902 -0.569049 6.896176
v -0.999956 -0.575869 6.896176
v -0.999982 -0.582664 6.896176
v -0.999991 -0.589394 6.896176
v -0.999499 -0.548819 6.441271
v -0.999687 -0.555486 6.441271
v -0.999821 -0.562242 6.441271
v -0.999911 -0.569049 6.441271
v -0.999965 -0.575869 6.441271
v -0.999991 -0.582664 6.441271
v -1.000000 -0.589394 6.441271
v -0.998524 -0.706357 8.516066
v -0.998213 -0.706301 8.640795
v -0.997825 -0.706235 8.735363
v -0.997351 -0.706164 8.804029
v -0.996783 -0.706091 8.851051
v -0.996112 -0.706017 8.880687
v -0.995329 -0.705948 8.897196
v -0.994427 -0.705887 8.904834
v -0.998765 -0.703814 8.516150
v -0.998946 -0.701088 8.516211
v -0.999076 -0.698180 8.516254
v -0.999162 -0.695086 8.516284
v -0.999214 -0.691809 8.516302
v -0.999239 -0.688346 8.516312
v -0.999248 -0.684698 8.516314
v -0.998765 -0.706401 8.356920
v -0.998946 -0.706432 8.159106
v -0.999076 -0.706456 7.918374
v -0.999162 -0.706472 7.630474
v -0.999214 -0.706481 7.291158
v -0.999240 -0.706487 6.896173
v -0.999248 -0.706488 6.441272
v -0.998213 -0.708717 8.515960
v -0.997825 -0.710900 8.515839
v -0.997351 -0.712909 8.515711
v -0.996783 -0.714746 8.515587
v -0.996112 -0.716418 8.515474
v -0.995329 -0.717928 8.515382
v -0.994427 -0.719279 8.515320
v -0.997908 -0.708643 8.640641
v -0.997526 -0.708556 8.735156
v -0.997060 -0.708464 8.803763
v -0.996501 -0.708368 8.850722
v -0.995842 -0.708276 8.880294
v -0.995073 -0.708191 8.896739
v -0.994187 -0.708118 8.904315
v -0.997526 -0.710804 8.640469
v -0.997153 -0.710692 8.734921
v -0.996697 -0.710573 8.803459
v -0.996152 -0.710451 8.850343
v -0.995508 -0.710335 8.879836
v -0.994759 -0.710229 8.896201
v -0.993896 -0.710143 8.903700
v -0.997060 -0.712788 8.640287
v -0.996697 -0.712649 8.734674
v -0.996255 -0.712499 8.803136
v -0.995728 -0.712346 8.849936
v -0.995108 -0.712198 8.879335
v -0.994387 -0.712066 8.895602
v -0.993555 -0.711962 8.903004
v -0.996501 -0.714602 8.640109
v -0.996152 -0.714432 8.734431
v -0.995728 -0.714248 8.802814
v -0.995226 -0.714058 8.849522
v -0.994639 -0.713871 8.878814
v -0.993956 -0.713704 8.894965
v -0.993168 -0.713574 8.902243
v -0.995842 -0.716248 8.639949
v -0.995508 -0.716046 8.734208
v -0.995108 -0.715825 8.802512
v -0.994639 -0.715592 8.849121
v -0.994096 -0.715358 8.878293
v -0.993465 -0.715146 8.894306
v -0.992735 -0.714985 8.901434
v -0.995073 -0.717731 8.639818
v -0.994759 -0.717499 8.734026
v -0.994387 -0.717238 8.802261
v -0.993956 -0.716960 8.848781
v -0.993465 -0.716671 8.877840
v -0.992904 -0.716403 8.893707
v -0.992260 -0.716189 8.900653
v -0.994187 -0.719059 8.639729
v -0.993896 -0.718795 8.733900
v -0.993555 -0.718496 8.802087
v -0.993168 -0.718169 8.848541
v -0.992735 -0.717820 8.877515
v -0.992261 -0.717483 8.893247
v -0.991747 -0.717184 8.899976
v -0.998451 -0.703772 8.640912
v -0.998629 -0.701057 8.641001
v -0.998756 -0.698155 8.641065
v -0.998841 -0.695068 8.641107
v -0.998892 -0.691793 8.641131
v -0.998917 -0.688334 8.641145
v -0.998926 -0.684685 8.641149
v -0.998058 -0.703723 8.735522
v -0.998232 -0.701021 8.735642
v -0.998357 -0.698128 8.735728
v -0.998440 -0.695046 8.735785
v -0.998490 -0.691775 8.735820
v -0.998515 -0.688316 8.735836
v -0.998523 -0.684669 8.735843
v -0.997578 -0.703670 8.804235
v -0.997747 -0.700979 8.804389
v -0.997869 -0.698096 8.804500
v -0.997950 -0.695021 8.804574
v -0.997998 -0.691753 8.804618
v -0.998023 -0.688295 8.804640
v -0.998031 -0.684649 8.804647
v -0.997002 -0.703612 8.851306
v -0.997166 -0.700935 8.851498
v -0.997284 -0.698060 8.851635
v -0.997362 -0.694990 8.851726
v -0.997409 -0.691727 8.851781
v -0.997432 -0.688272 8.851809
v -0.997440 -0.684626 8.851817
v -0.996322 -0.703554 8.880993
v -0.996479 -0.700888 8.881223
v -0.996592 -0.698022 8.881386
v -0.996666 -0.694958 8.881495
v -0.996712 -0.691697 8.881560
v -0.996734 -0.688243 8.881593
v -0.996742 -0.684597 8.881604
v -0.995528 -0.703497 8.897551
v -0.995678 -0.700841 8.897818
v -0.995785 -0.697981 8.898007
v -0.995856 -0.694921 8.898134
v -0.995898 -0.691663 8.898211
v -0.995920 -0.688210 8.898248
v -0.995927 -0.684564 8.898260
v -0.994614 -0.703444 8.905236
v -0.994754 -0.700792 8.905538
v -0.994854 -0.697937 8.905753
v -0.994920 -0.694880 8.905897
v -0.994960 -0.691624 8.905983
v -0.994980 -0.688171 8.906026
v -0.994987 -0.684526 8.906040
v -0.999010 -0.703846 8.356976
v -0.999193 -0.703871 8.159140
v -0.999324 -0.703888 7.918394
v -0.999411 -0.703899 7.630484
v -0.999464 -0.703907 7.291162
v -0.999490 -0.703910 6.896174
v -0.999499 -0.703911 6.441272
v -0.999193 -0.701112 8.357017
v -0.999378 -0.701131 8.159167
v -0.999511 -0.701142 7.918409
v -0.999599 -0.701152 7.630491
v -0.999652 -0.701157 7.291165
v -0.999678 -0.701159 6.896175
v -0.999687 -0.701160 6.441272
v -0.999324 -0.698197 8.357046
v -0.999511 -0.698211 8.159184
v -0.999644 -0.698220 7.918419
v -0.999732 -0.698227 7.630497
v -0.999786 -0.698232 7.291167
v -0.999812 -0.698233 6.896176
v -0.999821 -0.698234 6.441272
v -0.999411 -0.695101 8.357065
v -0.999599 -0.695111 8.159197
v -0.999732 -0.695119 7.918427
v -0.999821 -0.695124 7.630502
v -0.999875 -0.695127 7.291169
v -0.999902 -0.695127 6.896177
v -0.999910 -0.695129 6.441272
v -0.999464 -0.691821 8.357078
v -0.999652 -0.691830 8.159204
v -0.999786 -0.691835 7.918430
v -0.999875 -0.691840 7.630504
v -0.999928 -0.691842 7.291169
v -0.999955 -0.691843 6.896177
v -0.999964 -0.691844 6.441272
v -0.999490 -0.688357 8.357082
v -0.999678 -0.688365 8.159208
v -0.999812 -0.688371 7.918433
v -0.999902 -0.688374 7.630504
v -0.999955 -0.688376 7.291170
v -0.999982 -0.688377 6.896177
v -0.999991 -0.688378 6.441272
v -0.999499 -0.684708 8.357085
v -0.999687 -0.684715 8.159209
v -0.999821 -0.684721 7.918433
v -0.999911 -0.684724 7.630504
v -0.999964 -0.684727 7.291170
v -0.999991 -0.684728 6.896177
v -1.000000 -0.684728 6.441272
v -0.998451 -0.708776 8.356849
v -0.998058 -0.710976 8.356769
v -0.997577 -0.713002 8.356684
v -0.997002 -0.714860 8.356601
v -0.996322 -0.716553 8.356525
v -0.995528 -0.718082 8.356464
v -0.994614 -0.719452 8.356422
v -0.998629 -0.708818 8.159061
v -0.998232 -0.711031 8.159012
v -0.997747 -0.713073 8.158958
v -0.997166 -0.714946 8.158907
v -0.996479 -0.716653 8.158859
v -0.995678 -0.718197 8.158821
v -0.994754 -0.719582 8.158795
v -0.998756 -0.708851 7.918348
v -0.998357 -0.711071 7.918319
v -0.997869 -0.713123 7.918290
v -0.997283 -0.715006 7.918261
v -0.996592 -0.716724 7.918233
v -0.995785 -0.718280 7.918211
v -0.994854 -0.719674 7.918197
v -0.998841 -0.708870 7.630462
v -0.998440 -0.711099 7.630446
v -0.997950 -0.713156 7.630432
v -0.997362 -0.715047 7.630418
v -0.996666 -0.716771 7.630404
v -0.995856 -0.718333 7.630394
v -0.994920 -0.719735 7.630386
v -0.998892 -0.708883 7.291153
v -0.998490 -0.711114 7.291146
v -0.997998 -0.713176 7.291141
v -0.997409 -0.715071 7.291135
v -0.996712 -0.716800 7.291130
v -0.995898 -0.718367 7.291126
v -0.994960 -0.719772 7.291122
v -0.998917 -0.708889 6.896173
v -0.998515 -0.711123 6.896171
v -0.998023 -0.713185 6.896169
v -0.997432 -0.715083 6.896168
v -0.996734 -0.716815 6.896166
v -0.995920 -0.718383 6.896166
v -0.994980 -0.719790 6.896165
v -0.998926 -0.708891 6.441272
v -0.998523 -0.711124 6.441272
v -0.998031 -0.713189 6.441272
v -0.997440 -0.715087 6.441272
v -0.996741 -0.716820 6.441272
v -0.995927 -0.718389 6.441272
v -0.994987 -0.719797 6.441272
v -0.999248 -0.643683 8.516314
v -0.998926 -0.643670 8.641149
v -0.998523 -0.643653 8.735843
v -0.998031 -0.643634 8.804647
v -0.997440 -0.643610 8.851817
v -0.996742 -0.643582 8.881604
v -0.995927 -0.643549 8.898260
v -0.994987 -0.643512 8.906040
v -0.999248 -0.638266 8.516314
v -0.999248 -0.632689 8.516315
v -0.999248 -0.626951 8.516314
v -0.999248 -0.621059 8.516315
v -0.999248 -0.615014 8.516314
v -0.999248 -0.608819 8.516315
v -0.999248 -0.602477 8.516314
v -0.999499 -0.643693 8.357085
v -0.999687 -0.643701 8.159209
v -0.999821 -0.643706 7.918433
v -0.999911 -0.643709 7.630504
v -0.999964 -0.643711 7.291169
v -0.999991 -0.643713 6.896175
v -1.000000 -0.643713 6.441271
v -0.999248 -0.648935 8.516315
v -0.999248 -0.654020 8.516315
v -0.999248 -0.658936 8.516315
v -0.999248 -0.663678 8.516315
v -0.999248 -0.668245 8.516315
v -0.999248 -0.672633 8.516315
v -0.999248 -0.676840 8.516315
v -0.998926 -0.648922 8.641150
v -0.998523 -0.648906 8.735844
v -0.998031 -0.648886 8.804647
v -0.997440 -0.648863 8.851817
v -0.996742 -0.648834 8.881603
v -0.995927 -0.648802 8.898260
v -0.994987 -0.648764 8.906040
v -0.998926 -0.654008 8.641150
v -0.998523 -0.653991 8.735844
v -0.998031 -0.653972 8.804647
v -0.997440 -0.653948 8.851817
v -0.996742 -0.653919 8.881603
v -0.995927 -0.653887 8.898260
v -0.994987 -0.653850 8.906040
v -0.998926 -0.658923 8.641150
v -0.998523 -0.658907 8.735844
v -0.998031 -0.658888 8.804647
v -0.997440 -0.658863 8.851817
v -0.996742 -0.658834 8.881603
v -0.995927 -0.658803 8.898260
v -0.994987 -0.658765 8.906040
v -0.998926 -0.663666 8.641150
v -0.998523 -0.663649 8.735844
v -0.998031 -0.663630 8.804647
v -0.997440 -0.663606 8.851817
v -0.996742 -0.663577 8.881603
v -0.995927 -0.663546 8.898260
v -0.994987 -0.663507 8.906041
v -0.998926 -0.668232 8.641150
v -0.998523 -0.668216 8.735844
v -0.998031 -0.668196 8.804647
v -0.997440 -0.668173 8.851817
v -0.996742 -0.668144 8.881603
v -0.995927 -0.668111 8.898260
v -0.994987 -0.668074 8.906041
v -0.998926 -0.672621 8.641150
v -0.998523 -0.672605 8.735844
v -0.998031 -0.672585 8.804647
v -0.997440 -0.672561 8.851817
v -0.996742 -0.672533 8.881603
v -0.995927 -0.672501 8.898260
v -0.994987 -0.672462 8.906040
v -0.998926 -0.676827 8.641150
v -0.998523 -0.676811 8.735844
v -0.998031 -0.676791 8.804647
v -0.997440 -0.676767 8.851817
v -0.996742 -0.676740 8.881603
v -0.995927 -0.676706 8.898260
v -0.994987 -0.676669 8.906040
v -0.998926 -0.638252 8.641150
v -0.998926 -0.632675 8.641149
v -0.998926 -0.626938 8.641149
v -0.998926 -0.621046 8.641149
v -0.998926 -0.615001 8.641149
v -0.998926 -0.608806 8.641149
v -0.998926 -0.602465 8.641149
v -0.998523 -0.638237 8.735843
v -0.998523 -0.632659 8.735843
v -0.998523 -0.626923 8.735843
v -0.998523 -0.621030 8.735843
v -0.998523 -0.614985 8.735843
v -0.998523 -0.608790 8.735843
v -0.998523 -0.602448 8.735843
v -0.998031 -0.638218 8.804647
v -0.998031 -0.632639 8.804647
v -0.998031 -0.626903 8.804647
v -0.998031 -0.621010 8.804647
v -0.998031 -0.614965 8.804647
v -0.998031 -0.608770 8.804647
v -0.998031 -0.602428 8.804647
v -0.997440 -0.638193 8.851817
v -0.997440 -0.632616 8.851817
v -0.997440 -0.626879 8.851817
v -0.997440 -0.620986 8.851817
v -0.997440 -0.614942 8.851817
v -0.997440 -0.608747 8.851817
v -0.997440 -0.602405 8.851817
v -0.996742 -0.638165 8.881604
v -0.996742 -0.632587 8.881604
v -0.996742 -0.626850 8.881604
v -0.996742 -0.620958 8.881604
v -0.996742 -0.614913 8.881604
v -0.996742 -0.608719 8.881604
v -0.996742 -0.602377 8.881604
v -0.995927 -0.638133 8.898260
v -0.995927 -0.632554 8.898260
v -0.995927 -0.626819 8.898260
v -0.995927 -0.620926 8.898260
v -0.995927 -0.614882 8.898260
v -0.995927 -0.608686 8.898260
v -0.995927 -0.602344 8.898260
v -0.994987 -0.638095 8.906040
v -0.994987 -0.632517 8.906040
v -0.994987 -0.626780 8.906040
v -0.994987 -0.620889 8.906040
v -0.994987 -0.614842 8.906040
v -0.994987 -0.608647 8.906040
v -0.994987 -0.602306 8.906040
v -0.999499 -0.638276 8.357085
v -0.999687 -0.638284 8.159208
v -0.999821 -0.638288 7.918433
v -0.999911 -0.638293 7.630504
v -0.999964 -0.638294 7.291169
v -0.999991 -0.638295 6.896176
v -1.000000 -0.638296 6.441271
v -0.999499 -0.632698 8.357085
v -0.999687 -0.632706 8.159208
v -0.999821 -0.632711 7.918432
v -0.999911 -0.632714 7.630504
v -0.999965 -0.632717 7.291169
v -0.999991 -0.632718 6.896176
v -1.000000 -0.632718 6.441272
v -0.999499 -0.626962 8.357085
v -0.999687 -0.626969 8.159208
v -0.999821 -0.626974 7.918432
v -0.999911 -0.626978 7.630504
v -0.999965 -0.626980 7.291169
v -0.999991 -0.626981 6.896176
v -1.000000 -0.626982 6.441272
v -0.999499 -0.621070 8.357085
v -0.999687 -0.621078 8.159208
v -0.999821 -0.621082 7.918432
v -0.999911 -0.621086 7.630504
v -0.999964 -0.621088 7.291169
v -0.999991 -0.621089 6.896176
v -1.000000 -0.621089 6.441272
v -0.999499 -0.615024 8.357085
v -0.999687 -0.615031 8.159208
v -0.999821 -0.615037 7.918432
v -0.999911 -0.615041 7.630504
v -0.999964 -0.615043 7.291169
v -0.999991 -0.615044 6.896176
v -1.000000 -0.615045 6.441272
v -0.999499 -0.608829 8.357085
v -0.999687 -0.608837 8.159208
v -0.999821 -0.608842 7.918433
v -0.999911 -0.608846 7.630504
v -0.999965 -0.608848 7.291169
v -0.999991 -0.608849 6.896176
v -1.000000 -0.608850 6.441272
v -0.999499 -0.602488 8.357085
v -0.999687 -0.602494 8.159208
v -0.999821 -0.602500 7.918433
v -0.999911 -0.602505 7.630504
v -0.999965 -0.602507 7.291169
v -0.999991 -0.602508 6.896176
v -1.000000 -0.602508 6.441272
v -0.999499 -0.648945 8.357085
v -0.999499 -0.654031 8.357085
v -0.999499 -0.658946 8.357085
v -0.999499 -0.663689 8.357085
v -0.999499 -0.668255 8.357085
v -0.999499 -0.672643 8.357085
v -0.999499 -0.676850 8.357085
v -0.999687 -0.648952 8.159208
v -0.999687 -0.654038 8.159209
v -0.999687 -0.658954 8.159209
v -0.999687 -0.663696 8.159209
v -0.999687 -0.668262 8.159209
v -0.999687 -0.672650 8.159209
v -0.999687 -0.676858 8.159209
v -0.999821 -0.648958 7.918433
v -0.999821 -0.654044 7.918433
v -0.999821 -0.658959 7.918433
v -0.999821 -0.663702 7.918433
v -0.999821 -0.668268 7.918433
v -0.999821 -0.672656 7.918433
v -0.999821 -0.676863 7.918433
v -0.999911 -0.648962 7.630504
v -0.999911 -0.654047 7.630504
v -0.999911 -0.658962 7.630504
v -0.999911 -0.663705 7.630504
v -0.999911 -0.668272 7.630504
v -0.999911 -0.672661 7.630504
v -0.999911 -0.676867 7.630504
v -0.999964 -0.648964 7.291170
v -0.999965 -0.654049 7.291170
v -0.999964 -0.658964 7.291170
v -0.999965 -0.663707 7.291170
v -0.999964 -0.668274 7.291170
v -0.999965 -0.672662 7.291170
v -0.999964 -0.676869 7.291170
v -0.999991 -0.648965 6.896176
v -0.999991 -0.654051 6.896176
v -0.999991 -0.658965 6.896177
v -0.999991 -0.663708 6.896177
v -0.999991 -0.668275 6.896177
v -0.999991 -0.672663 6.896177
v -0.999991 -0.676870 6.896177
v -1.000000 -0.648965 6.441271
v -1.000000 -0.654051 6.441272
v -1.000000 -0.658967 6.441272
v -1.000000 -0.663710 6.441272
v -1.000000 -0.668275 6.441272
v -1.000000 -0.672664 6.441272
v -1.000000 -0.676870 6.441272
v 1.000000 -0.643713 0.023995
v 1.000000 -0.643713 -0.803390
v 1.000000 -0.643713 -1.622334
v 1.000000 -0.643713 -2.424294
v 1.000000 -0.643713 -3.200733
v 1.000000 -0.643713 -3.943111
v 1.000000 -0.643713 -4.642886
v 1.000000 -0.643713 -5.291519
v 1.000000 -0.638296 0.023995
v 1.000000 -0.632718 0.023995
v 1.000000 -0.626982 0.023995
v 1.000000 -0.621089 0.023995
v 1.000000 -0.615045 0.023995
v 1.000000 -0.608850 0.023995
v 1.000000 -0.602508 0.023996
v 1.000000 -0.643713 0.851283
v 1.000000 -0.643713 1.669933
v 1.000000 -0.643713 2.471406
v 1.000000 -0.643713 3.247161
v 1.000000 -0.643713 3.988658
v 1.000000 -0.643713 4.687359
v 1.000000 -0.643713 5.334722
v 1.000000 -0.648965 0.023995
v 1.000000 -0.654051 0.023995
v 1.000000 -0.658967 0.023994
v 1.000000 -0.663708 0.023994
v 1.000000 -0.668275 0.023994
v 1.000000 -0.672664 0.023994
v 1.000000 -0.676870 0.023994
v 1.000000 -0.648965 -0.803390
v 1.000000 -0.648965 -1.622334
v 1.000000 -0.648965 -2.424294
v 1.000000 -0.648965 -3.200733
v 1.000000 -0.648965 -3.943111
v 1.000000 -0.648965 -4.642886
v 1.000000 -0.648965 -5.291519
v 1.000000 -0.654051 -0.803391
v 1.000000 -0.654051 -1.622334
v 1.000000 -0.654051 -2.424294
v 1.000000 -0.654051 -3.200733
v 1.000000 -0.654051 -3.943111
v 1.000000 -0.654051 -4.642886
v 1.000000 -0.654051 -5.291519
v 1.000000 -0.658967 -0.803391
v 1.000000 -0.658967 -1.622334
v 1.000000 -0.658967 -2.424295
v 1.000000 -0.658967 -3.200733
v 1.000000 -0.658967 -3.943111
v 1.000000 -0.658967 -4.642887
v 1.000000 -0.658967 -5.291519
v 1.000000 -0.663708 -0.803391
v 1.000000 -0.663708 -1.622334
v 1.000000 -0.663708 -2.424295
v 1.000000 -0.663708 -3.200734
v 1.000000 -0.663708 -3.943111
v 1.000000 -0.663708 -4.642887
v 1.000000 -0.663708 -5.291519
v 1.000000 -0.668275 -0.803391
v 1.000000 -0.668275 -1.622334
v 1.000000 -0.668275 -2.424295
v 1.000000 -0.668275 -3.200734
v 1.000000 -0.668275 -3.943111
v 1.000000 -0.668275 -4.642887
v 1.000000 -0.668275 -5.291519
v 1.000000 -0.672664 -0.803391
v 1.000000 -0.672664 -1.622334
v 1.000000 -0.672664 -2.424295
v 1.000000 -0.672664 -3.200734
v 1.000000 -0.672664 -3.943111
v 1.000000 -0.672664 -4.642887
v 1.000000 -0.672664 -5.291519
v 1.000000 -0.676870 -0.803391
v 1.000000 -0.676870 -1.622334
v 1.000000 -0.676870 -2.424295
v 1.000000 -0.676870 -3.200734
v 1.000000 -0.676870 -3.943111
v 1.000000 -0.676870 -4.642887
v 1.000000 -0.676870 -5.291519
v 1.000000 -0.638296 -0.803390
v 1.000000 -0.632718 -0.803390
v 1.000000 -0.626982 -0.803390
v 1.000000 -0.621089 -0.803390
v 1.000000 -0.615045 -0.803390
v 1.000000 -0.608850 -0.803390
v 1.000000 -0.602508 -0.803390
v 1.000000 -0.638296 -1.622334
v 1.000000 -0.632718 -1.622334
v 1.000000 -0.626982 -1.622334
v 1.000000 -0.621089 -1.622334
v 1.000000 -0.615045 -1.622334
v 1.000000 -0.608850 -1.622334
v 1.000000 -0.602508 -1.622334
v 1.000000 -0.638296 -2.424294
v 1.000000 -0.632718 -2.424294
v 1.000000 -0.626982 -2.424294
v 1.000000 -0.621089 -2.424294
v 1.000000 -0.615045 -2.424294
v 1.000000 -0.608850 -2.424294
v 1.000000 -0.602508 -2.424294
v 1.000000 -0.638296 -3.200733
v 1.000000 -0.632718 -3.200733
v 1.000000 -0.626982 -3.200733
v 1.000000 -0.621089 -3.200733
v 1.000000 -0.615045 -3.200733
v 1.000000 -0.608850 -3.200733
v 1.000000 -0.602508 -3.200733
v 1.000000 -0.638296 -3.943111
v 1.000000 -0.632718 -3.943110
v 1.000000 -0.626982 -3.943110
v 1.000000 -0.621089 -3.943110
v 1.000000 -0.615045 -3.943110
v 1.000000 -0.608850 -3.943110
v 1.000000 -0.602508 -3.943110
v 1.000000 -0.638296 -4.642886
v 1.000000 -0.632718 -4.642886
v 1.000000 -0.626982 -4.642886
v 1.000000 -0.621089 -4.642886
v 1.000000 -0.615045 -4.642886
v 1.000000 -0.608850 -4.642886
v 1.000000 -0.602508 -4.642886
v 1.000000 -0.638296 -5.291519
v 1.000000 -0.632718 -5.291519
v 1.000000 -0.626982 -5.291519
v 1.000000 -0.621089 -5.291519
v 1.000000 -0.615045 -5.291519
v 1.000000 -0.608850 -5.291519
v 1.000000 -0.602508 -5.291519
v 1.000000 -0.638296 0.851283
v 1.000000 -0.638296 1.669933
v 1.000000 -0.638296 2.471406
v 1.000000 -0.638296 3.247161
v 1.000000 -0.638296 3.988659
v 1.000000 -0.638296 4.687359
v 1.000000 -0.638296 5.334722
v 1.000000 -0.632718 0.851283
v 1.000000 -0.632718 1.669933
v 1.000000 -0.632718 2.471406
v 1.000000 -0.632718 3.247161
v 1.000000 -0.632718 3.988659
v 1.000000 -0.632718 4.687359
v 1.000000 -0.632718 5.334722
v 1.000000 -0.626982 0.851283
v 1.000000 -0.626982 1.669933
v 1.000000 -0.626982 2.471406
v 1.000000 -0.626982 3.247161
v 1.000000 -0.626982 3.988659
v 1.000000 -0.626982 4.687359
v 1.000000 -0.626982 5.334722
v 1.000000 -0.621089 0.851283
v 1.000000 -0.621089 1.669933
v 1.000000 -0.621089 2.471406
v 1.000000 -0.621089 3.247161
v 1.000000 -0.621089 3.988659
v 1.000000 -0.621089 4.687359
v 1.000000 -0.621089 5.334722
v 1.000000 -0.615045 0.851284
v 1.000000 -0.615045 1.669933
v 1.000000 -0.615045 2.471406
v 1.000000 -0.615045 3.247161
v 1.000000 -0.615045 3.988659
v 1.000000 -0.615045 4.687359
v 1.000000 -0.615045 5.334722
v 1.000000 -0.608850 0.851284
v 1.000000 -0.608850 1.669934
v 1.000000 -0.608850 2.471406
v 1.000000 -0.608850 3.247162
v 1.000000 -0.608850 3.988659
v 1.000000 -0.608850 4.687360
v 1.000000 -0.608850 5.334723
v 1.000000 -0.602508 0.851284
v 1.000000 -0.602508 1.669934
v 1.000000 -0.602508 2.471406
v 1.000000 -0.602508 3.247162
v 1.000000 -0.602508 3.988659
v 1.000000 -0.602508 4.687360
v 1.000000 -0.602508 5.334723
v 1.000000 -0.648965 0.851283
v 1.000000 -0.654051 0.851283
v 1.000000 -0.658967 0.851283
v 1.000000 -0.663708 0.851283
v 1.000000 -0.668275 0.851283
v 1.000000 -0.672664 0.851283
v 1.000000 -0.676870 0.851283
v 1.000000 -0.648965 1.669933
v 1.000000 -0.654051 1.669933
v 1.000000 -0.658967 1.669933
v 1.000000 -0.663708 1.669933
v 1.000000 -0.668275 1.669933
v 1.000000 -0.672664 1.669933
v 1.000000 -0.676870 1.669933
v 1.000000 -0.648965 2.471406
v 1.000000 -0.654051 2.471406
v 1.000000 -0.658967 2.471406
v 1.000000 -0.663708 2.471406
v 1.000000 -0.668275 2.471406
v 1.000000 -0.672664 2.471406
v 1.000000 -0.676870 2.471406
v 1.000000 -0.648965 3.247160
v 1.000000 -0.654051 3.247160
v 1.000000 -0.658967 3.247160
v 1.000000 -0.663708 3.247160
v 1.000000 -0.668275 3.247160
v 1.000000 -0.672664 3.247160
v 1.000000 -0.676870 3.247160
v 1.000000 -0.648965 3.988658
v 1.000000 -0.654051 3.988658
v 1.000000 -0.658967 3.988658
v 1.000000 -0.663708 3.988658
v 1.000000 -0.668275 3.988658
v 1.000000 -0.672664 3.988658
v 1.000000 -0.676870 3.988658
v 1.000000 -0.648965 4.687358
v 1.000000 -0.654051 4.687358
v 1.000000 -0.658967 4.687358
v 1.000000 -0.663708 4.687358
v 1.000000 -0.668275 4.687358
v 1.000000 -0.672664 4.687358
v 1.000000 -0.676870 4.687358
v 1.000000 -0.648965 5.334721
v 1.000000 -0.654051 5.334721
v 1.000000 -0.658967 5.334721
v 1.000000 -0.663708 5.334721
v 1.000000 -0.668275 5.334721
v 1.000000 -0.672664 5.334721
v 1.000000 -0.676870 5.334721
v 0.999146 -0.706483 0.023994
v 0.999146 -0.706483 -0.803391
v 0.999146 -0.706483 -1.622334
v 0.999146 -0.706483 -2.424295
v 0.999146 -0.706483 -3.200735
v 0.999146 -0.706483 -3.943113
v 0.999146 -0.706483 -4.642887
v 0.999146 -0.706483 -5.291521
v 0.999430 -0.703908 0.023994
v 0.999644 -0.701159 0.023994
v 0.999797 -0.698233 0.023994
v 0.999898 -0.695127 0.023994
v 0.999959 -0.691844 0.023994
v 0.999990 -0.688378 0.023994
v 1.000000 -0.684728 0.023994
v 0.999146 -0.706483 0.851282
v 0.999146 -0.706483 1.669932
v 0.999146 -0.706483 2.471405
v 0.999146 -0.706483 3.247159
v 0.999146 -0.706483 3.988657
v 0.999146 -0.706483 4.687357
v 0.999146 -0.706483 5.334720
v 0.998780 -0.708885 0.023994
v 0.998322 -0.711117 0.023994
v 0.997763 -0.713179 0.023994
v 0.997092 -0.715073 0.023994
v 0.996299 -0.716802 0.023994
v 0.995373 -0.718367 0.023994
v 0.994306 -0.719769 0.023994
v 0.998780 -0.708885 -0.803391
v 0.998780 -0.708885 -1.622334
v 0.998780 -0.708885 -2.424295
v 0.998780 -0.708885 -3.200736
v 0.998780 -0.708885 -3.943113
v 0.998780 -0.708885 -4.642887
v 0.998780 -0.708885 -5.291521
v 0.998322 -0.711117 -0.803391
v 0.998322 -0.711117 -1.622334
v 0.998322 -0.711117 -2.424295
v 0.998322 -0.711117 -3.200735
v 0.998322 -0.711117 -3.943113
v 0.998322 -0.711117 -4.642887
v 0.998322 -0.711117 -5.291521
v 0.997763 -0.713179 -0.803391
v 0.997763 -0.713179 -1.622334
v 0.997763 -0.713179 -2.424295
v 0.997763 -0.713179 -3.200736
v 0.997763 -0.713179 -3.943113
v 0.997763 -0.713179 -4.642887
v 0.997763 -0.713179 -5.291521
v 0.997092 -0.715073 -0.803391
v 0.997092 -0.715073 -1.622334
v 0.997092 -0.715073 -2.424295
v 0.997092 -0.715073 -3.200735
v 0.997092 -0.715073 -3.943113
v 0.997092 -0.715073 -4.642887
v 0.997092 -0.715073 -5.291521
v 0.996299 -0.716802 -0.803391
v 0.996299 -0.716802 -1.622334
v 0.996299 -0.716802 -2.424295
v 0.996299 -0.716802 -3.200736
v 0.996299 -0.716802 -3.943113
v 0.996299 -0.716802 -4.642887
v 0.996299 -0.716802 -5.291521
v 0.995373 -0.718367 -0.803391
v 0.995373 -0.718367 -1.622334
v 0.995373 -0.718367 -2.424295
v 0.995373 -0.718367 -3.200735
v 0.995373 -0.718367 -3.943113
v 0.995373 -0.718367 -4.642887
v 0.995373 -0.718367 -5.291521
v 0.994306 -0.719769 -0.803391
v 0.994306 -0.719769 -1.622334
v 0.994306 -0.719769 -2.424295
v 0.994306 -0.719769 -3.200736
v 0.994306 -0.719769 -3.943113
v 0.994306 -0.719769 -4.642887
v 0.994306 -0.719769 -5.291521
v 0.999430 -0.703908 -0.803391
v 0.999644 -0.701159 -0.803391
v 0.999797 -0.698233 -0.803391
v 0.999898 -0.695127 -0.803391
v 0.999959 -0.691844 -0.803391
v 0.999990 -0.688378 -0.803391
v 1.000000 -0.684728 -0.803391
v 0.999430 -0.703908 -1.622334
v 0.999644 -0.701159 -1.622334
v 0.999797 -0.698233 -1.622334
v 0.999898 -0.695127 -1.622334
v 0.999959 -0.691844 -1.622334
v 0.999990 -0.688378 -1.622334
v 1.000000 -0.684728 -1.622334
v 0.999430 -0.703908 -2.424295
v 0.999644 -0.701159 -2.424295
v 0.999797 -0.698233 -2.424295
v 0.999898 -0.695127 -2.424295
v 0.999959 -0.691844 -2.424295
v 0.999990 -0.688378 -2.424295
v 1.000000 -0.684728 -2.424295
v 0.999430 -0.703908 -3.200735
v 0.999644 -0.701159 -3.200735
v 0.999797 -0.698233 -3.200735
v 0.999898 -0.695127 -3.200735
v 0.999959 -0.691844 -3.200734
v 0.999990 -0.688378 -3.200734
v 1.000000 -0.684728 -3.200734
v 0.999430 -0.703908 -3.943112
v 0.999644 -0.701159 -3.943112
v 0.999797 -0.698233 -3.943112
v 0.999898 -0.695127 -3.943112
v 0.999959 -0.691844 -3.943112
v 0.999990 -0.688378 -3.943112
v 1.000000 -0.684728 -3.943111
v 0.999430 -0.703908 -4.642887
v 0.999644 -0.701159 -4.642887
v 0.999797 -0.698233 -4.642887
v 0.999898 -0.695127 -4.642887
v 0.999959 -0.691844 -4.642887
v 0.999990 -0.688378 -4.642887
v 1.000000 -0.684728 -4.642887
v 0.999430 -0.703908 -5.291521
v 0.999644 -0.701159 -5.291521
v 0.999797 -0.698233 -5.291521
v 0.999898 -0.695127 -5.291521
v 0.999959 -0.691844 -5.291521
v 0.999990 -0.688378 -5.291521
v 1.000000 -0.684728 -5.291519
v 0.999430 -0.703908 0.851282
v 0.999430 -0.703908 1.669932
v 0.999430 -0.703908 2.471405
v 0.999430 -0.703908 3.247159
v 0.999430 -0.703908 3.988657
v 0.999430 -0.703908 4.687357
v 0.999430 -0.703908 5.334720
v 0.999644 -0.701159 0.851283
v 0.999644 -0.701159 1.669932
v 0.999644 -0.701159 2.471405
v 0.999644 -0.701159 3.247159
v 0.999644 -0.701159 3.988657
v 0.999644 -0.701159 4.687357
v 0.999644 -0.701159 5.334720
v 0.999797 -0.698233 0.851283
v 0.999797 -0.698233 1.669932
v 0.999797 -0.698233 2.471405
v 0.999797 -0.698233 3.247160
v 0.999797 -0.698233 3.988657
v 0.999797 -0.698233 4.687358
v 0.999797 -0.698233 5.334720
v 0.999898 -0.695127 0.851283
v 0.999898 -0.695127 1.669932
v 0.999898 -0.695127 2.471405
v 0.999898 -0.695127 3.247160
v 0.999898 -0.695127 3.988658
v 0.999898 -0.695127 4.687358
v 0.999898 -0.695127 5.334721
v 0.999959 -0.691844 0.851283
v 0.999959 -0.691844 1.669932
v 0.999959 -0.691844 2.471405
v 0.999959 -0.691844 3.247160
v 0.999959 -0.691844 3.988658
v 0.999959 -0.691844 4.687358
v 0.999959 -0.691844 5.334721
v 0.999990 -0.688378 0.851283
v 0.999990 -0.688378 1.669933
v 0.999990 -0.688378 2.471406
v 0.999990 -0.688378 3.247160
v 0.999990 -0.688378 3.988658
v 0.999990 -0.688378 4.687358
v 0.999990 -0.688378 5.334721
v 1.000000 -0.684728 0.851283
v 1.000000 -0.684728 1.669933
v 1.000000 -0.684728 2.471406
v 1.000000 -0.684728 3.247160
v 1.000000 -0.684728 3.988658
v 1.000000 -0.684728 4.687358
v 1.000000 -0.684728 5.334721
v 0.998780 -0.708885 0.851282
v 0.998322 -0.711117 0.851282
v 0.997763 -0.713179 0.851282
v 0.997092 -0.715073 0.851282
v 0.996299 -0.716802 0.851282
v 0.995373 -0.718367 0.851282
v 0.994306 -0.719769 0.851282
v 0.998780 -0.708885 1.669932
v 0.998322 -0.711117 1.669932
v 0.997763 -0.713179 1.669932
v 0.997092 -0.715073 1.669932
v 0.996299 -0.716802 1.669932
v 0.995373 -0.718367 1.669932
v 0.994306 -0.719769 1.669932
v 0.998780 -0.708885 2.471405
v 0.998322 -0.711117 2.471405
v 0.997763 -0.713179 2.471405
v 0.997092 -0.715073 2.471405
v 0.996299 -0.716802 2.471405
v 0.995373 -0.718367 2.471405
v 0.994306 -0.719769 2.471405
v 0.998780 -0.708885 3.247159
v 0.998322 -0.711117 3.247159
v 0.997763 -0.713179 3.247159
v 0.997092 -0.715073 3.247159
v 0.996299 -0.716802 3.247159
v 0.995373 -0.718367 3.247159
v 0.994306 -0.719769 3.247159
v 0.998780 -0.708885 3.988657
v 0.998322 -0.711117 3.988657
v 0.997763 -0.713179 3.988657
v 0.997092 -0.715073 3.988657
v 0.996299 -0.716802 3.988657
v 0.995373 -0.718367 3.988657
v 0.994306 -0.719769 3.988657
v 0.998780 -0.708885 4.687357
v 0.998322 -0.711117 4.687357
v 0.997763 -0.713179 4.687357
v 0.997092 -0.715073 4.687357
v 0.996299 -0.716802 4.687357
v 0.995373 -0.718367 4.687357
v 0.994306 -0.719769 4.687357
v 0.998780 -0.708885 5.334720
v 0.998322 -0.711117 5.334720
v 0.997763 -0.713179 5.334720
v 0.997092 -0.715073 5.334720
v 0.996299 -0.716802 5.334720
v 0.995373 -0.718367 5.334720
v 0.994306 -0.719769 5.334720
v 0.959521 -0.479929 0.023998
v 0.959521 -0.479929 -0.803388
v 0.959521 -0.479929 -1.622331
v 0.959521 -0.479929 -2.424292
v 0.959521 -0.479929 -3.200731
v 0.959521 -0.479929 -3.943109
v 0.959521 -0.479929 -4.642883
v 0.959521 -0.479929 -5.291516
v 0.949145 -0.478671 0.023998
v 0.936685 -0.477540 0.023998
v 0.921925 -0.476497 0.023998
v 0.904653 -0.475502 0.023998
v 0.884654 -0.474519 0.023998
v 0.861715 -0.473507 0.023998
v 0.835623 -0.472428 0.023997
v 0.959521 -0.479929 0.851285
v 0.959521 -0.479929 1.669936
v 0.959521 -0.479929 2.471408
v 0.959521 -0.479929 3.247164
v 0.959521 -0.479929 3.988661
v 0.959521 -0.479929 4.687361
v 0.959521 -0.479929 5.334724
v 0.968024 -0.481352 0.023998
v 0.974870 -0.482978 0.023998
v 0.980271 -0.484846 0.023998
v 0.984441 -0.486996 0.023998
v 0.987594 -0.489465 0.023998
v 0.989943 -0.492291 0.023998
v 0.991702 -0.495516 0.023998
v 0.968024 -0.481352 -0.803388
v 0.968024 -0.481352 -1.622331
v 0.968024 -0.481352 -2.424292
v 0.968025 -0.481352 -3.200731
v 0.968025 -0.481352 -3.943109
v 0.968025 -0.481352 -4.642883
v 0.968025 -0.481352 -5.291516
v 0.974870 -0.482978 -0.803388
v 0.974870 -0.482978 -1.622331
v 0.974870 -0.482978 -2.424292
v 0.974870 -0.482978 -3.200731
v 0.974870 -0.482978 -3.943109
v 0.974870 -0.482978 -4.642883
v 0.974870 -0.482978 -5.291516
v 0.980271 -0.484846 -0.803388
v 0.980271 -0.484846 -1.622331
v 0.980271 -0.484846 -2.424292
v 0.980271 -0.484846 -3.200731
v 0.980271 -0.484846 -3.943109
v 0.980271 -0.484846 -4.642883
v 0.980271 -0.484846 -5.291516
v 0.984441 -0.486996 -0.803388
v 0.984441 -0.486996 -1.622331
v 0.984441 -0.486996 -2.424292
v 0.984441 -0.486996 -3.200731
v 0.984441 -0.486996 -3.943109
v 0.984441 -0.486996 -4.642883
v 0.984441 -0.486996 -5.291516
v 0.987594 -0.489465 -0.803388
v 0.987594 -0.489465 -1.622331
v 0.987594 -0.489465 -2.424292
v 0.987594 -0.489465 -3.200731
v 0.987594 -0.489465 -3.943109
v 0.987594 -0.489465 -4.642883
v 0.987594 -0.489465 -5.291516
v 0.989943 -0.492291 -0.803388
v 0.989943 -0.492291 -1.622331
v 0.989943 -0.492291 -2.424292
v 0.989943 -0.492291 -3.200731
v 0.989943 -0.492291 -3.943109
v 0.989943 -0.492291 -4.642883
v 0.989943 -0.492291 -5.291516
v 0.991702 -0.495516 -0.803389
v 0.991702 -0.495516 -1.622331
v 0.991702 -0.495516 -2.424292
v 0.991702 -0.495516 -3.200731
v 0.991702 -0.495516 -3.943109
v 0.991702 -0.495516 -4.642883
v 0.991702 -0.495516 -5.291518
v 0.949146 -0.478671 -0.803388
v 0.936685 -0.477540 -0.803388
v 0.921925 -0.476497 -0.803388
v 0.904653 -0.475502 -0.803389
v 0.884654 -0.474519 -0.803389
v 0.861715 -0.473507 -0.803389
v 0.835623 -0.472428 -0.803389
v 0.949146 -0.478671 -1.622331
v 0.936685 -0.477540 -1.622331
v 0.921925 -0.476497 -1.622331
v 0.904653 -0.475502 -1.622331
v 0.884654 -0.474519 -1.622331
v 0.861715 -0.473507 -1.622331
v 0.835623 -0.472428 -1.622332
v 0.949146 -0.478671 -2.424292
v 0.936685 -0.477540 -2.424292
v 0.921925 -0.476497 -2.424292
v 0.904653 -0.475502 -2.424292
v 0.884654 -0.474519 -2.424292
v 0.861715 -0.473507 -2.424292
v 0.835623 -0.472428 -2.424293
v 0.949146 -0.478671 -3.200731
v 0.936685 -0.477540 -3.200731
v 0.921925 -0.476497 -3.200731
v 0.904653 -0.475502 -3.200731
v 0.884654 -0.474519 -3.200731
v 0.861715 -0.473507 -3.200731
v 0.835623 -0.472428 -3.200731
v 0.949146 -0.478671 -3.943109
v 0.936685 -0.477540 -3.943109
v 0.921925 -0.476497 -3.943109
v 0.904653 -0.475502 -3.943109
v 0.884654 -0.474519 -3.943109
v 0.861715 -0.473507 -3.943109
v 0.835623 -0.472428 -3.943109
v 0.949146 -0.478671 -4.642883
v 0.936685 -0.477540 -4.642883
v 0.921925 -0.476497 -4.642883
v 0.904653 -0.475502 -4.642883
v 0.884654 -0.474519 -4.642883
v 0.861715 -0.473507 -4.642883
v 0.835623 -0.472428 -4.642883
v 0.949146 -0.478671 -5.291516
v 0.936685 -0.477540 -5.291516
v 0.921925 -0.476497 -5.291516
v 0.904653 -0.475502 -5.291516
v 0.884654 -0.474519 -5.291516
v 0.861715 -0.473507 -5.291516
v 0.835623 -0.472428 -5.291516
v 0.949145 -0.478671 0.851285
v 0.949145 -0.478671 1.669936
v 0.949145 -0.478671 2.471408
v 0.949145 -0.478671 3.247164
v 0.949145 -0.478671 3.988661
v 0.949145 -0.478671 4.687361
v 0.949145 -0.478671 5.334724
v 0.936685 -0.477540 0.851285
v 0.936685 -0.477540 1.669936
v 0.936685 -0.477540 2.471408
v 0.936685 -0.477540 3.247163
v 0.936685 -0.477540 3.988661
v 0.936685 -0.477540 4.687361
v 0.936685 -0.477540 5.334724
v 0.921925 -0.476497 0.851285
v 0.921925 -0.476497 1.669936
v 0.921925 -0.476497 2.471408
v 0.921925 -0.476497 3.247163
v 0.921925 -0.476497 3.988661
v 0.921925 -0.476497 4.687361
v 0.921925 -0.476497 5.334724
v 0.904653 -0.475502 0.851285
v 0.904652 -0.475502 1.669936
v 0.904652 -0.475502 2.471408
v 0.904652 -0.475502 3.247163
v 0.904652 -0.475502 3.988661
v 0.904652 -0.475502 4.687361
v 0.904652 -0.475502 5.334724
v 0.884654 -0.474519 0.851285
v 0.884654 -0.474519 1.669936
v 0.884654 -0.474519 2.471408
v 0.884654 -0.474519 3.247163
v 0.884654 -0.474519 3.988660
v 0.884654 -0.474519 4.687361
v 0.884654 -0.474519 5.334724
v 0.861715 -0.473507 0.851285
v 0.861715 -0.473507 1.669935
v 0.861715 -0.473507 2.471408
v 0.861715 -0.473507 3.247163
v 0.861715 -0.473507 3.988660
v 0.861715 -0.473507 4.687361
v 0.861715 -0.473507 5.334724
v 0.835622 -0.472428 0.851285
v 0.835622 -0.472428 1.669935
v 0.835622 -0.472428 2.471408
v 0.835622 -0.472428 3.247163
v 0.835622 -0.472428 3.988660
v 0.835622 -0.472428 4.687360
v 0.835622 -0.472428 5.334723
v 0.968024 -0.481352 0.851285
v 0.974870 -0.482978 0.851285
v 0.980271 -0.484846 0.851285
v 0.984441 -0.486996 0.851285
v 0.987594 -0.489465 0.851285
v 0.989943 -0.492291 0.851285
v 0.991702 -0.495516 0.851285
v 0.968024 -0.481352 1.669936
v 0.974870 -0.482978 1.669936
v 0.980271 -0.484846 1.669936
v 0.984441 -0.486996 1.669936
v 0.987594 -0.489465 1.669936
v 0.989943 -0.492291 1.669936
v 0.991702 -0.495516 1.669936
v 0.968024 -0.481352 2.471408
v 0.974870 -0.482978 2.471408
v 0.980271 -0.484846 2.471408
v 0.984441 -0.486996 2.471408
v 0.987594 -0.489465 2.471408
v 0.989943 -0.492291 2.471408
v 0.991702 -0.495516 2.471408
v 0.968024 -0.481352 3.247163
v 0.974870 -0.482978 3.247163
v 0.980271 -0.484846 3.247163
v 0.984441 -0.486996 3.247164
v 0.987594 -0.489465 3.247163
v 0.989943 -0.492291 3.247164
v 0.991702 -0.495516 3.247163
v 0.968024 -0.481352 3.988661
v 0.974870 -0.482978 3.988661
v 0.980271 -0.484846 3.988661
v 0.984441 -0.486996 3.988661
v 0.987594 -0.489465 3.988661
v 0.989943 -0.492291 3.988661
v 0.991702 -0.495516 3.988660
v 0.968024 -0.481352 4.687361
v 0.974870 -0.482978 4.687361
v 0.980271 -0.484846 4.687361
v 0.984441 -0.486996 4.687361
v 0.987594 -0.489465 4.687361
v 0.989943 -0.492291 4.687361
v 0.991702 -0.495516 4.687361
v 0.968024 -0.481352 5.334724
v 0.974870 -0.482978 5.334724
v 0.980271 -0.484846 5.334724
v 0.984441 -0.486996 5.334724
v 0.987594 -0.489465 5.334724
v 0.989943 -0.492291 5.334724
v 0.991702 -0.495516 5.334724
v 0.959521 -0.725324 0.023994
v 0.968025 -0.725323 0.023994
v 0.974870 -0.725171 0.023994
v 0.980271 -0.724866 0.023994
v 0.984441 -0.724406 0.023994
v 0.987594 -0.723792 0.023994
v 0.989943 -0.723022 0.023994
v 0.991702 -0.722096 0.023994
v 0.959521 -0.725324 0.851282
v 0.959521 -0.725324 1.669931
v 0.959521 -0.725324 2.471404
v 0.959521 -0.725324 3.247159
v 0.959521 -0.725324 3.988657
v 0.959521 -0.725324 4.687357
v 0.959521 -0.725324 5.334720
v 0.949146 -0.725172 0.023994
v 0.936685 -0.724872 0.023993
v 0.921925 -0.724421 0.023993
v 0.904653 -0.723821 0.023993
v 0.884654 -0.723075 0.023993
v 0.861715 -0.722182 0.023993
v 0.835623 -0.721143 0.023993
v 0.959521 -0.725324 -0.803392
v 0.959521 -0.725324 -1.622334
v 0.959521 -0.725324 -2.424295
v 0.959521 -0.725324 -3.200735
v 0.959521 -0.725324 -3.943113
v 0.959521 -0.725324 -4.642887
v 0.959521 -0.725324 -5.291521
v 0.968025 -0.725323 -0.803392
v 0.974870 -0.725171 -0.803391
v 0.980271 -0.724866 -0.803391
v 0.984441 -0.724406 -0.803391
v 0.987594 -0.723792 -0.803391
v 0.989943 -0.723022 -0.803391
v 0.991702 -0.722096 -0.803391
v 0.968025 -0.725323 -1.622335
v 0.974870 -0.725171 -1.622335
v 0.980271 -0.724866 -1.622335
v 0.984441 -0.724406 -1.622335
v 0.987594 -0.723792 -1.622335
v 0.989943 -0.723022 -1.622335
v 0.991702 -0.722096 -1.622335
v 0.968025 -0.725323 -2.424295
v 0.974870 -0.725171 -2.424295
v 0.980271 -0.724866 -2.424295
v 0.984441 -0.724406 -2.424295
v 0.987594 -0.723792 -2.424295
v 0.989943 -0.723022 -2.424295
v 0.991702 -0.722096 -2.424295
v 0.968025 -0.725323 -3.200736
v 0.974870 -0.725171 -3.200736
v 0.980271 -0.724866 -3.200736
v 0.984441 -0.724406 -3.200736
v 0.987594 -0.723792 -3.200736
v 0.989943 -0.723022 -3.200736
v 0.991702 -0.722096 -3.200736
v 0.968025 -0.725323 -3.943113
v 0.974870 -0.725171 -3.943113
v 0.980271 -0.724866 -3.943113
v 0.984441 -0.724406 -3.943113
v 0.987594 -0.723792 -3.943113
v 0.989943 -0.723022 -3.943113
v 0.991702 -0.722096 -3.943113
v 0.968025 -0.725323 -4.642887
v 0.974870 -0.725171 -4.642887
v 0.980271 -0.724866 -4.642887
v 0.984441 -0.724406 -4.642887
v 0.987594 -0.723792 -4.642887
v 0.989943 -0.723022 -4.642887
v 0.991702 -0.722096 -4.642887
v 0.968025 -0.725323 -5.291521
v 0.974870 -0.725171 -5.291521
v 0.980271 -0.724866 -5.291521
v 0.984441 -0.724406 -5.291521
v 0.987594 -0.723792 -5.291521
v 0.989943 -0.723022 -5.291521
v 0.991702 -0.722096 -5.291521
v 0.968025 -0.725323 0.851282
v 0.968025 -0.725323 1.669931
v 0.968025 -0.725323 2.471404
v 0.968025 -0.725323 3.247159
v 0.968025 -0.725323 3.988657
v 0.968025 -0.725323 4.687357
v 0.968025 -0.725323 5.334720
v 0.974870 -0.725171 0.851282
v 0.974870 -0.725171 1.669932
v 0.974870 -0.725171 2.471404
v 0.974870 -0.725171 3.247159
v 0.974870 -0.725171 3.988657
v 0.974870 -0.725171 4.687357
v 0.974870 -0.725171 5.334720
v 0.980271 -0.724866 0.851282
v 0.980271 -0.724866 1.669932
v 0.980271 -0.724866 2.471404
v 0.980271 -0.724866 3.247159
v 0.980271 -0.724866 3.988657
v 0.980271 -0.724866 4.687357
v 0.980271 -0.724866 5.334720
v 0.984441 -0.724406 0.851282
v 0.984441 -0.724406 1.669932
v 0.984441 -0.724406 2.471405
v 0.984441 -0.724406 3.247159
v 0.984441 -0.724406 3.988657
v 0.984441 -0.724406 4.687357
v 0.984441 -0.724406 5.334720
v 0.987594 -0.723792 0.851282
v 0.987594 -0.723792 1.669932
v 0.987594 -0.723792 2.471405
v 0.987594 -0.723792 3.247159
v 0.987594 -0.723792 3.988657
v 0.987594 -0.723792 4.687357
v 0.987594 -0.723792 5.334720
v 0.989943 -0.723022 0.851282
v 0.989943 -0.723022 1.669932
v 0.989943 -0.723022 2.471405
v 0.989943 -0.723022 3.247159
v 0.989943 -0.723022 3.988657
v 0.989943 -0.723022 4.687357
v 0.989943 -0.723022 5.334720
v 0.991702 -0.722096 0.851282
v 0.991702 -0.722096 1.669932
v 0.991702 -0.722096 2.471405
v 0.991702 -0.722096 3.247159
v 0.991702 -0.722096 3.988657
v 0.991702 -0.722096 4.687357
v 0.991702 -0.722096 5.334720
v 0.949146 -0.725172 0.851282
v 0.936685 -0.724872 0.851282
v 0.921925 -0.724421 0.851281
v 0.904653 -0.723821 0.851281
v 0.884654 -0.723075 0.851281
v 0.861715 -0.722182 0.851281
v 0.835623 -0.721143 0.851281
v 0.949146 -0.725172 1.669931
v 0.936685 -0.724872 1.669931
v 0.921925 -0.724421 1.669931
v 0.904653 -0.723821 1.669931
v 0.884654 -0.723075 1.669931
v 0.861715 -0.722182 1.669931
v 0.835623 -0.721143 1.669931
v 0.949146 -0.725172 2.471404
v 0.936685 -0.724872 2.471404
v 0.921925 -0.724421 2.471404
v 0.904653 -0.723821 2.471404
v 0.884654 -0.723075 2.471404
v 0.861715 -0.722182 2.471404
v 0.835623 -0.721143 2.471403
v 0.949146 -0.725172 3.247159
v 0.936685 -0.724872 3.247159
v 0.921925 -0.724421 3.247159
v 0.904653 -0.723821 3.247159
v 0.884654 -0.723075 3.247159
v 0.861715 -0.722182 3.247159
v 0.835623 -0.721143 3.247159
v 0.949146 -0.725172 3.988657
v 0.936685 -0.724872 3.988657
v 0.921925 -0.724421 3.988657
v 0.904653 -0.723821 3.988657
v 0.884654 -0.723075 3.988657
v 0.861715 -0.722182 3.988657
v 0.835623 -0.721143 3.988656
v 0.949146 -0.725172 4.687357
v 0.936685 -0.724872 4.687357
v 0.921925 -0.724421 4.687357
v 0.904653 -0.723821 4.687357
v 0.884654 -0.723075 4.687357
v 0.861715 -0.722182 4.687357
v 0.835623 -0.721143 4.687357
v 0.949146 -0.725172 5.334720
v 0.936685 -0.724872 5.334720
v 0.921925 -0.724421 5.334720
v 0.904653 -0.723821 5.334720
v 0.884654 -0.723075 5.334720
v 0.861715 -0.722182 5.334720
v 0.835623 -0.721143 5.334720
v 0.949146 -0.725172 -0.803392
v 0.949146 -0.725172 -1.622335
v 0.949146 -0.725172 -2.424295
v 0.949146 -0.725172 -3.200736
v 0.949146 -0.725172 -3.943113
v 0.949146 -0.725172 -4.642887
v 0.949146 -0.725172 -5.291521
v 0.936685 -0.724872 -0.803392
v 0.936685 -0.724872 -1.622335
v 0.936685 -0.724872 -2.424295
v 0.936685 -0.724872 -3.200735
v 0.936685 -0.724872 -3.943113
v 0.936685 -0.724872 -4.642887
v 0.936685 -0.724872 -5.291521
v 0.921925 -0.724421 -0.803392
v 0.921925 -0.724421 -1.622335
v 0.921925 -0.724421 -2.424295
v 0.921925 -0.724421 -3.200736
v 0.921925 -0.724421 -3.943113
v 0.921925 -0.724421 -4.642887
v 0.921925 -0.724421 -5.291521
v 0.904653 -0.723821 -0.803392
v 0.904653 -0.723821 -1.622335
v 0.904653 -0.723821 -2.424295
v 0.904653 -0.723821 -3.200735
v 0.904653 -0.723821 -3.943113
v 0.904653 -0.723821 -4.642887
v 0.904653 -0.723821 -5.291521
v 0.884654 -0.723075 -0.803392
v 0.884654 -0.723075 -1.622335
v 0.884654 -0.723075 -2.424295
v 0.884654 -0.723075 -3.200736
v 0.884654 -0.723075 -3.943113
v 0.884654 -0.723075 -4.642887
v 0.884654 -0.723075 -5.291521
v 0.861715 -0.722182 -0.803392
v 0.861715 -0.722182 -1.622335
v 0.861715 -0.722182 -2.424296
v 0.861715 -0.722182 -3.200735
v 0.861715 -0.722182 -3.943113
v 0.861715 -0.722182 -4.642887
v 0.861715 -0.722182 -5.291521
v 0.835623 -0.721143 -0.803392
v 0.835623 -0.721143 -1.622335
v 0.835623 -0.721143 -2.424296
v 0.835623 -0.721143 -3.200736
v 0.835623 -0.721143 -3.943113
v 0.835623 -0.721143 -4.642887
v 0.835623 -0.721143 -5.291523
v -0.462765 -0.707741 0.023992
v -0.408935 -0.706255 0.023992
v -0.353532 -0.704875 0.023992
v -0.296784 -0.703629 0.023992
v -0.238919 -0.702544 0.023992
v -0.180163 -0.701651 0.023993
v -0.120744 -0.700974 0.023993
v -0.060889 -0.700542 0.023993
v -0.462765 -0.707741 0.851279
v -0.462765 -0.707741 1.669930
v -0.462765 -0.707741 2.471402
v -0.462765 -0.707741 3.247157
v -0.462765 -0.707741 3.988655
v -0.462765 -0.707741 4.687355
v -0.462765 -0.707741 5.334718
v -0.514794 -0.709304 0.023992
v -0.564796 -0.710919 0.023992
v -0.612543 -0.712555 0.023992
v -0.657808 -0.714187 0.023992
v -0.700363 -0.715784 0.023992
v -0.739980 -0.717319 0.023992
v -0.776432 -0.718764 0.023992
v -0.462765 -0.707741 -0.803393
v -0.462765 -0.707741 -1.622337
v -0.462765 -0.707741 -2.424298
v -0.462765 -0.707741 -3.200737
v -0.462765 -0.707741 -3.943114
v -0.462765 -0.707741 -4.642890
v -0.462765 -0.707741 -5.291524
v -0.408935 -0.706255 -0.803393
v -0.353532 -0.704875 -0.803393
v -0.296784 -0.703629 -0.803393
v -0.238919 -0.702544 -0.803393
v -0.180163 -0.701651 -0.803393
v -0.120744 -0.700974 -0.803393
v -0.060889 -0.700542 -0.803392
v -0.408935 -0.706255 -1.622337
v -0.353532 -0.704875 -1.622337
v -0.296784 -0.703629 -1.622337
v -0.238919 -0.702544 -1.622337
v -0.180163 -0.701651 -1.622337
v -0.120744 -0.700974 -1.622337
v -0.060889 -0.700542 -1.622337
v -0.408935 -0.706255 -2.424298
v -0.353532 -0.704875 -2.424298
v -0.296784 -0.703629 -2.424298
v -0.238919 -0.702544 -2.424297
v -0.180163 -0.701651 -2.424297
v -0.120744 -0.700974 -2.424297
v -0.060889 -0.700542 -2.424297
v -0.408935 -0.706255 -3.200737
v -0.353532 -0.704875 -3.200737
v -0.296784 -0.703629 -3.200737
v -0.238919 -0.702544 -3.200737
v -0.180163 -0.701651 -3.200737
v -0.120744 -0.700974 -3.200737
v -0.060889 -0.700542 -3.200737
v -0.408935 -0.706255 -3.943114
v -0.353532 -0.704875 -3.943114
v -0.296784 -0.703629 -3.943114
v -0.238919 -0.702544 -3.943114
v -0.180163 -0.701651 -3.943114
v -0.120744 -0.700974 -3.943114
v -0.060889 -0.700542 -3.943114
v -0.408935 -0.706255 -4.642890
v -0.353532 -0.704875 -4.642890
v -0.296784 -0.703629 -4.642890
v -0.238919 -0.702544 -4.642890
v -0.180163 -0.701651 -4.642890
v -0.120744 -0.700974 -4.642890
v -0.060889 -0.700542 -4.642890
v -0.408935 -0.706255 -5.291523
v -0.353532 -0.704875 -5.291523
v -0.296784 -0.703629 -5.291523
v -0.238919 -0.702544 -5.291523
v -0.180163 -0.701651 -5.291523
v -0.120744 -0.700974 -5.291523
v -0.060889 -0.700542 -5.291523
v -0.408935 -0.706255 0.851279
v -0.408935 -0.706255 1.669930
v -0.408935 -0.706255 2.471402
v -0.408935 -0.706255 3.247158
v -0.408935 -0.706255 3.988655
v -0.408935 -0.706255 4.687356
v -0.408935 -0.706255 5.334718
v -0.353532 -0.704875 0.851279
v -0.353532 -0.704875 1.669930
v -0.353532 -0.704875 2.471402
v -0.353532 -0.704875 3.247158
v -0.353532 -0.704875 3.988655
v -0.353532 -0.704875 4.687356
v -0.353532 -0.704875 5.334718
v -0.296784 -0.703629 0.851280
v -0.296784 -0.703629 1.669930
v -0.296784 -0.703629 2.471402
v -0.296784 -0.703629 3.247158
v -0.296784 -0.703629 3.988655
v -0.296784 -0.703629 4.687356
v -0.296784 -0.703629 5.334718
v -0.238919 -0.702544 0.851280
v -0.238919 -0.702544 1.669930
v -0.238919 -0.702544 2.471402
v -0.238919 -0.702544 3.247158
v -0.238919 -0.702544 3.988655
v -0.238919 -0.702544 4.687356
v -0.238919 -0.702544 5.334718
v -0.180163 -0.701651 0.851280
v -0.180163 -0.701651 1.669930
v -0.180163 -0.701651 2.471402
v -0.180163 -0.701651 3.247158
v -0.180163 -0.701651 3.988655
v -0.180163 -0.701651 4.687356
v -0.180163 -0.701651 5.334718
v -0.120744 -0.700974 0.851280
v -0.120744 -0.700974 1.669930
v -0.120744 -0.700974 2.471403
v -0.120744 -0.700974 3.247158
v -0.120744 -0.700974 3.988655
v -0.120744 -0.700974 4.687356
v -0.120744 -0.700974 5.334719
v -0.060889 -0.700542 0.851280
v -0.060889 -0.700542 1.669930
v -0.060890 -0.700542 2.471403
v -0.060890 -0.700542 3.247158
v -0.060890 -0.700542 3.988655
v -0.060890 -0.700542 4.687356
v -0.060890 -0.700542 5.334719
v -0.514794 -0.709304 0.851279
v -0.564796 -0.710919 0.851279
v -0.612543 -0.712555 0.851279
v -0.657808 -0.714187 0.851279
v -0.700363 -0.715784 0.851279
v -0.739980 -0.717319 0.851279
v -0.776432 -0.718764 0.851279
v -0.514794 -0.709304 1.669930
v -0.564796 -0.710919 1.669930
v -0.612543 -0.712555 1.669930
v -0.657808 -0.714187 1.669930
v -0.700363 -0.715784 1.669930
v -0.739980 -0.717319 1.669930
v -0.776432 -0.718764 1.669930
v -0.514794 -0.709304 2.471402
v -0.564796 -0.710919 2.471402
v -0.612543 -0.712555 2.471402
v -0.657808 -0.714187 2.471402
v -0.700363 -0.715784 2.471402
v -0.739980 -0.717319 2.471402
v -0.776432 -0.718764 2.471402
v -0.514794 -0.709304 3.247157
v -0.564796 -0.710919 3.247157
v -0.612543 -0.712555 3.247157
v -0.657808 -0.714187 3.247157
v -0.700363 -0.715784 3.247157
v -0.739980 -0.717319 3.247158
v -0.776432 -0.718764 3.247158
v -0.514794 -0.709304 3.988655
v -0.564796 -0.710919 3.988655
v -0.612543 -0.712555 3.988655
v -0.657808 -0.714187 3.988655
v -0.700363 -0.715784 3.988655
v -0.739980 -0.717319 3.988655
v -0.776432 -0.718764 3.988655
v -0.514794 -0.709304 4.687356
v -0.564796 -0.710919 4.687356
v -0.612543 -0.712555 4.687356
v -0.657808 -0.714187 4.687356
v -0.700363 -0.715784 4.687356
v -0.739980 -0.717319 4.687356
v -0.776432 -0.718764 4.687356
v -0.514794 -0.709304 5.334718
v -0.564796 -0.710919 5.334718
v -0.612543 -0.712555 5.334718
v -0.657808 -0.714187 5.334718
v -0.700363 -0.715784 5.334718
v -0.739980 -0.717319 5.334718
v -0.776432 -0.718764 5.334718
v -0.514794 -0.709304 -0.803393
v -0.514794 -0.709304 -1.622337
v -0.514794 -0.709304 -2.424298
v -0.514794 -0.709304 -3.200737
v -0.514794 -0.709304 -3.943114
v -0.514794 -0.709304 -4.642890
v -0.514794 -0.709304 -5.291524
v -0.564796 -0.710919 -0.803393
v -0.564796 -0.710919 -1.622337
v -0.564796 -0.710919 -2.424298
v -0.564796 -0.710919 -3.200737
v -0.564796 -0.710919 -3.943114
v -0.564796 -0.710919 -4.642890
v -0.564796 -0.710919 -5.291524
v -0.612543 -0.712555 -0.803393
v -0.612543 -0.712555 -1.622337
v -0.612543 -0.712555 -2.424298
v -0.612543 -0.712555 -3.200737
v -0.612543 -0.712555 -3.943114
v -0.612543 -0.712555 -4.642890
v -0.612543 -0.712555 -5.291524
v -0.657808 -0.714187 -0.803394
v -0.657808 -0.714187 -1.622337
v -0.657808 -0.714187 -2.424299
v -0.657808 -0.714187 -3.200738
v -0.657808 -0.714187 -3.943115
v -0.657808 -0.714187 -4.642890
v -0.657808 -0.714187 -5.291524
v -0.700363 -0.715784 -0.803394
v -0.700363 -0.715784 -1.622337
v -0.700363 -0.715784 -2.424299
v -0.700362 -0.715784 -3.200737
v -0.700362 -0.715784 -3.943115
v -0.700362 -0.715784 -4.642890
v -0.700362 -0.715784 -5.291524
v -0.739980 -0.717319 -0.803394
v -0.739980 -0.717319 -1.622337
v -0.739980 -0.717319 -2.424298
v -0.739980 -0.717319 -3.200737
v -0.739980 -0.717319 -3.943114
v -0.739980 -0.717319 -4.642890
v -0.739980 -0.717319 -5.291524
v -0.776432 -0.718764 -0.803394
v -0.776432 -0.718764 -1.622337
v -0.776432 -0.718764 -2.424298
v -0.776432 -0.718764 -3.200737
v -0.776432 -0.718764 -3.943114
v -0.776432 -0.718764 -4.642890
v -0.776432 -0.718764 -5.291524
v -0.462765 -0.459026 0.023993
v -0.462765 -0.459026 -0.803392
v -0.462765 -0.459026 -1.622335
v -0.462765 -0.459026 -2.424297
v -0.462765 -0.459026 -3.200736
v -0.462765 -0.459026 -3.943113
v -0.462765 -0.459026 -4.642887
v -0.462765 -0.459026 -5.291521
v -0.514795 -0.460590 0.023993
v -0.564797 -0.462205 0.023993
v -0.612544 -0.463840 0.023993
v -0.657808 -0.465472 0.023992
v -0.700363 -0.467069 0.023992
v -0.739980 -0.468604 0.023992
v -0.776432 -0.470050 0.023992
v -0.462765 -0.459026 0.851280
v -0.462765 -0.459026 1.669930
v -0.462765 -0.459026 2.471403
v -0.462765 -0.459026 3.247158
v -0.462765 -0.459026 3.988655
v -0.462765 -0.459026 4.687356
v -0.462765 -0.459026 5.334719
v -0.408935 -0.457540 0.023993
v -0.353532 -0.456160 0.023993
v -0.296785 -0.454914 0.023993
v -0.238919 -0.453830 0.023993
v -0.180163 -0.452935 0.023994
v -0.120744 -0.452259 0.023994
v -0.060890 -0.451828 0.023994
v -0.408935 -0.457540 -0.803392
v -0.408935 -0.457540 -1.622335
v -0.408935 -0.457540 -2.424297
v -0.408935 -0.457540 -3.200736
v -0.408935 -0.457540 -3.943113
v -0.408935 -0.457540 -4.642887
v -0.408935 -0.457540 -5.291521
v -0.353532 -0.456160 -0.803392
v -0.353532 -0.456160 -1.622335
v -0.353532 -0.456160 -2.424296
v -0.353532 -0.456160 -3.200736
v -0.353532 -0.456160 -3.943113
v -0.353532 -0.456160 -4.642887
v -0.353532 -0.456160 -5.291521
v -0.296785 -0.454914 -0.803392
v -0.296785 -0.454914 -1.622335
v -0.296785 -0.454914 -2.424296
v -0.296785 -0.454914 -3.200736
v -0.296785 -0.454914 -3.943113
v -0.296784 -0.454914 -4.642887
v -0.296784 -0.454914 -5.291521
v -0.238919 -0.453830 -0.803392
v -0.238919 -0.453830 -1.622335
v -0.238919 -0.453830 -2.424295
v -0.238919 -0.453830 -3.200736
v -0.238919 -0.453830 -3.943113
v -0.238919 -0.453830 -4.642887
v -0.238919 -0.453830 -5.291521
v -0.180163 -0.452935 -0.803392
v -0.180163 -0.452935 -1.622335
v -0.180163 -0.452935 -2.424295
v -0.180163 -0.452935 -3.200736
v -0.180163 -0.452935 -3.943113
v -0.180163 -0.452935 -4.642887
v -0.180163 -0.452935 -5.291521
v -0.120744 -0.452259 -0.803391
v -0.120744 -0.452259 -1.622334
v -0.120744 -0.452259 -2.424295
v -0.120744 -0.452259 -3.200735
v -0.120744 -0.452259 -3.943113
v -0.120744 -0.452259 -4.642887
v -0.120744 -0.452259 -5.291521
v -0.060890 -0.451828 -0.803391
v -0.060890 -0.451828 -1.622334
v -0.060890 -0.451828 -2.424295
v -0.060890 -0.451828 -3.200735
v -0.060890 -0.451828 -3.943113
v -0.060890 -0.451828 -4.642887
v -0.060890 -0.451828 -5.291521
v -0.514795 -0.460590 -0.803392
v -0.564797 -0.462205 -0.803392
v -0.612544 -0.463840 -0.803393
v -0.657808 -0.465472 -0.803393
v -0.700363 -0.467069 -0.803393
v -0.739980 -0.468604 -0.803393
v -0.776432 -0.470050 -0.803393
v -0.514795 -0.460590 -1.622336
v -0.564797 -0.462205 -1.622336
v -0.612544 -0.463840 -1.622336
v -0.657808 -0.465472 -1.622337
v -0.700363 -0.467069 -1.622337
v -0.739980 -0.468604 -1.622337
v -0.776432 -0.470050 -1.622337
v -0.514795 -0.460590 -2.424297
v -0.564797 -0.462205 -2.424297
v -0.612544 -0.463840 -2.424297
v -0.657808 -0.465472 -2.424297
v -0.700363 -0.467069 -2.424297
v -0.739980 -0.468604 -2.424298
v -0.776432 -0.470050 -2.424298
v -0.514794 -0.460590 -3.200736
v -0.564797 -0.462205 -3.200737
v -0.612544 -0.463840 -3.200737
v -0.657808 -0.465472 -3.200737
v -0.700363 -0.467069 -3.200737
v -0.739980 -0.468604 -3.200737
v -0.776432 -0.470050 -3.200737
v -0.514794 -0.460590 -3.943113
v -0.564797 -0.462205 -3.943113
v -0.612544 -0.463840 -3.943113
v -0.657808 -0.465472 -3.943113
v -0.700363 -0.467069 -3.943114
v -0.739980 -0.468604 -3.943114
v -0.776432 -0.470050 -3.943114
v -0.514794 -0.460590 -4.642889
v -0.564797 -0.462205 -4.642889
v -0.612544 -0.463840 -4.642889
v -0.657808 -0.465472 -4.642889
v -0.700363 -0.467069 -4.642889
v -0.739980 -0.468604 -4.642889
v -0.776432 -0.470050 -4.642890
v -0.514794 -0.460590 -5.291523
v -0.564797 -0.462205 -5.291523
v -0.612544 -0.463840 -5.291523
v -0.657808 -0.465472 -5.291523
v -0.700363 -0.467069 -5.291523
v -0.739980 -0.468604 -5.291523
v -0.776432 -0.470050 -5.291523
v -0.514795 -0.460590 0.851280
v -0.514795 -0.460590 1.669930
v -0.514795 -0.460590 2.471403
v -0.514795 -0.460590 3.247158
v -0.514795 -0.460590 3.988655
v -0.514795 -0.460590 4.687356
v -0.514795 -0.460590 5.334718
v -0.564797 -0.462205 0.851280
v -0.564797 -0.462205 1.669930
v -0.564797 -0.462205 2.471402
v -0.564797 -0.462205 3.247158
v -0.564797 -0.462205 3.988655
v -0.564797 -0.462205 4.687355
v -0.564797 -0.462205 5.334718
v -0.612544 -0.463840 0.851280
v -0.612544 -0.463840 1.669930
v -0.612544 -0.463840 2.471402
v -0.612544 -0.463840 3.247158
v -0.612544 -0.463840 3.988655
v -0.612544 -0.463840 4.687355
v -0.612544 -0.463840 5.334718
v -0.657808 -0.465472 0.851279
v -0.657808 -0.465472 1.669930
v -0.657808 -0.465472 2.471402
v -0.657808 -0.465472 3.247157
v -0.657808 -0.465472 3.988655
v -0.657808 -0.465472 4.687355
v -0.657808 -0.465472 5.334718
v -0.700363 -0.467069 0.851279
v -0.700363 -0.467069 1.669930
v -0.700363 -0.467069 2.471402
v -0.700363 -0.467069 3.247157
v -0.700363 -0.467069 3.988655
v -0.700363 -0.467069 4.687355
v -0.700363 -0.467069 5.334718
v -0.739980 -0.468604 0.851279
v -0.739980 -0.468604 1.669930
v -0.739980 -0.468604 2.471402
v -0.739980 -0.468604 3.247157
v -0.739980 -0.468604 3.988654
v -0.739980 -0.468604 4.687354
v -0.739980 -0.468604 5.334718
v -0.776432 -0.470050 0.851279
v -0.776432 -0.470050 1.669930
v -0.776432 -0.470050 2.471402
v -0.776432 -0.470050 3.247157
v -0.776432 -0.470050 3.988654
v -0.776432 -0.470050 4.687354
v -0.776432 -0.470050 5.334717
v -0.408935 -0.457540 0.851281
v -0.353532 -0.456160 0.851281
v -0.296785 -0.454914 0.851281
v -0.238919 -0.453830 0.851281
v -0.180163 -0.452935 0.851282
v -0.120744 -0.452259 0.851282
v -0.060890 -0.451828 0.851282
v -0.408935 -0.457540 1.669930
v -0.353532 -0.456160 1.669930
v -0.296785 -0.454914 1.669931
v -0.238919 -0.453830 1.669931
v -0.180163 -0.452935 1.669931
v -0.120744 -0.452259 1.669932
v -0.060890 -0.451828 1.669932
v -0.408935 -0.457540 2.471403
v -0.353532 -0.456160 2.471403
v -0.296785 -0.454914 2.471404
v -0.238919 -0.453830 2.471404
v -0.180163 -0.452935 2.471404
v -0.120744 -0.452259 2.471404
v -0.060890 -0.451828 2.471405
v -0.408935 -0.457540 3.247158
v -0.353533 -0.456160 3.247159
v -0.296785 -0.454914 3.247159
v -0.238919 -0.453830 3.247159
v -0.180163 -0.452935 3.247159
v -0.120744 -0.452259 3.247159
v -0.060890 -0.451828 3.247159
v -0.408935 -0.457540 3.988656
v -0.353532 -0.456160 3.988656
v -0.296785 -0.454914 3.988656
v -0.238919 -0.453830 3.988656
v -0.180163 -0.452935 3.988657
v -0.120744 -0.452259 3.988657
v -0.060890 -0.451828 3.988657
v -0.408935 -0.457540 4.687356
v -0.353533 -0.456160 4.687356
v -0.296785 -0.454914 4.687356
v -0.238919 -0.453830 4.687356
v -0.180163 -0.452935 4.687357
v -0.120744 -0.452259 4.687357
v -0.060890 -0.451828 4.687357
v -0.408935 -0.457540 5.334719
v -0.353533 -0.456160 5.334719
v -0.296785 -0.454914 5.334719
v -0.238919 -0.453830 5.334719
v -0.180163 -0.452935 5.334720
v -0.120744 -0.452259 5.334720
v -0.060890 -0.451828 5.334720
v 0.460273 -0.707648 0.023993
v 0.512147 -0.709205 0.023993
v 0.561999 -0.710811 0.023993
v 0.609604 -0.712440 0.023993
v 0.654742 -0.714065 0.023993
v 0.697190 -0.715656 0.023993
v 0.736724 -0.717188 0.023993
v 0.773123 -0.718632 0.023993
v 0.460273 -0.707648 0.851281
v 0.460273 -0.707648 1.669930
v 0.460273 -0.707648 2.471403
v 0.460273 -0.707648 3.247159
v 0.460273 -0.707648 3.988656
v 0.460273 -0.707648 4.687356
v 0.460273 -0.707648 5.334719
v 0.406599 -0.706172 0.023993
v 0.351347 -0.704803 0.023993
v 0.294741 -0.703568 0.023993
v 0.237002 -0.702496 0.023993
v 0.178353 -0.701613 0.023993
v 0.119016 -0.700949 0.023993
v 0.059216 -0.700531 0.023993
v 0.460273 -0.707648 -0.803392
v 0.460273 -0.707648 -1.622335
v 0.460273 -0.707648 -2.424297
v 0.460273 -0.707648 -3.200737
v 0.460273 -0.707648 -3.943113
v 0.460273 -0.707648 -4.642889
v 0.460273 -0.707648 -5.291523
v 0.512147 -0.709205 -0.803392
v 0.561999 -0.710811 -0.803392
v 0.609604 -0.712440 -0.803392
v 0.654742 -0.714065 -0.803392
v 0.697190 -0.715656 -0.803392
v 0.736724 -0.717188 -0.803392
v 0.773123 -0.718632 -0.803392
v 0.512147 -0.709205 -1.622336
v 0.561999 -0.710811 -1.622335
v 0.609604 -0.712440 -1.622335
v 0.654742 -0.714065 -1.622335
v 0.697190 -0.715656 -1.622335
v 0.736724 -0.717188 -1.622335
v 0.773123 -0.718632 -1.622335
v 0.512147 -0.709205 -2.424297
v 0.561999 -0.710811 -2.424297
v 0.609604 -0.712440 -2.424297
v 0.654742 -0.714065 -2.424296
v 0.697190 -0.715656 -2.424296
v 0.736724 -0.717188 -2.424296
v 0.773123 -0.718632 -2.424296
v 0.512147 -0.709205 -3.200737
v 0.561999 -0.710811 -3.200736
v 0.609604 -0.712440 -3.200736
v 0.654742 -0.714065 -3.200736
v 0.697190 -0.715656 -3.200736
v 0.736724 -0.717188 -3.200736
v 0.773123 -0.718632 -3.200736
v 0.512147 -0.709205 -3.943113
v 0.561999 -0.710811 -3.943113
v 0.609604 -0.712440 -3.943113
v 0.654742 -0.714065 -3.943113
v 0.697190 -0.715656 -3.943113
v 0.736724 -0.717188 -3.943113
v 0.773123 -0.718632 -3.943113
v 0.512147 -0.709205 -4.642889
v 0.561999 -0.710811 -4.642889
v 0.609604 -0.712440 -4.642889
v 0.654742 -0.714065 -4.642889
v 0.697190 -0.715656 -4.642889
v 0.736724 -0.717188 -4.642889
v 0.773123 -0.718632 -4.642889
v 0.512147 -0.709205 -5.291523
v 0.561999 -0.710811 -5.291523
v 0.609604 -0.712440 -5.291523
v 0.654742 -0.714065 -5.291523
v 0.697190 -0.715656 -5.291523
v 0.736724 -0.717188 -5.291523
v 0.773123 -0.718632 -5.291523
v 0.512147 -0.709205 0.851281
v 0.512147 -0.709205 1.669931
v 0.512147 -0.709205 2.471403
v 0.512147 -0.709205 3.247158
v 0.512147 -0.709205 3.988656
v 0.512147 -0.709205 4.687356
v 0.512147 -0.709205 5.334719
v 0.561999 -0.710811 0.851281
v 0.561999 -0.710811 1.669930
v 0.561999 -0.710811 2.471403
v 0.561999 -0.710811 3.247159
v 0.561999 -0.710811 3.988656
v 0.561999 -0.710811 4.687356
v 0.561999 -0.710811 5.334719
v 0.609604 -0.712440 0.851281
v 0.609604 -0.712440 1.669931
v 0.609604 -0.712440 2.471403
v 0.609604 -0.712440 3.247158
v 0.609604 -0.712440 3.988656
v 0.609604 -0.712440 4.687356
v 0.609604 -0.712440 5.334719
v 0.654742 -0.714065 0.851281
v 0.654742 -0.714065 1.669930
v 0.654742 -0.714065 2.471403
v 0.654742 -0.714065 3.247159
v 0.654742 -0.714065 3.988656
v 0.654742 -0.714065 4.687356
v 0.654742 -0.714065 5.334719
v 0.697190 -0.715656 0.851281
v 0.697190 -0.715656 1.669931
v 0.697190 -0.715656 2.471403
v 0.697190 -0.715656 3.247158
v 0.697190 -0.715656 3.988656
v 0.697190 -0.715656 4.687356
v 0.697190 -0.715656 5.334719
v 0.736724 -0.717188 0.851281
v 0.736724 -0.717188 1.669930
v 0.736724 -0.717188 2.471403
v 0.736724 -0.717188 3.247159
v 0.736724 -0.717188 3.988656
v 0.736724 -0.717188 4.687356
v 0.736724 -0.717188 5.334719
v 0.773123 -0.718632 0.851281
v 0.773123 -0.718632 1.669931
v 0.773123 -0.718632 2.471403
v 0.773123 -0.718632 3.247158
v 0.773123 -0.718632 3.988656
v 0.773123 -0.718632 4.687356
v 0.773123 -0.718632 5.334720
v 0.406599 -0.706172 0.851281
v 0.351347 -0.704803 0.851281
v 0.294741 -0.703568 0.851281
v 0.237002 -0.702496 0.851281
v 0.178353 -0.701613 0.851281
v 0.119016 -0.700949 0.851280
v 0.059216 -0.700531 0.851280
v 0.406599 -0.706172 1.669931
v 0.351347 -0.704803 1.669930
v 0.294741 -0.703568 1.669930
v 0.237002 -0.702496 1.669931
v 0.178353 -0.701613 1.669930
v 0.119016 -0.700949 1.669930
v 0.059216 -0.700531 1.669930
v 0.406599 -0.706172 2.471403
v 0.351347 -0.704803 2.471403
v 0.294741 -0.703568 2.471403
v 0.237002 -0.702496 2.471403
v 0.178353 -0.701613 2.471403
v 0.119016 -0.700949 2.471403
v 0.059216 -0.700531 2.471403
v 0.406599 -0.706172 3.247158
v 0.351347 -0.704803 3.247159
v 0.294741 -0.703568 3.247158
v 0.237002 -0.702496 3.247159
v 0.178353 -0.701613 3.247158
v 0.119016 -0.700949 3.247158
v 0.059216 -0.700531 3.247158
v 0.406599 -0.706172 3.988656
v 0.351347 -0.704803 3.988656
v 0.294741 -0.703568 3.988656
v 0.237002 -0.702496 3.988656
v 0.178353 -0.701613 3.988656
v 0.119016 -0.700949 3.988656
v 0.059216 -0.700531 3.988656
v 0.406599 -0.706172 4.687356
v 0.351347 -0.704803 4.687356
v 0.294741 -0.703568 4.687356
v 0.237002 -0.702496 4.687356
v 0.178353 -0.701613 4.687356
v 0.119016 -0.700949 4.687356
v 0.059216 -0.700531 4.687356
v 0.406599 -0.706172 5.334719
v 0.351347 -0.704803 5.334719
v 0.294741 -0.703568 5.334719
v 0.237002 -0.702496 5.334719
v 0.178353 -0.701613 5.334719
v 0.119016 -0.700949 5.334719
v 0.059216 -0.700531 5.334719
v 0.406599 -0.706172 -0.803392
v 0.406599 -0.706172 -1.622336
v 0.406599 -0.706172 -2.424297
v 0.406599 -0.706172 -3.200737
v 0.406599 -0.706172 -3.943113
v 0.406599 -0.706172 -4.642889
v 0.406599 -0.706172 -5.291523
v 0.351347 -0.704803 -0.803392
v 0.351347 -0.704803 -1.622335
v 0.351347 -0.704803 -2.424297
v 0.351347 -0.704803 -3.200737
v 0.351347 -0.704803 -3.943113
v 0.351347 -0.704803 -4.642889
v 0.351347 -0.704803 -5.291523
v 0.294741 -0.703568 -0.803392
v 0.294741 -0.703568 -1.622336
v 0.294741 -0.703568 -2.424297
v 0.294741 -0.703568 -3.200737
v 0.294741 -0.703568 -3.943113
v 0.294741 -0.703568 -4.642889
v 0.294741 -0.703568 -5.291523
v 0.237002 -0.702496 -0.803392
v 0.237002 -0.702496 -1.622335
v 0.237002 -0.702496 -2.424297
v 0.237002 -0.702496 -3.200737
v 0.237002 -0.702496 -3.943113
v 0.237002 -0.702496 -4.642889
v 0.237002 -0.702496 -5.291523
v 0.178353 -0.701613 -0.803392
v 0.178353 -0.701613 -1.622336
v 0.178353 -0.701613 -2.424297
v 0.178353 -0.701613 -3.200737
v 0.178353 -0.701613 -3.943114
v 0.178353 -0.701613 -4.642889
v 0.178353 -0.701613 -5.291523
v 0.119016 -0.700949 -0.803392
v 0.119016 -0.700949 -1.622336
v 0.119016 -0.700949 -2.424297
v 0.119016 -0.700949 -3.200737
v 0.119016 -0.700949 -3.943114
v 0.119016 -0.700949 -4.642889
v 0.119017 -0.700949 -5.291523
v 0.059216 -0.700531 -0.803392
v 0.059216 -0.700531 -1.622336
v 0.059216 -0.700531 -2.424297
v 0.059216 -0.700531 -3.200737
v 0.059216 -0.700531 -3.943114
v 0.059216 -0.700531 -4.642890
v 0.059216 -0.700531 -5.291523
v 0.460273 -0.458935 0.023996
v 0.460273 -0.458935 -0.803390
v 0.460273 -0.458935 -1.622333
v 0.460273 -0.458935 -2.424294
v 0.460273 -0.458935 -3.200733
v 0.460273 -0.458935 -3.943110
v 0.460273 -0.458935 -4.642886
v 0.460273 -0.458935 -5.291519
v 0.406599 -0.457458 0.023995
v 0.351347 -0.456089 0.023995
v 0.294740 -0.454853 0.023995
v 0.237001 -0.453781 0.023995
v 0.178352 -0.452898 0.023994
v 0.119016 -0.452234 0.023994
v 0.059215 -0.451817 0.023994
v 0.460273 -0.458935 0.851284
v 0.460273 -0.458935 1.669934
v 0.460273 -0.458935 2.471406
v 0.460273 -0.458935 3.247162
v 0.460273 -0.458935 3.988659
v 0.460273 -0.458935 4.687359
v 0.460273 -0.458935 5.334722
v 0.512147 -0.460489 0.023996
v 0.561998 -0.462096 0.023996
v 0.609604 -0.463725 0.023996
v 0.654742 -0.465350 0.023997
v 0.697190 -0.466942 0.023997
v 0.736724 -0.468473 0.023997
v 0.773123 -0.469917 0.023997
v 0.512147 -0.460489 -0.803389
v 0.512147 -0.460489 -1.622333
v 0.512147 -0.460489 -2.424294
v 0.512147 -0.460489 -3.200733
v 0.512147 -0.460489 -3.943110
v 0.512147 -0.460489 -4.642886
v 0.512147 -0.460489 -5.291518
v 0.561998 -0.462096 -0.803389
v 0.561998 -0.462096 -1.622333
v 0.561998 -0.462096 -2.424294
v 0.561998 -0.462096 -3.200733
v 0.561998 -0.462096 -3.943110
v 0.561998 -0.462096 -4.642884
v 0.561998 -0.462096 -5.291518
v 0.609604 -0.463725 -0.803389
v 0.609604 -0.463725 -1.622333
v 0.609604 -0.463725 -2.424294
v 0.609604 -0.463725 -3.200733
v 0.609604 -0.463725 -3.943110
v 0.609604 -0.463725 -4.642884
v 0.609604 -0.463725 -5.291518
v 0.654742 -0.465350 -0.803389
v 0.654742 -0.465350 -1.622333
v 0.654742 -0.465350 -2.424293
v 0.654742 -0.465350 -3.200732
v 0.654742 -0.465350 -3.943110
v 0.654742 -0.465350 -4.642884
v 0.654742 -0.465350 -5.291518
v 0.697190 -0.466942 -0.803389
v 0.697190 -0.466942 -1.622332
v 0.697190 -0.466942 -2.424293
v 0.697190 -0.466942 -3.200732
v 0.697190 -0.466942 -3.943109
v 0.697190 -0.466942 -4.642884
v 0.697190 -0.466942 -5.291518
v 0.736724 -0.468473 -0.803389
v 0.736724 -0.468473 -1.622332
v 0.736724 -0.468473 -2.424293
v 0.736724 -0.468473 -3.200731
v 0.736724 -0.468473 -3.943109
v 0.736724 -0.468473 -4.642884
v 0.736724 -0.468473 -5.291518
v 0.773123 -0.469917 -0.803389
v 0.773123 -0.469917 -1.622332
v 0.773123 -0.469917 -2.424293
v 0.773123 -0.469917 -3.200731
v 0.773123 -0.469917 -3.943109
v 0.773123 -0.469917 -4.642884
v 0.773123 -0.469917 -5.291518
v 0.406599 -0.457458 -0.803390
v 0.351347 -0.456089 -0.803390
v 0.294740 -0.454853 -0.803390
v 0.237001 -0.453781 -0.803391
v 0.178352 -0.452898 -0.803391
v 0.119016 -0.452234 -0.803391
v 0.059215 -0.451817 -0.803391
v 0.406599 -0.457458 -1.622334
v 0.351347 -0.456089 -1.622334
v 0.294740 -0.454853 -1.622334
v 0.237001 -0.453781 -1.622334
v 0.178352 -0.452898 -1.622334
v 0.119016 -0.452234 -1.622334
v 0.059215 -0.451817 -1.622334
v 0.406599 -0.457458 -2.424294
v 0.351347 -0.456089 -2.424294
v 0.294740 -0.454853 -2.424294
v 0.237001 -0.453781 -2.424294
v 0.178352 -0.452898 -2.424294
v 0.119016 -0.452234 -2.424295
v 0.059215 -0.451817 -2.424295
v 0.406599 -0.457458 -3.200733
v 0.351347 -0.456089 -3.200733
v 0.294740 -0.454853 -3.200733
v 0.237001 -0.453781 -3.200733
v 0.178352 -0.452898 -3.200733
v 0.119016 -0.452234 -3.200734
v 0.059215 -0.451817 -3.200734
v 0.406599 -0.457458 -3.943110
v 0.351347 -0.456089 -3.943110
v 0.294740 -0.454853 -3.943110
v 0.237001 -0.453781 -3.943111
v 0.178352 -0.452898 -3.943111
v 0.119016 -0.452234 -3.943111
v 0.059215 -0.451817 -3.943111
v 0.406599 -0.457458 -4.642886
v 0.351347 -0.456089 -4.642886
v 0.294740 -0.454853 -4.642886
v 0.237001 -0.453781 -4.642886
v 0.178352 -0.452898 -4.642887
v 0.119016 -0.452234 -4.642887
v 0.059215 -0.451817 -4.642887
v 0.406599 -0.457458 -5.291519
v 0.351347 -0.456089 -5.291519
v 0.294740 -0.454853 -5.291519
v 0.237001 -0.453781 -5.291519
v 0.178352 -0.452898 -5.291519
v 0.119016 -0.452234 -5.291519
v 0.059215 -0.451817 -5.291519
v 0.406599 -0.457458 0.851284
v 0.406599 -0.457458 1.669933
v 0.406599 -0.457458 2.471406
v 0.406599 -0.457458 3.247161
v 0.406599 -0.457458 3.988659
v 0.406599 -0.457458 4.687359
v 0.406599 -0.457458 5.334722
v 0.351347 -0.456089 0.851283
v 0.351347 -0.456089 1.669933
v 0.351347 -0.456089 2.471406
v 0.351347 -0.456089 3.247161
v 0.351347 -0.456089 3.988658
v 0.351347 -0.456089 4.687359
v 0.351347 -0.456089 5.334722
v 0.294740 -0.454853 0.851283
v 0.294740 -0.454853 1.669933
v 0.294740 -0.454853 2.471406
v 0.294740 -0.454853 3.247160
v 0.294740 -0.454853 3.988658
v 0.294740 -0.454853 4.687358
v 0.294740 -0.454853 5.334721
v 0.237001 -0.453781 0.851283
v 0.237001 -0.453781 1.669933
v 0.237001 -0.453781 2.471406
v 0.237001 -0.453781 3.247161
v 0.237001 -0.453781 3.988658
v 0.237001 -0.453781 4.687358
v 0.237001 -0.453781 5.334721
v 0.178352 -0.452898 0.851283
v 0.178352 -0.452898 1.669933
v 0.178352 -0.452898 2.471406
v 0.178352 -0.452898 3.247160
v 0.178352 -0.452898 3.988658
v 0.178352 -0.452898 4.687358
v 0.178352 -0.452898 5.334721
v 0.119016 -0.452234 0.851283
v 0.119016 -0.452234 1.669933
v 0.119016 -0.452234 2.471406
v 0.119016 -0.452234 3.247160
v 0.119016 -0.452234 3.988657
v 0.119016 -0.452234 4.687357
v 0.119016 -0.452234 5.334720
v 0.059215 -0.451817 0.851283
v 0.059215 -0.451817 1.669932
v 0.059215 -0.451817 2.471405
v 0.059215 -0.451817 3.247159
v 0.059215 -0.451817 3.988657
v 0.059215 -0.451817 4.687357
v 0.059215 -0.451817 5.334720
v 0.512147 -0.460489 0.851284
v 0.561998 -0.462096 0.851284
v 0.609604 -0.463725 0.851284
v 0.654742 -0.465350 0.851285
v 0.697190 -0.466942 0.851285
v 0.736724 -0.468473 0.851285
v 0.773123 -0.469917 0.851285
v 0.512147 -0.460489 1.669934
v 0.561998 -0.462096 1.669934
v 0.609604 -0.463725 1.669934
v 0.654742 -0.465350 1.669934
v 0.697189 -0.466942 1.669935
v 0.736724 -0.468473 1.669935
v 0.773123 -0.469917 1.669935
v 0.512147 -0.460489 2.471406
v 0.561998 -0.462096 2.471407
v 0.609604 -0.463725 2.471407
v 0.654742 -0.465350 2.471407
v 0.697189 -0.466942 2.471407
v 0.736724 -0.468473 2.471407
v 0.773123 -0.469917 2.471408
v 0.512147 -0.460489 3.247162
v 0.561998 -0.462096 3.247162
v 0.609604 -0.463725 3.247162
v 0.654742 -0.465350 3.247162
v 0.697189 -0.466942 3.247162
v 0.736724 -0.468473 3.247162
v 0.773122 -0.469917 3.247162
v 0.512147 -0.460489 3.988659
v 0.561998 -0.462096 3.988659
v 0.609604 -0.463725 3.988659
v 0.654742 -0.465350 3.988660
v 0.697189 -0.466942 3.988660
v 0.736724 -0.468473 3.988660
v 0.773122 -0.469917 3.988660
v 0.512147 -0.460489 4.687360
v 0.561998 -0.462096 4.687360
v 0.609604 -0.463725 4.687360
v 0.654742 -0.465350 4.687360
v 0.697189 -0.466942 4.687360
v 0.736724 -0.468473 4.687360
v 0.773122 -0.469917 4.687360
v 0.512147 -0.460489 5.334723
v 0.561998 -0.462096 5.334723
v 0.609604 -0.463725 5.334723
v 0.654742 -0.465350 5.334723
v 0.697189 -0.466942 5.334723
v 0.736724 -0.468473 5.334723
v 0.773122 -0.469917 5.334723
v 0.999145 -0.542276 0.023997
v 0.999146 -0.542276 -0.803389
v 0.999146 -0.542276 -1.622332
v 0.999146 -0.542276 -2.424293
v 0.999146 -0.542276 -3.200733
v 0.999146 -0.542276 -3.943110
v 0.999146 -0.542276 -4.642884
v 0.999146 -0.542276 -5.291518
v 0.998779 -0.535902 0.023997
v 0.998322 -0.529734 0.023997
v 0.997763 -0.523808 0.023997
v 0.997091 -0.518165 0.023997
v 0.996298 -0.512840 0.023997
v 0.995373 -0.507875 0.023998
v 0.994305 -0.503306 0.023998
v 0.999146 -0.542276 0.851285
v 0.999145 -0.542276 1.669935
v 0.999145 -0.542276 2.471407
v 0.999145 -0.542276 3.247163
v 0.999145 -0.542276 3.988660
v 0.999145 -0.542276 4.687360
v 0.999145 -0.542276 5.334723
v 0.999430 -0.548816 0.023997
v 0.999644 -0.555484 0.023997
v 0.999796 -0.562241 0.023996
v 0.999898 -0.569049 0.023996
v 0.999959 -0.575869 0.023996
v 0.999990 -0.582664 0.023996
v 1.000000 -0.589394 0.023996
v 0.999430 -0.548816 -0.803389
v 0.999430 -0.548816 -1.622333
v 0.999430 -0.548816 -2.424293
v 0.999430 -0.548816 -3.200732
v 0.999430 -0.548816 -3.943110
v 0.999430 -0.548816 -4.642884
v 0.999430 -0.548816 -5.291518
v 0.999644 -0.555484 -0.803389
v 0.999644 -0.555484 -1.622333
v 0.999644 -0.555484 -2.424293
v 0.999644 -0.555484 -3.200733
v 0.999644 -0.555484 -3.943110
v 0.999644 -0.555484 -4.642884
v 0.999644 -0.555484 -5.291518
v 0.999796 -0.562241 -0.803389
v 0.999796 -0.562241 -1.622333
v 0.999796 -0.562241 -2.424294
v 0.999796 -0.562241 -3.200733
v 0.999796 -0.562241 -3.943110
v 0.999796 -0.562241 -4.642886
v 0.999796 -0.562241 -5.291519
v 0.999898 -0.569049 -0.803389
v 0.999898 -0.569049 -1.622333
v 0.999898 -0.569049 -2.424294
v 0.999898 -0.569049 -3.200733
v 0.999898 -0.569049 -3.943110
v 0.999898 -0.569049 -4.642886
v 0.999898 -0.569049 -5.291519
v 0.999959 -0.575869 -0.803389
v 0.999959 -0.575869 -1.622333
v 0.999959 -0.575869 -2.424294
v 0.999959 -0.575869 -3.200733
v 0.999959 -0.575869 -3.943110
v 0.999959 -0.575869 -4.642886
v 0.999959 -0.575869 -5.291519
v 0.999990 -0.582664 -0.803389
v 0.999990 -0.582664 -1.622333
v 0.999990 -0.582664 -2.424294
v 0.999990 -0.582664 -3.200733
v 0.999990 -0.582664 -3.943110
v 0.999990 -0.582664 -4.642886
v 0.999990 -0.582664 -5.291519
v 1.000000 -0.589394 -0.803390
v 1.000000 -0.589394 -1.622333
v 1.000000 -0.589394 -2.424294
v 1.000000 -0.589394 -3.200733
v 1.000000 -0.589394 -3.943110
v 1.000000 -0.589394 -4.642886
v 1.000000 -0.589394 -5.291519
v 0.998779 -0.535902 -0.803389
v 0.998322 -0.529734 -0.803389
v 0.997763 -0.523808 -0.803389
v 0.997091 -0.518165 -0.803389
v 0.996298 -0.512840 -0.803389
v 0.995373 -0.507875 -0.803389
v 0.994305 -0.503306 -0.803389
v 0.998779 -0.535902 -1.622332
v 0.998322 -0.529734 -1.622332
v 0.997763 -0.523808 -1.622332
v 0.997091 -0.518165 -1.622332
v 0.996298 -0.512840 -1.622331
v 0.995373 -0.507875 -1.622331
v 0.994305 -0.503306 -1.622331
v 0.998779 -0.535902 -2.424293
v 0.998322 -0.529734 -2.424293
v 0.997763 -0.523808 -2.424293
v 0.997091 -0.518165 -2.424293
v 0.996298 -0.512840 -2.424293
v 0.995373 -0.507875 -2.424293
v 0.994305 -0.503306 -2.424292
v 0.998780 -0.535902 -3.200732
v 0.998322 -0.529734 -3.200732
v 0.997763 -0.523808 -3.200731
v 0.997091 -0.518165 -3.200731
v 0.996298 -0.512840 -3.200731
v 0.995373 -0.507875 -3.200731
v 0.994305 -0.503306 -3.200731
v 0.998780 -0.535902 -3.943110
v 0.998322 -0.529734 -3.943110
v 0.997763 -0.523808 -3.943109
v 0.997091 -0.518165 -3.943109
v 0.996298 -0.512840 -3.943109
v 0.995373 -0.507875 -3.943109
v 0.994305 -0.503306 -3.943109
v 0.998780 -0.535902 -4.642884
v 0.998322 -0.529734 -4.642884
v 0.997763 -0.523808 -4.642884
v 0.997092 -0.518165 -4.642884
v 0.996298 -0.512840 -4.642884
v 0.995373 -0.507875 -4.642884
v 0.994305 -0.503306 -4.642884
v 0.998780 -0.535902 -5.291518
v 0.998322 -0.529734 -5.291518
v 0.997763 -0.523808 -5.291518
v 0.997092 -0.518165 -5.291518
v 0.996298 -0.512840 -5.291518
v 0.995373 -0.507875 -5.291518
v 0.994305 -0.503306 -5.291518
v 0.998779 -0.535902 0.851285
v 0.998779 -0.535902 1.669935
v 0.998779 -0.535902 2.471407
v 0.998779 -0.535902 3.247162
v 0.998779 -0.535902 3.988660
v 0.998779 -0.535902 4.687360
v 0.998779 -0.535902 5.334723
v 0.998322 -0.529734 0.851285
v 0.998322 -0.529734 1.669935
v 0.998322 -0.529734 2.471407
v 0.998322 -0.529734 3.247163
v 0.998322 -0.529734 3.988660
v 0.998322 -0.529734 4.687360
v 0.998322 -0.529734 5.334723
v 0.997763 -0.523808 0.851285
v 0.997763 -0.523808 1.669935
v 0.997762 -0.523808 2.471408
v 0.997762 -0.523808 3.247162
v 0.997762 -0.523808 3.988660
v 0.997762 -0.523808 4.687360
v 0.997762 -0.523808 5.334723
v 0.997091 -0.518165 0.851285
v 0.997091 -0.518165 1.669935
v 0.997091 -0.518165 2.471408
v 0.997091 -0.518165 3.247163
v 0.997091 -0.518165 3.988660
v 0.997091 -0.518165 4.687360
v 0.997091 -0.518165 5.334723
v 0.996298 -0.512840 0.851285
v 0.996298 -0.512840 1.669935
v 0.996298 -0.512840 2.471408
v 0.996298 -0.512840 3.247163
v 0.996298 -0.512840 3.988660
v 0.996298 -0.512840 4.687360
v 0.996298 -0.512840 5.334723
v 0.995373 -0.507875 0.851285
v 0.995373 -0.507875 1.669936
v 0.995373 -0.507875 2.471408
v 0.995373 -0.507875 3.247163
v 0.995373 -0.507875 3.988660
v 0.995373 -0.507875 4.687360
v 0.995373 -0.507875 5.334723
v 0.994305 -0.503306 0.851285
v 0.994305 -0.503306 1.669936
v 0.994305 -0.503306 2.471408
v 0.994305 -0.503306 3.247163
v 0.994305 -0.503306 3.988660
v 0.994305 -0.503306 4.687360
v 0.994305 -0.503306 5.334723
v 0.999430 -0.548816 0.851285
v 0.999644 -0.555484 0.851285
v 0.999796 -0.562241 0.851284
v 0.999898 -0.569049 0.851284
v 0.999959 -0.575869 0.851284
v 0.999990 -0.582664 0.851284
v 1.000000 -0.589394 0.851284
v 0.999430 -0.548816 1.669934
v 0.999644 -0.555484 1.669934
v 0.999796 -0.562241 1.669934
v 0.999898 -0.569049 1.669934
v 0.999959 -0.575869 1.669934
v 0.999990 -0.582664 1.669934
v 1.000000 -0.589394 1.669934
v 0.999430 -0.548816 2.471407
v 0.999644 -0.555484 2.471407
v 0.999796 -0.562241 2.471407
v 0.999898 -0.569049 2.471407
v 0.999959 -0.575869 2.471407
v 0.999990 -0.582664 2.471407
v 1.000000 -0.589394 2.471406
v 0.999430 -0.548816 3.247162
v 0.999644 -0.555484 3.247162
v 0.999796 -0.562241 3.247162
v 0.999898 -0.569049 3.247162
v 0.999959 -0.575869 3.247162
v 0.999990 -0.582664 3.247162
v 1.000000 -0.589394 3.247162
v 0.999430 -0.548816 3.988660
v 0.999644 -0.555484 3.988660
v 0.999796 -0.562241 3.988659
v 0.999898 -0.569049 3.988659
v 0.999959 -0.575869 3.988659
v 0.999990 -0.582664 3.988659
v 1.000000 -0.589394 3.988659
v 0.999430 -0.548816 4.687360
v 0.999644 -0.555484 4.687360
v 0.999796 -0.562241 4.687360
v 0.999898 -0.569049 4.687360
v 0.999959 -0.575869 4.687360
v 0.999990 -0.582664 4.687360
v 1.000000 -0.589394 4.687360
v 0.999430 -0.548816 5.334723
v 0.999644 -0.555484 5.334723
v 0.999796 -0.562241 5.334723
v 0.999898 -0.569049 5.334723
v 0.999959 -0.575869 5.334723
v 0.999990 -0.582664 5.334723
v 1.000000 -0.589394 5.334723
v -0.961911 -0.480025 0.023991
v -0.961911 -0.480025 -0.803394
v -0.961911 -0.480025 -1.622337
v -0.961911 -0.480025 -2.424299
v -0.961911 -0.480025 -3.200737
v -0.961911 -0.480025 -3.943114
v -0.961911 -0.480025 -4.642890
v -0.961911 -0.480025 -5.291524
v -0.970215 -0.481440 0.023991
v -0.976855 -0.483058 0.023991
v -0.982047 -0.484918 0.023991
v -0.986011 -0.487060 0.023991
v -0.988962 -0.489520 0.023991
v -0.991117 -0.492339 0.023991
v -0.992695 -0.495555 0.023991
v -0.961911 -0.480025 0.851279
v -0.961911 -0.480025 1.669929
v -0.961911 -0.480025 2.471401
v -0.961911 -0.480025 3.247156
v -0.961911 -0.480025 3.988653
v -0.961911 -0.480025 4.687353
v -0.961911 -0.480025 5.334716
v -0.951725 -0.478775 0.023991
v -0.939441 -0.477651 0.023991
v -0.924840 -0.476614 0.023991
v -0.907706 -0.475625 0.023991
v -0.887822 -0.474647 0.023991
v -0.864970 -0.473638 0.023991
v -0.838932 -0.472562 0.023991
v -0.951725 -0.478775 -0.803394
v -0.951725 -0.478775 -1.622337
v -0.951725 -0.478775 -2.424299
v -0.951725 -0.478775 -3.200737
v -0.951725 -0.478775 -3.943114
v -0.951725 -0.478775 -4.642890
v -0.951725 -0.478775 -5.291524
v -0.939441 -0.477651 -0.803394
v -0.939441 -0.477651 -1.622337
v -0.939441 -0.477651 -2.424299
v -0.939441 -0.477651 -3.200738
v -0.939441 -0.477651 -3.943115
v -0.939441 -0.477651 -4.642890
v -0.939441 -0.477651 -5.291523
v -0.924840 -0.476614 -0.803394
v -0.924840 -0.476614 -1.622337
v -0.924840 -0.476614 -2.424299
v -0.924840 -0.476614 -3.200737
v -0.924840 -0.476614 -3.943114
v -0.924840 -0.476614 -4.642890
v -0.924840 -0.476614 -5.291523
v -0.907706 -0.475625 -0.803394
v -0.907707 -0.475625 -1.622337
v -0.907706 -0.475625 -2.424299
v -0.907707 -0.475625 -3.200737
v -0.907706 -0.475625 -3.943114
v -0.907706 -0.475625 -4.642890
v -0.907706 -0.475625 -5.291523
v -0.887822 -0.474647 -0.803394
v -0.887822 -0.474647 -1.622337
v -0.887822 -0.474647 -2.424299
v -0.887822 -0.474647 -3.200737
v -0.887822 -0.474647 -3.943114
v -0.887822 -0.474647 -4.642890
v -0.887822 -0.474647 -5.291523
v -0.864970 -0.473638 -0.803394
v -0.864970 -0.473638 -1.622337
v -0.864970 -0.473638 -2.424298
v -0.864970 -0.473638 -3.200737
v -0.864970 -0.473638 -3.943114
v -0.864970 -0.473638 -4.642890
v -0.864970 -0.473638 -5.291523
v -0.838932 -0.472562 -0.803394
v -0.838932 -0.472562 -1.622337
v -0.838932 -0.472562 -2.424298
v -0.838932 -0.472562 -3.200737
v -0.838932 -0.472562 -3.943114
v -0.838932 -0.472562 -4.642890
v -0.838932 -0.472562 -5.291523
v -0.970215 -0.481440 -0.803394
v -0.976855 -0.483058 -0.803394
v -0.982047 -0.484918 -0.803394
v -0.986011 -0.487060 -0.803394
v -0.988962 -0.489520 -0.803394
v -0.991117 -0.492339 -0.803394
v -0.992695 -0.495555 -0.803394
v -0.970215 -0.481440 -1.622337
v -0.976855 -0.483058 -1.622337
v -0.982047 -0.484918 -1.622337
v -0.986011 -0.487060 -1.622337
v -0.988962 -0.489520 -1.622337
v -0.991117 -0.492339 -1.622337
v -0.992695 -0.495555 -1.622337
v -0.970215 -0.481440 -2.424299
v -0.976855 -0.483058 -2.424299
v -0.982047 -0.484918 -2.424299
v -0.986011 -0.487060 -2.424299
v -0.988962 -0.489520 -2.424299
v -0.991117 -0.492339 -2.424299
v -0.992695 -0.495555 -2.424299
v -0.970215 -0.481440 -3.200737
v -0.976855 -0.483058 -3.200737
v -0.982047 -0.484918 -3.200737
v -0.986011 -0.487060 -3.200737
v -0.988962 -0.489520 -3.200737
v -0.991117 -0.492339 -3.200737
v -0.992695 -0.495555 -3.200737
v -0.970215 -0.481440 -3.943114
v -0.976855 -0.483058 -3.943114
v -0.982047 -0.484918 -3.943114
v -0.986011 -0.487060 -3.943114
v -0.988962 -0.489520 -3.943114
v -0.991117 -0.492339 -3.943115
v -0.992695 -0.495555 -3.943115
v -0.970215 -0.481440 -4.642890
v -0.976855 -0.483058 -4.642890
v -0.982047 -0.484918 -4.642890
v -0.986011 -0.487060 -4.642890
v -0.988961 -0.489520 -4.642890
v -0.991117 -0.492339 -4.642890
v -0.992695 -0.495555 -4.642890
v -0.970215 -0.481440 -5.291523
v -0.976854 -0.483058 -5.291523
v -0.982047 -0.484918 -5.291523
v -0.986011 -0.487060 -5.291523
v -0.988961 -0.489520 -5.291524
v -0.991117 -0.492339 -5.291524
v -0.992695 -0.495555 -5.291524
v -0.970215 -0.481440 0.851279
v -0.970215 -0.481440 1.669929
v -0.970215 -0.481440 2.471401
v -0.970215 -0.481440 3.247156
v -0.970215 -0.481440 3.988653
v -0.970215 -0.481440 4.687353
v -0.970215 -0.481440 5.334716
v -0.976855 -0.483058 0.851279
v -0.976855 -0.483058 1.669929
v -0.976855 -0.483058 2.471401
v -0.976855 -0.483058 3.247156
v -0.976855 -0.483058 3.988653
v -0.976855 -0.483058 4.687354
v -0.976855 -0.483058 5.334716
v -0.982047 -0.484918 0.851279
v -0.982047 -0.484918 1.669929
v -0.982047 -0.484918 2.471401
v -0.982048 -0.484918 3.247156
v -0.982047 -0.484918 3.988653
v -0.982047 -0.484918 4.687354
v -0.982048 -0.484918 5.334716
v -0.986011 -0.487060 0.851279
v -0.986011 -0.487060 1.669929
v -0.986011 -0.487060 2.471401
v -0.986011 -0.487060 3.247156
v -0.986011 -0.487060 3.988653
v -0.986011 -0.487060 4.687354
v -0.986011 -0.487060 5.334717
v -0.988961 -0.489520 0.851279
v -0.988962 -0.489520 1.669929
v -0.988962 -0.489520 2.471401
v -0.988962 -0.489520 3.247156
v -0.988962 -0.489520 3.988653
v -0.988962 -0.489520 4.687354
v -0.988962 -0.489520 5.334717
v -0.991117 -0.492339 0.851279
v -0.991117 -0.492339 1.669929
v -0.991117 -0.492339 2.471401
v -0.991117 -0.492339 3.247156
v -0.991117 -0.492339 3.988653
v -0.991117 -0.492339 4.687354
v -0.991117 -0.492339 5.334717
v -0.992695 -0.495555 0.851279
v -0.992695 -0.495555 1.669929
v -0.992695 -0.495555 2.471401
v -0.992695 -0.495555 3.247156
v -0.992695 -0.495555 3.988653
v -0.992695 -0.495555 4.687354
v -0.992695 -0.495555 5.334717
v -0.951725 -0.478775 0.851279
v -0.939441 -0.477651 0.851279
v -0.924840 -0.476614 0.851279
v -0.907706 -0.475625 0.851279
v -0.887822 -0.474647 0.851279
v -0.864970 -0.473638 0.851279
v -0.838932 -0.472562 0.851279
v -0.951725 -0.478775 1.669929
v -0.939441 -0.477651 1.669929
v -0.924840 -0.476614 1.669929
v -0.907706 -0.475625 1.669929
v -0.887822 -0.474647 1.669929
v -0.864970 -0.473638 1.669929
v -0.838932 -0.472562 1.669929
v -0.951725 -0.478775 2.471401
v -0.939441 -0.477651 2.471401
v -0.924840 -0.476614 2.471401
v -0.907707 -0.475625 2.471401
v -0.887822 -0.474647 2.471401
v -0.864970 -0.473638 2.471401
v -0.838932 -0.472562 2.471402
v -0.951725 -0.478775 3.247156
v -0.939441 -0.477651 3.247156
v -0.924840 -0.476614 3.247156
v -0.907707 -0.475625 3.247156
v -0.887822 -0.474647 3.247156
v -0.864970 -0.473638 3.247156
v -0.838932 -0.472562 3.247156
v -0.951725 -0.478775 3.988653
v -0.939441 -0.477651 3.988653
v -0.924840 -0.476614 3.988653
v -0.907707 -0.475625 3.988653
v -0.887822 -0.474647 3.988653
v -0.864970 -0.473638 3.988653
v -0.838932 -0.472562 3.988654
v -0.951725 -0.478775 4.687354
v -0.939441 -0.477651 4.687354
v -0.924840 -0.476614 4.687354
v -0.907707 -0.475625 4.687354
v -0.887822 -0.474647 4.687354
v -0.864970 -0.473638 4.687354
v -0.838932 -0.472562 4.687354
v -0.951725 -0.478775 5.334716
v -0.939441 -0.477651 5.334716
v -0.924841 -0.476614 5.334716
v -0.907707 -0.475625 5.334717
v -0.887822 -0.474647 5.334717
v -0.864970 -0.473638 5.334717
v -0.838932 -0.472562 5.334717
v -0.961910 -0.725419 0.023992
v -0.951725 -0.725276 0.023992
v -0.939440 -0.724982 0.023992
v -0.924840 -0.724537 0.023992
v -0.907706 -0.723944 0.023992
v -0.887822 -0.723203 0.023992
v -0.864969 -0.722313 0.023992
v -0.838932 -0.721275 0.023992
v -0.961910 -0.725419 0.851279
v -0.961910 -0.725419 1.669930
v -0.961911 -0.725419 2.471402
v -0.961911 -0.725419 3.247158
v -0.961911 -0.725419 3.988655
v -0.961911 -0.725419 4.687355
v -0.961911 -0.725419 5.334718
v -0.970215 -0.725410 0.023992
v -0.976854 -0.725250 0.023992
v -0.982047 -0.724937 0.023991
v -0.986011 -0.724469 0.023991
v -0.988961 -0.723847 0.023991
v -0.991117 -0.723069 0.023991
v -0.992695 -0.722136 0.023991
v -0.961910 -0.725419 -0.803394
v -0.961910 -0.725419 -1.622337
v -0.961910 -0.725419 -2.424299
v -0.961910 -0.725419 -3.200738
v -0.961910 -0.725419 -3.943116
v -0.961910 -0.725419 -4.642891
v -0.961910 -0.725419 -5.291524
v -0.951725 -0.725276 -0.803394
v -0.939440 -0.724982 -0.803394
v -0.924840 -0.724537 -0.803394
v -0.907706 -0.723944 -0.803394
v -0.887822 -0.723203 -0.803394
v -0.864969 -0.722313 -0.803394
v -0.838932 -0.721275 -0.803394
v -0.951725 -0.725276 -1.622337
v -0.939440 -0.724982 -1.622337
v -0.924840 -0.724537 -1.622337
v -0.907706 -0.723944 -1.622337
v -0.887822 -0.723203 -1.622337
v -0.864969 -0.722313 -1.622337
v -0.838932 -0.721275 -1.622337
v -0.951725 -0.725276 -2.424299
v -0.939440 -0.724982 -2.424299
v -0.924840 -0.724537 -2.424299
v -0.907706 -0.723944 -2.424299
v -0.887822 -0.723203 -2.424299
v -0.864969 -0.722313 -2.424298
v -0.838932 -0.721275 -2.424298
v -0.951725 -0.725276 -3.200738
v -0.939440 -0.724982 -3.200738
v -0.924840 -0.724537 -3.200738
v -0.907706 -0.723944 -3.200738
v -0.887822 -0.723203 -3.200737
v -0.864969 -0.722313 -3.200737
v -0.838932 -0.721275 -3.200737
v -0.951725 -0.725276 -3.943116
v -0.939440 -0.724982 -3.943116
v -0.924840 -0.724537 -3.943116
v -0.907706 -0.723944 -3.943116
v -0.887822 -0.723203 -3.943115
v -0.864969 -0.722313 -3.943114
v -0.838932 -0.721275 -3.943115
v -0.951725 -0.725276 -4.642891
v -0.939440 -0.724982 -4.642891
v -0.924840 -0.724537 -4.642891
v -0.907706 -0.723944 -4.642891
v -0.887822 -0.723203 -4.642891
v -0.864969 -0.722313 -4.642891
v -0.838932 -0.721275 -4.642890
v -0.951725 -0.725276 -5.291524
v -0.939440 -0.724982 -5.291524
v -0.924840 -0.724537 -5.291524
v -0.907706 -0.723944 -5.291524
v -0.887822 -0.723203 -5.291524
v -0.864969 -0.722313 -5.291524
v -0.838932 -0.721275 -5.291524
v -0.951725 -0.725276 0.851279
v -0.951725 -0.725276 1.669930
v -0.951725 -0.725276 2.471402
v -0.951725 -0.725276 3.247157
v -0.951725 -0.725276 3.988655
v -0.951725 -0.725276 4.687356
v -0.951725 -0.725276 5.334718
v -0.939440 -0.724982 0.851279
v -0.939441 -0.724982 1.669930
v -0.939441 -0.724982 2.471402
v -0.939441 -0.724982 3.247158
v -0.939441 -0.724982 3.988655
v -0.939441 -0.724982 4.687355
v -0.939441 -0.724982 5.334718
v -0.924840 -0.724537 0.851279
v -0.924840 -0.724537 1.669930
v -0.924840 -0.724537 2.471402
v -0.924840 -0.724537 3.247157
v -0.924840 -0.724537 3.988655
v -0.924840 -0.724537 4.687355
v -0.924840 -0.724537 5.334718
v -0.907706 -0.723944 0.851279
v -0.907706 -0.723944 1.669930
v -0.907706 -0.723944 2.471402
v -0.907706 -0.723944 3.247158
v -0.907706 -0.723944 3.988655
v -0.907706 -0.723944 4.687355
v -0.907706 -0.723944 5.334718
v -0.887822 -0.723203 0.851279
v -0.887822 -0.723203 1.669930
v -0.887822 -0.723203 2.471402
v -0.887822 -0.723203 3.247157
v -0.887822 -0.723203 3.988655
v -0.887822 -0.723203 4.687355
v -0.887822 -0.723203 5.334718
v -0.864969 -0.722313 0.851279
v -0.864969 -0.722313 1.669930
v -0.864969 -0.722313 2.471402
v -0.864969 -0.722313 3.247158
v -0.864969 -0.722313 3.988655
v -0.864969 -0.722313 4.687356
v -0.864969 -0.722313 5.334718
v -0.838932 -0.721275 0.851279
v -0.838932 -0.721275 1.669930
v -0.838932 -0.721275 2.471402
v -0.838932 -0.721275 3.247158
v -0.838932 -0.721275 3.988655
v -0.838932 -0.721275 4.687356
v -0.838932 -0.721275 5.334718
v -0.970215 -0.725410 0.851279
v -0.976854 -0.725250 0.851279
v -0.982047 -0.724937 0.851279
v -0.986011 -0.724469 0.851279
v -0.988961 -0.723847 0.851279
v -0.991117 -0.723069 0.851279
v -0.992695 -0.722136 0.851279
v -0.970215 -0.725410 1.669930
v -0.976854 -0.725250 1.669930
v -0.982047 -0.724937 1.669930
v -0.986011 -0.724469 1.669930
v -0.988961 -0.723847 1.669930
v -0.991117 -0.723069 1.669929
v -0.992695 -0.722136 1.669930
v -0.970215 -0.725410 2.471402
v -0.976854 -0.725250 2.471402
v -0.982047 -0.724937 2.471402
v -0.986011 -0.724469 2.471402
v -0.988961 -0.723847 2.471402
v -0.991117 -0.723069 2.471402
v -0.992695 -0.722136 2.471402
v -0.970215 -0.725410 3.247157
v -0.976854 -0.725250 3.247157
v -0.982047 -0.724937 3.247157
v -0.986011 -0.724469 3.247157
v -0.988961 -0.723847 3.247157
v -0.991117 -0.723069 3.247157
v -0.992695 -0.722136 3.247157
v -0.970215 -0.725410 3.988655
v -0.976854 -0.725250 3.988655
v -0.982047 -0.724937 3.988655
v -0.986011 -0.724469 3.988655
v -0.988961 -0.723847 3.988655
v -0.991117 -0.723069 3.988655
v -0.992695 -0.722136 3.988655
v -0.970215 -0.725410 4.687356
v -0.976854 -0.725250 4.687355
v -0.982047 -0.724937 4.687355
v -0.986011 -0.724469 4.687355
v -0.988961 -0.723847 4.687355
v -0.991117 -0.723069 4.687355
v -0.992695 -0.722136 4.687355
v -0.970215 -0.725410 5.334718
v -0.976854 -0.725250 5.334718
v -0.982047 -0.724937 5.334718
v -0.986011 -0.724469 5.334718
v -0.988961 -0.723847 5.334718
v -0.991117 -0.723069 5.334718
v -0.992695 -0.722136 5.334718
v -0.970215 -0.725410 -0.803394
v -0.970214 -0.725410 -1.622337
v -0.970214 -0.725410 -2.424299
v -0.970214 -0.725410 -3.200738
v -0.970214 -0.725410 -3.943115
v -0.970214 -0.725410 -4.642891
v -0.970214 -0.725410 -5.291524
v -0.976854 -0.725250 -0.803394
v -0.976854 -0.725250 -1.622337
v -0.976854 -0.725250 -2.424299
v -0.976854 -0.725250 -3.200738
v -0.976854 -0.725250 -3.943116
v -0.976854 -0.725250 -4.642891
v -0.976854 -0.725250 -5.291524
v -0.982047 -0.724937 -0.803394
v -0.982047 -0.724937 -1.622337
v -0.982047 -0.724937 -2.424299
v -0.982047 -0.724937 -3.200738
v -0.982047 -0.724937 -3.943115
v -0.982047 -0.724937 -4.642891
v -0.982047 -0.724937 -5.291524
v -0.986011 -0.724469 -0.803394
v -0.986011 -0.724469 -1.622337
v -0.986011 -0.724469 -2.424299
v -0.986010 -0.724469 -3.200738
v -0.986010 -0.724469 -3.943116
v -0.986010 -0.724469 -4.642891
v -0.986010 -0.724469 -5.291524
v -0.988961 -0.723847 -0.803394
v -0.988961 -0.723847 -1.622337
v -0.988961 -0.723847 -2.424299
v -0.988961 -0.723847 -3.200738
v -0.988961 -0.723847 -3.943115
v -0.988961 -0.723847 -4.642891
v -0.988961 -0.723847 -5.291524
v -0.991117 -0.723069 -0.803394
v -0.991117 -0.723069 -1.622337
v -0.991117 -0.723069 -2.424299
v -0.991117 -0.723069 -3.200738
v -0.991117 -0.723069 -3.943116
v -0.991117 -0.723069 -4.642891
v -0.991117 -0.723069 -5.291524
v -0.992695 -0.722136 -0.803394
v -0.992695 -0.722136 -1.622337
v -0.992695 -0.722136 -2.424299
v -0.992695 -0.722136 -3.200738
v -0.992695 -0.722136 -3.943115
v -0.992695 -0.722136 -4.642891
v -0.992695 -0.722136 -5.291524
v 0.993086 -0.721012 6.441274
v 0.993078 -0.721005 6.896167
v 0.993058 -0.720984 7.291123
v 0.993016 -0.720943 7.630385
v 0.992946 -0.720876 7.918193
v 0.992841 -0.720774 8.158788
v 0.992694 -0.720631 8.356408
v 0.992499 -0.720441 8.515299
v 0.992248 -0.720196 8.639696
v 0.991946 -0.719901 8.733855
v 0.991598 -0.719563 8.802022
v 0.991211 -0.719186 8.848450
v 0.990788 -0.718774 8.877388
v 0.990353 -0.718350 8.893053
v 0.989928 -0.717936 8.899665
v -0.838932 -0.714818 -8.900894
v -0.864964 -0.715858 -8.900871
v -0.887803 -0.716756 -8.900797
v -0.907659 -0.717514 -8.900652
v -0.924746 -0.718136 -8.900410
v -0.939277 -0.718621 -8.900043
v -0.951463 -0.718974 -8.899532
v -0.961517 -0.719196 -8.898853
v -0.969653 -0.719288 -8.897976
v -0.976086 -0.719264 -8.896923
v -0.981033 -0.719139 -8.895714
v -0.984710 -0.718925 -8.894363
v -0.987333 -0.718636 -8.892893
v -0.989107 -0.718301 -8.891376
v -0.990234 -0.717948 -8.889894
v 0.993086 -0.589116 -8.900890
v 0.993079 -0.582402 -8.900866
v 0.993058 -0.575655 -8.900791
v 0.993016 -0.568929 -8.900646
v 0.992946 -0.562280 -8.900402
v 0.992841 -0.555759 -8.900038
v 0.992695 -0.549423 -8.899527
v 0.992499 -0.543327 -8.898846
v 0.992248 -0.537522 -8.897970
v 0.991946 -0.532054 -8.896917
v 0.991598 -0.526961 -8.895708
v 0.991211 -0.522289 -8.894358
v 0.990788 -0.518080 -8.892885
v 0.990353 -0.514416 -8.891371
v 0.989928 -0.511386 -8.889887
v -0.838932 -0.714818 8.909197
v -0.864965 -0.715858 8.909182
v -0.887803 -0.716756 8.909134
v -0.907660 -0.717514 8.909039
v -0.924747 -0.718136 8.908879
v -0.939277 -0.718621 8.908640
v -0.951463 -0.718974 8.908305
v -0.961518 -0.719196 8.907859
v -0.969653 -0.719288 8.907286
v -0.976086 -0.719264 8.906597
v -0.981033 -0.719139 8.905804
v -0.984710 -0.718925 8.904919
v -0.987334 -0.718636 8.903955
v -0.989107 -0.718301 8.902963
v -0.990234 -0.717948 8.901992
v 0.993085 -0.589116 8.909202
v 0.993078 -0.582402 8.909185
v 0.993057 -0.575655 8.909138
v 0.993015 -0.568929 8.909042
v 0.992945 -0.562280 8.908883
v 0.992841 -0.555759 8.908645
v 0.992694 -0.549423 8.908310
v 0.992498 -0.543327 8.907864
v 0.992247 -0.537522 8.907290
v 0.991945 -0.532054 8.906601
v 0.991598 -0.526961 8.905808
v 0.991210 -0.522289 8.904924
v 0.990788 -0.518080 8.903960
v 0.990352 -0.514416 8.902967
v 0.989927 -0.511386 8.901997
v -0.993913 -0.721045 -6.401207
v -0.993906 -0.721038 -6.857925
v -0.993888 -0.721019 -7.254842
v -0.993851 -0.720978 -7.596167
v -0.993789 -0.720910 -7.886108
v -0.993697 -0.720809 -8.128880
v -0.993568 -0.720666 -8.328690
v -0.993396 -0.720477 -8.489746
v -0.993175 -0.720233 -8.616261
v -0.992909 -0.719941 -8.712456
v -0.992603 -0.719604 -8.782560
v -0.992262 -0.719228 -8.830795
v -0.991890 -0.718818 -8.861389
v -0.991507 -0.718396 -8.878511
v -0.991133 -0.717984 -8.886339
v -0.993913 -0.589149 8.909196
v -0.993907 -0.582436 8.909181
v -0.993888 -0.575687 8.909132
v -0.993851 -0.568963 8.909038
v -0.993790 -0.562313 8.908878
v -0.993698 -0.555795 8.908638
v -0.993569 -0.549459 8.908304
v -0.993397 -0.543363 8.907858
v -0.993175 -0.537560 8.907285
v -0.992909 -0.532093 8.906595
v -0.992604 -0.527002 8.905803
v -0.992262 -0.522332 8.904919
v -0.991890 -0.518124 8.903955
v -0.991507 -0.514462 8.902961
v -0.991133 -0.511435 8.901991
v -0.993913 -0.589149 -8.900892
v -0.993906 -0.582436 -8.900867
v -0.993888 -0.575687 -8.900795
v -0.993851 -0.568963 -8.900650
v -0.993789 -0.562313 -8.900406
v -0.993697 -0.555795 -8.900042
v -0.993568 -0.549459 -8.899530
v -0.993396 -0.543363 -8.898849
v -0.993175 -0.537560 -8.897974
v -0.992909 -0.532093 -8.896923
v -0.992603 -0.527002 -8.895712
v -0.992262 -0.522332 -8.894361
v -0.991890 -0.518124 -8.892891
v -0.991507 -0.514462 -8.891375
v -0.991133 -0.511435 -8.889893
v 0.993085 -0.499174 6.441278
v 0.993078 -0.499195 6.896171
v 0.993057 -0.499256 7.291127
v 0.993015 -0.499377 7.630390
v 0.992945 -0.499581 7.918198
v 0.992840 -0.499886 8.158792
v 0.992694 -0.500313 8.356413
v 0.992498 -0.500883 8.515303
v 0.992247 -0.501615 8.639701
v 0.991945 -0.502495 8.733858
v 0.991598 -0.503507 8.802026
v 0.991210 -0.504635 8.848454
v 0.990788 -0.505866 8.877390
v 0.990352 -0.507133 8.893057
v 0.989927 -0.508372 8.899668
v -0.838932 -0.492980 -8.900892
v -0.864965 -0.494047 -8.900867
v -0.887803 -0.495027 -8.900795
v -0.907659 -0.495948 -8.900648
v -0.924746 -0.496840 -8.900406
v -0.939277 -0.497734 -8.900040
v -0.951463 -0.498656 -8.899530
v -0.961518 -0.499638 -8.898849
v -0.969653 -0.500707 -8.897974
v -0.976086 -0.501857 -8.896923
v -0.981033 -0.503081 -8.895712
v -0.984710 -0.504375 -8.894361
v -0.987334 -0.505727 -8.892891
v -0.989107 -0.507083 -8.891375
v -0.990234 -0.508385 -8.889893
v -0.838932 -0.492980 8.909196
v -0.864965 -0.494047 8.909181
v -0.887803 -0.495027 8.909132
v -0.907660 -0.495948 8.909036
v -0.924747 -0.496840 8.908877
v -0.939277 -0.497734 8.908638
v -0.951463 -0.498656 8.908303
v -0.961518 -0.499638 8.907858
v -0.969653 -0.500707 8.907285
v -0.976086 -0.501857 8.906595
v -0.981033 -0.503081 8.905803
v -0.984710 -0.504375 8.904918
v -0.987334 -0.505727 8.903954
v -0.989107 -0.507083 8.902960
v -0.990234 -0.508385 8.901990
v -0.993913 -0.499207 -6.401205
v -0.993907 -0.499228 -6.857924
v -0.993888 -0.499289 -7.254840
v -0.993851 -0.499412 -7.596164
v -0.993790 -0.499615 -7.886107
v -0.993698 -0.499921 -8.128878
v -0.993568 -0.500348 -8.328686
v -0.993396 -0.500918 -8.489742
v -0.993175 -0.501652 -8.616257
v -0.992909 -0.502533 -8.712454
v -0.992603 -0.503547 -8.782557
v -0.992262 -0.504677 -8.830793
v -0.991890 -0.505911 -8.861385
v -0.991507 -0.507180 -8.878510
v -0.991133 -0.508421 -8.886337
v 0.773123 -0.712173 -8.900892
v 0.736724 -0.710731 -8.900892
v 0.697190 -0.709199 -8.900892
v 0.654743 -0.707605 -8.900892
v 0.609605 -0.705981 -8.900892
v 0.561999 -0.704351 -8.900892
v 0.512147 -0.702745 -8.900892
v 0.460273 -0.701191 -8.900892
v 0.406599 -0.699715 -8.900892
v 0.351347 -0.698344 -8.900892
v 0.294741 -0.697110 -8.900892
v 0.237002 -0.696037 -8.900892
v 0.178353 -0.695155 -8.900892
v 0.119017 -0.694490 -8.900892
v 0.059216 -0.694072 -8.900892
v 0.773123 -0.712173 8.909200
v 0.736724 -0.710731 8.909200
v 0.697190 -0.709199 8.909200
v 0.654742 -0.707605 8.909200
v 0.609604 -0.705981 8.909200
v 0.561999 -0.704351 8.909199
v 0.512147 -0.702745 8.909200
v 0.460273 -0.701191 8.909199
v 0.406599 -0.699715 8.909198
v 0.351347 -0.698344 8.909198
v 0.294741 -0.697110 8.909198
v 0.237002 -0.696037 8.909198
v 0.178353 -0.695155 8.909198
v 0.119016 -0.694490 8.909198
v 0.059216 -0.694072 8.909198
v 0.773123 -0.490335 -8.900888
v 0.736724 -0.488893 -8.900890
v 0.697190 -0.487361 -8.900888
v 0.654743 -0.485768 -8.900887
v 0.609605 -0.484143 -8.900888
v 0.561999 -0.482514 -8.900890
v 0.512147 -0.480908 -8.900888
v 0.460273 -0.479353 -8.900888
v 0.406599 -0.477877 -8.900888
v 0.351348 -0.476507 -8.900890
v 0.294741 -0.475272 -8.900888
v 0.237002 -0.474199 -8.900890
v 0.178353 -0.473317 -8.900888
v 0.119017 -0.472653 -8.900890
v 0.059216 -0.472235 -8.900890
v 0.773122 -0.490335 8.909203
v 0.736724 -0.488893 8.909203
v 0.697189 -0.487361 8.909202
v 0.654742 -0.485768 8.909202
v 0.609604 -0.484143 8.909202
v 0.561998 -0.482514 8.909202
v 0.512147 -0.480908 8.909202
v 0.460273 -0.479353 8.909201
v 0.406599 -0.477877 8.909201
v 0.351347 -0.476507 8.909201
v 0.294740 -0.475272 8.909200
v 0.237001 -0.474199 8.909200
v 0.178352 -0.473317 8.909200
v 0.119016 -0.472653 8.909200
v 0.059215 -0.472235 8.909199
v -0.000827 -0.562032 -8.924978
v -0.000827 -0.555303 -8.924940
v -0.000827 -0.548510 -8.924837
v -0.000827 -0.541691 -8.924623
v -0.000827 -0.534887 -8.924269
v -0.000827 -0.528136 -8.923738
v -0.000827 -0.521477 -8.922993
v -0.000827 -0.514949 -8.921999
v -0.000827 -0.508590 -8.920725
v -0.000827 -0.502439 -8.919132
v -0.000827 -0.496536 -8.917185
v -0.000827 -0.490919 -8.914846
v -0.000827 -0.485627 -8.912083
v -0.000827 -0.480700 -8.908859
v -0.000827 -0.476173 -8.905140
v -0.000827 -0.657366 8.924977
v -0.000827 -0.661016 8.924954
v -0.000827 -0.664484 8.924885
v -0.000827 -0.667770 8.924746
v -0.000827 -0.670878 8.924514
v -0.000827 -0.673811 8.924165
v -0.000827 -0.676569 8.923678
v -0.000827 -0.679155 8.923028
v -0.000827 -0.681572 8.922193
v -0.000827 -0.683823 8.921149
v -0.000827 -0.685906 8.919872
v -0.000827 -0.687828 8.918340
v -0.000827 -0.689589 8.916530
v -0.000827 -0.691191 8.914419
v -0.000827 -0.692636 8.911983
v -0.000828 -0.451672 6.441274
v -0.000828 -0.451701 6.896179
v -0.000828 -0.451792 7.291172
v -0.000828 -0.451972 7.630507
v -0.000828 -0.452272 7.918435
v -0.000828 -0.452723 8.159212
v -0.000828 -0.453353 8.357087
v -0.000828 -0.454193 8.516316
v -0.000828 -0.455275 8.641151
v -0.000828 -0.456626 8.735846
v -0.000828 -0.458278 8.804651
v -0.000828 -0.460259 8.851819
v -0.000828 -0.462602 8.881606
v -0.000828 -0.465334 8.898263
v -0.000828 -0.468487 8.906043
v -0.000827 -0.700386 -6.401205
v -0.000827 -0.700376 -6.857941
v -0.000827 -0.700347 -7.254914
v -0.000827 -0.700291 -7.596350
v -0.000827 -0.700195 -7.886477
v -0.000827 -0.700053 -8.129526
v -0.000827 -0.699854 -8.329723
v -0.000827 -0.699588 -8.491299
v -0.000827 -0.699246 -8.618479
v -0.000827 -0.698819 -8.715494
v -0.000827 -0.698297 -8.786572
v -0.000827 -0.697670 -8.835939
v -0.000827 -0.696929 -8.867828
v -0.000827 -0.696065 -8.886465
v -0.000827 -0.695067 -8.896076
v -0.060889 -0.694085 -8.900892
v -0.120744 -0.694516 -8.900892
v -0.180163 -0.695192 -8.900894
v -0.238919 -0.696087 -8.900892
v -0.296784 -0.697170 -8.900894
v -0.353532 -0.698417 -8.900892
v -0.408935 -0.699797 -8.900894
v -0.462764 -0.701283 -8.900894
v -0.514794 -0.702847 -8.900894
v -0.564796 -0.704462 -8.900894
v -0.612543 -0.706098 -8.900894
v -0.657808 -0.707728 -8.900894
v -0.700362 -0.709325 -8.900894
v -0.739979 -0.710861 -8.900894
v -0.776432 -0.712307 -8.900894
v -0.060890 -0.694085 8.909198
v -0.120744 -0.694516 8.909198
v -0.180163 -0.695192 8.909198
v -0.238919 -0.696087 8.909198
v -0.296784 -0.697170 8.909198
v -0.353532 -0.698417 8.909197
v -0.408935 -0.699797 8.909197
v -0.462765 -0.701283 8.909197
v -0.514794 -0.702847 8.909198
v -0.564797 -0.704462 8.909197
v -0.612544 -0.706098 8.909198
v -0.657808 -0.707728 8.909197
v -0.700363 -0.709325 8.909198
v -0.739980 -0.710861 8.909197
v -0.776432 -0.712307 8.909198
v -0.060889 -0.472247 -8.900890
v -0.120744 -0.472678 -8.900890
v -0.180163 -0.473354 -8.900890
v -0.238919 -0.474249 -8.900890
v -0.296784 -0.475332 -8.900890
v -0.353532 -0.476579 -8.900890
v -0.408935 -0.477959 -8.900890
v -0.462765 -0.479445 -8.900890
v -0.514794 -0.481009 -8.900890
v -0.564796 -0.482623 -8.900890
v -0.612543 -0.484260 -8.900890
v -0.657808 -0.485890 -8.900890
v -0.700362 -0.487488 -8.900890
v -0.739980 -0.489023 -8.900890
v -0.776432 -0.490469 -8.900892
v -0.060890 -0.472247 8.909199
v -0.120744 -0.472678 8.909198
v -0.180163 -0.473354 8.909199
v -0.238919 -0.474249 8.909198
v -0.296785 -0.475332 8.909198
v -0.353533 -0.476579 8.909198
v -0.408935 -0.477959 8.909197
v -0.462765 -0.479445 8.909197
v -0.514795 -0.481009 8.909197
v -0.564797 -0.482623 8.909197
v -0.612544 -0.484260 8.909197
v -0.657808 -0.485890 8.909197
v -0.700363 -0.487488 8.909197
v -0.739980 -0.489023 8.909196
v -0.776432 -0.490469 8.909196
v -0.809492 -0.581739 -8.924978
v -0.809492 -0.575010 -8.924944
v -0.809492 -0.568216 -8.924837
v -0.809492 -0.561399 -8.924623
v -0.809492 -0.554594 -8.924271
v -0.809492 -0.547843 -8.923738
v -0.809492 -0.541184 -8.922995
v -0.809492 -0.534656 -8.922003
v -0.809492 -0.528296 -8.920729
v -0.809492 -0.522146 -8.919134
v -0.809492 -0.516244 -8.917185
v -0.809492 -0.510626 -8.914848
v -0.809492 -0.505334 -8.912086
v -0.809492 -0.500406 -8.908861
v -0.809492 -0.495881 -8.905142
v -0.809492 -0.677073 8.924975
v -0.809492 -0.680723 8.924953
v -0.809492 -0.684191 8.924884
v -0.809492 -0.687477 8.924744
v -0.809492 -0.690586 8.924511
v -0.809492 -0.693519 8.924163
v -0.809492 -0.696276 8.923676
v -0.809492 -0.698863 8.923027
v -0.809492 -0.701280 8.922192
v -0.809492 -0.703529 8.921147
v -0.809492 -0.705614 8.919871
v -0.809492 -0.707536 8.918340
v -0.809492 -0.709295 8.916530
v -0.809492 -0.710898 8.914418
v -0.809492 -0.712344 8.911982
v -0.809492 -0.471378 6.441271
v -0.809492 -0.471409 6.896176
v -0.809492 -0.471498 7.291169
v -0.809492 -0.471679 7.630504
v -0.809492 -0.471979 7.918432
v -0.809492 -0.472429 8.159208
v -0.809492 -0.473061 8.357084
v -0.809492 -0.473901 8.516314
v -0.809492 -0.474981 8.641149
v -0.809492 -0.476333 8.735842
v -0.809492 -0.477984 8.804646
v -0.809492 -0.479966 8.851816
v -0.809492 -0.482308 8.881603
v -0.809492 -0.485041 8.898260
v -0.809492 -0.488194 8.906040
v -0.809492 -0.720093 -6.401205
v -0.809492 -0.720083 -6.857944
v -0.809492 -0.720055 -7.254915
v -0.809492 -0.719998 -7.596352
v -0.809492 -0.719903 -7.886479
v -0.809492 -0.719761 -8.129528
v -0.809492 -0.719561 -8.329725
v -0.809492 -0.719295 -8.491301
v -0.809492 -0.718953 -8.618481
v -0.809492 -0.718526 -8.715496
v -0.809492 -0.718004 -8.786572
v -0.809492 -0.717377 -8.835941
v -0.809492 -0.716637 -8.867830
v -0.809491 -0.715772 -8.886465
v -0.809491 -0.714775 -8.896078
v 0.988907 -0.717896 -8.889893
v 0.987660 -0.718243 -8.891373
v 0.985745 -0.718572 -8.892889
v 0.982964 -0.718854 -8.894361
v 0.979119 -0.719062 -8.895712
v 0.973998 -0.719180 -8.896921
v 0.967387 -0.719197 -8.897972
v 0.959075 -0.719097 -8.898848
v 0.948848 -0.718869 -8.899530
v 0.936499 -0.718511 -8.900040
v 0.921819 -0.718019 -8.900406
v 0.904600 -0.717391 -8.900648
v 0.884633 -0.716628 -8.900795
v 0.861710 -0.715727 -8.900867
v 0.835623 -0.714685 -8.900892
v 0.988907 -0.717896 8.901995
v 0.987660 -0.718243 8.902964
v 0.985745 -0.718572 8.903956
v 0.982964 -0.718854 8.904921
v 0.979119 -0.719062 8.905806
v 0.973998 -0.719180 8.906597
v 0.967387 -0.719197 8.907287
v 0.959075 -0.719097 8.907862
v 0.948848 -0.718869 8.908307
v 0.936499 -0.718511 8.908642
v 0.921819 -0.718019 8.908881
v 0.904600 -0.717391 8.909040
v 0.884633 -0.716628 8.909136
v 0.861710 -0.715727 8.909184
v 0.835623 -0.714685 8.909200
v 0.988907 -0.508331 -8.889887
v 0.987660 -0.507025 -8.891371
v 0.985745 -0.505663 -8.892885
v 0.982964 -0.504304 -8.894358
v 0.979119 -0.503005 -8.895708
v 0.973998 -0.501773 -8.896917
v 0.967387 -0.500616 -8.897970
v 0.959075 -0.499539 -8.898846
v 0.948849 -0.498551 -8.899527
v 0.936499 -0.497622 -8.900038
v 0.921819 -0.496723 -8.900400
v 0.904600 -0.495825 -8.900644
v 0.884633 -0.494899 -8.900791
v 0.861710 -0.493916 -8.900866
v 0.835623 -0.492847 -8.900888
v 0.988907 -0.508331 8.901997
v 0.987659 -0.507025 8.902967
v 0.985745 -0.505663 8.903960
v 0.982964 -0.504304 8.904924
v 0.979119 -0.503005 8.905809
v 0.973997 -0.501773 8.906602
v 0.967387 -0.500616 8.907291
v 0.959074 -0.499539 8.907865
v 0.948848 -0.498551 8.908311
v 0.936499 -0.497622 8.908646
v 0.921818 -0.496723 8.908884
v 0.904599 -0.495825 8.909043
v 0.884632 -0.494899 8.909139
v 0.861709 -0.493916 8.909186
v 0.835622 -0.492847 8.909203
v 0.806163 -0.719959 -6.401204
v 0.806163 -0.719950 -6.857941
v 0.806163 -0.719921 -7.254912
v 0.806163 -0.719864 -7.596349
v 0.806163 -0.719769 -7.886477
v 0.806163 -0.719626 -8.129524
v 0.806163 -0.719428 -8.329723
v 0.806163 -0.719162 -8.491297
v 0.806163 -0.718819 -8.618479
v 0.806163 -0.718391 -8.715492
v 0.806163 -0.717870 -8.786570
v 0.806163 -0.717242 -8.835939
v 0.806163 -0.716502 -8.867826
v 0.806163 -0.715637 -8.886463
v 0.806163 -0.714642 -8.896074
v 0.806163 -0.471245 6.441278
v 0.806163 -0.471274 6.896183
v 0.806163 -0.471365 7.291176
v 0.806163 -0.471545 7.630510
v 0.806163 -0.471846 7.918440
v 0.806163 -0.472296 8.159215
v 0.806163 -0.472926 8.357091
v 0.806163 -0.473767 8.516320
v 0.806163 -0.474848 8.641154
v 0.806163 -0.476199 8.735848
v 0.806163 -0.477851 8.804654
v 0.806163 -0.479833 8.851823
v 0.806163 -0.482175 8.881609
v 0.806163 -0.484907 8.898267
v 0.806163 -0.488061 8.906047
v 0.806163 -0.676940 8.924978
v 0.806163 -0.680589 8.924955
v 0.806163 -0.684057 8.924886
v 0.806163 -0.687344 8.924746
v 0.806163 -0.690453 8.924515
v 0.806163 -0.693384 8.924167
v 0.806163 -0.696143 8.923679
v 0.806163 -0.698730 8.923029
v 0.806163 -0.701146 8.922194
v 0.806163 -0.703396 8.921150
v 0.806163 -0.705480 8.919873
v 0.806163 -0.707401 8.918343
v 0.806163 -0.709163 8.916533
v 0.806163 -0.710764 8.914421
v 0.806163 -0.712210 8.911984
v 0.806164 -0.581606 -8.924974
v 0.806164 -0.574876 -8.924940
v 0.806164 -0.568082 -8.924833
v 0.806164 -0.561264 -8.924622
v 0.806164 -0.554461 -8.924267
v 0.806164 -0.547709 -8.923735
v 0.806164 -0.541050 -8.922991
v 0.806164 -0.534522 -8.921999
v 0.806164 -0.528164 -8.920725
v 0.806164 -0.522013 -8.919130
v 0.806164 -0.516109 -8.917181
v 0.806164 -0.510492 -8.914843
v 0.806164 -0.505200 -8.912081
v 0.806164 -0.500273 -8.908859
v 0.806164 -0.495748 -8.905138
v 0.989928 -0.716982 -8.889893
v 0.990353 -0.716032 -8.891373
v 0.990788 -0.714853 -8.892889
v 0.991211 -0.713457 -8.894361
v 0.991598 -0.711855 -8.895712
v 0.991946 -0.710046 -8.896921
v 0.992248 -0.708028 -8.897972
v 0.992499 -0.705800 -8.898848
v 0.992694 -0.703360 -8.899530
v 0.992841 -0.700712 -8.900040
v 0.992946 -0.697858 -8.900406
v 0.993016 -0.694801 -8.900646
v 0.993058 -0.691546 -8.900795
v 0.993078 -0.688095 -8.900867
v 0.993086 -0.684449 -8.900890
v 0.989928 -0.716982 8.901994
v 0.990353 -0.716032 8.902964
v 0.990788 -0.714853 8.903956
v 0.991211 -0.713457 8.904922
v 0.991598 -0.711855 8.905806
v 0.991946 -0.710046 8.906598
v 0.992248 -0.708028 8.907289
v 0.992499 -0.705800 8.907862
v 0.992694 -0.703360 8.908307
v 0.992841 -0.700712 8.908643
v 0.992946 -0.697858 8.908880
v 0.993016 -0.694801 8.909040
v 0.993057 -0.691546 8.909136
v 0.993078 -0.688095 8.909184
v 0.993085 -0.684449 8.909200
v -0.991133 -0.717031 8.901992
v -0.991507 -0.716080 8.902963
v -0.991890 -0.714898 8.903955
v -0.992262 -0.713500 8.904919
v -0.992603 -0.711896 8.905803
v -0.992909 -0.710084 8.906597
v -0.993175 -0.708065 8.907285
v -0.993396 -0.705836 8.907859
v -0.993569 -0.703395 8.908305
v -0.993698 -0.700747 8.908639
v -0.993790 -0.697892 8.908878
v -0.993851 -0.694836 8.909038
v -0.993888 -0.691581 8.909132
v -0.993907 -0.688128 8.909181
v -0.993913 -0.684484 8.909196
v -0.991133 -0.717031 -8.889894
v -0.991507 -0.716080 -8.891376
v -0.991890 -0.714898 -8.892893
v -0.992262 -0.713500 -8.894363
v -0.992603 -0.711896 -8.895714
v -0.992909 -0.710084 -8.896923
v -0.993175 -0.708065 -8.897976
v -0.993396 -0.705836 -8.898853
v -0.993568 -0.703395 -8.899532
v -0.993697 -0.700747 -8.900043
v -0.993789 -0.697892 -8.900408
v -0.993851 -0.694836 -8.900652
v -0.993888 -0.691581 -8.900797
v -0.993906 -0.688128 -8.900871
v -0.993912 -0.684484 -8.900894
v -0.000827 -0.692636 -8.905146
v -0.000827 -0.691191 -8.908863
v -0.000827 -0.689589 -8.912086
v -0.000827 -0.687828 -8.914848
v -0.000827 -0.685906 -8.917187
v -0.000827 -0.683823 -8.919134
v -0.000827 -0.681572 -8.920729
v -0.000827 -0.679155 -8.922005
v -0.000827 -0.676569 -8.922997
v -0.000827 -0.673811 -8.923738
v -0.000827 -0.670878 -8.924271
v -0.000827 -0.667770 -8.924623
v -0.000827 -0.664484 -8.924837
v -0.000827 -0.661016 -8.924944
v -0.000827 -0.657366 -8.924978
v -0.000827 -0.575146 8.924978
v -0.000827 -0.581487 8.924978
v -0.000827 -0.587682 8.924978
v -0.000827 -0.593728 8.924978
v -0.000827 -0.599620 8.924978
v -0.000827 -0.605356 8.924978
v -0.000827 -0.610935 8.924977
v -0.000827 -0.616351 8.924977
v -0.000827 -0.621603 8.924977
v -0.000827 -0.626689 8.924977
v -0.000827 -0.631604 8.924977
v -0.000827 -0.636347 8.924977
v -0.000827 -0.640913 8.924977
v -0.000827 -0.645303 8.924977
v -0.000827 -0.649508 8.924977
v -0.809491 -0.712344 -8.905146
v -0.809491 -0.710898 -8.908865
v -0.809491 -0.709295 -8.912088
v -0.809491 -0.707536 -8.914848
v -0.809491 -0.705614 -8.917187
v -0.809491 -0.703529 -8.919134
v -0.809491 -0.701280 -8.920731
v -0.809491 -0.698863 -8.922005
v -0.809491 -0.696276 -8.922997
v -0.809491 -0.693519 -8.923740
v -0.809491 -0.690586 -8.924273
v -0.809491 -0.687477 -8.924627
v -0.809491 -0.684191 -8.924839
v -0.809491 -0.680723 -8.924946
v -0.809491 -0.677073 -8.924980
v -0.809492 -0.594852 8.924975
v -0.809492 -0.601194 8.924975
v -0.809492 -0.607389 8.924975
v -0.809492 -0.613434 8.924975
v -0.809492 -0.619328 8.924975
v -0.809492 -0.625064 8.924975
v -0.809492 -0.630642 8.924975
v -0.809492 -0.636059 8.924975
v -0.809492 -0.641311 8.924975
v -0.809492 -0.646397 8.924975
v -0.809492 -0.651312 8.924975
v -0.809492 -0.656054 8.924975
v -0.809492 -0.660621 8.924975
v -0.809492 -0.665009 8.924975
v -0.809492 -0.669215 8.924975
v 0.806163 -0.594719 8.924980
v 0.806163 -0.601061 8.924980
v 0.806163 -0.607256 8.924980
v 0.806163 -0.613301 8.924980
v 0.806163 -0.619193 8.924980
v 0.806163 -0.624930 8.924980
v 0.806163 -0.630507 8.924980
v 0.806163 -0.635924 8.924980
v 0.806163 -0.641177 8.924980
v 0.806163 -0.646262 8.924980
v 0.806163 -0.651177 8.924980
v 0.806163 -0.655920 8.924980
v 0.806163 -0.660487 8.924980
v 0.806163 -0.664875 8.924980
v 0.806163 -0.669082 8.924980
v 0.806163 -0.712210 -8.905142
v 0.806163 -0.710764 -8.908861
v 0.806163 -0.709163 -8.912085
v 0.806163 -0.707401 -8.914848
v 0.806163 -0.705480 -8.917185
v 0.806163 -0.703396 -8.919134
v 0.806163 -0.701146 -8.920727
v 0.806163 -0.698730 -8.922003
v 0.806163 -0.696143 -8.922993
v 0.806163 -0.693384 -8.923738
v 0.806163 -0.690453 -8.924269
v 0.806163 -0.687344 -8.924623
v 0.806163 -0.684057 -8.924837
v 0.806163 -0.680589 -8.924940
v 0.806163 -0.676940 -8.924978
v 0.991703 -0.680559 -8.905142
v 0.989943 -0.680490 -8.908861
v 0.987594 -0.680395 -8.912083
v 0.984441 -0.680267 -8.914846
v 0.980271 -0.680100 -8.917185
v 0.974870 -0.679883 -8.919134
v 0.968025 -0.679608 -8.920727
v 0.959521 -0.679266 -8.922003
v 0.949146 -0.678849 -8.922993
v 0.936685 -0.678349 -8.923738
v 0.921926 -0.677756 -8.924269
v 0.904653 -0.677062 -8.924623
v 0.884654 -0.676258 -8.924835
v 0.861715 -0.675337 -8.924940
v 0.835623 -0.674288 -8.924978
v 0.991702 -0.680559 8.911985
v 0.989943 -0.680490 8.914421
v 0.987594 -0.680395 8.916533
v 0.984441 -0.680267 8.918343
v 0.980271 -0.680100 8.919874
v 0.974870 -0.679883 8.921150
v 0.968025 -0.679608 8.922195
v 0.959521 -0.679266 8.923030
v 0.949146 -0.678849 8.923679
v 0.936685 -0.678349 8.924167
v 0.921925 -0.677756 8.924515
v 0.904653 -0.677062 8.924747
v 0.884654 -0.676258 8.924887
v 0.861715 -0.675337 8.924956
v 0.835623 -0.674288 8.924979
v -0.060890 -0.653687 8.924976
v -0.120744 -0.654119 8.924976
v -0.180163 -0.654796 8.924976
v -0.238919 -0.655689 8.924976
v -0.296784 -0.656774 8.924976
v -0.353532 -0.658020 8.924976
v -0.408935 -0.659399 8.924976
v -0.462765 -0.660886 8.924976
v -0.514795 -0.662450 8.924975
v -0.564797 -0.664064 8.924975
v -0.612544 -0.665701 8.924975
v -0.657808 -0.667332 8.924975
v -0.700363 -0.668929 8.924975
v -0.739980 -0.670464 8.924975
v -0.776432 -0.671909 8.924975
v -0.060889 -0.653687 -8.924978
v -0.120744 -0.654119 -8.924978
v -0.180163 -0.654796 -8.924978
v -0.238919 -0.655689 -8.924978
v -0.296784 -0.656774 -8.924978
v -0.353532 -0.658020 -8.924978
v -0.408935 -0.659399 -8.924978
v -0.462764 -0.660886 -8.924980
v -0.514794 -0.662450 -8.924980
v -0.564796 -0.664064 -8.924980
v -0.612543 -0.665701 -8.924980
v -0.657808 -0.667332 -8.924980
v -0.700362 -0.668929 -8.924980
v -0.739979 -0.670464 -8.924980
v -0.776432 -0.671909 -8.924980
v 0.773123 -0.671776 8.924978
v 0.736724 -0.670333 8.924978
v 0.697190 -0.668801 8.924978
v 0.654742 -0.667210 8.924978
v 0.609604 -0.665585 8.924978
v 0.561998 -0.663956 8.924978
v 0.512147 -0.662349 8.924978
v 0.460273 -0.660793 8.924978
v 0.406599 -0.659317 8.924978
v 0.351347 -0.657948 8.924978
v 0.294741 -0.656713 8.924978
v 0.237001 -0.655640 8.924978
v 0.178352 -0.654757 8.924977
v 0.119016 -0.654095 8.924977
v 0.059216 -0.653676 8.924977
v 0.773123 -0.671776 -8.924978
v 0.736724 -0.670333 -8.924978
v 0.697190 -0.668801 -8.924978
v 0.654743 -0.667210 -8.924978
v 0.609605 -0.665585 -8.924978
v 0.561999 -0.663956 -8.924978
v 0.512147 -0.662349 -8.924978
v 0.460273 -0.660793 -8.924978
v 0.406599 -0.659317 -8.924978
v 0.351348 -0.657948 -8.924978
v 0.294741 -0.656713 -8.924978
v 0.237002 -0.655640 -8.924978
v 0.178353 -0.654757 -8.924978
v 0.119017 -0.654095 -8.924978
v 0.059216 -0.653676 -8.924978
v -0.838932 -0.674420 -8.924980
v -0.864969 -0.675467 -8.924946
v -0.887822 -0.676386 -8.924839
v -0.907706 -0.677185 -8.924627
v -0.924840 -0.677873 -8.924273
v -0.939440 -0.678459 -8.923740
v -0.951725 -0.678953 -8.922997
v -0.961910 -0.679362 -8.922005
v -0.970214 -0.679696 -8.920729
v -0.976854 -0.679963 -8.919134
v -0.982047 -0.680172 -8.917187
v -0.986010 -0.680331 -8.914848
v -0.988961 -0.680449 -8.912088
v -0.991117 -0.680536 -8.908865
v -0.992695 -0.680599 -8.905146
v -1.000000 -0.680892 -6.401205
v -0.999991 -0.680892 -6.857944
v -0.999964 -0.680891 -7.254915
v -0.999910 -0.680889 -7.596352
v -0.999821 -0.680885 -7.886479
v -0.999686 -0.680881 -8.129528
v -0.999498 -0.680873 -8.329725
v -0.999248 -0.680862 -8.491301
v -0.998926 -0.680849 -8.618481
v -0.998523 -0.680833 -8.715496
v -0.998030 -0.680813 -8.786572
v -0.997439 -0.680790 -8.835941
v -0.996741 -0.680761 -8.867830
v -0.995927 -0.680729 -8.886465
v -0.994987 -0.680692 -8.896078
v -0.838932 -0.674420 8.924975
v -0.864970 -0.675467 8.924953
v -0.887822 -0.676386 8.924884
v -0.907706 -0.677185 8.924744
v -0.924840 -0.677873 8.924511
v -0.939441 -0.678459 8.924163
v -0.951725 -0.678953 8.923676
v -0.961911 -0.679362 8.923027
v -0.970215 -0.679696 8.922192
v -0.976854 -0.679963 8.921147
v -0.982047 -0.680172 8.919871
v -0.986011 -0.680331 8.918340
v -0.988961 -0.680449 8.916530
v -0.991117 -0.680535 8.914418
v -0.992695 -0.680599 8.911981
v 1.000000 -0.680892 6.441276
v 0.999990 -0.680892 6.896180
v 0.999959 -0.680891 7.291173
v 0.999898 -0.680889 7.630507
v 0.999797 -0.680884 7.918436
v 0.999644 -0.680878 8.159212
v 0.999430 -0.680870 8.357088
v 0.999146 -0.680859 8.516317
v 0.998780 -0.680844 8.641153
v 0.998322 -0.680825 8.735847
v 0.997763 -0.680803 8.804651
v 0.997092 -0.680776 8.851821
v 0.996299 -0.680744 8.881608
v 0.995373 -0.680707 8.898265
v 0.994305 -0.680664 8.906044
v 0.993086 -0.676593 -8.900890
v 0.993086 -0.672386 -8.900890
v 0.993086 -0.667998 -8.900890
v 0.993086 -0.663431 -8.900890
v 0.993086 -0.658689 -8.900890
v 0.993086 -0.653772 -8.900890
v 0.993086 -0.648688 -8.900890
v 0.993086 -0.643435 -8.900890
v 0.993086 -0.638019 -8.900890
v 0.993086 -0.632440 -8.900890
v 0.993086 -0.626704 -8.900890
v 0.993086 -0.620811 -8.900890
v 0.993086 -0.614767 -8.900890
v 0.993086 -0.608572 -8.900890
v 0.993086 -0.602230 -8.900890
v 0.993085 -0.676593 8.909201
v 0.993085 -0.672386 8.909201
v 0.993085 -0.667998 8.909201
v 0.993085 -0.663431 8.909201
v 0.993085 -0.658689 8.909201
v 0.993085 -0.653772 8.909201
v 0.993085 -0.648688 8.909201
v 0.993085 -0.643435 8.909201
v 0.993085 -0.638019 8.909201
v 0.993085 -0.632440 8.909201
v 0.993085 -0.626704 8.909201
v 0.993085 -0.620811 8.909202
v 0.993085 -0.614767 8.909202
v 0.993085 -0.608572 8.909202
v 0.993085 -0.602230 8.909202
v -0.993913 -0.676625 8.909196
v -0.993913 -0.672419 8.909196
v -0.993913 -0.668031 8.909197
v -0.993913 -0.663465 8.909197
v -0.993913 -0.658722 8.909196
v -0.993913 -0.653807 8.909196
v -0.993913 -0.648721 8.909196
v -0.993913 -0.643469 8.909196
v -0.993913 -0.638052 8.909196
v -0.993913 -0.632474 8.909196
v -0.993913 -0.626738 8.909196
v -0.993913 -0.620844 8.909196
v -0.993913 -0.614799 8.909196
v -0.993913 -0.608604 8.909196
v -0.993913 -0.602262 8.909196
v -0.993912 -0.676625 -8.900894
v -0.993912 -0.672419 -8.900894
v -0.993912 -0.668031 -8.900894
v -0.993913 -0.663465 -8.900894
v -0.993913 -0.658722 -8.900894
v -0.993913 -0.653807 -8.900894
v -0.993913 -0.648721 -8.900894
v -0.993913 -0.643469 -8.900894
v -0.993913 -0.638052 -8.900894
v -0.993913 -0.632474 -8.900894
v -0.993913 -0.626738 -8.900894
v -0.993913 -0.620844 -8.900894
v -0.993913 -0.614799 -8.900894
v -0.993913 -0.608604 -8.900894
v -0.993913 -0.602262 -8.900894
v -0.000827 -0.649508 -8.924978
v -0.000827 -0.645303 -8.924978
v -0.000827 -0.640913 -8.924978
v -0.000827 -0.636347 -8.924978
v -0.000827 -0.631604 -8.924978
v -0.000827 -0.626689 -8.924978
v -0.000827 -0.621603 -8.924978
v -0.000827 -0.616351 -8.924978
v -0.000827 -0.610935 -8.924978
v -0.000827 -0.605356 -8.924978
v -0.000827 -0.599620 -8.924978
v -0.000827 -0.593728 -8.924978
v -0.000827 -0.587682 -8.924978
v -0.000827 -0.581487 -8.924978
v -0.000827 -0.575146 -8.924978
v -0.809491 -0.669215 -8.924980
v -0.809492 -0.665009 -8.924980
v -0.809492 -0.660621 -8.924980
v -0.809492 -0.656054 -8.924980
v -0.809492 -0.651312 -8.924980
v -0.809492 -0.646397 -8.924980
v -0.809492 -0.641311 -8.924980
v -0.809492 -0.636059 -8.924980
v -0.809492 -0.630642 -8.924980
v -0.809492 -0.625064 -8.924980
v -0.809492 -0.619328 -8.924980
v -0.809492 -0.613434 -8.924980
v -0.809492 -0.607389 -8.924980
v -0.809492 -0.601194 -8.924978
v -0.809492 -0.594852 -8.924978
v 0.806163 -0.669082 -8.924978
v 0.806163 -0.664875 -8.924978
v 0.806164 -0.660487 -8.924978
v 0.806163 -0.655920 -8.924978
v 0.806164 -0.651177 -8.924976
v 0.806164 -0.646262 -8.924976
v 0.806164 -0.641177 -8.924976
v 0.806164 -0.635924 -8.924976
v 0.806164 -0.630507 -8.924976
v 0.806164 -0.624930 -8.924976
v 0.806164 -0.619193 -8.924976
v 0.806164 -0.613301 -8.924976
v 0.806164 -0.607256 -8.924976
v 0.806164 -0.601061 -8.924976
v 0.806164 -0.594719 -8.924974
v -0.000828 -0.476173 8.911983
v -0.000828 -0.480700 8.914419
v -0.000828 -0.485627 8.916532
v -0.000828 -0.490919 8.918342
v -0.000828 -0.496536 8.919873
v -0.000828 -0.502439 8.921149
v -0.000828 -0.508590 8.922194
v -0.000828 -0.514949 8.923028
v -0.000828 -0.521477 8.923678
v -0.000828 -0.528136 8.924167
v -0.000828 -0.534887 8.924515
v -0.000828 -0.541691 8.924746
v -0.000828 -0.548510 8.924886
v -0.000828 -0.555303 8.924955
v -0.000827 -0.562032 8.924978
v -0.809492 -0.495881 8.911981
v -0.809492 -0.500406 8.914417
v -0.809492 -0.505334 8.916530
v -0.809492 -0.510626 8.918339
v -0.809492 -0.516244 8.919870
v -0.809492 -0.522146 8.921146
v -0.809492 -0.528296 8.922191
v -0.809492 -0.534656 8.923027
v -0.809492 -0.541184 8.923676
v -0.809492 -0.547843 8.924163
v -0.809492 -0.554594 8.924511
v -0.809492 -0.561399 8.924744
v -0.809492 -0.568216 8.924883
v -0.809492 -0.575010 8.924953
v -0.809492 -0.581739 8.924975
v 0.806163 -0.495748 8.911987
v 0.806163 -0.500273 8.914424
v 0.806163 -0.505200 8.916534
v 0.806163 -0.510492 8.918344
v 0.806163 -0.516109 8.919877
v 0.806163 -0.522013 8.921153
v 0.806163 -0.528164 8.922196
v 0.806163 -0.534522 8.923032
v 0.806163 -0.541050 8.923682
v 0.806163 -0.547709 8.924169
v 0.806163 -0.554461 8.924517
v 0.806163 -0.561264 8.924748
v 0.806163 -0.568082 8.924888
v 0.806163 -0.574876 8.924956
v 0.806163 -0.581606 8.924980
v -0.838932 -0.589550 -8.924978
v -0.864969 -0.590595 -8.924944
v -0.887822 -0.591514 -8.924837
v -0.907706 -0.592313 -8.924625
v -0.924840 -0.593001 -8.924271
v -0.939440 -0.593588 -8.923740
v -0.951725 -0.594082 -8.922997
v -0.961910 -0.594491 -8.922005
v -0.970214 -0.594825 -8.920729
v -0.976854 -0.595091 -8.919134
v -0.982047 -0.595300 -8.917187
v -0.986010 -0.595459 -8.914848
v -0.988961 -0.595578 -8.912086
v -0.991117 -0.595665 -8.908865
v -0.992695 -0.595728 -8.905146
v 0.773123 -0.586905 -8.924974
v 0.736724 -0.585462 -8.924974
v 0.697190 -0.583930 -8.924974
v 0.654743 -0.582337 -8.924974
v 0.609605 -0.580712 -8.924974
v 0.561999 -0.579083 -8.924976
v 0.512147 -0.577477 -8.924976
v 0.460273 -0.575923 -8.924976
v 0.406599 -0.574447 -8.924978
v 0.351348 -0.573076 -8.924978
v 0.294741 -0.571841 -8.924978
v 0.237002 -0.570769 -8.924978
v 0.178353 -0.569887 -8.924978
v 0.119017 -0.569222 -8.924978
v 0.059216 -0.568804 -8.924978
v -0.060889 -0.568817 -8.924978
v -0.120744 -0.569247 -8.924978
v -0.180163 -0.569924 -8.924978
v -0.238918 -0.570819 -8.924978
v -0.296784 -0.571902 -8.924978
v -0.353532 -0.573149 -8.924978
v -0.408935 -0.574529 -8.924978
v -0.462764 -0.576014 -8.924978
v -0.514794 -0.577579 -8.924978
v -0.564796 -0.579193 -8.924978
v -0.612543 -0.580829 -8.924978
v -0.657808 -0.582460 -8.924978
v -0.700362 -0.584057 -8.924978
v -0.739979 -0.585592 -8.924978
v -0.776432 -0.587038 -8.924978
v 0.991703 -0.595688 -8.905138
v 0.989943 -0.595617 -8.908859
v 0.987594 -0.595523 -8.912083
v 0.984441 -0.595396 -8.914846
v 0.980271 -0.595228 -8.917183
v 0.974870 -0.595012 -8.919132
v 0.968025 -0.594736 -8.920725
v 0.959521 -0.594395 -8.921999
v 0.949146 -0.593978 -8.922993
v 0.936685 -0.593477 -8.923735
v 0.921926 -0.592884 -8.924267
v 0.904653 -0.592191 -8.924622
v 0.884654 -0.591387 -8.924833
v 0.861715 -0.590465 -8.924940
v 0.835623 -0.589417 -8.924974
v 0.991702 -0.595688 8.911985
v 0.989943 -0.595617 8.914423
v 0.987594 -0.595523 8.916534
v 0.984441 -0.595396 8.918344
v 0.980271 -0.595228 8.919875
v 0.974870 -0.595012 8.921151
v 0.968024 -0.594736 8.922196
v 0.959521 -0.594395 8.923031
v 0.949146 -0.593978 8.923680
v 0.936685 -0.593477 8.924168
v 0.921925 -0.592884 8.924516
v 0.904653 -0.592191 8.924748
v 0.884654 -0.591387 8.924888
v 0.861715 -0.590465 8.924956
v 0.835623 -0.589417 8.924980
v -0.060890 -0.568817 8.924978
v -0.120744 -0.569247 8.924978
v -0.180163 -0.569924 8.924978
v -0.238919 -0.570819 8.924977
v -0.296785 -0.571902 8.924977
v -0.353532 -0.573149 8.924977
v -0.408935 -0.574529 8.924977
v -0.462765 -0.576014 8.924975
v -0.514795 -0.577579 8.924975
v -0.564797 -0.579193 8.924975
v -0.612544 -0.580829 8.924975
v -0.657808 -0.582460 8.924975
v -0.700363 -0.584057 8.924975
v -0.739980 -0.585592 8.924975
v -0.776432 -0.587038 8.924975
v 0.773123 -0.586905 8.924980
v 0.736724 -0.585462 8.924980
v 0.697190 -0.583930 8.924980
v 0.654742 -0.582337 8.924980
v 0.609604 -0.580712 8.924980
v 0.561998 -0.579083 8.924980
v 0.512147 -0.577477 8.924980
v 0.460273 -0.575923 8.924979
v 0.406599 -0.574447 8.924978
v 0.351347 -0.573076 8.924978
v 0.294740 -0.571841 8.924978
v 0.237001 -0.570769 8.924978
v 0.178352 -0.569887 8.924978
v 0.119016 -0.569222 8.924978
v 0.059215 -0.568804 8.924978
v -1.000000 -0.596022 -6.401205
v -0.999991 -0.596022 -6.857944
v -0.999964 -0.596021 -7.254915
v -0.999910 -0.596018 -7.596350
v -0.999821 -0.596014 -7.886477
v -0.999687 -0.596008 -8.129526
v -0.999499 -0.596002 -8.329723
v -0.999248 -0.595991 -8.491299
v -0.998926 -0.595979 -8.618479
v -0.998523 -0.595963 -8.715494
v -0.998030 -0.595942 -8.786572
v -0.997440 -0.595919 -8.835939
v -0.996741 -0.595891 -8.867828
v -0.995927 -0.595858 -8.886465
v -0.994987 -0.595820 -8.896078
v -0.838932 -0.589550 8.924975
v -0.864970 -0.590595 8.924952
v -0.887822 -0.591514 8.924883
v -0.907707 -0.592313 8.924744
v -0.924841 -0.593001 8.924511
v -0.939441 -0.593588 8.924163
v -0.951725 -0.594082 8.923676
v -0.961911 -0.594491 8.923027
v -0.970215 -0.594825 8.922191
v -0.976855 -0.595091 8.921146
v -0.982048 -0.595300 8.919871
v -0.986011 -0.595459 8.918339
v -0.988962 -0.595578 8.916530
v -0.991117 -0.595665 8.914417
v -0.992695 -0.595728 8.911981
v 1.000000 -0.596022 6.441278
v 0.999990 -0.596022 6.896182
v 0.999959 -0.596020 7.291175
v 0.999898 -0.596017 7.630509
v 0.999796 -0.596013 7.918438
v 0.999644 -0.596007 8.159214
v 0.999430 -0.595999 8.357090
v 0.999145 -0.595987 8.516318
v 0.998779 -0.595972 8.641154
v 0.998322 -0.595955 8.735847
v 0.997763 -0.595931 8.804652
v 0.997091 -0.595905 8.851822
v 0.996298 -0.595873 8.881608
v 0.995373 -0.595836 8.898265
v 0.994305 -0.595793 8.906045
v 0.989928 -0.717936 -8.886337
v 0.990353 -0.718350 -8.878510
v 0.990788 -0.718774 -8.861385
v 0.991211 -0.719186 -8.830793
v 0.991598 -0.719563 -8.782557
v 0.991946 -0.719901 -8.712452
v 0.992248 -0.720196 -8.616257
v 0.992499 -0.720441 -8.489742
v 0.992694 -0.720631 -8.328684
v 0.992841 -0.720774 -8.128878
v 0.992946 -0.720876 -7.886106
v 0.993016 -0.720943 -7.596164
v 0.993058 -0.720984 -7.254839
v 0.993078 -0.721005 -6.857923
v 0.993085 -0.721012 -6.401202
v -0.993913 -0.721045 5.334718
v -0.993913 -0.721045 4.687355
v -0.993913 -0.721045 3.988655
v -0.993913 -0.721045 3.247157
v -0.993913 -0.721045 2.471402
v -0.993913 -0.721045 1.669930
v -0.993913 -0.721045 0.851279
v -0.993913 -0.721045 0.023991
v -0.993913 -0.721045 -0.803394
v -0.993913 -0.721045 -1.622337
v -0.993913 -0.721045 -2.424299
v -0.993913 -0.721045 -3.200738
v -0.993913 -0.721045 -3.943116
v -0.993913 -0.721045 -4.642891
v -0.993913 -0.721045 -5.291524
v 0.989928 -0.508372 -8.886333
v 0.990353 -0.507133 -8.878504
v 0.990788 -0.505866 -8.861382
v 0.991211 -0.504635 -8.830788
v 0.991598 -0.503507 -8.782553
v 0.991946 -0.502495 -8.712448
v 0.992248 -0.501615 -8.616253
v 0.992499 -0.500883 -8.489738
v 0.992694 -0.500313 -8.328684
v 0.992841 -0.499886 -8.128874
v 0.992946 -0.499581 -7.886103
v 0.993016 -0.499377 -7.596159
v 0.993057 -0.499256 -7.254834
v 0.993078 -0.499195 -6.857919
v 0.993085 -0.499174 -6.401199
v -0.993913 -0.499207 5.334717
v -0.993913 -0.499207 4.687354
v -0.993913 -0.499207 3.988653
v -0.993913 -0.499207 3.247156
v -0.993913 -0.499207 2.471401
v -0.993913 -0.499207 1.669929
v -0.993913 -0.499207 0.851279
v -0.993913 -0.499207 0.023991
v -0.993913 -0.499207 -0.803394
v -0.993913 -0.499207 -1.622337
v -0.993913 -0.499207 -2.424299
v -0.993913 -0.499207 -3.200737
v -0.993913 -0.499207 -3.943114
v -0.993913 -0.499207 -4.642890
v -0.993913 -0.499207 -5.291524
v -0.000827 -0.468487 -8.896072
v -0.000827 -0.465334 -8.886459
v -0.000827 -0.462602 -8.867823
v -0.000827 -0.460259 -8.835936
v -0.000827 -0.458278 -8.786568
v -0.000827 -0.456626 -8.715488
v -0.000827 -0.455275 -8.618475
v -0.000827 -0.454193 -8.491293
v -0.000827 -0.453353 -8.329720
v -0.000827 -0.452723 -8.129522
v -0.000827 -0.452272 -7.886474
v -0.000827 -0.451972 -7.596347
v -0.000827 -0.451792 -7.254912
v -0.000827 -0.451701 -6.857939
v -0.000827 -0.451672 -6.401202
v -0.000827 -0.700386 5.334719
v -0.000827 -0.700386 4.687356
v -0.000827 -0.700386 3.988656
v -0.000827 -0.700386 3.247158
v -0.000827 -0.700386 2.471403
v -0.000827 -0.700386 1.669930
v -0.000827 -0.700386 0.851280
v -0.000827 -0.700386 0.023993
v -0.000827 -0.700386 -0.803392
v -0.000827 -0.700386 -1.622336
v -0.000827 -0.700386 -2.424297
v -0.000827 -0.700386 -3.200737
v -0.000827 -0.700386 -3.943114
v -0.000827 -0.700386 -4.642890
v -0.000827 -0.700386 -5.291523
v -0.809492 -0.488194 -8.896074
v -0.809492 -0.485041 -8.886463
v -0.809492 -0.482308 -8.867826
v -0.809492 -0.479966 -8.835939
v -0.809492 -0.477984 -8.786570
v -0.809492 -0.476333 -8.715492
v -0.809492 -0.474981 -8.618479
v -0.809492 -0.473901 -8.491297
v -0.809492 -0.473061 -8.329723
v -0.809492 -0.472429 -8.129526
v -0.809492 -0.471979 -7.886477
v -0.809492 -0.471679 -7.596349
v -0.809492 -0.471498 -7.254914
v -0.809492 -0.471409 -6.857941
v -0.809492 -0.471378 -6.401205
v -0.809492 -0.720093 5.334718
v -0.809492 -0.720093 4.687356
v -0.809492 -0.720093 3.988655
v -0.809492 -0.720093 3.247158
v -0.809492 -0.720093 2.471402
v -0.809492 -0.720093 1.669930
v -0.809492 -0.720093 0.851279
v -0.809492 -0.720093 0.023992
v -0.809492 -0.720093 -0.803394
v -0.809492 -0.720093 -1.622337
v -0.809492 -0.720093 -2.424298
v -0.809492 -0.720093 -3.200737
v -0.809492 -0.720093 -3.943114
v -0.809492 -0.720093 -4.642890
v -0.809492 -0.720093 -5.291524
v 0.806163 -0.719959 5.334720
v 0.806163 -0.719959 4.687356
v 0.806163 -0.719959 3.988656
v 0.806163 -0.719959 3.247159
v 0.806163 -0.719959 2.471403
v 0.806163 -0.719959 1.669931
v 0.806163 -0.719959 0.851281
v 0.806163 -0.719959 0.023993
v 0.806163 -0.719959 -0.803392
v 0.806163 -0.719959 -1.622335
v 0.806163 -0.719959 -2.424296
v 0.806163 -0.719959 -3.200736
v 0.806163 -0.719959 -3.943113
v 0.806163 -0.719959 -4.642887
v 0.806163 -0.719959 -5.291523
v 0.806164 -0.488061 -8.896072
v 0.806164 -0.484907 -8.886457
v 0.806164 -0.482175 -8.867823
v 0.806163 -0.479833 -8.835934
v 0.806164 -0.477851 -8.786566
v 0.806163 -0.476199 -8.715488
v 0.806163 -0.474848 -8.618473
v 0.806163 -0.473767 -8.491293
v 0.806163 -0.472926 -8.329718
v 0.806163 -0.472296 -8.129520
v 0.806163 -0.471846 -7.886474
v 0.806163 -0.471545 -7.596344
v 0.806163 -0.471365 -7.254908
v 0.806163 -0.471274 -6.857936
v 0.806163 -0.471245 -6.401199
v -1.000000 -0.680892 5.334718
v -1.000000 -0.680892 4.687354
v -1.000000 -0.680892 3.988654
v -1.000000 -0.680892 3.247157
v -1.000000 -0.680892 2.471402
v -1.000000 -0.680892 1.669929
v -1.000000 -0.680892 0.851279
v -1.000000 -0.680892 0.023991
v -1.000000 -0.680892 -0.803394
v -1.000000 -0.680892 -1.622337
v -1.000000 -0.680892 -2.424299
v -1.000000 -0.680892 -3.200738
v -1.000000 -0.680892 -3.943116
v -1.000000 -0.680892 -4.642891
v -1.000000 -0.680892 -5.291524
v 0.994306 -0.680664 -8.896074
v 0.995373 -0.680707 -8.886459
v 0.996299 -0.680744 -8.867825
v 0.997092 -0.680776 -8.835936
v 0.997763 -0.680803 -8.786570
v 0.998322 -0.680825 -8.715490
v 0.998780 -0.680844 -8.618475
v 0.999146 -0.680859 -8.491295
v 0.999430 -0.680870 -8.329720
v 0.999644 -0.680878 -8.129522
v 0.999797 -0.680884 -7.886475
v 0.999898 -0.680889 -7.596347
v 0.999959 -0.680891 -7.254912
v 0.999990 -0.680892 -6.857939
v 1.000000 -0.680892 -6.401202
v -1.000000 -0.596022 5.334717
v -1.000000 -0.596022 4.687354
v -1.000000 -0.596022 3.988653
v -1.000000 -0.596022 3.247156
v -1.000000 -0.596022 2.471401
v -1.000000 -0.596022 1.669929
v -1.000000 -0.596022 0.851279
v -1.000000 -0.596022 0.023991
v -1.000000 -0.596022 -0.803394
v -1.000000 -0.596022 -1.622337
v -1.000000 -0.596022 -2.424299
v -1.000000 -0.596022 -3.200738
v -1.000000 -0.596022 -3.943115
v -1.000000 -0.596022 -4.642890
v -1.000000 -0.596022 -5.291524
v 0.994306 -0.595793 -8.896072
v 0.995373 -0.595836 -8.886459
v 0.996299 -0.595873 -8.867823
v 0.997092 -0.595905 -8.835936
v 0.997763 -0.595931 -8.786566
v 0.998322 -0.595955 -8.715488
v 0.998780 -0.595972 -8.618475
v 0.999146 -0.595987 -8.491293
v 0.999431 -0.595999 -8.329720
v 0.999644 -0.596007 -8.129522
v 0.999797 -0.596013 -7.886474
v 0.999898 -0.596017 -7.596346
v 0.999959 -0.596020 -7.254910
v 0.999990 -0.596022 -6.857938
v 1.000000 -0.596022 -6.401202
v 1.000000 -0.602508 -5.880471
v 1.000000 -0.608850 -5.880471
v 1.000000 -0.615045 -5.880471
v 1.000000 -0.621089 -5.880471
v 1.000000 -0.626982 -5.880470
v 1.000000 -0.632718 -5.880471
v 1.000000 -0.638296 -5.880470
v 1.000000 -0.643713 -5.880471
v 1.000000 -0.648965 -5.880471
v 1.000000 -0.654051 -5.880471
v 1.000000 -0.658967 -5.880471
v 1.000000 -0.663708 -5.880471
v 1.000000 -0.668275 -5.880471
v 1.000000 -0.672664 -5.880471
v 1.000000 -0.676870 -5.880471
v -1.000000 -0.602508 -5.880476
v -1.000000 -0.608850 -5.880476
v -1.000000 -0.615045 -5.880476
v -1.000000 -0.621089 -5.880476
v -1.000000 -0.626982 -5.880476
v -1.000000 -0.632718 -5.880476
v -1.000000 -0.638296 -5.880476
v -1.000000 -0.643713 -5.880476
v -1.000000 -0.648965 -5.880476
v -1.000000 -0.654051 -5.880476
v -1.000000 -0.658967 -5.880476
v -1.000000 -0.663710 -5.880476
v -1.000000 -0.668275 -5.880476
v -1.000000 -0.672664 -5.880476
v -1.000000 -0.676870 -5.880476
v 1.000000 -0.684728 -5.880471
v 0.999990 -0.688378 -5.880473
v 0.999959 -0.691844 -5.880473
v 0.999898 -0.695127 -5.880473
v 0.999797 -0.698233 -5.880473
v 0.999644 -0.701159 -5.880473
v 0.999430 -0.703908 -5.880473
v 0.999146 -0.706483 -5.880473
v 0.998780 -0.708885 -5.880473
v 0.998322 -0.711117 -5.880473
v 0.997763 -0.713179 -5.880473
v 0.997092 -0.715073 -5.880473
v 0.996299 -0.716802 -5.880473
v 0.995373 -0.718367 -5.880473
v 0.994306 -0.719769 -5.880473
v -1.000000 -0.684728 -5.880476
v -0.999991 -0.688378 -5.880476
v -0.999964 -0.691844 -5.880476
v -0.999910 -0.695129 -5.880476
v -0.999821 -0.698234 -5.880476
v -0.999687 -0.701160 -5.880476
v -0.999499 -0.703911 -5.880476
v -0.999248 -0.706488 -5.880476
v -0.998926 -0.708891 -5.880476
v -0.998523 -0.711124 -5.880476
v -0.998030 -0.713189 -5.880476
v -0.997440 -0.715087 -5.880476
v -0.996741 -0.716820 -5.880476
v -0.995927 -0.718389 -5.880476
v -0.994987 -0.719797 -5.880476
v 0.835623 -0.472428 -5.880468
v 0.861715 -0.473507 -5.880468
v 0.884654 -0.474519 -5.880468
v 0.904653 -0.475502 -5.880468
v 0.921925 -0.476497 -5.880468
v 0.936685 -0.477540 -5.880468
v 0.949146 -0.478671 -5.880468
v 0.959521 -0.479929 -5.880468
v 0.968025 -0.481352 -5.880468
v 0.974870 -0.482978 -5.880468
v 0.980271 -0.484846 -5.880468
v 0.984441 -0.486996 -5.880468
v 0.987594 -0.489465 -5.880468
v 0.989943 -0.492291 -5.880468
v 0.991702 -0.495516 -5.880470
v 0.991702 -0.722096 -5.880473
v 0.989943 -0.723022 -5.880473
v 0.987594 -0.723792 -5.880473
v 0.984441 -0.724406 -5.880473
v 0.980271 -0.724866 -5.880473
v 0.974870 -0.725171 -5.880473
v 0.968025 -0.725323 -5.880473
v 0.959521 -0.725324 -5.880473
v 0.949146 -0.725172 -5.880473
v 0.936685 -0.724872 -5.880473
v 0.921925 -0.724421 -5.880473
v 0.904653 -0.723821 -5.880473
v 0.884654 -0.723075 -5.880473
v 0.861715 -0.722182 -5.880473
v 0.835623 -0.721143 -5.880473
v -0.060889 -0.700542 -5.880475
v -0.120744 -0.700974 -5.880475
v -0.180163 -0.701651 -5.880475
v -0.238919 -0.702544 -5.880475
v -0.296784 -0.703629 -5.880475
v -0.353532 -0.704875 -5.880475
v -0.408935 -0.706255 -5.880475
v -0.462765 -0.707741 -5.880476
v -0.514794 -0.709304 -5.880476
v -0.564796 -0.710919 -5.880476
v -0.612543 -0.712555 -5.880476
v -0.657808 -0.714187 -5.880476
v -0.700362 -0.715784 -5.880476
v -0.739980 -0.717319 -5.880476
v -0.776432 -0.718764 -5.880476
v -0.776432 -0.470050 -5.880475
v -0.739980 -0.468604 -5.880473
v -0.700363 -0.467069 -5.880473
v -0.657808 -0.465472 -5.880473
v -0.612544 -0.463840 -5.880473
v -0.564797 -0.462205 -5.880473
v -0.514794 -0.460590 -5.880473
v -0.462765 -0.459026 -5.880473
v -0.408935 -0.457540 -5.880473
v -0.353532 -0.456160 -5.880473
v -0.296784 -0.454914 -5.880473
v -0.238919 -0.453830 -5.880473
v -0.180163 -0.452935 -5.880473
v -0.120744 -0.452259 -5.880473
v -0.060890 -0.451828 -5.880473
v 0.773123 -0.718632 -5.880473
v 0.736724 -0.717188 -5.880473
v 0.697190 -0.715656 -5.880473
v 0.654742 -0.714065 -5.880473
v 0.609604 -0.712440 -5.880475
v 0.561999 -0.710811 -5.880473
v 0.512147 -0.709205 -5.880475
v 0.460273 -0.707648 -5.880473
v 0.406599 -0.706172 -5.880475
v 0.351347 -0.704803 -5.880473
v 0.294741 -0.703568 -5.880475
v 0.237002 -0.702496 -5.880473
v 0.178353 -0.701613 -5.880475
v 0.119017 -0.700949 -5.880475
v 0.059216 -0.700531 -5.880475
v 0.059215 -0.451817 -5.880471
v 0.119016 -0.452234 -5.880471
v 0.178352 -0.452898 -5.880471
v 0.237001 -0.453781 -5.880471
v 0.294740 -0.454853 -5.880470
v 0.351347 -0.456089 -5.880470
v 0.406599 -0.457458 -5.880470
v 0.460273 -0.458935 -5.880470
v 0.512147 -0.460489 -5.880470
v 0.561998 -0.462096 -5.880470
v 0.609604 -0.463725 -5.880470
v 0.654742 -0.465350 -5.880470
v 0.697190 -0.466942 -5.880470
v 0.736724 -0.468473 -5.880470
v 0.773123 -0.469917 -5.880470
v -0.994987 -0.503334 -5.880476
v -0.995927 -0.507897 -5.880475
v -0.996741 -0.512858 -5.880475
v -0.997440 -0.518178 -5.880475
v -0.998031 -0.523819 -5.880475
v -0.998523 -0.529742 -5.880476
v -0.998926 -0.535909 -5.880476
v -0.999248 -0.542280 -5.880476
v -0.999499 -0.548819 -5.880475
v -0.999687 -0.555486 -5.880475
v -0.999821 -0.562242 -5.880475
v -0.999910 -0.569049 -5.880475
v -0.999964 -0.575869 -5.880475
v -0.999991 -0.582664 -5.880476
v -1.000000 -0.589394 -5.880476
v 0.994305 -0.503306 -5.880470
v 0.995373 -0.507875 -5.880470
v 0.996299 -0.512840 -5.880470
v 0.997092 -0.518165 -5.880470
v 0.997763 -0.523808 -5.880470
v 0.998322 -0.529734 -5.880470
v 0.998780 -0.535902 -5.880470
v 0.999146 -0.542276 -5.880470
v 0.999430 -0.548816 -5.880470
v 0.999644 -0.555484 -5.880470
v 0.999797 -0.562241 -5.880470
v 0.999898 -0.569049 -5.880470
v 0.999959 -0.575869 -5.880470
v 0.999990 -0.582664 -5.880470
v 1.000000 -0.589394 -5.880470
v -0.992695 -0.495555 -5.880476
v -0.991117 -0.492339 -5.880476
v -0.988961 -0.489520 -5.880476
v -0.986011 -0.487060 -5.880476
v -0.982047 -0.484918 -5.880475
v -0.976854 -0.483058 -5.880476
v -0.970215 -0.481440 -5.880475
v -0.961911 -0.480025 -5.880476
v -0.951725 -0.478775 -5.880476
v -0.939441 -0.477651 -5.880476
v -0.924840 -0.476614 -5.880476
v -0.907706 -0.475625 -5.880476
v -0.887822 -0.474647 -5.880475
v -0.864970 -0.473638 -5.880475
v -0.838932 -0.472562 -5.880475
v -0.838932 -0.721275 -5.880476
v -0.864969 -0.722313 -5.880476
v -0.887822 -0.723203 -5.880476
v -0.907706 -0.723944 -5.880476
v -0.924840 -0.724537 -5.880476
v -0.939440 -0.724982 -5.880476
v -0.951725 -0.725276 -5.880476
v -0.961910 -0.725419 -5.880476
v -0.970214 -0.725410 -5.880476
v -0.976854 -0.725250 -5.880476
v -0.982047 -0.724937 -5.880476
v -0.986010 -0.724469 -5.880476
v -0.988961 -0.723847 -5.880476
v -0.991117 -0.723069 -5.880476
v -0.992695 -0.722136 -5.880476
v 0.993086 -0.721012 -5.291521
v 0.993085 -0.721012 -4.642887
v 0.993086 -0.721012 -3.943113
v 0.993085 -0.721012 -3.200736
v 0.993086 -0.721012 -2.424295
v 0.993085 -0.721012 -1.622335
v 0.993086 -0.721012 -0.803391
v 0.993085 -0.721012 0.023994
v 0.993085 -0.721012 0.851282
v 0.993085 -0.721012 1.669932
v 0.993085 -0.721012 2.471405
v 0.993085 -0.721012 3.247159
v 0.993085 -0.721012 3.988657
v 0.993085 -0.721012 4.687357
v 0.993085 -0.721012 5.334720
v 0.993085 -0.499174 -5.291518
v 0.993085 -0.499174 -4.642883
v 0.993085 -0.499174 -3.943109
v 0.993085 -0.499174 -3.200731
v 0.993085 -0.499174 -2.424292
v 0.993085 -0.499174 -1.622331
v 0.993085 -0.499174 -0.803389
v 0.993085 -0.499174 0.023998
v 0.993085 -0.499174 0.851285
v 0.993085 -0.499174 1.669936
v 0.993085 -0.499174 2.471408
v 0.993085 -0.499174 3.247163
v 0.993085 -0.499174 3.988660
v 0.993085 -0.499174 4.687361
v 0.993085 -0.499174 5.334723
v -0.000827 -0.451672 -5.291519
v -0.000827 -0.451672 -4.642887
v -0.000827 -0.451672 -3.943112
v -0.000827 -0.451672 -3.200735
v -0.000827 -0.451672 -2.424295
v -0.000827 -0.451672 -1.622334
v -0.000828 -0.451672 -0.803391
v -0.000828 -0.451672 0.023994
v -0.000828 -0.451672 0.851283
v -0.000828 -0.451672 1.669932
v -0.000828 -0.451672 2.471405
v -0.000828 -0.451672 3.247159
v -0.000828 -0.451672 3.988657
v -0.000828 -0.451672 4.687357
v -0.000828 -0.451672 5.334720
v -0.809492 -0.471378 -5.291523
v -0.809492 -0.471378 -4.642890
v -0.809492 -0.471378 -3.943114
v -0.809492 -0.471378 -3.200737
v -0.809492 -0.471378 -2.424298
v -0.809492 -0.471378 -1.622337
v -0.809492 -0.471378 -0.803394
v -0.809492 -0.471378 0.023992
v -0.809492 -0.471378 0.851279
v -0.809492 -0.471378 1.669929
v -0.809492 -0.471378 2.471402
v -0.809492 -0.471378 3.247157
v -0.809492 -0.471378 3.988654
v -0.809492 -0.471378 4.687354
v -0.809492 -0.471378 5.334717
v 0.806163 -0.471245 -5.291516
v 0.806163 -0.471245 -4.642883
v 0.806163 -0.471245 -3.943109
v 0.806163 -0.471245 -3.200731
v 0.806163 -0.471245 -2.424293
v 0.806163 -0.471245 -1.622332
v 0.806163 -0.471245 -0.803389
v 0.806163 -0.471245 0.023997
v 0.806163 -0.471245 0.851285
v 0.806163 -0.471245 1.669935
v 0.806163 -0.471245 2.471408
v 0.806163 -0.471245 3.247163
v 0.806163 -0.471245 3.988660
v 0.806163 -0.471245 4.687360
v 0.806163 -0.471245 5.334723
v 1.000000 -0.680892 -5.291519
v 1.000000 -0.680892 -4.642887
v 1.000000 -0.680892 -3.943111
v 1.000000 -0.680892 -3.200734
v 1.000000 -0.680892 -2.424295
v 1.000000 -0.680892 -1.622334
v 1.000000 -0.680892 -0.803391
v 1.000000 -0.680892 0.023994
v 1.000000 -0.680892 0.851283
v 1.000000 -0.680892 1.669933
v 1.000000 -0.680892 2.471406
v 1.000000 -0.680892 3.247160
v 1.000000 -0.680892 3.988658
v 1.000000 -0.680892 4.687358
v 1.000000 -0.680892 5.334721
v 1.000000 -0.596022 -5.291519
v 1.000000 -0.596022 -4.642886
v 1.000000 -0.596022 -3.943110
v 1.000000 -0.596022 -3.200733
v 1.000000 -0.596022 -2.424294
v 1.000000 -0.596022 -1.622334
v 1.000000 -0.596022 -0.803390
v 1.000000 -0.596022 0.023996
v 1.000000 -0.596022 0.851284
v 1.000000 -0.596022 1.669934
v 1.000000 -0.596022 2.471406
v 1.000000 -0.596022 3.247162
v 1.000000 -0.596022 3.988659
v 1.000000 -0.596022 4.687360
v 1.000000 -0.596022 5.334723
v -0.991133 -0.717984 8.899662
v -0.991507 -0.718396 8.893051
v -0.991890 -0.718818 8.877386
v -0.992262 -0.719228 8.848447
v -0.992603 -0.719604 8.802020
v -0.992909 -0.719941 8.733852
v -0.993175 -0.720233 8.639695
v -0.993396 -0.720477 8.515296
v -0.993569 -0.720666 8.356407
v -0.993698 -0.720809 8.158785
v -0.993790 -0.720910 7.918191
v -0.993851 -0.720978 7.630383
v -0.993888 -0.721019 7.291121
v -0.993907 -0.721038 6.896164
v -0.993913 -0.721045 6.441272
v -0.991133 -0.508421 8.899662
v -0.991507 -0.507180 8.893049
v -0.991890 -0.505911 8.877383
v -0.992262 -0.504677 8.848446
v -0.992604 -0.503547 8.802018
v -0.992909 -0.502533 8.733850
v -0.993175 -0.501652 8.639693
v -0.993397 -0.500918 8.515294
v -0.993569 -0.500348 8.356405
v -0.993698 -0.499921 8.158784
v -0.993790 -0.499615 7.918189
v -0.993851 -0.499412 7.630381
v -0.993888 -0.499289 7.291120
v -0.993907 -0.499228 6.896163
v -0.993913 -0.499207 6.441271
v -0.000827 -0.695067 8.906043
v -0.000827 -0.696065 8.898262
v -0.000827 -0.696929 8.881605
v -0.000827 -0.697670 8.851819
v -0.000827 -0.698297 8.804650
v -0.000827 -0.698819 8.735845
v -0.000827 -0.699246 8.641150
v -0.000827 -0.699588 8.516316
v -0.000827 -0.699854 8.357086
v -0.000827 -0.700053 8.159210
v -0.000827 -0.700195 7.918435
v -0.000827 -0.700291 7.630505
v -0.000827 -0.700347 7.291171
v -0.000827 -0.700376 6.896178
v -0.000827 -0.700386 6.441274
v -0.809492 -0.714775 8.906041
v -0.809492 -0.715772 8.898262
v -0.809492 -0.716637 8.881605
v -0.809492 -0.717377 8.851818
v -0.809492 -0.718004 8.804648
v -0.809492 -0.718526 8.735844
v -0.809492 -0.718953 8.641150
v -0.809492 -0.719295 8.516315
v -0.809492 -0.719561 8.357086
v -0.809492 -0.719761 8.159210
v -0.809492 -0.719903 7.918435
v -0.809492 -0.719998 7.630505
v -0.809492 -0.720055 7.291170
v -0.809492 -0.720083 6.896177
v -0.809492 -0.720093 6.441274
v 0.806163 -0.714642 8.906044
v 0.806163 -0.715637 8.898264
v 0.806163 -0.716502 8.881607
v 0.806163 -0.717242 8.851821
v 0.806163 -0.717870 8.804651
v 0.806163 -0.718391 8.735846
v 0.806163 -0.718819 8.641151
v 0.806163 -0.719162 8.516316
v 0.806163 -0.719428 8.357087
v 0.806163 -0.719626 8.159211
v 0.806163 -0.719769 7.918435
v 0.806163 -0.719864 7.630507
v 0.806163 -0.719921 7.291172
v 0.806163 -0.719950 6.896179
v 0.806163 -0.719959 6.441274
v -0.994987 -0.680692 8.906040
v -0.995927 -0.680729 8.898260
v -0.996742 -0.680761 8.881604
v -0.997440 -0.680790 8.851817
v -0.998031 -0.680813 8.804647
v -0.998523 -0.680833 8.735843
v -0.998926 -0.680849 8.641149
v -0.999248 -0.680862 8.516314
v -0.999499 -0.680873 8.357085
v -0.999687 -0.680881 8.159209
v -0.999821 -0.680885 7.918433
v -0.999911 -0.680889 7.630504
v -0.999964 -0.680891 7.291170
v -0.999991 -0.680892 6.896176
v -1.000000 -0.680892 6.441272
v -0.994987 -0.595820 8.906040
v -0.995927 -0.595858 8.898260
v -0.996742 -0.595891 8.881603
v -0.997440 -0.595919 8.851817
v -0.998031 -0.595942 8.804647
v -0.998523 -0.595963 8.735843
v -0.998926 -0.595979 8.641149
v -0.999248 -0.595991 8.516314
v -0.999499 -0.596002 8.357085
v -0.999687 -0.596008 8.159209
v -0.999821 -0.596014 7.918433
v -0.999911 -0.596018 7.630504
v -0.999964 -0.596021 7.291169
v -0.999991 -0.596022 6.896176
v -1.000000 -0.596022 6.441271
v -0.994987 -0.503334 5.922202
v -0.995927 -0.507897 5.922202
v -0.996742 -0.512858 5.922202
v -0.997440 -0.518178 5.922202
v -0.998031 -0.523819 5.922202
v -0.998523 -0.529742 5.922203
v -0.998926 -0.535909 5.922202
v -0.999248 -0.542280 5.922203
v -0.999499 -0.548819 5.922202
v -0.999687 -0.555486 5.922203
v -0.999821 -0.562242 5.922202
v -0.999911 -0.569049 5.922203
v -0.999964 -0.575869 5.922202
v -0.999991 -0.582664 5.922203
v -1.000000 -0.589394 5.922202
v -1.000000 -0.684728 5.922204
v -0.999991 -0.688378 5.922204
v -0.999964 -0.691844 5.922204
v -0.999910 -0.695129 5.922204
v -0.999821 -0.698234 5.922204
v -0.999687 -0.701160 5.922204
v -0.999499 -0.703911 5.922204
v -0.999248 -0.706488 5.922204
v -0.998926 -0.708891 5.922204
v -0.998523 -0.711124 5.922204
v -0.998031 -0.713189 5.922204
v -0.997440 -0.715087 5.922204
v -0.996741 -0.716820 5.922204
v -0.995927 -0.718389 5.922204
v -0.994987 -0.719797 5.922204
v -1.000000 -0.602508 5.922203
v -1.000000 -0.608850 5.922203
v -1.000000 -0.615045 5.922203
v -1.000000 -0.621089 5.922203
v -1.000000 -0.626982 5.922203
v -1.000000 -0.632718 5.922203
v -1.000000 -0.638296 5.922202
v -1.000000 -0.643713 5.922203
v -1.000000 -0.648965 5.922203
v -1.000000 -0.654051 5.922204
v -1.000000 -0.658967 5.922204
v -1.000000 -0.663710 5.922204
v -1.000000 -0.668275 5.922204
v -1.000000 -0.672664 5.922204
v -1.000000 -0.676870 5.922204
v 1.000000 -0.602508 5.922208
v 1.000000 -0.608850 5.922209
v 1.000000 -0.615045 5.922208
v 1.000000 -0.621089 5.922208
v 1.000000 -0.626982 5.922208
v 1.000000 -0.632718 5.922208
v 1.000000 -0.638296 5.922208
v 1.000000 -0.643713 5.922208
v 1.000000 -0.648965 5.922207
v 1.000000 -0.654051 5.922207
v 1.000000 -0.658967 5.922207
v 1.000000 -0.663708 5.922207
v 1.000000 -0.668275 5.922207
v 1.000000 -0.672664 5.922207
v 1.000000 -0.676870 5.922207
v 1.000000 -0.684728 5.922207
v 0.999990 -0.688378 5.922207
v 0.999959 -0.691844 5.922207
v 0.999898 -0.695127 5.922207
v 0.999797 -0.698233 5.922206
v 0.999644 -0.701159 5.922206
v 0.999430 -0.703908 5.922206
v 0.999146 -0.706483 5.922206
v 0.998780 -0.708885 5.922206
v 0.998322 -0.711117 5.922205
v 0.997763 -0.713179 5.922205
v 0.997092 -0.715073 5.922206
v 0.996299 -0.716802 5.922206
v 0.995373 -0.718367 5.922205
v 0.994306 -0.719769 5.922205
v 0.835622 -0.472428 5.922210
v 0.861715 -0.473507 5.922210
v 0.884654 -0.474519 5.922210
v 0.904652 -0.475502 5.922210
v 0.921925 -0.476497 5.922211
v 0.936685 -0.477540 5.922211
v 0.949145 -0.478671 5.922211
v 0.959521 -0.479929 5.922211
v 0.968024 -0.481352 5.922211
v 0.974870 -0.482978 5.922210
v 0.980271 -0.484846 5.922210
v 0.984441 -0.486996 5.922210
v 0.987593 -0.489465 5.922210
v 0.989943 -0.492291 5.922210
v 0.991702 -0.495516 5.922210
v 0.991702 -0.722096 5.922206
v 0.989943 -0.723022 5.922206
v 0.987594 -0.723792 5.922206
v 0.984441 -0.724406 5.922207
v 0.980271 -0.724866 5.922206
v 0.974870 -0.725171 5.922206
v 0.968025 -0.725323 5.922206
v 0.959521 -0.725324 5.922206
v 0.949146 -0.725172 5.922206
v 0.936685 -0.724872 5.922205
v 0.921925 -0.724421 5.922205
v 0.904653 -0.723821 5.922205
v 0.884654 -0.723075 5.922205
v 0.861715 -0.722182 5.922205
v 0.835623 -0.721143 5.922205
v -0.060890 -0.700542 5.922205
v -0.120744 -0.700974 5.922205
v -0.180163 -0.701651 5.922204
v -0.238919 -0.702544 5.922205
v -0.296784 -0.703629 5.922204
v -0.353532 -0.704875 5.922205
v -0.408935 -0.706255 5.922204
v -0.462765 -0.707741 5.922205
v -0.514794 -0.709304 5.922204
v -0.564797 -0.710919 5.922205
v -0.612543 -0.712555 5.922204
v -0.657808 -0.714187 5.922205
v -0.700363 -0.715784 5.922204
v -0.739980 -0.717319 5.922205
v -0.776432 -0.718764 5.922204
v -0.776432 -0.470050 5.922202
v -0.739980 -0.468604 5.922204
v -0.700363 -0.467069 5.922204
v -0.657808 -0.465472 5.922204
v -0.612544 -0.463840 5.922204
v -0.564797 -0.462205 5.922204
v -0.514795 -0.460590 5.922204
v -0.462765 -0.459026 5.922205
v -0.408935 -0.457540 5.922205
v -0.353533 -0.456160 5.922205
v -0.296785 -0.454914 5.922205
v -0.238919 -0.453830 5.922205
v -0.180163 -0.452935 5.922205
v -0.120744 -0.452259 5.922205
v -0.060890 -0.451828 5.922205
v 0.773123 -0.718632 5.922205
v 0.736724 -0.717188 5.922205
v 0.697190 -0.715656 5.922205
v 0.654742 -0.714065 5.922205
v 0.609604 -0.712440 5.922205
v 0.561999 -0.710811 5.922205
v 0.512147 -0.709205 5.922205
v 0.460273 -0.707648 5.922205
v 0.406599 -0.706172 5.922205
v 0.351347 -0.704803 5.922205
v 0.294741 -0.703568 5.922205
v 0.237002 -0.702496 5.922205
v 0.178353 -0.701613 5.922205
v 0.119016 -0.700949 5.922205
v 0.059216 -0.700531 5.922205
v 0.059215 -0.451817 5.922206
v 0.119016 -0.452234 5.922206
v 0.178352 -0.452898 5.922207
v 0.237001 -0.453781 5.922207
v 0.294740 -0.454853 5.922207
v 0.351347 -0.456089 5.922208
v 0.406599 -0.457458 5.922208
v 0.460273 -0.458935 5.922208
v 0.512147 -0.460489 5.922208
v 0.561998 -0.462096 5.922209
v 0.609604 -0.463725 5.922209
v 0.654742 -0.465350 5.922209
v 0.697189 -0.466942 5.922209
v 0.736724 -0.468473 5.922209
v 0.773122 -0.469917 5.922209
v 0.994305 -0.503306 5.922210
v 0.995373 -0.507875 5.922209
v 0.996298 -0.512840 5.922209
v 0.997091 -0.518165 5.922209
v 0.997762 -0.523808 5.922209
v 0.998322 -0.529734 5.922209
v 0.998779 -0.535902 5.922209
v 0.999145 -0.542276 5.922209
v 0.999430 -0.548816 5.922209
v 0.999644 -0.555484 5.922209
v 0.999796 -0.562241 5.922209
v 0.999898 -0.569049 5.922209
v 0.999959 -0.575869 5.922208
v 0.999989 -0.582664 5.922209
v 1.000000 -0.589394 5.922208
v -0.992695 -0.495555 5.922202
v -0.991117 -0.492339 5.922202
v -0.988962 -0.489520 5.922202
v -0.986011 -0.487060 5.922202
v -0.982048 -0.484918 5.922202
v -0.976855 -0.483058 5.922202
v -0.970215 -0.481440 5.922202
v -0.961911 -0.480025 5.922202
v -0.951725 -0.478775 5.922202
v -0.939441 -0.477651 5.922201
v -0.924840 -0.476614 5.922201
v -0.907707 -0.475625 5.922202
v -0.887822 -0.474647 5.922202
v -0.864970 -0.473638 5.922202
v -0.838932 -0.472562 5.922202
v -0.838932 -0.721275 5.922204
v -0.864969 -0.722313 5.922205
v -0.887822 -0.723203 5.922204
v -0.907706 -0.723944 5.922204
v -0.924840 -0.724537 5.922204
v -0.939441 -0.724982 5.922204
v -0.951725 -0.725276 5.922204
v -0.961911 -0.725419 5.922204
v -0.970215 -0.725410 5.922204
v -0.976854 -0.725250 5.922205
v -0.982047 -0.724937 5.922204
v -0.986011 -0.724469 5.922204
v -0.988961 -0.723847 5.922204
v -0.991117 -0.723069 5.922204
v -0.992695 -0.722136 5.922204
v 0.989593 -0.717609 -8.888725
v 0.989593 -0.717609 8.901231
v -0.990838 -0.717660 8.901229
v -0.990838 -0.717660 -8.888731
v 0.989593 -0.509347 -8.888723
v 0.989592 -0.509347 8.901233
v -0.990838 -0.509398 8.901226
v -0.990838 -0.509398 -8.888727
v -0.000827 -0.693929 -8.900892
v -0.000827 -0.693929 8.909198
v -0.000827 -0.472090 -8.900890
v -0.000828 -0.472090 8.909199
v -0.809491 -0.713634 -8.900894
v -0.809492 -0.713634 8.909197
v -0.809492 -0.491797 -8.900892
v -0.809492 -0.491797 8.909196
v 0.806163 -0.713501 -8.900892
v 0.806163 -0.713501 8.909200
v 0.806164 -0.491663 -8.900887
v 0.806163 -0.491663 8.909203
v 0.993086 -0.680614 -8.900890
v 0.993085 -0.680614 8.909201
v -0.993913 -0.680649 8.909196
v -0.993912 -0.680649 -8.900894
v -0.000827 -0.653531 -8.924978
v -0.000827 -0.653531 8.924977
v -0.809491 -0.673239 -8.924980
v -0.809492 -0.673239 8.924975
v 0.806163 -0.673104 8.924979
v 0.806163 -0.673104 -8.924978
v 0.993086 -0.595743 -8.900890
v 0.993085 -0.595743 8.909202
v -0.993913 -0.595777 8.909196
v -0.993913 -0.595777 -8.900892
v -0.000827 -0.568660 -8.924978
v -0.809492 -0.588367 -8.924978
v 0.806164 -0.588233 -8.924974
v -0.000827 -0.568660 8.924978
v -0.809492 -0.588367 8.924975
v 0.806163 -0.588233 8.924980
v 0.993085 -0.721012 -5.880473
v -0.993913 -0.721045 -5.880476
v 0.993085 -0.499174 -5.880470
v -0.993913 -0.499207 -5.880476
v -0.000827 -0.451672 -5.880471
v -0.000827 -0.700386 -5.880475
v -0.809492 -0.471378 -5.880475
v -0.809492 -0.720093 -5.880476
v 0.806163 -0.719959 -5.880473
v 0.806163 -0.471245 -5.880470
v -1.000000 -0.680892 -5.880476
v 1.000000 -0.680892 -5.880471
v -1.000000 -0.596022 -5.880476
v 1.000000 -0.596022 -5.880471
v 0.993085 -0.721012 5.922206
v 0.993085 -0.499174 5.922209
v -0.000828 -0.451672 5.922207
v -0.809492 -0.471378 5.922202
v 0.806163 -0.471245 5.922209
v 1.000000 -0.680892 5.922207
v 1.000000 -0.596022 5.922209
v -0.993913 -0.721045 5.922204
v -0.993913 -0.499207 5.922202
v -0.000827 -0.700386 5.922205
v -0.809492 -0.720093 5.922205
v 0.806163 -0.719959 5.922205
v -1.000000 -0.680892 5.922204
v -1.000000 -0.596022 5.922203
v 1.000000 17.685081 -8.924978
v 1.000000 17.685081 8.924978
v -1.000000 17.685081 8.924976
v -1.000000 17.685081 -8.924980
v 1.000000 17.933796 -8.924973
v 0.999999 17.933796 8.924983
v -1.000000 17.933796 8.924974
v -1.000000 17.933796 -8.924978
v 0.000000 17.725262 -8.924980
v 0.000000 17.725262 8.924977
v 0.000000 17.973976 -8.924974
v -0.000000 17.973976 8.924978
v -0.963332 17.686554 -8.924980
v -0.963333 17.686554 8.924976
v -0.963333 17.935268 -8.924978
v -0.963333 17.935268 8.924974
v 0.958350 17.686754 -8.924978
v 0.958350 17.686754 8.924978
v 0.958350 17.935469 -8.924973
v 0.958349 17.935469 8.924983
v 1.000000 17.723980 -8.924978
v 1.000000 17.723980 8.924979
v -1.000000 17.723980 8.924975
v -1.000000 17.723980 -8.924980
v 0.000000 17.764160 -8.924978
v -0.000000 17.764160 8.924977
v -0.963332 17.725452 -8.924980
v -0.963333 17.725452 8.924975
v 0.958350 17.725653 8.924979
v 0.958350 17.725653 -8.924978
v 1.000000 17.810802 -8.924976
v 1.000000 17.810802 8.924980
v -1.000000 17.810802 8.924975
v -1.000000 17.810802 -8.924980
v 0.000000 17.850983 -8.924978
v -0.963332 17.812275 -8.924980
v 0.958350 17.812475 -8.924976
v -0.000000 17.850983 8.924977
v -0.963333 17.812275 8.924975
v 0.958350 17.812475 8.924980
v 1.000000 17.685081 -8.779892
v -1.000000 17.685081 -8.779896
v 1.000000 17.933796 -8.779890
v -1.000000 17.933796 -8.779896
v -0.000000 17.973976 -8.779892
v 0.000000 17.725262 -8.779896
v -0.963333 17.935268 -8.779896
v -0.963333 17.686554 -8.779896
v 0.958350 17.686754 -8.779894
v 0.958350 17.935469 -8.779890
v -1.000000 17.723980 -8.779896
v 1.000000 17.723980 -8.779892
v -1.000000 17.810802 -8.779896
v 1.000000 17.810802 -8.779890
v 1.000000 17.685081 8.829933
v 0.999999 17.933796 8.829937
v -0.000000 17.973976 8.829933
v -0.963333 17.935268 8.829929
v 0.958349 17.935469 8.829937
v 1.000000 17.723980 8.829934
v 1.000000 17.810802 8.829935
v -1.000000 17.685081 8.829932
v -1.000000 17.933796 8.829929
v 0.000000 17.725262 8.829932
v -0.963333 17.686554 8.829932
v 0.958350 17.686754 8.829933
v -1.000000 17.723980 8.829931
v -1.000000 17.810802 8.829930
v 0.000000 17.920097 -7.711108
v 0.000000 -0.511256 -7.711108
v -0.039338 17.920097 -7.714983
v -0.039338 -0.511256 -7.714983
v -0.077164 17.920097 -7.726457
v -0.077164 -0.511256 -7.726457
v -0.112025 17.920097 -7.745090
v -0.112025 -0.511256 -7.745090
v -0.142581 17.920097 -7.770166
v -0.142581 -0.511256 -7.770166
v -0.167657 17.920097 -7.800722
v -0.167657 -0.511256 -7.800722
v -0.186291 17.920097 -7.835584
v -0.186291 -0.511256 -7.835584
v -0.197765 17.920097 -7.873409
v -0.197765 -0.511256 -7.873409
v -0.201640 17.920097 -7.912747
v -0.201640 -0.511256 -7.912747
v -0.197765 17.920097 -7.952085
v -0.197765 -0.511256 -7.952085
v -0.186291 17.920097 -7.989912
v -0.186291 -0.511256 -7.989912
v -0.167657 17.920097 -8.024773
v -0.167657 -0.511256 -8.024773
v -0.142581 17.920097 -8.055328
v -0.142581 -0.511256 -8.055328
v -0.112025 17.920097 -8.080404
v -0.112025 -0.511256 -8.080404
v -0.077164 17.920097 -8.099039
v -0.077164 -0.511256 -8.099039
v -0.039338 17.920097 -8.110512
v -0.039338 -0.511256 -8.110512
v 0.000000 17.920097 -8.114388
v 0.000000 -0.511256 -8.114388
v 0.039338 17.920097 -8.110512
v 0.039338 -0.511256 -8.110512
v 0.077164 17.920097 -8.099039
v 0.077164 -0.511256 -8.099039
v 0.112025 17.920097 -8.080404
v 0.112025 -0.511256 -8.080404
v 0.142581 17.920097 -8.055328
v 0.142581 -0.511256 -8.055328
v 0.167657 17.920097 -8.024773
v 0.167657 -0.511256 -8.024773
v 0.186291 17.920097 -7.989912
v 0.186291 -0.511256 -7.989912
v 0.197765 17.920097 -7.952085
v 0.197765 -0.511256 -7.952085
v 0.201640 17.920097 -7.912747
v 0.201640 -0.511256 -7.912747
v 0.197765 17.920097 -7.873409
v 0.197765 -0.511256 -7.873409
v 0.186291 17.920097 -7.835584
v 0.186291 -0.511256 -7.835584
v 0.167657 17.920097 -7.800722
v 0.167657 -0.511256 -7.800722
v 0.142581 17.920097 -7.770166
v 0.142581 -0.511256 -7.770166
v 0.112025 17.920097 -7.745090
v 0.112025 -0.511256 -7.745090
v 0.077164 17.920097 -7.726457
v 0.077164 -0.511256 -7.726457
v 0.039338 17.920097 -7.714981
v 0.039338 -0.511256 -7.714981
v 1.002066 17.075771 -8.924978
v 1.002066 17.075771 8.924978
v -0.967550 16.728474 8.924976
v -0.967549 16.728474 -8.924980
v 0.958878 17.320707 -8.924973
v 0.958877 17.320707 8.924983
v -1.010738 16.973412 8.924974
v -1.010738 16.973412 -8.924978
v 0.010281 16.941692 -8.924980
v 0.010281 16.941692 8.924977
v -0.032908 17.186630 -8.924974
v -0.032908 17.186630 8.924978
v -0.931695 16.736294 -8.924980
v -0.931695 16.736294 8.924976
v -0.974884 16.981228 -8.924978
v -0.974884 16.981228 8.924974
v 0.960758 17.070187 -8.924978
v 0.960758 17.070187 8.924978
v 0.917570 17.315123 -8.924973
v 0.917569 17.315123 8.924983
v 0.995311 17.114079 -8.924978
v 0.995311 17.114079 8.924979
v -0.974304 16.766783 8.924975
v -0.974304 16.766783 -8.924980
v 0.003527 16.980000 -8.924978
v 0.003526 16.980000 8.924977
v -0.938449 16.774601 -8.924980
v -0.938450 16.774601 8.924975
v 0.954003 17.108494 8.924979
v 0.954004 17.108494 -8.924978
v 0.980235 17.199581 -8.924976
v 0.980234 17.199581 8.924980
v -0.989381 16.852287 8.924975
v -0.989380 16.852287 -8.924980
v -0.011550 17.065504 -8.924978
v -0.953526 16.860104 -8.924980
v 0.938927 17.193996 -8.924976
v -0.011550 17.065504 8.924977
v -0.953527 16.860104 8.924975
v 0.938927 17.193996 8.924980
v 1.002066 17.075771 -8.779892
v -0.967549 16.728474 -8.779896
v 0.958877 17.320707 -8.779890
v -1.010738 16.973412 -8.779896
v -0.032908 17.186630 -8.779892
v 0.010281 16.941692 -8.779896
v -0.974884 16.981228 -8.779896
v -0.931695 16.736294 -8.779896
v 0.960758 17.070187 -8.779894
v 0.917569 17.315123 -8.779890
v -0.974304 16.766783 -8.779896
v 0.995311 17.114079 -8.779892
v -0.989381 16.852287 -8.779896
v 0.980235 17.199581 -8.779890
v 1.002066 17.075771 8.829933
v 0.958877 17.320707 8.829937
v -0.032908 17.186630 8.829933
v -0.974884 16.981228 8.829929
v 0.917569 17.315123 8.829937
v 0.995311 17.114079 8.829934
v 0.980234 17.199581 8.829935
v -0.967550 16.728474 8.829932
v -1.010738 16.973412 8.829929
v 0.010281 16.941692 8.829932
v -0.931695 16.736294 8.829932
v 0.960758 17.070187 8.829933
v -0.974304 16.766783 8.829931
v -0.989381 16.852287 8.829930
v 1.002066 16.075771 -8.924978
v 1.002066 16.075771 8.924978
v -0.967550 15.728476 8.924976
v -0.967549 15.728476 -8.924980
v 0.958878 16.320707 -8.924973
v 0.958877 16.320707 8.924983
v -1.010738 15.973411 8.924974
v -1.010738 15.973411 -8.924978
v 0.010281 15.941692 -8.924980
v 0.010281 15.941692 8.924977
v -0.032908 16.186628 -8.924974
v -0.032908 16.186628 8.924978
v -0.931695 15.736294 -8.924980
v -0.931695 15.736294 8.924976
v -0.974884 15.981229 -8.924978
v -0.974884 15.981229 8.924974
v 0.960758 16.070187 -8.924978
v 0.960758 16.070187 8.924978
v 0.917570 16.315123 -8.924973
v 0.917569 16.315123 8.924983
v 0.995311 16.114079 -8.924978
v 0.995311 16.114079 8.924979
v -0.974304 15.766783 8.924975
v -0.974304 15.766783 -8.924980
v 0.003527 15.980001 -8.924978
v 0.003526 15.980001 8.924977
v -0.938449 15.774601 -8.924980
v -0.938450 15.774601 8.924975
v 0.954003 16.108494 8.924979
v 0.954004 16.108494 -8.924978
v 0.980235 16.199583 -8.924976
v 0.980234 16.199583 8.924980
v -0.989381 15.852286 8.924975
v -0.989380 15.852286 -8.924980
v -0.011550 16.065504 -8.924978
v -0.953526 15.860104 -8.924980
v 0.938927 16.193998 -8.924976
v -0.011550 16.065504 8.924977
v -0.953527 15.860104 8.924975
v 0.938927 16.193998 8.924980
v 1.002066 16.075771 -8.779892
v -0.967549 15.728476 -8.779896
v 0.958877 16.320707 -8.779890
v -1.010738 15.973411 -8.779896
v -0.032908 16.186628 -8.779892
v 0.010281 15.941692 -8.779896
v -0.974884 15.981229 -8.779896
v -0.931695 15.736294 -8.779896
v 0.960758 16.070187 -8.779894
v 0.917569 16.315123 -8.779890
v -0.974304 15.766783 -8.779896
v 0.995311 16.114079 -8.779892
v -0.989381 15.852286 -8.779896
v 0.980235 16.199583 -8.779890
v 1.002066 16.075771 8.829933
v 0.958877 16.320707 8.829937
v -0.032908 16.186628 8.829933
v -0.974884 15.981229 8.829929
v 0.917569 16.315123 8.829937
v 0.995311 16.114079 8.829934
v 0.980234 16.199583 8.829935
v -0.967550 15.728476 8.829932
v -1.010738 15.973411 8.829929
v 0.010281 15.941692 8.829932
v -0.931695 15.736294 8.829932
v 0.960758 16.070187 8.829933
v -0.974304 15.766783 8.829931
v -0.989381 15.852286 8.829930
v 1.002066 15.075771 -8.924978
v 1.002066 15.075771 8.924978
v -0.967550 14.728476 8.924976
v -0.967549 14.728476 -8.924980
v 0.958878 15.320707 -8.924973
v 0.958877 15.320707 8.924983
v -1.010738 14.973411 8.924974
v -1.010738 14.973411 -8.924978
v 0.010281 14.941693 -8.924980
v 0.010281 14.941693 8.924977
v -0.032908 15.186629 -8.924974
v -0.032908 15.186629 8.924978
v -0.931695 14.736294 -8.924980
v -0.931695 14.736294 8.924976
v -0.974884 14.981229 -8.924978
v -0.974884 14.981229 8.924974
v 0.960758 15.070187 -8.924978
v 0.960758 15.070187 8.924978
v 0.917570 15.315123 -8.924973
v 0.917569 15.315123 8.924983
v 0.995311 15.114079 -8.924978
v 0.995311 15.114079 8.924979
v -0.974304 14.766783 8.924975
v -0.974304 14.766783 -8.924980
v 0.003527 14.980001 -8.924978
v 0.003526 14.980001 8.924977
v -0.938449 14.774601 -8.924980
v -0.938450 14.774601 8.924975
v 0.954003 15.108495 8.924979
v 0.954004 15.108495 -8.924978
v 0.980235 15.199583 -8.924976
v 0.980234 15.199583 8.924980
v -0.989381 14.852286 8.924975
v -0.989380 14.852286 -8.924980
v -0.011550 15.065504 -8.924978
v -0.953526 14.860105 -8.924980
v 0.938927 15.193998 -8.924976
v -0.011550 15.065504 8.924977
v -0.953527 14.860105 8.924975
v 0.938927 15.193998 8.924980
v 1.002066 15.075771 -8.779892
v -0.967549 14.728476 -8.779896
v 0.958877 15.320707 -8.779890
v -1.010738 14.973411 -8.779896
v -0.032908 15.186629 -8.779892
v 0.010281 14.941693 -8.779896
v -0.974884 14.981229 -8.779896
v -0.931695 14.736294 -8.779896
v 0.960758 15.070187 -8.779894
v 0.917569 15.315123 -8.779890
v -0.974304 14.766783 -8.779896
v 0.995311 15.114079 -8.779892
v -0.989381 14.852286 -8.779896
v 0.980235 15.199583 -8.779890
v 1.002066 15.075771 8.829933
v 0.958877 15.320707 8.829937
v -0.032908 15.186629 8.829933
v -0.974884 14.981229 8.829929
v 0.917569 15.315123 8.829937
v 0.995311 15.114079 8.829934
v 0.980234 15.199583 8.829935
v -0.967550 14.728476 8.829932
v -1.010738 14.973411 8.829929
v 0.010281 14.941693 8.829932
v -0.931695 14.736294 8.829932
v 0.960758 15.070187 8.829933
v -0.974304 14.766783 8.829931
v -0.989381 14.852286 8.829930
v 1.002066 14.075771 -8.924978
v 1.002066 14.075771 8.924978
v -0.967550 13.728476 8.924976
v -0.967549 13.728476 -8.924980
v 0.958878 14.320707 -8.924973
v 0.958877 14.320707 8.924983
v -1.010738 13.973411 8.924974
v -1.010738 13.973411 -8.924978
v 0.010281 13.941693 -8.924980
v 0.010281 13.941693 8.924977
v -0.032908 14.186629 -8.924974
v -0.032908 14.186629 8.924978
v -0.931695 13.736294 -8.924980
v -0.931695 13.736294 8.924976
v -0.974884 13.981229 -8.924978
v -0.974884 13.981229 8.924974
v 0.960758 14.070187 -8.924978
v 0.960758 14.070187 8.924978
v 0.917570 14.315123 -8.924973
v 0.917569 14.315123 8.924983
v 0.995311 14.114079 -8.924978
v 0.995311 14.114079 8.924979
v -0.974304 13.766783 8.924975
v -0.974304 13.766783 -8.924980
v 0.003527 13.980001 -8.924978
v 0.003526 13.980001 8.924977
v -0.938449 13.774601 -8.924980
v -0.938450 13.774601 8.924975
v 0.954003 14.108496 8.924979
v 0.954004 14.108496 -8.924978
v 0.980235 14.199583 -8.924976
v 0.980234 14.199583 8.924980
v -0.989381 13.852286 8.924975
v -0.989380 13.852286 -8.924980
v -0.011550 14.065505 -8.924978
v -0.953526 13.860105 -8.924980
v 0.938927 14.193998 -8.924976
v -0.011550 14.065505 8.924977
v -0.953527 13.860105 8.924975
v 0.938927 14.193998 8.924980
v 1.002066 14.075771 -8.779892
v -0.967549 13.728476 -8.779896
v 0.958877 14.320707 -8.779890
v -1.010738 13.973411 -8.779896
v -0.032908 14.186629 -8.779892
v 0.010281 13.941693 -8.779896
v -0.974884 13.981229 -8.779896
v -0.931695 13.736294 -8.779896
v 0.960758 14.070187 -8.779894
v 0.917569 14.315123 -8.779890
v -0.974304 13.766783 -8.779896
v 0.995311 14.114079 -8.779892
v -0.989381 13.852286 -8.779896
v 0.980235 14.199583 -8.779890
v 1.002066 14.075771 8.829933
v 0.958877 14.320707 8.829937
v -0.032908 14.186629 8.829933
v -0.974884 13.981229 8.829929
v 0.917569 14.315123 8.829937
v 0.995311 14.114079 8.829934
v 0.980234 14.199583 8.829935
v -0.967550 13.728476 8.829932
v -1.010738 13.973411 8.829929
v 0.010281 13.941693 8.829932
v -0.931695 13.736294 8.829932
v 0.960758 14.070187 8.829933
v -0.974304 13.766783 8.829931
v -0.989381 13.852286 8.829930
v 1.002066 13.075771 -8.924978
v 1.002066 13.075771 8.924978
v -0.967550 12.728476 8.924976
v -0.967549 12.728476 -8.924980
v 0.958878 13.320707 -8.924973
v 0.958877 13.320707 8.924983
v -1.010738 12.973412 8.924974
v -1.010738 12.973412 -8.924978
v 0.010281 12.941694 -8.924980
v 0.010281 12.941694 8.924977
v -0.032908 13.186629 -8.924974
v -0.032908 13.186629 8.924978
v -0.931695 12.736294 -8.924980
v -0.931695 12.736294 8.924976
v -0.974884 12.981229 -8.924978
v -0.974884 12.981229 8.924974
v 0.960758 13.070187 -8.924978
v 0.960758 13.070187 8.924978
v 0.917570 13.315123 -8.924973
v 0.917569 13.315123 8.924983
v 0.995311 13.114079 -8.924978
v 0.995311 13.114079 8.924979
v -0.974304 12.766783 8.924975
v -0.974304 12.766783 -8.924980
v 0.003527 12.980001 -8.924978
v 0.003526 12.980001 8.924977
v -0.938449 12.774601 -8.924980
v -0.938450 12.774601 8.924975
v 0.954003 13.108495 8.924979
v 0.954004 13.108495 -8.924978
v 0.980235 13.199583 -8.924976
v 0.980234 13.199583 8.924980
v -0.989381 12.852286 8.924975
v -0.989380 12.852286 -8.924980
v -0.011550 13.065505 -8.924978
v -0.953526 12.860105 -8.924980
v 0.938927 13.193998 -8.924976
v -0.011550 13.065504 8.924977
v -0.953527 12.860105 8.924975
v 0.938927 13.193998 8.924980
v 1.002066 13.075771 -8.779892
v -0.967549 12.728476 -8.779896
v 0.958877 13.320707 -8.779890
v -1.010738 12.973412 -8.779896
v -0.032908 13.186629 -8.779892
v 0.010281 12.941694 -8.779896
v -0.974884 12.981229 -8.779896
v -0.931695 12.736294 -8.779896
v 0.960758 13.070187 -8.779894
v 0.917569 13.315123 -8.779890
v -0.974304 12.766783 -8.779896
v 0.995311 13.114079 -8.779892
v -0.989381 12.852286 -8.779896
v 0.980235 13.199583 -8.779890
v 1.002066 13.075771 8.829933
v 0.958877 13.320707 8.829937
v -0.032908 13.186629 8.829933
v -0.974884 12.981229 8.829929
v 0.917569 13.315123 8.829937
v 0.995311 13.114079 8.829934
v 0.980234 13.199583 8.829935
v -0.967550 12.728476 8.829932
v -1.010738 12.973412 8.829929
v 0.010281 12.941694 8.829932
v -0.931695 12.736294 8.829932
v 0.960758 13.070187 8.829933
v -0.974304 12.766783 8.829931
v -0.989381 12.852286 8.829930
v 1.002066 12.075771 -8.924978
v 1.002066 12.075771 8.924978
v -0.967550 11.728476 8.924976
v -0.967549 11.728476 -8.924980
v 0.958878 12.320707 -8.924973
v 0.958877 12.320707 8.924983
v -1.010738 11.973412 8.924974
v -1.010738 11.973412 -8.924978
v 0.010281 11.941694 -8.924980
v 0.010281 11.941694 8.924977
v -0.032908 12.186629 -8.924974
v -0.032908 12.186629 8.924978
v -0.931695 11.736294 -8.924980
v -0.931695 11.736294 8.924976
v -0.974884 11.981229 -8.924978
v -0.974884 11.981229 8.924974
v 0.960758 12.070188 -8.924978
v 0.960758 12.070188 8.924978
v 0.917570 12.315124 -8.924973
v 0.917569 12.315123 8.924983
v 0.995311 12.114079 -8.924978
v 0.995311 12.114079 8.924979
v -0.974304 11.766783 8.924975
v -0.974304 11.766783 -8.924980
v 0.003527 11.980001 -8.924978
v 0.003526 11.980001 8.924977
v -0.938449 11.774601 -8.924980
v -0.938450 11.774601 8.924975
v 0.954003 12.108495 8.924979
v 0.954004 12.108495 -8.924978
v 0.980235 12.199583 -8.924976
v 0.980234 12.199583 8.924980
v -0.989381 11.852286 8.924975
v -0.989380 11.852286 -8.924980
v -0.011550 12.065505 -8.924978
v -0.953526 11.860105 -8.924980
v 0.938927 12.193998 -8.924976
v -0.011550 12.065505 8.924977
v -0.953527 11.860105 8.924975
v 0.938927 12.193998 8.924980
v 1.002066 12.075771 -8.779892
v -0.967549 11.728476 -8.779896
v 0.958877 12.320707 -8.779890
v -1.010738 11.973412 -8.779896
v -0.032908 12.186629 -8.779892
v 0.010281 11.941694 -8.779896
v -0.974884 11.981229 -8.779896
v -0.931695 11.736294 -8.779896
v 0.960758 12.070188 -8.779894
v 0.917569 12.315123 -8.779890
v -0.974304 11.766783 -8.779896
v 0.995311 12.114079 -8.779892
v -0.989381 11.852286 -8.779896
v 0.980235 12.199583 -8.779890
v 1.002066 12.075771 8.829933
v 0.958877 12.320707 8.829937
v -0.032908 12.186629 8.829933
v -0.974884 11.981229 8.829929
v 0.917569 12.315123 8.829937
v 0.995311 12.114079 8.829934
v 0.980234 12.199583 8.829935
v -0.967550 11.728476 8.829932
v -1.010738 11.973412 8.829929
v 0.010281 11.941694 8.829932
v -0.931695 11.736294 8.829932
v 0.960758 12.070188 8.829933
v -0.974304 11.766783 8.829931
v -0.989381 11.852286 8.829930
v 1.002066 11.075770 -8.924978
v 1.002066 11.075770 8.924978
v -0.967550 10.728475 8.924976
v -0.967549 10.728475 -8.924980
v 0.958878 11.320706 -8.924973
v 0.958877 11.320706 8.924983
v -1.010738 10.973410 8.924974
v -1.010738 10.973410 -8.924978
v 0.010281 10.941692 -8.924980
v 0.010281 10.941692 8.924977
v -0.032908 11.186628 -8.924974
v -0.032908 11.186628 8.924978
v -0.931695 10.736293 -8.924980
v -0.931695 10.736292 8.924976
v -0.974884 10.981228 -8.924978
v -0.974884 10.981228 8.924974
v 0.960758 11.070187 -8.924978
v 0.960758 11.070187 8.924978
v 0.917570 11.315123 -8.924973
v 0.917569 11.315122 8.924983
v 0.995311 11.114079 -8.924978
v 0.995311 11.114079 8.924979
v -0.974304 10.766782 8.924975
v -0.974304 10.766782 -8.924980
v 0.003527 10.980000 -8.924978
v 0.003526 10.980000 8.924977
v -0.938449 10.774600 -8.924980
v -0.938450 10.774600 8.924975
v 0.954003 11.108494 8.924979
v 0.954004 11.108494 -8.924978
v 0.980235 11.199582 -8.924976
v 0.980234 11.199581 8.924980
v -0.989381 10.852285 8.924975
v -0.989380 10.852285 -8.924980
v -0.011550 11.065504 -8.924978
v -0.953526 10.860104 -8.924980
v 0.938927 11.193997 -8.924976
v -0.011550 11.065504 8.924977
v -0.953527 10.860104 8.924975
v 0.938927 11.193997 8.924980
v 1.002066 11.075770 -8.779892
v -0.967549 10.728475 -8.779896
v 0.958877 11.320706 -8.779890
v -1.010738 10.973410 -8.779896
v -0.032908 11.186628 -8.779892
v 0.010281 10.941692 -8.779896
v -0.974884 10.981228 -8.779896
v -0.931695 10.736292 -8.779896
v 0.960758 11.070187 -8.779894
v 0.917569 11.315122 -8.779890
v -0.974304 10.766782 -8.779896
v 0.995311 11.114079 -8.779892
v -0.989381 10.852285 -8.779896
v 0.980235 11.199582 -8.779890
v 1.002066 11.075770 8.829933
v 0.958877 11.320706 8.829937
v -0.032908 11.186628 8.829933
v -0.974884 10.981228 8.829929
v 0.917569 11.315122 8.829937
v 0.995311 11.114079 8.829934
v 0.980234 11.199581 8.829935
v -0.967550 10.728475 8.829932
v -1.010738 10.973410 8.829929
v 0.010281 10.941692 8.829932
v -0.931695 10.736292 8.829932
v 0.960758 11.070187 8.829933
v -0.974304 10.766782 8.829931
v -0.989381 10.852285 8.829930
v 1.002066 10.075771 -8.924978
v 1.002066 10.075771 8.924978
v -0.967550 9.728475 8.924976
v -0.967549 9.728475 -8.924980
v 0.958878 10.320706 -8.924973
v 0.958877 10.320706 8.924983
v -1.010738 9.973410 8.924974
v -1.010738 9.973411 -8.924978
v 0.010281 9.941692 -8.924980
v 0.010281 9.941692 8.924977
v -0.032908 10.186628 -8.924974
v -0.032908 10.186628 8.924978
v -0.931695 9.736293 -8.924980
v -0.931695 9.736293 8.924976
v -0.974884 9.981228 -8.924978
v -0.974884 9.981228 8.924974
v 0.960758 10.070187 -8.924978
v 0.960758 10.070187 8.924978
v 0.917570 10.315123 -8.924973
v 0.917569 10.315123 8.924983
v 0.995311 10.114079 -8.924978
v 0.995311 10.114079 8.924979
v -0.974304 9.766782 8.924975
v -0.974304 9.766783 -8.924980
v 0.003527 9.980000 -8.924978
v 0.003526 9.980000 8.924977
v -0.938449 9.774600 -8.924980
v -0.938450 9.774600 8.924975
v 0.954003 10.108494 8.924979
v 0.954004 10.108494 -8.924978
v 0.980235 10.199582 -8.924976
v 0.980234 10.199582 8.924980
v -0.989381 9.852285 8.924975
v -0.989380 9.852285 -8.924980
v -0.011550 10.065504 -8.924978
v -0.953526 9.860104 -8.924980
v 0.938927 10.193997 -8.924976
v -0.011550 10.065504 8.924977
v -0.953527 9.860104 8.924975
v 0.938927 10.193997 8.924980
v 1.002066 10.075771 -8.779892
v -0.967549 9.728475 -8.779896
v 0.958877 10.320706 -8.779890
v -1.010738 9.973411 -8.779896
v -0.032908 10.186628 -8.779892
v 0.010281 9.941692 -8.779896
v -0.974884 9.981228 -8.779896
v -0.931695 9.736293 -8.779896
v 0.960758 10.070187 -8.779894
v 0.917569 10.315123 -8.779890
v -0.974304 9.766782 -8.779896
v 0.995311 10.114079 -8.779892
v -0.989381 9.852285 -8.779896
v 0.980235 10.199582 -8.779890
v 1.002066 10.075771 8.829933
v 0.958877 10.320706 8.829937
v -0.032908 10.186628 8.829933
v -0.974884 9.981228 8.829929
v 0.917569 10.315123 8.829937
v 0.995311 10.114079 8.829934
v 0.980234 10.199582 8.829935
v -0.967550 9.728475 8.829932
v -1.010738 9.973410 8.829929
v 0.010281 9.941692 8.829932
v -0.931695 9.736293 8.829932
v 0.960758 10.070187 8.829933
v -0.974304 9.766782 8.829931
v -0.989381 9.852285 8.829930
v 1.004857 8.988147 -8.924978
v 1.004857 8.988147 8.924978
v -0.987533 8.813835 8.924976
v -0.987532 8.813835 -8.924980
v 0.983180 9.235914 -8.924973
v 0.983179 9.235914 8.924983
v -1.009210 9.061604 8.924974
v -1.009209 9.061604 -8.924978
v 0.005160 8.941019 -8.924980
v 0.005160 8.941019 8.924977
v -0.016516 9.188787 -8.924974
v -0.016517 9.188787 8.924978
v -0.951133 8.818499 -8.924980
v -0.951133 8.818499 8.924976
v -0.972810 9.066267 -8.924978
v -0.972810 9.066267 8.924974
v 0.963219 8.986184 -8.924978
v 0.963219 8.986184 8.924978
v 0.941543 9.233952 -8.924973
v 0.941542 9.233952 8.924983
v 1.001467 9.026897 -8.924978
v 1.001467 9.026897 8.924979
v -0.990923 8.852586 8.924975
v -0.990923 8.852586 -8.924980
v 0.001770 8.979770 -8.924978
v 0.001770 8.979770 8.924977
v -0.954523 8.857249 -8.924980
v -0.954524 8.857249 8.924975
v 0.959829 9.024935 8.924979
v 0.959829 9.024935 -8.924978
v 0.993900 9.113390 -8.924976
v 0.993899 9.113390 8.924980
v -0.998490 8.939078 8.924975
v -0.998490 8.939078 -8.924980
v -0.005797 9.066261 -8.924978
v -0.962090 8.943742 -8.924980
v 0.952262 9.111426 -8.924976
v -0.005797 9.066261 8.924977
v -0.962091 8.943742 8.924975
v 0.952262 9.111426 8.924980
v 1.004857 8.988147 -8.779892
v -0.987532 8.813835 -8.779896
v 0.983180 9.235914 -8.779890
v -1.009210 9.061604 -8.779896
v -0.016517 9.188787 -8.779892
v 0.005160 8.941019 -8.779896
v -0.972810 9.066267 -8.779896
v -0.951133 8.818499 -8.779896
v 0.963219 8.986184 -8.779894
v 0.941542 9.233952 -8.779890
v -0.990923 8.852586 -8.779896
v 1.001467 9.026897 -8.779892
v -0.998490 8.939078 -8.779896
v 0.993899 9.113390 -8.779890
v 1.004857 8.988147 8.829933
v 0.983179 9.235914 8.829937
v -0.016517 9.188787 8.829933
v -0.972810 9.066267 8.829929
v 0.941542 9.233952 8.829937
v 1.001467 9.026897 8.829934
v 0.993899 9.113390 8.829935
v -0.987533 8.813835 8.829932
v -1.009210 9.061604 8.829929
v 0.005160 8.941019 8.829932
v -0.951133 8.818499 8.829932
v 0.963219 8.986184 8.829933
v -0.990923 8.852586 8.829931
v -0.998490 8.939078 8.829930
v 1.002066 8.075771 -8.924978
v 1.002066 8.075771 8.924978
v -0.967550 7.728475 8.924976
v -0.967549 7.728475 -8.924980
v 0.958878 8.320706 -8.924973
v 0.958877 8.320706 8.924983
v -1.010738 7.973411 8.924974
v -1.010738 7.973411 -8.924978
v 0.010281 7.941693 -8.924980
v 0.010281 7.941693 8.924977
v -0.032908 8.186628 -8.924974
v -0.032908 8.186628 8.924978
v -0.931695 7.736293 -8.924980
v -0.931695 7.736293 8.924976
v -0.974884 7.981229 -8.924978
v -0.974884 7.981228 8.924974
v 0.960758 8.070187 -8.924978
v 0.960758 8.070187 8.924978
v 0.917570 8.315123 -8.924973
v 0.917569 8.315123 8.924983
v 0.995311 8.114079 -8.924978
v 0.995311 8.114079 8.924979
v -0.974304 7.766782 8.924975
v -0.974304 7.766782 -8.924980
v 0.003527 7.980001 -8.924978
v 0.003526 7.980000 8.924977
v -0.938449 7.774601 -8.924980
v -0.938450 7.774601 8.924975
v 0.954003 8.108495 8.924979
v 0.954004 8.108495 -8.924978
v 0.980235 8.199582 -8.924976
v 0.980234 8.199582 8.924980
v -0.989381 7.852286 8.924975
v -0.989380 7.852286 -8.924980
v -0.011550 8.065504 -8.924978
v -0.953526 7.860104 -8.924980
v 0.938927 8.193998 -8.924976
v -0.011550 8.065504 8.924977
v -0.953527 7.860104 8.924975
v 0.938927 8.193997 8.924980
v 1.002066 8.075771 -8.779892
v -0.967549 7.728475 -8.779896
v 0.958877 8.320706 -8.779890
v -1.010738 7.973411 -8.779896
v -0.032908 8.186628 -8.779892
v 0.010281 7.941693 -8.779896
v -0.974884 7.981228 -8.779896
v -0.931695 7.736293 -8.779896
v 0.960758 8.070187 -8.779894
v 0.917569 8.315123 -8.779890
v -0.974304 7.766782 -8.779896
v 0.995311 8.114079 -8.779892
v -0.989381 7.852286 -8.779896
v 0.980235 8.199582 -8.779890
v 1.002066 8.075771 8.829933
v 0.958877 8.320706 8.829937
v -0.032908 8.186628 8.829933
v -0.974884 7.981228 8.829929
v 0.917569 8.315123 8.829937
v 0.995311 8.114079 8.829934
v 0.980234 8.199582 8.829935
v -0.967550 7.728475 8.829932
v -1.010738 7.973411 8.829929
v 0.010281 7.941693 8.829932
v -0.931695 7.736293 8.829932
v 0.960758 8.070187 8.829933
v -0.974304 7.766782 8.829931
v -0.989381 7.852286 8.829930
v 1.002066 7.075771 -8.924978
v 1.002066 7.075771 8.924978
v -0.967550 6.728475 8.924976
v -0.967549 6.728475 -8.924980
v 0.958878 7.320707 -8.924973
v 0.958877 7.320707 8.924983
v -1.010738 6.973411 8.924974
v -1.010738 6.973411 -8.924978
v 0.010281 6.941693 -8.924980
v 0.010281 6.941693 8.924977
v -0.032908 7.186629 -8.924974
v -0.032908 7.186629 8.924978
v -0.931695 6.736293 -8.924980
v -0.931695 6.736293 8.924976
v -0.974884 6.981229 -8.924978
v -0.974884 6.981229 8.924974
v 0.960758 7.070187 -8.924978
v 0.960758 7.070187 8.924978
v 0.917570 7.315123 -8.924973
v 0.917569 7.315123 8.924983
v 0.995311 7.114079 -8.924978
v 0.995311 7.114079 8.924979
v -0.974304 6.766782 8.924975
v -0.974304 6.766783 -8.924980
v 0.003527 6.980001 -8.924978
v 0.003526 6.980001 8.924977
v -0.938449 6.774601 -8.924980
v -0.938450 6.774601 8.924975
v 0.954003 7.108494 8.924979
v 0.954004 7.108495 -8.924978
v 0.980235 7.199583 -8.924976
v 0.980234 7.199582 8.924980
v -0.989381 6.852286 8.924975
v -0.989380 6.852286 -8.924980
v -0.011550 7.065504 -8.924978
v -0.953526 6.860104 -8.924980
v 0.938927 7.193998 -8.924976
v -0.011550 7.065504 8.924977
v -0.953527 6.860104 8.924975
v 0.938927 7.193998 8.924980
v 1.002066 7.075771 -8.779892
v -0.967549 6.728475 -8.779896
v 0.958877 7.320707 -8.779890
v -1.010738 6.973411 -8.779896
v -0.032908 7.186629 -8.779892
v 0.010281 6.941693 -8.779896
v -0.974884 6.981229 -8.779896
v -0.931695 6.736293 -8.779896
v 0.960758 7.070187 -8.779894
v 0.917569 7.315123 -8.779890
v -0.974304 6.766783 -8.779896
v 0.995311 7.114079 -8.779892
v -0.989381 6.852286 -8.779896
v 0.980235 7.199582 -8.779890
v 1.002066 7.075771 8.829933
v 0.958877 7.320707 8.829937
v -0.032908 7.186629 8.829933
v -0.974884 6.981229 8.829929
v 0.917569 7.315123 8.829937
v 0.995311 7.114079 8.829934
v 0.980234 7.199582 8.829935
v -0.967550 6.728475 8.829932
v -1.010738 6.973411 8.829929
v 0.010281 6.941693 8.829932
v -0.931695 6.736293 8.829932
v 0.960758 7.070187 8.829933
v -0.974304 6.766782 8.829931
v -0.989381 6.852286 8.829930
v 1.002066 6.075771 -8.924978
v 1.002066 6.075771 8.924978
v -0.967550 5.728475 8.924976
v -0.967549 5.728475 -8.924980
v 0.958878 6.320707 -8.924973
v 0.958877 6.320707 8.924983
v -1.010738 5.973411 8.924974
v -1.010738 5.973411 -8.924978
v 0.010281 5.941693 -8.924980
v 0.010281 5.941693 8.924977
v -0.032908 6.186629 -8.924974
v -0.032908 6.186629 8.924978
v -0.931695 5.736293 -8.924980
v -0.931695 5.736293 8.924976
v -0.974884 5.981229 -8.924978
v -0.974884 5.981229 8.924974
v 0.960758 6.070187 -8.924978
v 0.960758 6.070187 8.924978
v 0.917570 6.315123 -8.924973
v 0.917569 6.315123 8.924983
v 0.995311 6.114079 -8.924978
v 0.995311 6.114079 8.924979
v -0.974304 5.766783 8.924975
v -0.974304 5.766783 -8.924980
v 0.003527 5.980001 -8.924978
v 0.003526 5.980001 8.924977
v -0.938449 5.774601 -8.924980
v -0.938450 5.774601 8.924975
v 0.954003 6.108495 8.924979
v 0.954004 6.108495 -8.924978
v 0.980235 6.199583 -8.924976
v 0.980234 6.199582 8.924980
v -0.989381 5.852286 8.924975
v -0.989380 5.852286 -8.924980
v -0.011550 6.065505 -8.924978
v -0.953526 5.860105 -8.924980
v 0.938927 6.193998 -8.924976
v -0.011550 6.065504 8.924977
v -0.953527 5.860105 8.924975
v 0.938927 6.193998 8.924980
v 1.002066 6.075771 -8.779892
v -0.967549 5.728475 -8.779896
v 0.958877 6.320707 -8.779890
v -1.010738 5.973411 -8.779896
v -0.032908 6.186629 -8.779892
v 0.010281 5.941693 -8.779896
v -0.974884 5.981229 -8.779896
v -0.931695 5.736293 -8.779896
v 0.960758 6.070187 -8.779894
v 0.917569 6.315123 -8.779890
v -0.974304 5.766783 -8.779896
v 0.995311 6.114079 -8.779892
v -0.989381 5.852286 -8.779896
v 0.980235 6.199583 -8.779890
v 1.002066 6.075771 8.829933
v 0.958877 6.320707 8.829937
v -0.032908 6.186629 8.829933
v -0.974884 5.981229 8.829929
v 0.917569 6.315123 8.829937
v 0.995311 6.114079 8.829934
v 0.980234 6.199582 8.829935
v -0.967550 5.728475 8.829932
v -1.010738 5.973411 8.829929
v 0.010281 5.941693 8.829932
v -0.931695 5.736293 8.829932
v 0.960758 6.070187 8.829933
v -0.974304 5.766783 8.829931
v -0.989381 5.852286 8.829930
v 1.002066 5.075771 -8.924978
v 1.002066 5.075771 8.924978
v -0.967550 4.728475 8.924976
v -0.967549 4.728475 -8.924980
v 0.958878 5.320706 -8.924973
v 0.958877 5.320706 8.924983
v -1.010738 4.973410 8.924974
v -1.010738 4.973410 -8.924978
v 0.010281 4.941693 -8.924980
v 0.010281 4.941693 8.924977
v -0.032908 5.186628 -8.924974
v -0.032908 5.186628 8.924978
v -0.931695 4.736293 -8.924980
v -0.931695 4.736293 8.924976
v -0.974884 4.981228 -8.924978
v -0.974884 4.981228 8.924974
v 0.960758 5.070187 -8.924978
v 0.960758 5.070187 8.924978
v 0.917570 5.315123 -8.924973
v 0.917569 5.315122 8.924983
v 0.995311 5.114079 -8.924978
v 0.995311 5.114079 8.924979
v -0.974304 4.766782 8.924975
v -0.974304 4.766782 -8.924980
v 0.003527 4.980000 -8.924978
v 0.003526 4.980000 8.924977
v -0.938449 4.774600 -8.924980
v -0.938450 4.774600 8.924975
v 0.954003 5.108494 8.924979
v 0.954004 5.108494 -8.924978
v 0.980235 5.199582 -8.924976
v 0.980234 5.199582 8.924980
v -0.989381 4.852285 8.924975
v -0.989380 4.852285 -8.924980
v -0.011550 5.065504 -8.924978
v -0.953526 4.860104 -8.924980
v 0.938927 5.193997 -8.924976
v -0.011550 5.065504 8.924977
v -0.953527 4.860104 8.924975
v 0.938927 5.193997 8.924980
v 1.002066 5.075771 -8.779892
v -0.967549 4.728475 -8.779896
v 0.958877 5.320706 -8.779890
v -1.010738 4.973410 -8.779896
v -0.032908 5.186628 -8.779892
v 0.010281 4.941693 -8.779896
v -0.974884 4.981228 -8.779896
v -0.931695 4.736293 -8.779896
v 0.960758 5.070187 -8.779894
v 0.917569 5.315122 -8.779890
v -0.974304 4.766782 -8.779896
v 0.995311 5.114079 -8.779892
v -0.989381 4.852285 -8.779896
v 0.980235 5.199582 -8.779890
v 1.002066 5.075771 8.829933
v 0.958877 5.320706 8.829937
v -0.032908 5.186628 8.829933
v -0.974884 4.981228 8.829929
v 0.917569 5.315122 8.829937
v 0.995311 5.114079 8.829934
v 0.980234 5.199582 8.829935
v -0.967550 4.728475 8.829932
v -1.010738 4.973410 8.829929
v 0.010281 4.941693 8.829932
v -0.931695 4.736293 8.829932
v 0.960758 5.070187 8.829933
v -0.974304 4.766782 8.829931
v -0.989381 4.852285 8.829930
v 0.915719 4.413928 -8.924978
v 0.915719 4.413928 8.924978
v -0.816332 3.413928 8.924976
v -0.816332 3.413928 -8.924980
v 0.791362 4.629321 -8.924973
v 0.791361 4.629321 8.924983
v -0.940689 3.629321 8.924974
v -0.940689 3.629321 -8.924978
v 0.029603 3.948725 -8.924980
v 0.029603 3.948725 8.924977
v -0.094754 4.164118 -8.924974
v -0.094755 4.164118 8.924978
v -0.785314 3.433538 -8.924980
v -0.785314 3.433538 8.924976
v -0.909671 3.648931 -8.924978
v -0.909671 3.648931 8.924974
v 0.878812 4.394553 -8.924978
v 0.878812 4.394553 8.924978
v 0.754455 4.609945 -8.924973
v 0.754454 4.609945 8.924983
v 0.896270 4.447616 -8.924978
v 0.896269 4.447615 8.924979
v -0.835781 3.447615 8.924975
v -0.835781 3.447615 -8.924980
v 0.010154 3.982413 -8.924978
v 0.010154 3.982413 8.924977
v -0.804763 3.467225 -8.924980
v -0.804763 3.467225 8.924975
v 0.859363 4.428239 8.924979
v 0.859363 4.428240 -8.924978
v 0.852858 4.522806 -8.924976
v 0.852858 4.522806 8.924980
v -0.879193 3.522806 8.924975
v -0.879192 3.522806 -8.924980
v -0.033257 4.057603 -8.924978
v -0.848174 3.542416 -8.924980
v 0.815951 4.503430 -8.924976
v -0.033258 4.057603 8.924977
v -0.848175 3.542415 8.924975
v 0.815951 4.503430 8.924980
v 0.915719 4.413928 -8.779892
v -0.816332 3.413928 -8.779896
v 0.791361 4.629321 -8.779890
v -0.940689 3.629321 -8.779896
v -0.094754 4.164118 -8.779892
v 0.029603 3.948725 -8.779896
v -0.909671 3.648931 -8.779896
v -0.785314 3.433538 -8.779896
v 0.878812 4.394553 -8.779894
v 0.754455 4.609945 -8.779890
v -0.835781 3.447615 -8.779896
v 0.896269 4.447616 -8.779892
v -0.879193 3.522806 -8.779896
v 0.852858 4.522806 -8.779890
v 0.915719 4.413928 8.829933
v 0.791361 4.629321 8.829937
v -0.094755 4.164118 8.829933
v -0.909671 3.648931 8.829929
v 0.754454 4.609945 8.829937
v 0.896269 4.447615 8.829934
v 0.852858 4.522806 8.829935
v -0.816332 3.413928 8.829932
v -0.940689 3.629321 8.829929
v 0.029603 3.948725 8.829932
v -0.785314 3.433538 8.829932
v 0.878812 4.394553 8.829933
v -0.835781 3.447615 8.829931
v -0.879193 3.522806 8.829930
v 1.002066 3.075771 -8.924978
v 1.002066 3.075771 8.924978
v -0.967550 2.728475 8.924976
v -0.967549 2.728475 -8.924980
v 0.958878 3.320707 -8.924973
v 0.958877 3.320707 8.924983
v -1.010738 2.973410 8.924974
v -1.010738 2.973410 -8.924978
v 0.010281 2.941693 -8.924980
v 0.010281 2.941693 8.924977
v -0.032908 3.186629 -8.924974
v -0.032908 3.186629 8.924978
v -0.931695 2.736293 -8.924980
v -0.931695 2.736293 8.924976
v -0.974884 2.981228 -8.924978
v -0.974884 2.981228 8.924974
v 0.960758 3.070187 -8.924978
v 0.960758 3.070187 8.924978
v 0.917570 3.315123 -8.924973
v 0.917569 3.315123 8.924983
v 0.995311 3.114079 -8.924978
v 0.995311 3.114079 8.924979
v -0.974304 2.766782 8.924975
v -0.974304 2.766782 -8.924980
v 0.003527 2.980001 -8.924978
v 0.003526 2.980001 8.924977
v -0.938449 2.774601 -8.924980
v -0.938450 2.774601 8.924975
v 0.954003 3.108495 8.924979
v 0.954004 3.108495 -8.924978
v 0.980235 3.199582 -8.924976
v 0.980234 3.199582 8.924980
v -0.989381 2.852286 8.924975
v -0.989380 2.852286 -8.924980
v -0.011550 3.065505 -8.924978
v -0.953526 2.860104 -8.924980
v 0.938927 3.193998 -8.924976
v -0.011550 3.065505 8.924977
v -0.953527 2.860104 8.924975
v 0.938927 3.193998 8.924980
v 1.002066 3.075771 -8.779892
v -0.967549 2.728475 -8.779896
v 0.958877 3.320707 -8.779890
v -1.010738 2.973410 -8.779896
v -0.032908 3.186629 -8.779892
v 0.010281 2.941693 -8.779896
v -0.974884 2.981228 -8.779896
v -0.931695 2.736293 -8.779896
v 0.960758 3.070187 -8.779894
v 0.917569 3.315123 -8.779890
v -0.974304 2.766782 -8.779896
v 0.995311 3.114079 -8.779892
v -0.989381 2.852286 -8.779896
v 0.980235 3.199582 -8.779890
v 1.002066 3.075771 8.829933
v 0.958877 3.320707 8.829937
v -0.032908 3.186629 8.829933
v -0.974884 2.981228 8.829929
v 0.917569 3.315123 8.829937
v 0.995311 3.114079 8.829934
v 0.980234 3.199582 8.829935
v -0.967550 2.728475 8.829932
v -1.010738 2.973410 8.829929
v 0.010281 2.941693 8.829932
v -0.931695 2.736293 8.829932
v 0.960758 3.070187 8.829933
v -0.974304 2.766782 8.829931
v -0.989381 2.852286 8.829930
v 1.002066 2.075771 -8.924978
v 1.002066 2.075771 8.924978
v -0.967550 1.728475 8.924976
v -0.967549 1.728475 -8.924980
v 0.958878 2.320707 -8.924973
v 0.958877 2.320707 8.924983
v -1.010738 1.973411 8.924974
v -1.010738 1.973411 -8.924978
v 0.010281 1.941693 -8.924980
v 0.010281 1.941693 8.924977
v -0.032908 2.186629 -8.924974
v -0.032908 2.186629 8.924978
v -0.931695 1.736293 -8.924980
v -0.931695 1.736293 8.924976
v -0.974884 1.981228 -8.924978
v -0.974884 1.981228 8.924974
v 0.960758 2.070187 -8.924978
v 0.960758 2.070187 8.924978
v 0.917570 2.315123 -8.924973
v 0.917569 2.315123 8.924983
v 0.995311 2.114079 -8.924978
v 0.995311 2.114079 8.924979
v -0.974304 1.766782 8.924975
v -0.974304 1.766782 -8.924980
v 0.003527 1.980001 -8.924978
v 0.003526 1.980001 8.924977
v -0.938449 1.774601 -8.924980
v -0.938450 1.774601 8.924975
v 0.954003 2.108495 8.924979
v 0.954004 2.108495 -8.924978
v 0.980235 2.199583 -8.924976
v 0.980234 2.199583 8.924980
v -0.989381 1.852286 8.924975
v -0.989380 1.852286 -8.924980
v -0.011550 2.065505 -8.924978
v -0.953526 1.860104 -8.924980
v 0.938927 2.193998 -8.924976
v -0.011550 2.065505 8.924977
v -0.953527 1.860104 8.924975
v 0.938927 2.193998 8.924980
v 1.002066 2.075771 -8.779892
v -0.967549 1.728475 -8.779896
v 0.958877 2.320707 -8.779890
v -1.010738 1.973411 -8.779896
v -0.032908 2.186629 -8.779892
v 0.010281 1.941693 -8.779896
v -0.974884 1.981228 -8.779896
v -0.931695 1.736293 -8.779896
v 0.960758 2.070187 -8.779894
v 0.917569 2.315123 -8.779890
v -0.974304 1.766782 -8.779896
v 0.995311 2.114079 -8.779892
v -0.989381 1.852286 -8.779896
v 0.980235 2.199583 -8.779890
v 1.002066 2.075771 8.829933
v 0.958877 2.320707 8.829937
v -0.032908 2.186629 8.829933
v -0.974884 1.981228 8.829929
v 0.917569 2.315123 8.829937
v 0.995311 2.114079 8.829934
v 0.980234 2.199583 8.829935
v -0.967550 1.728475 8.829932
v -1.010738 1.973411 8.829929
v 0.010281 1.941693 8.829932
v -0.931695 1.736293 8.829932
v 0.960758 2.070187 8.829933
v -0.974304 1.766782 8.829931
v -0.989381 1.852286 8.829930
v 1.002066 1.075770 -8.924978
v 1.002066 1.075770 8.924978
v -0.967550 0.728475 8.924976
v -0.967549 0.728475 -8.924980
v 0.958878 1.320706 -8.924973
v 0.958877 1.320706 8.924983
v -1.010738 0.973410 8.924974
v -1.010738 0.973410 -8.924978
v 0.010281 0.941692 -8.924980
v 0.010281 0.941692 8.924977
v -0.032908 1.186628 -8.924974
v -0.032908 1.186628 8.924978
v -0.931695 0.736293 -8.924980
v -0.931695 0.736293 8.924976
v -0.974884 0.981228 -8.924978
v -0.974884 0.981228 8.924974
v 0.960758 1.070186 -8.924978
v 0.960758 1.070186 8.924978
v 0.917570 1.315122 -8.924973
v 0.917569 1.315122 8.924983
v 0.995311 1.114079 -8.924978
v 0.995311 1.114079 8.924979
v -0.974304 0.766782 8.924975
v -0.974304 0.766782 -8.924980
v 0.003527 0.980000 -8.924978
v 0.003526 0.980000 8.924977
v -0.938449 0.774600 -8.924980
v -0.938450 0.774600 8.924975
v 0.954003 1.108494 8.924979
v 0.954004 1.108494 -8.924978
v 0.980235 1.199582 -8.924976
v 0.980234 1.199582 8.924980
v -0.989381 0.852285 8.924975
v -0.989380 0.852285 -8.924980
v -0.011550 1.065504 -8.924978
v -0.953526 0.860104 -8.924980
v 0.938927 1.193997 -8.924976
v -0.011550 1.065504 8.924977
v -0.953527 0.860104 8.924975
v 0.938927 1.193997 8.924980
v 1.002066 1.075770 -8.779892
v -0.967549 0.728475 -8.779896
v 0.958877 1.320706 -8.779890
v -1.010738 0.973410 -8.779896
v -0.032908 1.186628 -8.779892
v 0.010281 0.941692 -8.779896
v -0.974884 0.981228 -8.779896
v -0.931695 0.736293 -8.779896
v 0.960758 1.070186 -8.779894
v 0.917569 1.315122 -8.779890
v -0.974304 0.766782 -8.779896
v 0.995311 1.114079 -8.779892
v -0.989381 0.852285 -8.779896
v 0.980235 1.199582 -8.779890
v 1.002066 1.075770 8.829933
v 0.958877 1.320706 8.829937
v -0.032908 1.186628 8.829933
v -0.974884 0.981228 8.829929
v 0.917569 1.315122 8.829937
v 0.995311 1.114079 8.829934
v 0.980234 1.199582 8.829935
v -0.967550 0.728475 8.829932
v -1.010738 0.973410 8.829929
v 0.010281 0.941692 8.829932
v -0.931695 0.736293 8.829932
v 0.960758 1.070186 8.829933
v -0.974304 0.766782 8.829931
v -0.989381 0.852285 8.829930
v 1.004857 -0.011853 -8.924978
v 1.004857 -0.011853 8.924978
v -0.987533 -0.186165 8.924976
v -0.987532 -0.186165 -8.924980
v 0.983180 0.235915 -8.924973
v 0.983179 0.235914 8.924983
v -1.009210 0.061603 8.924974
v -1.009209 0.061603 -8.924978
v 0.005160 -0.058981 -8.924980
v 0.005160 -0.058981 8.924977
v -0.016516 0.188787 -8.924974
v -0.016517 0.188787 8.924978
v -0.951133 -0.181501 -8.924980
v -0.951133 -0.181501 8.924976
v -0.972810 0.066267 -8.924978
v -0.972810 0.066267 8.924974
v 0.963219 -0.013816 -8.924978
v 0.963219 -0.013816 8.924978
v 0.941543 0.233952 -8.924973
v 0.941542 0.233952 8.924983
v 1.001467 0.026897 -8.924978
v 1.001467 0.026897 8.924979
v -0.990923 -0.147414 8.924975
v -0.990923 -0.147414 -8.924980
v 0.001770 -0.020230 -8.924978
v 0.001770 -0.020230 8.924977
v -0.954523 -0.142751 -8.924980
v -0.954524 -0.142751 8.924975
v 0.959829 0.024934 8.924979
v 0.959829 0.024934 -8.924978
v 0.993900 0.113390 -8.924976
v 0.993899 0.113389 8.924980
v -0.998490 -0.060922 8.924975
v -0.998490 -0.060922 -8.924980
v -0.005797 0.066261 -8.924978
v -0.962090 -0.056258 -8.924980
v 0.952262 0.111426 -8.924976
v -0.005797 0.066261 8.924977
v -0.962091 -0.056258 8.924975
v 0.952262 0.111426 8.924980
v 1.004857 -0.011853 -8.779892
v -0.987532 -0.186165 -8.779896
v 0.983180 0.235914 -8.779890
v -1.009210 0.061603 -8.779896
v -0.016517 0.188787 -8.779892
v 0.005160 -0.058981 -8.779896
v -0.972810 0.066267 -8.779896
v -0.951133 -0.181501 -8.779896
v 0.963219 -0.013816 -8.779894
v 0.941542 0.233952 -8.779890
v -0.990923 -0.147414 -8.779896
v 1.001467 0.026897 -8.779892
v -0.998490 -0.060922 -8.779896
v 0.993899 0.113390 -8.779890
v 1.004857 -0.011853 8.829933
v 0.983179 0.235914 8.829937
v -0.016517 0.188787 8.829933
v -0.972810 0.066267 8.829929
v 0.941542 0.233952 8.829937
v 1.001467 0.026897 8.829934
v 0.993899 0.113389 8.829935
v -0.987533 -0.186165 8.829932
v -1.009210 0.061603 8.829929
v 0.005160 -0.058981 8.829932
v -0.951133 -0.181501 8.829932
v 0.963219 -0.013816 8.829933
v -0.990923 -0.147414 8.829931
v -0.998490 -0.060922 8.829930

f 1 2 4 3
f 3 4 6 5
f 5 6 8 7
f 7 8 10 9
f 9 10 12 11
f 11 12 14 13
f 13 14 16 15
f 15 16 18 17
f 17 18 20 19
f 19 20 22 21
f 21 22 24 23
f 23 24 26 25
f 25 26 28 27
f 27 28 30 29
f 29 30 32 31
f 31 32 34 33
f 33 34 36 35
f 35 36 38 37
f 37 38 40 39
f 39 40 42 41
f 41 42 44 43
f 43 44 46 45
f 45 46 48 47
f 47 48 50 49
f 49 50 52 51
f 51 52 54 53
f 53 54 56 55
f 55 56 58 57
f 57 58 60 59
f 59 60 62 61
f 4 2 64 62 60 58 56 54 52 50 48 46 44 42 40 38 36 34 32 30 28 26 24 22 20 18 16 14 12 10 8 6
f 61 62 64 63
f 63 64 2 1
f 1 3 5 7 9 11 13 15 17 19 21 23 25 27 29 31 33 35 37 39 41 43 45 47 49 51 53 55 57 59 61 63
f 17031 17032 17034 17033
f 17033 17034 17036 17035
f 17035 17036 17038 17037
f 17037 17038 17040 17039
f 17039 17040 17042 17041
f 17041 17042 17044 17043
f 17043 17044 17046 17045
f 17045 17046 17048 17047
f 17047 17048 17050 17049
f 17049 17050 17052 17051
f 17051 17052 17054 17053
f 17053 17054 17056 17055
f 17055 17056 17058 17057
f 17057 17058 17060 17059
f 17059 17060 17062 17061
f 17061 17062 17064 17063
f 17063 17064 17066 17065
f 17065 17066 17068 17067
f 17067 17068 17070 17069
f 17069 17070 17072 17071
f 17071 17072 17074 17073
f 17073 17074 17076 17075
f 17075 17076 17078 17077
f 17077 17078 17080 17079
f 17079 17080 17082 17081
f 17081 17082 17084 17083
f 17083 17084 17086 17085
f 17085 17086 17088 17087
f 17087 17088 17090 17089
f 17089 17090 17092 17091
f 17034 17032 17094 17092 17090 17088 17086 17084 17082 17080 17078 17076 17074 17072 17070 17068 17066 17064 17062 17060 17058 17056 17054 17052 17050 17048 17046 17044 17042 17040 17038 17036
f 17091 17092 17094 17093
f 17093 17094 17032 17031
f 17031 17033 17035 17037 17039 17041 17043 17045 17047 17049 17051 17053 17055 17057 17059 17061 17063 17065 17067 17069 17071 17073 17075 17077 17079 17081 17083 17085 17087 17089 17091 17093
usemtl Material
f 65 87 94 66
f 66 94 95 67
f 67 95 96 68
f 68 96 97 69
f 69 97 98 70
f 70 98 99 71
f 71 99 100 72
f 72 100 16633 16632
f 87 88 101 94
f 94 101 102 95
f 95 102 103 96
f 96 103 104 97
f 97 104 105 98
f 98 105 106 99
f 99 106 107 100
f 100 107 16634 16633
f 88 89 108 101
f 101 108 109 102
f 102 109 110 103
f 103 110 111 104
f 104 111 112 105
f 105 112 113 106
f 106 113 114 107
f 107 114 16635 16634
f 89 90 115 108
f 108 115 116 109
f 109 116 117 110
f 110 117 118 111
f 111 118 119 112
f 112 119 120 113
f 113 120 121 114
f 114 121 16636 16635
f 90 91 122 115
f 115 122 123 116
f 116 123 124 117
f 117 124 125 118
f 118 125 126 119
f 119 126 127 120
f 120 127 128 121
f 121 128 16637 16636
f 91 92 129 122
f 122 129 130 123
f 123 130 131 124
f 124 131 132 125
f 125 132 133 126
f 126 133 134 127
f 127 134 135 128
f 128 135 16638 16637
f 92 93 136 129
f 129 136 137 130
f 130 137 138 131
f 131 138 139 132
f 132 139 140 133
f 133 140 141 134
f 134 141 142 135
f 135 142 16639 16638
f 93 16887 16886 136
f 136 16886 16885 137
f 137 16885 16884 138
f 138 16884 16883 139
f 139 16883 16882 140
f 140 16882 16881 141
f 141 16881 16880 142
f 142 16880 16959 16639
f 65 66 143 73
f 73 143 144 74
f 74 144 145 75
f 75 145 146 76
f 76 146 147 77
f 77 147 148 78
f 78 148 149 79
f 79 149 14966 14967
f 66 67 150 143
f 143 150 151 144
f 144 151 152 145
f 145 152 153 146
f 146 153 154 147
f 147 154 155 148
f 148 155 156 149
f 149 156 14965 14966
f 67 68 157 150
f 150 157 158 151
f 151 158 159 152
f 152 159 160 153
f 153 160 161 154
f 154 161 162 155
f 155 162 163 156
f 156 163 14964 14965
f 68 69 164 157
f 157 164 165 158
f 158 165 166 159
f 159 166 167 160
f 160 167 168 161
f 161 168 169 162
f 162 169 170 163
f 163 170 14963 14964
f 69 70 171 164
f 164 171 172 165
f 165 172 173 166
f 166 173 174 167
f 167 174 175 168
f 168 175 176 169
f 169 176 177 170
f 170 177 14962 14963
f 70 71 178 171
f 171 178 179 172
f 172 179 180 173
f 173 180 181 174
f 174 181 182 175
f 175 182 183 176
f 176 183 184 177
f 177 184 14961 14962
f 71 72 185 178
f 178 185 186 179
f 179 186 187 180
f 180 187 188 181
f 181 188 189 182
f 182 189 190 183
f 183 190 191 184
f 184 191 14960 14961
f 72 16632 16631 185
f 185 16631 16630 186
f 186 16630 16629 187
f 187 16629 16628 188
f 188 16628 16627 189
f 189 16627 16626 190
f 190 16626 16625 191
f 191 16625 16908 14960
f 65 73 192 80
f 80 192 193 81
f 81 193 194 82
f 82 194 195 83
f 83 195 196 84
f 84 196 197 85
f 85 197 198 86
f 86 198 16586 16587
f 73 74 199 192
f 192 199 200 193
f 193 200 201 194
f 194 201 202 195
f 195 202 203 196
f 196 203 204 197
f 197 204 205 198
f 198 205 16585 16586
f 74 75 206 199
f 199 206 207 200
f 200 207 208 201
f 201 208 209 202
f 202 209 210 203
f 203 210 211 204
f 204 211 212 205
f 205 212 16584 16585
f 75 76 213 206
f 206 213 214 207
f 207 214 215 208
f 208 215 216 209
f 209 216 217 210
f 210 217 218 211
f 211 218 219 212
f 212 219 16583 16584
f 76 77 220 213
f 213 220 221 214
f 214 221 222 215
f 215 222 223 216
f 216 223 224 217
f 217 224 225 218
f 218 225 226 219
f 219 226 16582 16583
f 77 78 227 220
f 220 227 228 221
f 221 228 229 222
f 222 229 230 223
f 223 230 231 224
f 224 231 232 225
f 225 232 233 226
f 226 233 16581 16582
f 78 79 234 227
f 227 234 235 228
f 228 235 236 229
f 229 236 237 230
f 230 237 238 231
f 231 238 239 232
f 232 239 240 233
f 233 240 16580 16581
f 79 14967 14968 234
f 234 14968 14969 235
f 235 14969 14970 236
f 236 14970 14971 237
f 237 14971 14972 238
f 238 14972 14973 239
f 239 14973 14974 240
f 240 14974 16897 16580
f 65 80 241 87
f 87 241 242 88
f 88 242 243 89
f 89 243 244 90
f 90 244 245 91
f 91 245 246 92
f 92 246 247 93
f 93 247 16888 16887
f 80 81 248 241
f 241 248 249 242
f 242 249 250 243
f 243 250 251 244
f 244 251 252 245
f 245 252 253 246
f 246 253 254 247
f 247 254 16889 16888
f 81 82 255 248
f 248 255 256 249
f 249 256 257 250
f 250 257 258 251
f 251 258 259 252
f 252 259 260 253
f 253 260 261 254
f 254 261 16890 16889
f 82 83 262 255
f 255 262 263 256
f 256 263 264 257
f 257 264 265 258
f 258 265 266 259
f 259 266 267 260
f 260 267 268 261
f 261 268 16891 16890
f 83 84 269 262
f 262 269 270 263
f 263 270 271 264
f 264 271 272 265
f 265 272 273 266
f 266 273 274 267
f 267 274 275 268
f 268 275 16892 16891
f 84 85 276 269
f 269 276 277 270
f 270 277 278 271
f 271 278 279 272
f 272 279 280 273
f 273 280 281 274
f 274 281 282 275
f 275 282 16893 16892
f 85 86 283 276
f 276 283 284 277
f 277 284 285 278
f 278 285 286 279
f 279 286 287 280
f 280 287 288 281
f 281 288 289 282
f 282 289 16894 16893
f 86 16587 16588 283
f 283 16588 16589 284
f 284 16589 16590 285
f 285 16590 16591 286
f 286 16591 16592 287
f 287 16592 16593 288
f 288 16593 16594 289
f 289 16594 16956 16894
f 290 312 319 291
f 291 319 320 292
f 292 320 321 293
f 293 321 322 294
f 294 322 323 295
f 295 323 324 296
f 296 324 325 297
f 297 325 16873 16872
f 312 313 326 319
f 319 326 327 320
f 320 327 328 321
f 321 328 329 322
f 322 329 330 323
f 323 330 331 324
f 324 331 332 325
f 325 332 16874 16873
f 313 314 333 326
f 326 333 334 327
f 327 334 335 328
f 328 335 336 329
f 329 336 337 330
f 330 337 338 331
f 331 338 339 332
f 332 339 16875 16874
f 314 315 340 333
f 333 340 341 334
f 334 341 342 335
f 335 342 343 336
f 336 343 344 337
f 337 344 345 338
f 338 345 346 339
f 339 346 16876 16875
f 315 316 347 340
f 340 347 348 341
f 341 348 349 342
f 342 349 350 343
f 343 350 351 344
f 344 351 352 345
f 345 352 353 346
f 346 353 16877 16876
f 316 317 354 347
f 347 354 355 348
f 348 355 356 349
f 349 356 357 350
f 350 357 358 351
f 351 358 359 352
f 352 359 360 353
f 353 360 16878 16877
f 317 318 361 354
f 354 361 362 355
f 355 362 363 356
f 356 363 364 357
f 357 364 365 358
f 358 365 366 359
f 359 366 367 360
f 360 367 16879 16878
f 318 15312 15311 361
f 361 15311 15310 362
f 362 15310 15309 363
f 363 15309 15308 364
f 364 15308 15307 365
f 365 15307 15306 366
f 366 15306 15305 367
f 367 15305 16952 16879
f 290 291 368 298
f 298 368 369 299
f 299 369 370 300
f 300 370 371 301
f 301 371 372 302
f 302 372 373 303
f 303 373 374 304
f 304 374 16603 16602
f 291 292 375 368
f 368 375 376 369
f 369 376 377 370
f 370 377 378 371
f 371 378 379 372
f 372 379 380 373
f 373 380 381 374
f 374 381 16604 16603
f 292 293 382 375
f 375 382 383 376
f 376 383 384 377
f 377 384 385 378
f 378 385 386 379
f 379 386 387 380
f 380 387 388 381
f 381 388 16605 16604
f 293 294 389 382
f 382 389 390 383
f 383 390 391 384
f 384 391 392 385
f 385 392 393 386
f 386 393 394 387
f 387 394 395 388
f 388 395 16606 16605
f 294 295 396 389
f 389 396 397 390
f 390 397 398 391
f 391 398 399 392
f 392 399 400 393
f 393 400 401 394
f 394 401 402 395
f 395 402 16607 16606
f 295 296 403 396
f 396 403 404 397
f 397 404 405 398
f 398 405 406 399
f 399 406 407 400
f 400 407 408 401
f 401 408 409 402
f 402 409 16608 16607
f 296 297 410 403
f 403 410 411 404
f 404 411 412 405
f 405 412 413 406
f 406 413 414 407
f 407 414 415 408
f 408 415 416 409
f 409 416 16609 16608
f 297 16872 16871 410
f 410 16871 16870 411
f 411 16870 16869 412
f 412 16869 16868 413
f 413 16868 16867 414
f 414 16867 16866 415
f 415 16866 16865 416
f 416 16865 16957 16609
f 290 298 417 305
f 305 417 418 306
f 306 418 419 307
f 307 419 420 308
f 308 420 421 309
f 309 421 422 310
f 310 422 423 311
f 311 423 15073 15072
f 298 299 424 417
f 417 424 425 418
f 418 425 426 419
f 419 426 427 420
f 420 427 428 421
f 421 428 429 422
f 422 429 430 423
f 423 430 15074 15073
f 299 300 431 424
f 424 431 432 425
f 425 432 433 426
f 426 433 434 427
f 427 434 435 428
f 428 435 436 429
f 429 436 437 430
f 430 437 15075 15074
f 300 301 438 431
f 431 438 439 432
f 432 439 440 433
f 433 440 441 434
f 434 441 442 435
f 435 442 443 436
f 436 443 444 437
f 437 444 15076 15075
f 301 302 445 438
f 438 445 446 439
f 439 446 447 440
f 440 447 448 441
f 441 448 449 442
f 442 449 450 443
f 443 450 451 444
f 444 451 15077 15076
f 302 303 452 445
f 445 452 453 446
f 446 453 454 447
f 447 454 455 448
f 448 455 456 449
f 449 456 457 450
f 450 457 458 451
f 451 458 15078 15077
f 303 304 459 452
f 452 459 460 453
f 453 460 461 454
f 454 461 462 455
f 455 462 463 456
f 456 463 464 457
f 457 464 465 458
f 458 465 15079 15078
f 304 16602 16601 459
f 459 16601 16600 460
f 460 16600 16599 461
f 461 16599 16598 462
f 462 16598 16597 463
f 463 16597 16596 464
f 464 16596 16595 465
f 465 16595 16901 15079
f 290 305 466 312
f 312 466 467 313
f 313 467 468 314
f 314 468 469 315
f 315 469 470 316
f 316 470 471 317
f 317 471 472 318
f 318 472 15313 15312
f 305 306 473 466
f 466 473 474 467
f 467 474 475 468
f 468 475 476 469
f 469 476 477 470
f 470 477 478 471
f 471 478 479 472
f 472 479 15314 15313
f 306 307 480 473
f 473 480 481 474
f 474 481 482 475
f 475 482 483 476
f 476 483 484 477
f 477 484 485 478
f 478 485 486 479
f 479 486 15315 15314
f 307 308 487 480
f 480 487 488 481
f 481 488 489 482
f 482 489 490 483
f 483 490 491 484
f 484 491 492 485
f 485 492 493 486
f 486 493 15316 15315
f 308 309 494 487
f 487 494 495 488
f 488 495 496 489
f 489 496 497 490
f 490 497 498 491
f 491 498 499 492
f 492 499 500 493
f 493 500 15317 15316
f 309 310 501 494
f 494 501 502 495
f 495 502 503 496
f 496 503 504 497
f 497 504 505 498
f 498 505 506 499
f 499 506 507 500
f 500 507 15318 15317
f 310 311 508 501
f 501 508 509 502
f 502 509 510 503
f 503 510 511 504
f 504 511 512 505
f 505 512 513 506
f 506 513 514 507
f 507 514 15319 15318
f 311 15072 15071 508
f 508 15071 15070 509
f 509 15070 15069 510
f 510 15069 15068 511
f 511 15068 15067 512
f 512 15067 15066 513
f 513 15066 15065 514
f 514 15065 16910 15319
f 515 537 544 516
f 516 544 545 517
f 517 545 546 518
f 518 546 547 519
f 519 547 548 520
f 520 548 549 521
f 521 549 550 522
f 522 550 16858 16857
f 537 538 551 544
f 544 551 552 545
f 545 552 553 546
f 546 553 554 547
f 547 554 555 548
f 548 555 556 549
f 549 556 557 550
f 550 557 16859 16858
f 538 539 558 551
f 551 558 559 552
f 552 559 560 553
f 553 560 561 554
f 554 561 562 555
f 555 562 563 556
f 556 563 564 557
f 557 564 16860 16859
f 539 540 565 558
f 558 565 566 559
f 559 566 567 560
f 560 567 568 561
f 561 568 569 562
f 562 569 570 563
f 563 570 571 564
f 564 571 16861 16860
f 540 541 572 565
f 565 572 573 566
f 566 573 574 567
f 567 574 575 568
f 568 575 576 569
f 569 576 577 570
f 570 577 578 571
f 571 578 16862 16861
f 541 542 579 572
f 572 579 580 573
f 573 580 581 574
f 574 581 582 575
f 575 582 583 576
f 576 583 584 577
f 577 584 585 578
f 578 585 16863 16862
f 542 543 586 579
f 579 586 587 580
f 580 587 588 581
f 581 588 589 582
f 582 589 590 583
f 583 590 591 584
f 584 591 592 585
f 585 592 16864 16863
f 543 16047 16046 586
f 586 16046 16045 587
f 587 16045 16044 588
f 588 16044 16043 589
f 589 16043 16042 590
f 590 16042 16041 591
f 591 16041 16040 592
f 592 16040 16955 16864
f 515 516 593 523
f 523 593 594 524
f 524 594 595 525
f 525 595 596 526
f 526 596 597 527
f 527 597 598 528
f 528 598 599 529
f 529 599 15041 15042
f 516 517 600 593
f 593 600 601 594
f 594 601 602 595
f 595 602 603 596
f 596 603 604 597
f 597 604 605 598
f 598 605 606 599
f 599 606 15040 15041
f 517 518 607 600
f 600 607 608 601
f 601 608 609 602
f 602 609 610 603
f 603 610 611 604
f 604 611 612 605
f 605 612 613 606
f 606 613 15039 15040
f 518 519 614 607
f 607 614 615 608
f 608 615 616 609
f 609 616 617 610
f 610 617 618 611
f 611 618 619 612
f 612 619 620 613
f 613 620 15038 15039
f 519 520 621 614
f 614 621 622 615
f 615 622 623 616
f 616 623 624 617
f 617 624 625 618
f 618 625 626 619
f 619 626 627 620
f 620 627 15037 15038
f 520 521 628 621
f 621 628 629 622
f 622 629 630 623
f 623 630 631 624
f 624 631 632 625
f 625 632 633 626
f 626 633 634 627
f 627 634 15036 15037
f 521 522 635 628
f 628 635 636 629
f 629 636 637 630
f 630 637 638 631
f 631 638 639 632
f 632 639 640 633
f 633 640 641 634
f 634 641 15035 15036
f 522 16857 16856 635
f 635 16856 16855 636
f 636 16855 16854 637
f 637 16854 16853 638
f 638 16853 16852 639
f 639 16852 16851 640
f 640 16851 16850 641
f 641 16850 16950 15035
f 515 523 642 530
f 530 642 643 531
f 531 643 644 532
f 532 644 645 533
f 533 645 646 534
f 534 646 647 535
f 535 647 648 536
f 536 648 14983 14982
f 523 524 649 642
f 642 649 650 643
f 643 650 651 644
f 644 651 652 645
f 645 652 653 646
f 646 653 654 647
f 647 654 655 648
f 648 655 14984 14983
f 524 525 656 649
f 649 656 657 650
f 650 657 658 651
f 651 658 659 652
f 652 659 660 653
f 653 660 661 654
f 654 661 662 655
f 655 662 14985 14984
f 525 526 663 656
f 656 663 664 657
f 657 664 665 658
f 658 665 666 659
f 659 666 667 660
f 660 667 668 661
f 661 668 669 662
f 662 669 14986 14985
f 526 527 670 663
f 663 670 671 664
f 664 671 672 665
f 665 672 673 666
f 666 673 674 667
f 667 674 675 668
f 668 675 676 669
f 669 676 14987 14986
f 527 528 677 670
f 670 677 678 671
f 671 678 679 672
f 672 679 680 673
f 673 680 681 674
f 674 681 682 675
f 675 682 683 676
f 676 683 14988 14987
f 528 529 684 677
f 677 684 685 678
f 678 685 686 679
f 679 686 687 680
f 680 687 688 681
f 681 688 689 682
f 682 689 690 683
f 683 690 14989 14988
f 529 15042 15043 684
f 684 15043 15044 685
f 685 15044 15045 686
f 686 15045 15046 687
f 687 15046 15047 688
f 688 15047 15048 689
f 689 15048 15049 690
f 690 15049 16900 14989
f 515 530 691 537
f 537 691 692 538
f 538 692 693 539
f 539 693 694 540
f 540 694 695 541
f 541 695 696 542
f 542 696 697 543
f 543 697 16048 16047
f 530 531 698 691
f 691 698 699 692
f 692 699 700 693
f 693 700 701 694
f 694 701 702 695
f 695 702 703 696
f 696 703 704 697
f 697 704 16049 16048
f 531 532 705 698
f 698 705 706 699
f 699 706 707 700
f 700 707 708 701
f 701 708 709 702
f 702 709 710 703
f 703 710 711 704
f 704 711 16050 16049
f 532 533 712 705
f 705 712 713 706
f 706 713 714 707
f 707 714 715 708
f 708 715 716 709
f 709 716 717 710
f 710 717 718 711
f 711 718 16051 16050
f 533 534 719 712
f 712 719 720 713
f 713 720 721 714
f 714 721 722 715
f 715 722 723 716
f 716 723 724 717
f 717 724 725 718
f 718 725 16052 16051
f 534 535 726 719
f 719 726 727 720
f 720 727 728 721
f 721 728 729 722
f 722 729 730 723
f 723 730 731 724
f 724 731 732 725
f 725 732 16053 16052
f 535 536 733 726
f 726 733 734 727
f 727 734 735 728
f 728 735 736 729
f 729 736 737 730
f 730 737 738 731
f 731 738 739 732
f 732 739 16054 16053
f 536 14982 14981 733
f 733 14981 14980 734
f 734 14980 14979 735
f 735 14979 14978 736
f 736 14978 14977 737
f 737 14977 14976 738
f 738 14976 14975 739
f 739 14975 16926 16054
f 740 762 769 741
f 741 769 770 742
f 742 770 771 743
f 743 771 772 744
f 744 772 773 745
f 745 773 774 746
f 746 774 775 747
f 747 775 15883 15882
f 762 763 776 769
f 769 776 777 770
f 770 777 778 771
f 771 778 779 772
f 772 779 780 773
f 773 780 781 774
f 774 781 782 775
f 775 782 15884 15883
f 763 764 783 776
f 776 783 784 777
f 777 784 785 778
f 778 785 786 779
f 779 786 787 780
f 780 787 788 781
f 781 788 789 782
f 782 789 15885 15884
f 764 765 790 783
f 783 790 791 784
f 784 791 792 785
f 785 792 793 786
f 786 793 794 787
f 787 794 795 788
f 788 795 796 789
f 789 796 15886 15885
f 765 766 797 790
f 790 797 798 791
f 791 798 799 792
f 792 799 800 793
f 793 800 801 794
f 794 801 802 795
f 795 802 803 796
f 796 803 15887 15886
f 766 767 804 797
f 797 804 805 798
f 798 805 806 799
f 799 806 807 800
f 800 807 808 801
f 801 808 809 802
f 802 809 810 803
f 803 810 15888 15887
f 767 768 811 804
f 804 811 812 805
f 805 812 813 806
f 806 813 814 807
f 807 814 815 808
f 808 815 816 809
f 809 816 817 810
f 810 817 15889 15888
f 768 16032 16031 811
f 811 16031 16030 812
f 812 16030 16029 813
f 813 16029 16028 814
f 814 16028 16027 815
f 815 16027 16026 816
f 816 16026 16025 817
f 817 16025 16933 15889
f 740 741 818 748
f 748 818 819 749
f 749 819 820 750
f 750 820 821 751
f 751 821 822 752
f 752 822 823 753
f 753 823 824 754
f 754 824 15071 15072
f 741 742 825 818
f 818 825 826 819
f 819 826 827 820
f 820 827 828 821
f 821 828 829 822
f 822 829 830 823
f 823 830 831 824
f 824 831 15070 15071
f 742 743 832 825
f 825 832 833 826
f 826 833 834 827
f 827 834 835 828
f 828 835 836 829
f 829 836 837 830
f 830 837 838 831
f 831 838 15069 15070
f 743 744 839 832
f 832 839 840 833
f 833 840 841 834
f 834 841 842 835
f 835 842 843 836
f 836 843 844 837
f 837 844 845 838
f 838 845 15068 15069
f 744 745 846 839
f 839 846 847 840
f 840 847 848 841
f 841 848 849 842
f 842 849 850 843
f 843 850 851 844
f 844 851 852 845
f 845 852 15067 15068
f 745 746 853 846
f 846 853 854 847
f 847 854 855 848
f 848 855 856 849
f 849 856 857 850
f 850 857 858 851
f 851 858 859 852
f 852 859 15066 15067
f 746 747 860 853
f 853 860 861 854
f 854 861 862 855
f 855 862 863 856
f 856 863 864 857
f 857 864 865 858
f 858 865 866 859
f 859 866 15065 15066
f 747 15882 15881 860
f 860 15881 15880 861
f 861 15880 15879 862
f 862 15879 15878 863
f 863 15878 15877 864
f 864 15877 15876 865
f 865 15876 15875 866
f 866 15875 16910 15065
f 740 748 867 755
f 755 867 868 756
f 756 868 869 757
f 757 869 870 758
f 758 870 871 759
f 759 871 872 760
f 760 872 873 761
f 761 873 15013 15012
f 748 749 874 867
f 867 874 875 868
f 868 875 876 869
f 869 876 877 870
f 870 877 878 871
f 871 878 879 872
f 872 879 880 873
f 873 880 15014 15013
f 749 750 881 874
f 874 881 882 875
f 875 882 883 876
f 876 883 884 877
f 877 884 885 878
f 878 885 886 879
f 879 886 887 880
f 880 887 15015 15014
f 750 751 888 881
f 881 888 889 882
f 882 889 890 883
f 883 890 891 884
f 884 891 892 885
f 885 892 893 886
f 886 893 894 887
f 887 894 15016 15015
f 751 752 895 888
f 888 895 896 889
f 889 896 897 890
f 890 897 898 891
f 891 898 899 892
f 892 899 900 893
f 893 900 901 894
f 894 901 15017 15016
f 752 753 902 895
f 895 902 903 896
f 896 903 904 897
f 897 904 905 898
f 898 905 906 899
f 899 906 907 900
f 900 907 908 901
f 901 908 15018 15017
f 753 754 909 902
f 902 909 910 903
f 903 910 911 904
f 904 911 912 905
f 905 912 913 906
f 906 913 914 907
f 907 914 915 908
f 908 915 15019 15018
f 754 15072 15073 909
f 909 15073 15074 910
f 910 15074 15075 911
f 911 15075 15076 912
f 912 15076 15077 913
f 913 15077 15078 914
f 914 15078 15079 915
f 915 15079 16901 15019
f 740 755 916 762
f 762 916 917 763
f 763 917 918 764
f 764 918 919 765
f 765 919 920 766
f 766 920 921 767
f 767 921 922 768
f 768 922 16033 16032
f 755 756 923 916
f 916 923 924 917
f 917 924 925 918
f 918 925 926 919
f 919 926 927 920
f 920 927 928 921
f 921 928 929 922
f 922 929 16034 16033
f 756 757 930 923
f 923 930 931 924
f 924 931 932 925
f 925 932 933 926
f 926 933 934 927
f 927 934 935 928
f 928 935 936 929
f 929 936 16035 16034
f 757 758 937 930
f 930 937 938 931
f 931 938 939 932
f 932 939 940 933
f 933 940 941 934
f 934 941 942 935
f 935 942 943 936
f 936 943 16036 16035
f 758 759 944 937
f 937 944 945 938
f 938 945 946 939
f 939 946 947 940
f 940 947 948 941
f 941 948 949 942
f 942 949 950 943
f 943 950 16037 16036
f 759 760 951 944
f 944 951 952 945
f 945 952 953 946
f 946 953 954 947
f 947 954 955 948
f 948 955 956 949
f 949 956 957 950
f 950 957 16038 16037
f 760 761 958 951
f 951 958 959 952
f 952 959 960 953
f 953 960 961 954
f 954 961 962 955
f 955 962 963 956
f 956 963 964 957
f 957 964 16039 16038
f 761 15012 15011 958
f 958 15011 15010 959
f 959 15010 15009 960
f 960 15009 15008 961
f 961 15008 15007 962
f 962 15007 15006 963
f 963 15006 15005 964
f 964 15005 16927 16039
f 965 987 994 966
f 966 994 995 967
f 967 995 996 968
f 968 996 997 969
f 969 997 998 970
f 970 998 999 971
f 971 999 1000 972
f 972 1000 16423 16422
f 987 988 1001 994
f 994 1001 1002 995
f 995 1002 1003 996
f 996 1003 1004 997
f 997 1004 1005 998
f 998 1005 1006 999
f 999 1006 1007 1000
f 1000 1007 16424 16423
f 988 989 1008 1001
f 1001 1008 1009 1002
f 1002 1009 1010 1003
f 1003 1010 1011 1004
f 1004 1011 1012 1005
f 1005 1012 1013 1006
f 1006 1013 1014 1007
f 1007 1014 16425 16424
f 989 990 1015 1008
f 1008 1015 1016 1009
f 1009 1016 1017 1010
f 1010 1017 1018 1011
f 1011 1018 1019 1012
f 1012 1019 1020 1013
f 1013 1020 1021 1014
f 1014 1021 16426 16425
f 990 991 1022 1015
f 1015 1022 1023 1016
f 1016 1023 1024 1017
f 1017 1024 1025 1018
f 1018 1025 1026 1019
f 1019 1026 1027 1020
f 1020 1027 1028 1021
f 1021 1028 16427 16426
f 991 992 1029 1022
f 1022 1029 1030 1023
f 1023 1030 1031 1024
f 1024 1031 1032 1025
f 1025 1032 1033 1026
f 1026 1033 1034 1027
f 1027 1034 1035 1028
f 1028 1035 16428 16427
f 992 993 1036 1029
f 1029 1036 1037 1030
f 1030 1037 1038 1031
f 1031 1038 1039 1032
f 1032 1039 1040 1033
f 1033 1040 1041 1034
f 1034 1041 1042 1035
f 1035 1042 16429 16428
f 993 16017 16016 1036
f 1036 16016 16015 1037
f 1037 16015 16014 1038
f 1038 16014 16013 1039
f 1039 16013 16012 1040
f 1040 16012 16011 1041
f 1041 16011 16010 1042
f 1042 16010 16947 16429
f 965 966 1043 973
f 973 1043 1044 974
f 974 1044 1045 975
f 975 1045 1046 976
f 976 1046 1047 977
f 977 1047 1048 978
f 978 1048 1049 979
f 979 1049 15086 15087
f 966 967 1050 1043
f 1043 1050 1051 1044
f 1044 1051 1052 1045
f 1045 1052 1053 1046
f 1046 1053 1054 1047
f 1047 1054 1055 1048
f 1048 1055 1056 1049
f 1049 1056 15085 15086
f 967 968 1057 1050
f 1050 1057 1058 1051
f 1051 1058 1059 1052
f 1052 1059 1060 1053
f 1053 1060 1061 1054
f 1054 1061 1062 1055
f 1055 1062 1063 1056
f 1056 1063 15084 15085
f 968 969 1064 1057
f 1057 1064 1065 1058
f 1058 1065 1066 1059
f 1059 1066 1067 1060
f 1060 1067 1068 1061
f 1061 1068 1069 1062
f 1062 1069 1070 1063
f 1063 1070 15083 15084
f 969 970 1071 1064
f 1064 1071 1072 1065
f 1065 1072 1073 1066
f 1066 1073 1074 1067
f 1067 1074 1075 1068
f 1068 1075 1076 1069
f 1069 1076 1077 1070
f 1070 1077 15082 15083
f 970 971 1078 1071
f 1071 1078 1079 1072
f 1072 1079 1080 1073
f 1073 1080 1081 1074
f 1074 1081 1082 1075
f 1075 1082 1083 1076
f 1076 1083 1084 1077
f 1077 1084 15081 15082
f 971 972 1085 1078
f 1078 1085 1086 1079
f 1079 1086 1087 1080
f 1080 1087 1088 1081
f 1081 1088 1089 1082
f 1082 1089 1090 1083
f 1083 1090 1091 1084
f 1084 1091 15080 15081
f 972 16422 16421 1085
f 1085 16421 16420 1086
f 1086 16420 16419 1087
f 1087 16419 16418 1088
f 1088 16418 16417 1089
f 1089 16417 16416 1090
f 1090 16416 16415 1091
f 1091 16415 16938 15080
f 965 973 1092 980
f 980 1092 1093 981
f 981 1093 1094 982
f 982 1094 1095 983
f 983 1095 1096 984
f 984 1096 1097 985
f 985 1097 1098 986
f 986 1098 15028 15027
f 973 974 1099 1092
f 1092 1099 1100 1093
f 1093 1100 1101 1094
f 1094 1101 1102 1095
f 1095 1102 1103 1096
f 1096 1103 1104 1097
f 1097 1104 1105 1098
f 1098 1105 15029 15028
f 974 975 1106 1099
f 1099 1106 1107 1100
f 1100 1107 1108 1101
f 1101 1108 1109 1102
f 1102 1109 1110 1103
f 1103 1110 1111 1104
f 1104 1111 1112 1105
f 1105 1112 15030 15029
f 975 976 1113 1106
f 1106 1113 1114 1107
f 1107 1114 1115 1108
f 1108 1115 1116 1109
f 1109 1116 1117 1110
f 1110 1117 1118 1111
f 1111 1118 1119 1112
f 1112 1119 15031 15030
f 976 977 1120 1113
f 1113 1120 1121 1114
f 1114 1121 1122 1115
f 1115 1122 1123 1116
f 1116 1123 1124 1117
f 1117 1124 1125 1118
f 1118 1125 1126 1119
f 1119 1126 15032 15031
f 977 978 1127 1120
f 1120 1127 1128 1121
f 1121 1128 1129 1122
f 1122 1129 1130 1123
f 1123 1130 1131 1124
f 1124 1131 1132 1125
f 1125 1132 1133 1126
f 1126 1133 15033 15032
f 978 979 1134 1127
f 1127 1134 1135 1128
f 1128 1135 1136 1129
f 1129 1136 1137 1130
f 1130 1137 1138 1131
f 1131 1138 1139 1132
f 1132 1139 1140 1133
f 1133 1140 15034 15033
f 979 15087 15088 1134
f 1134 15088 15089 1135
f 1135 15089 15090 1136
f 1136 15090 15091 1137
f 1137 15091 15092 1138
f 1138 15092 15093 1139
f 1139 15093 15094 1140
f 1140 15094 16902 15034
f 965 980 1141 987
f 987 1141 1142 988
f 988 1142 1143 989
f 989 1143 1144 990
f 990 1144 1145 991
f 991 1145 1146 992
f 992 1146 1147 993
f 993 1147 16018 16017
f 980 981 1148 1141
f 1141 1148 1149 1142
f 1142 1149 1150 1143
f 1143 1150 1151 1144
f 1144 1151 1152 1145
f 1145 1152 1153 1146
f 1146 1153 1154 1147
f 1147 1154 16019 16018
f 981 982 1155 1148
f 1148 1155 1156 1149
f 1149 1156 1157 1150
f 1150 1157 1158 1151
f 1151 1158 1159 1152
f 1152 1159 1160 1153
f 1153 1160 1161 1154
f 1154 1161 16020 16019
f 982 983 1162 1155
f 1155 1162 1163 1156
f 1156 1163 1164 1157
f 1157 1164 1165 1158
f 1158 1165 1166 1159
f 1159 1166 1167 1160
f 1160 1167 1168 1161
f 1161 1168 16021 16020
f 983 984 1169 1162
f 1162 1169 1170 1163
f 1163 1170 1171 1164
f 1164 1171 1172 1165
f 1165 1172 1173 1166
f 1166 1173 1174 1167
f 1167 1174 1175 1168
f 1168 1175 16022 16021
f 984 985 1176 1169
f 1169 1176 1177 1170
f 1170 1177 1178 1171
f 1171 1178 1179 1172
f 1172 1179 1180 1173
f 1173 1180 1181 1174
f 1174 1181 1182 1175
f 1175 1182 16023 16022
f 985 986 1183 1176
f 1176 1183 1184 1177
f 1177 1184 1185 1178
f 1178 1185 1186 1179
f 1179 1186 1187 1180
f 1180 1187 1188 1181
f 1181 1188 1189 1182
f 1182 1189 16024 16023
f 986 15027 15026 1183
f 1183 15026 15025 1184
f 1184 15025 15024 1185
f 1185 15024 15023 1186
f 1186 15023 15022 1187
f 1187 15022 15021 1188
f 1188 15021 15020 1189
f 1189 15020 16928 16024
f 1190 1212 1219 1191
f 1191 1219 1220 1192
f 1192 1220 1221 1193
f 1193 1221 1222 1194
f 1194 1222 1223 1195
f 1195 1223 1224 1196
f 1196 1224 1225 1197
f 1197 1225 15553 15552
f 1212 1213 1226 1219
f 1219 1226 1227 1220
f 1220 1227 1228 1221
f 1221 1228 1229 1222
f 1222 1229 1230 1223
f 1223 1230 1231 1224
f 1224 1231 1232 1225
f 1225 1232 15554 15553
f 1213 1214 1233 1226
f 1226 1233 1234 1227
f 1227 1234 1235 1228
f 1228 1235 1236 1229
f 1229 1236 1237 1230
f 1230 1237 1238 1231
f 1231 1238 1239 1232
f 1232 1239 15555 15554
f 1214 1215 1240 1233
f 1233 1240 1241 1234
f 1234 1241 1242 1235
f 1235 1242 1243 1236
f 1236 1243 1244 1237
f 1237 1244 1245 1238
f 1238 1245 1246 1239
f 1239 1246 15556 15555
f 1215 1216 1247 1240
f 1240 1247 1248 1241
f 1241 1248 1249 1242
f 1242 1249 1250 1243
f 1243 1250 1251 1244
f 1244 1251 1252 1245
f 1245 1252 1253 1246
f 1246 1253 15557 15556
f 1216 1217 1254 1247
f 1247 1254 1255 1248
f 1248 1255 1256 1249
f 1249 1256 1257 1250
f 1250 1257 1258 1251
f 1251 1258 1259 1252
f 1252 1259 1260 1253
f 1253 1260 15558 15557
f 1217 1218 1261 1254
f 1254 1261 1262 1255
f 1255 1262 1263 1256
f 1256 1263 1264 1257
f 1257 1264 1265 1258
f 1258 1265 1266 1259
f 1259 1266 1267 1260
f 1260 1267 15559 15558
f 1218 15702 15701 1261
f 1261 15701 15700 1262
f 1262 15700 15699 1263
f 1263 15699 15698 1264
f 1264 15698 15697 1265
f 1265 15697 15696 1266
f 1266 15696 15695 1267
f 1267 15695 16921 15559
f 1190 1191 1268 1198
f 1198 1268 1269 1199
f 1199 1269 1270 1200
f 1200 1270 1271 1201
f 1201 1271 1272 1202
f 1202 1272 1273 1203
f 1203 1273 1274 1204
f 1204 1274 14936 14937
f 1191 1192 1275 1268
f 1268 1275 1276 1269
f 1269 1276 1277 1270
f 1270 1277 1278 1271
f 1271 1278 1279 1272
f 1272 1279 1280 1273
f 1273 1280 1281 1274
f 1274 1281 14935 14936
f 1192 1193 1282 1275
f 1275 1282 1283 1276
f 1276 1283 1284 1277
f 1277 1284 1285 1278
f 1278 1285 1286 1279
f 1279 1286 1287 1280
f 1280 1287 1288 1281
f 1281 1288 14934 14935
f 1193 1194 1289 1282
f 1282 1289 1290 1283
f 1283 1290 1291 1284
f 1284 1291 1292 1285
f 1285 1292 1293 1286
f 1286 1293 1294 1287
f 1287 1294 1295 1288
f 1288 1295 14933 14934
f 1194 1195 1296 1289
f 1289 1296 1297 1290
f 1290 1297 1298 1291
f 1291 1298 1299 1292
f 1292 1299 1300 1293
f 1293 1300 1301 1294
f 1294 1301 1302 1295
f 1295 1302 14932 14933
f 1195 1196 1303 1296
f 1296 1303 1304 1297
f 1297 1304 1305 1298
f 1298 1305 1306 1299
f 1299 1306 1307 1300
f 1300 1307 1308 1301
f 1301 1308 1309 1302
f 1302 1309 14931 14932
f 1196 1197 1310 1303
f 1303 1310 1311 1304
f 1304 1311 1312 1305
f 1305 1312 1313 1306
f 1306 1313 1314 1307
f 1307 1314 1315 1308
f 1308 1315 1316 1309
f 1309 1316 14930 14931
f 1197 15552 15551 1310
f 1310 15551 15550 1311
f 1311 15550 15549 1312
f 1312 15549 15548 1313
f 1313 15548 15547 1314
f 1314 15547 15546 1315
f 1315 15546 15545 1316
f 1316 15545 16907 14930
f 1190 1198 1317 1205
f 1205 1317 1318 1206
f 1206 1318 1319 1207
f 1207 1319 1320 1208
f 1208 1320 1321 1209
f 1209 1321 1322 1210
f 1210 1322 1323 1211
f 1211 1323 15506 15507
f 1198 1199 1324 1317
f 1317 1324 1325 1318
f 1318 1325 1326 1319
f 1319 1326 1327 1320
f 1320 1327 1328 1321
f 1321 1328 1329 1322
f 1322 1329 1330 1323
f 1323 1330 15505 15506
f 1199 1200 1331 1324
f 1324 1331 1332 1325
f 1325 1332 1333 1326
f 1326 1333 1334 1327
f 1327 1334 1335 1328
f 1328 1335 1336 1329
f 1329 1336 1337 1330
f 1330 1337 15504 15505
f 1200 1201 1338 1331
f 1331 1338 1339 1332
f 1332 1339 1340 1333
f 1333 1340 1341 1334
f 1334 1341 1342 1335
f 1335 1342 1343 1336
f 1336 1343 1344 1337
f 1337 1344 15503 15504
f 1201 1202 1345 1338
f 1338 1345 1346 1339
f 1339 1346 1347 1340
f 1340 1347 1348 1341
f 1341 1348 1349 1342
f 1342 1349 1350 1343
f 1343 1350 1351 1344
f 1344 1351 15502 15503
f 1202 1203 1352 1345
f 1345 1352 1353 1346
f 1346 1353 1354 1347
f 1347 1354 1355 1348
f 1348 1355 1356 1349
f 1349 1356 1357 1350
f 1350 1357 1358 1351
f 1351 1358 15501 15502
f 1203 1204 1359 1352
f 1352 1359 1360 1353
f 1353 1360 1361 1354
f 1354 1361 1362 1355
f 1355 1362 1363 1356
f 1356 1363 1364 1357
f 1357 1364 1365 1358
f 1358 1365 15500 15501
f 1204 14937 14938 1359
f 1359 14938 14939 1360
f 1360 14939 14940 1361
f 1361 14940 14941 1362
f 1362 14941 14942 1363
f 1363 14942 14943 1364
f 1364 14943 14944 1365
f 1365 14944 16898 15500
f 1190 1205 1366 1212
f 1212 1366 1367 1213
f 1213 1367 1368 1214
f 1214 1368 1369 1215
f 1215 1369 1370 1216
f 1216 1370 1371 1217
f 1217 1371 1372 1218
f 1218 1372 15703 15702
f 1205 1206 1373 1366
f 1366 1373 1374 1367
f 1367 1374 1375 1368
f 1368 1375 1376 1369
f 1369 1376 1377 1370
f 1370 1377 1378 1371
f 1371 1378 1379 1372
f 1372 1379 15704 15703
f 1206 1207 1380 1373
f 1373 1380 1381 1374
f 1374 1381 1382 1375
f 1375 1382 1383 1376
f 1376 1383 1384 1377
f 1377 1384 1385 1378
f 1378 1385 1386 1379
f 1379 1386 15705 15704
f 1207 1208 1387 1380
f 1380 1387 1388 1381
f 1381 1388 1389 1382
f 1382 1389 1390 1383
f 1383 1390 1391 1384
f 1384 1391 1392 1385
f 1385 1392 1393 1386
f 1386 1393 15706 15705
f 1208 1209 1394 1387
f 1387 1394 1395 1388
f 1388 1395 1396 1389
f 1389 1396 1397 1390
f 1390 1397 1398 1391
f 1391 1398 1399 1392
f 1392 1399 1400 1393
f 1393 1400 15707 15706
f 1209 1210 1401 1394
f 1394 1401 1402 1395
f 1395 1402 1403 1396
f 1396 1403 1404 1397
f 1397 1404 1405 1398
f 1398 1405 1406 1399
f 1399 1406 1407 1400
f 1400 1407 15708 15707
f 1210 1211 1408 1401
f 1401 1408 1409 1402
f 1402 1409 1410 1403
f 1403 1410 1411 1404
f 1404 1411 1412 1405
f 1405 1412 1413 1406
f 1406 1413 1414 1407
f 1407 1414 15709 15708
f 1211 15507 15508 1408
f 1408 15508 15509 1409
f 1409 15509 15510 1410
f 1410 15510 15511 1411
f 1411 15511 15512 1412
f 1412 15512 15513 1413
f 1413 15513 15514 1414
f 1414 15514 16918 15709
f 1415 1437 1444 1416
f 1416 1444 1445 1417
f 1417 1445 1446 1418
f 1418 1446 1447 1419
f 1419 1447 1448 1420
f 1420 1448 1449 1421
f 1421 1449 1450 1422
f 1422 1450 15598 15597
f 1437 1438 1451 1444
f 1444 1451 1452 1445
f 1445 1452 1453 1446
f 1446 1453 1454 1447
f 1447 1454 1455 1448
f 1448 1455 1456 1449
f 1449 1456 1457 1450
f 1450 1457 15599 15598
f 1438 1439 1458 1451
f 1451 1458 1459 1452
f 1452 1459 1460 1453
f 1453 1460 1461 1454
f 1454 1461 1462 1455
f 1455 1462 1463 1456
f 1456 1463 1464 1457
f 1457 1464 15600 15599
f 1439 1440 1465 1458
f 1458 1465 1466 1459
f 1459 1466 1467 1460
f 1460 1467 1468 1461
f 1461 1468 1469 1462
f 1462 1469 1470 1463
f 1463 1470 1471 1464
f 1464 1471 15601 15600
f 1440 1441 1472 1465
f 1465 1472 1473 1466
f 1466 1473 1474 1467
f 1467 1474 1475 1468
f 1468 1475 1476 1469
f 1469 1476 1477 1470
f 1470 1477 1478 1471
f 1471 1478 15602 15601
f 1441 1442 1479 1472
f 1472 1479 1480 1473
f 1473 1480 1481 1474
f 1474 1481 1482 1475
f 1475 1482 1483 1476
f 1476 1483 1484 1477
f 1477 1484 1485 1478
f 1478 1485 15603 15602
f 1442 1443 1486 1479
f 1479 1486 1487 1480
f 1480 1487 1488 1481
f 1481 1488 1489 1482
f 1482 1489 1490 1483
f 1483 1490 1491 1484
f 1484 1491 1492 1485
f 1485 1492 15604 15603
f 1443 15687 15686 1486
f 1486 15686 15685 1487
f 1487 15685 15684 1488
f 1488 15684 15683 1489
f 1489 15683 15682 1490
f 1490 15682 15681 1491
f 1491 15681 15680 1492
f 1492 15680 16924 15604
f 1415 1416 1493 1423
f 1423 1493 1494 1424
f 1424 1494 1495 1425
f 1425 1495 1496 1426
f 1426 1496 1497 1427
f 1427 1497 1498 1428
f 1428 1498 1499 1429
f 1429 1499 15101 15102
f 1416 1417 1500 1493
f 1493 1500 1501 1494
f 1494 1501 1502 1495
f 1495 1502 1503 1496
f 1496 1503 1504 1497
f 1497 1504 1505 1498
f 1498 1505 1506 1499
f 1499 1506 15100 15101
f 1417 1418 1507 1500
f 1500 1507 1508 1501
f 1501 1508 1509 1502
f 1502 1509 1510 1503
f 1503 1510 1511 1504
f 1504 1511 1512 1505
f 1505 1512 1513 1506
f 1506 1513 15099 15100
f 1418 1419 1514 1507
f 1507 1514 1515 1508
f 1508 1515 1516 1509
f 1509 1516 1517 1510
f 1510 1517 1518 1511
f 1511 1518 1519 1512
f 1512 1519 1520 1513
f 1513 1520 15098 15099
f 1419 1420 1521 1514
f 1514 1521 1522 1515
f 1515 1522 1523 1516
f 1516 1523 1524 1517
f 1517 1524 1525 1518
f 1518 1525 1526 1519
f 1519 1526 1527 1520
f 1520 1527 15097 15098
f 1420 1421 1528 1521
f 1521 1528 1529 1522
f 1522 1529 1530 1523
f 1523 1530 1531 1524
f 1524 1531 1532 1525
f 1525 1532 1533 1526
f 1526 1533 1534 1527
f 1527 1534 15096 15097
f 1421 1422 1535 1528
f 1528 1535 1536 1529
f 1529 1536 1537 1530
f 1530 1537 1538 1531
f 1531 1538 1539 1532
f 1532 1539 1540 1533
f 1533 1540 1541 1534
f 1534 1541 15095 15096
f 1422 15597 15596 1535
f 1535 15596 15595 1536
f 1536 15595 15594 1537
f 1537 15594 15593 1538
f 1538 15593 15592 1539
f 1539 15592 15591 1540
f 1540 15591 15590 1541
f 1541 15590 16911 15095
f 1415 1423 1542 1430
f 1430 1542 1543 1431
f 1431 1543 1544 1432
f 1432 1544 1545 1433
f 1433 1545 1546 1434
f 1434 1546 1547 1435
f 1435 1547 1548 1436
f 1436 1548 15521 15522
f 1423 1424 1549 1542
f 1542 1549 1550 1543
f 1543 1550 1551 1544
f 1544 1551 1552 1545
f 1545 1552 1553 1546
f 1546 1553 1554 1547
f 1547 1554 1555 1548
f 1548 1555 15520 15521
f 1424 1425 1556 1549
f 1549 1556 1557 1550
f 1550 1557 1558 1551
f 1551 1558 1559 1552
f 1552 1559 1560 1553
f 1553 1560 1561 1554
f 1554 1561 1562 1555
f 1555 1562 15519 15520
f 1425 1426 1563 1556
f 1556 1563 1564 1557
f 1557 1564 1565 1558
f 1558 1565 1566 1559
f 1559 1566 1567 1560
f 1560 1567 1568 1561
f 1561 1568 1569 1562
f 1562 1569 15518 15519
f 1426 1427 1570 1563
f 1563 1570 1571 1564
f 1564 1571 1572 1565
f 1565 1572 1573 1566
f 1566 1573 1574 1567
f 1567 1574 1575 1568
f 1568 1575 1576 1569
f 1569 1576 15517 15518
f 1427 1428 1577 1570
f 1570 1577 1578 1571
f 1571 1578 1579 1572
f 1572 1579 1580 1573
f 1573 1580 1581 1574
f 1574 1581 1582 1575
f 1575 1582 1583 1576
f 1576 1583 15516 15517
f 1428 1429 1584 1577
f 1577 1584 1585 1578
f 1578 1585 1586 1579
f 1579 1586 1587 1580
f 1580 1587 1588 1581
f 1581 1588 1589 1582
f 1582 1589 1590 1583
f 1583 1590 15515 15516
f 1429 15102 15103 1584
f 1584 15103 15104 1585
f 1585 15104 15105 1586
f 1586 15105 15106 1587
f 1587 15106 15107 1588
f 1588 15107 15108 1589
f 1589 15108 15109 1590
f 1590 15109 16903 15515
f 1415 1430 1591 1437
f 1437 1591 1592 1438
f 1438 1592 1593 1439
f 1439 1593 1594 1440
f 1440 1594 1595 1441
f 1441 1595 1596 1442
f 1442 1596 1597 1443
f 1443 1597 15688 15687
f 1430 1431 1598 1591
f 1591 1598 1599 1592
f 1592 1599 1600 1593
f 1593 1600 1601 1594
f 1594 1601 1602 1595
f 1595 1602 1603 1596
f 1596 1603 1604 1597
f 1597 1604 15689 15688
f 1431 1432 1605 1598
f 1598 1605 1606 1599
f 1599 1606 1607 1600
f 1600 1607 1608 1601
f 1601 1608 1609 1602
f 1602 1609 1610 1603
f 1603 1610 1611 1604
f 1604 1611 15690 15689
f 1432 1433 1612 1605
f 1605 1612 1613 1606
f 1606 1613 1614 1607
f 1607 1614 1615 1608
f 1608 1615 1616 1609
f 1609 1616 1617 1610
f 1610 1617 1618 1611
f 1611 1618 15691 15690
f 1433 1434 1619 1612
f 1612 1619 1620 1613
f 1613 1620 1621 1614
f 1614 1621 1622 1615
f 1615 1622 1623 1616
f 1616 1623 1624 1617
f 1617 1624 1625 1618
f 1618 1625 15692 15691
f 1434 1435 1626 1619
f 1619 1626 1627 1620
f 1620 1627 1628 1621
f 1621 1628 1629 1622
f 1622 1629 1630 1623
f 1623 1630 1631 1624
f 1624 1631 1632 1625
f 1625 1632 15693 15692
f 1435 1436 1633 1626
f 1626 1633 1634 1627
f 1627 1634 1635 1628
f 1628 1635 1636 1629
f 1629 1636 1637 1630
f 1630 1637 1638 1631
f 1631 1638 1639 1632
f 1632 1639 15694 15693
f 1436 15522 15523 1633
f 1633 15523 15524 1634
f 1634 15524 15525 1635
f 1635 15525 15526 1636
f 1636 15526 15527 1637
f 1637 15527 15528 1638
f 1638 15528 15529 1639
f 1639 15529 16919 15694
f 1640 1662 1669 1641
f 1641 1669 1670 1642
f 1642 1670 1671 1643
f 1643 1671 1672 1644
f 1644 1672 1673 1645
f 1645 1673 1674 1646
f 1646 1674 1675 1647
f 1647 1675 15898 15897
f 1662 1663 1676 1669
f 1669 1676 1677 1670
f 1670 1677 1678 1671
f 1671 1678 1679 1672
f 1672 1679 1680 1673
f 1673 1680 1681 1674
f 1674 1681 1682 1675
f 1675 1682 15899 15898
f 1663 1664 1683 1676
f 1676 1683 1684 1677
f 1677 1684 1685 1678
f 1678 1685 1686 1679
f 1679 1686 1687 1680
f 1680 1687 1688 1681
f 1681 1688 1689 1682
f 1682 1689 15900 15899
f 1664 1665 1690 1683
f 1683 1690 1691 1684
f 1684 1691 1692 1685
f 1685 1692 1693 1686
f 1686 1693 1694 1687
f 1687 1694 1695 1688
f 1688 1695 1696 1689
f 1689 1696 15901 15900
f 1665 1666 1697 1690
f 1690 1697 1698 1691
f 1691 1698 1699 1692
f 1692 1699 1700 1693
f 1693 1700 1701 1694
f 1694 1701 1702 1695
f 1695 1702 1703 1696
f 1696 1703 15902 15901
f 1666 1667 1704 1697
f 1697 1704 1705 1698
f 1698 1705 1706 1699
f 1699 1706 1707 1700
f 1700 1707 1708 1701
f 1701 1708 1709 1702
f 1702 1709 1710 1703
f 1703 1710 15903 15902
f 1667 1668 1711 1704
f 1704 1711 1712 1705
f 1705 1712 1713 1706
f 1706 1713 1714 1707
f 1707 1714 1715 1708
f 1708 1715 1716 1709
f 1709 1716 1717 1710
f 1710 1717 15904 15903
f 1668 16002 16001 1711
f 1711 16001 16000 1712
f 1712 16000 15999 1713
f 1713 15999 15998 1714
f 1714 15998 15997 1715
f 1715 15997 15996 1716
f 1716 15996 15995 1717
f 1717 15995 16934 15904
f 1640 1641 1718 1648
f 1648 1718 1719 1649
f 1649 1719 1720 1650
f 1650 1720 1721 1651
f 1651 1721 1722 1652
f 1652 1722 1723 1653
f 1653 1723 1724 1654
f 1654 1724 15146 15147
f 1641 1642 1725 1718
f 1718 1725 1726 1719
f 1719 1726 1727 1720
f 1720 1727 1728 1721
f 1721 1728 1729 1722
f 1722 1729 1730 1723
f 1723 1730 1731 1724
f 1724 1731 15145 15146
f 1642 1643 1732 1725
f 1725 1732 1733 1726
f 1726 1733 1734 1727
f 1727 1734 1735 1728
f 1728 1735 1736 1729
f 1729 1736 1737 1730
f 1730 1737 1738 1731
f 1731 1738 15144 15145
f 1643 1644 1739 1732
f 1732 1739 1740 1733
f 1733 1740 1741 1734
f 1734 1741 1742 1735
f 1735 1742 1743 1736
f 1736 1743 1744 1737
f 1737 1744 1745 1738
f 1738 1745 15143 15144
f 1644 1645 1746 1739
f 1739 1746 1747 1740
f 1740 1747 1748 1741
f 1741 1748 1749 1742
f 1742 1749 1750 1743
f 1743 1750 1751 1744
f 1744 1751 1752 1745
f 1745 1752 15142 15143
f 1645 1646 1753 1746
f 1746 1753 1754 1747
f 1747 1754 1755 1748
f 1748 1755 1756 1749
f 1749 1756 1757 1750
f 1750 1757 1758 1751
f 1751 1758 1759 1752
f 1752 1759 15141 15142
f 1646 1647 1760 1753
f 1753 1760 1761 1754
f 1754 1761 1762 1755
f 1755 1762 1763 1756
f 1756 1763 1764 1757
f 1757 1764 1765 1758
f 1758 1765 1766 1759
f 1759 1766 15140 15141
f 1647 15897 15896 1760
f 1760 15896 15895 1761
f 1761 15895 15894 1762
f 1762 15894 15893 1763
f 1763 15893 15892 1764
f 1764 15892 15891 1765
f 1765 15891 15890 1766
f 1766 15890 16914 15140
f 1640 1648 1767 1655
f 1655 1767 1768 1656
f 1656 1768 1769 1657
f 1657 1769 1770 1658
f 1658 1770 1771 1659
f 1659 1771 1772 1660
f 1660 1772 1773 1661
f 1661 1773 15866 15867
f 1648 1649 1774 1767
f 1767 1774 1775 1768
f 1768 1775 1776 1769
f 1769 1776 1777 1770
f 1770 1777 1778 1771
f 1771 1778 1779 1772
f 1772 1779 1780 1773
f 1773 1780 15865 15866
f 1649 1650 1781 1774
f 1774 1781 1782 1775
f 1775 1782 1783 1776
f 1776 1783 1784 1777
f 1777 1784 1785 1778
f 1778 1785 1786 1779
f 1779 1786 1787 1780
f 1780 1787 15864 15865
f 1650 1651 1788 1781
f 1781 1788 1789 1782
f 1782 1789 1790 1783
f 1783 1790 1791 1784
f 1784 1791 1792 1785
f 1785 1792 1793 1786
f 1786 1793 1794 1787
f 1787 1794 15863 15864
f 1651 1652 1795 1788
f 1788 1795 1796 1789
f 1789 1796 1797 1790
f 1790 1797 1798 1791
f 1791 1798 1799 1792
f 1792 1799 1800 1793
f 1793 1800 1801 1794
f 1794 1801 15862 15863
f 1652 1653 1802 1795
f 1795 1802 1803 1796
f 1796 1803 1804 1797
f 1797 1804 1805 1798
f 1798 1805 1806 1799
f 1799 1806 1807 1800
f 1800 1807 1808 1801
f 1801 1808 15861 15862
f 1653 1654 1809 1802
f 1802 1809 1810 1803
f 1803 1810 1811 1804
f 1804 1811 1812 1805
f 1805 1812 1813 1806
f 1806 1813 1814 1807
f 1807 1814 1815 1808
f 1808 1815 15860 15861
f 1654 15147 15148 1809
f 1809 15148 15149 1810
f 1810 15149 15150 1811
f 1811 15150 15151 1812
f 1812 15151 15152 1813
f 1813 15152 15153 1814
f 1814 15153 15154 1815
f 1815 15154 16906 15860
f 1640 1655 1816 1662
f 1662 1816 1817 1663
f 1663 1817 1818 1664
f 1664 1818 1819 1665
f 1665 1819 1820 1666
f 1666 1820 1821 1667
f 1667 1821 1822 1668
f 1668 1822 16003 16002
f 1655 1656 1823 1816
f 1816 1823 1824 1817
f 1817 1824 1825 1818
f 1818 1825 1826 1819
f 1819 1826 1827 1820
f 1820 1827 1828 1821
f 1821 1828 1829 1822
f 1822 1829 16004 16003
f 1656 1657 1830 1823
f 1823 1830 1831 1824
f 1824 1831 1832 1825
f 1825 1832 1833 1826
f 1826 1833 1834 1827
f 1827 1834 1835 1828
f 1828 1835 1836 1829
f 1829 1836 16005 16004
f 1657 1658 1837 1830
f 1830 1837 1838 1831
f 1831 1838 1839 1832
f 1832 1839 1840 1833
f 1833 1840 1841 1834
f 1834 1841 1842 1835
f 1835 1842 1843 1836
f 1836 1843 16006 16005
f 1658 1659 1844 1837
f 1837 1844 1845 1838
f 1838 1845 1846 1839
f 1839 1846 1847 1840
f 1840 1847 1848 1841
f 1841 1848 1849 1842
f 1842 1849 1850 1843
f 1843 1850 16007 16006
f 1659 1660 1851 1844
f 1844 1851 1852 1845
f 1845 1852 1853 1846
f 1846 1853 1854 1847
f 1847 1854 1855 1848
f 1848 1855 1856 1849
f 1849 1856 1857 1850
f 1850 1857 16008 16007
f 1660 1661 1858 1851
f 1851 1858 1859 1852
f 1852 1859 1860 1853
f 1853 1860 1861 1854
f 1854 1861 1862 1855
f 1855 1862 1863 1856
f 1856 1863 1864 1857
f 1857 1864 16009 16008
f 1661 15867 15868 1858
f 1858 15868 15869 1859
f 1859 15869 15870 1860
f 1860 15870 15871 1861
f 1861 15871 15872 1862
f 1862 15872 15873 1863
f 1863 15873 15874 1864
f 1864 15874 16932 16009
f 1865 1887 1894 1866
f 1866 1894 1895 1867
f 1867 1895 1896 1868
f 1868 1896 1897 1869
f 1869 1897 1898 1870
f 1870 1898 1899 1871
f 1871 1899 1900 1872
f 1872 1900 16843 16842
f 1887 1888 1901 1894
f 1894 1901 1902 1895
f 1895 1902 1903 1896
f 1896 1903 1904 1897
f 1897 1904 1905 1898
f 1898 1905 1906 1899
f 1899 1906 1907 1900
f 1900 1907 16844 16843
f 1888 1889 1908 1901
f 1901 1908 1909 1902
f 1902 1909 1910 1903
f 1903 1910 1911 1904
f 1904 1911 1912 1905
f 1905 1912 1913 1906
f 1906 1913 1914 1907
f 1907 1914 16845 16844
f 1889 1890 1915 1908
f 1908 1915 1916 1909
f 1909 1916 1917 1910
f 1910 1917 1918 1911
f 1911 1918 1919 1912
f 1912 1919 1920 1913
f 1913 1920 1921 1914
f 1914 1921 16846 16845
f 1890 1891 1922 1915
f 1915 1922 1923 1916
f 1916 1923 1924 1917
f 1917 1924 1925 1918
f 1918 1925 1926 1919
f 1919 1926 1927 1920
f 1920 1927 1928 1921
f 1921 1928 16847 16846
f 1891 1892 1929 1922
f 1922 1929 1930 1923
f 1923 1930 1931 1924
f 1924 1931 1932 1925
f 1925 1932 1933 1926
f 1926 1933 1934 1927
f 1927 1934 1935 1928
f 1928 1935 16848 16847
f 1892 1893 1936 1929
f 1929 1936 1937 1930
f 1930 1937 1938 1931
f 1931 1938 1939 1932
f 1932 1939 1940 1933
f 1933 1940 1941 1934
f 1934 1941 1942 1935
f 1935 1942 16849 16848
f 1893 15417 15416 1936
f 1936 15416 15415 1937
f 1937 15415 15414 1938
f 1938 15414 15413 1939
f 1939 15413 15412 1940
f 1940 15412 15411 1941
f 1941 15411 15410 1942
f 1942 15410 16953 16849
f 1865 1866 1943 1873
f 1873 1943 1944 1874
f 1874 1944 1945 1875
f 1875 1945 1946 1876
f 1876 1946 1947 1877
f 1877 1947 1948 1878
f 1878 1948 1949 1879
f 1879 1949 15191 15192
f 1866 1867 1950 1943
f 1943 1950 1951 1944
f 1944 1951 1952 1945
f 1945 1952 1953 1946
f 1946 1953 1954 1947
f 1947 1954 1955 1948
f 1948 1955 1956 1949
f 1949 1956 15190 15191
f 1867 1868 1957 1950
f 1950 1957 1958 1951
f 1951 1958 1959 1952
f 1952 1959 1960 1953
f 1953 1960 1961 1954
f 1954 1961 1962 1955
f 1955 1962 1963 1956
f 1956 1963 15189 15190
f 1868 1869 1964 1957
f 1957 1964 1965 1958
f 1958 1965 1966 1959
f 1959 1966 1967 1960
f 1960 1967 1968 1961
f 1961 1968 1969 1962
f 1962 1969 1970 1963
f 1963 1970 15188 15189
f 1869 1870 1971 1964
f 1964 1971 1972 1965
f 1965 1972 1973 1966
f 1966 1973 1974 1967
f 1967 1974 1975 1968
f 1968 1975 1976 1969
f 1969 1976 1977 1970
f 1970 1977 15187 15188
f 1870 1871 1978 1971
f 1971 1978 1979 1972
f 1972 1979 1980 1973
f 1973 1980 1981 1974
f 1974 1981 1982 1975
f 1975 1982 1983 1976
f 1976 1983 1984 1977
f 1977 1984 15186 15187
f 1871 1872 1985 1978
f 1978 1985 1986 1979
f 1979 1986 1987 1980
f 1980 1987 1988 1981
f 1981 1988 1989 1982
f 1982 1989 1990 1983
f 1983 1990 1991 1984
f 1984 1991 15185 15186
f 1872 16842 16841 1985
f 1985 16841 16840 1986
f 1986 16840 16839 1987
f 1987 16839 16838 1988
f 1988 16838 16837 1989
f 1989 16837 16836 1990
f 1990 16836 16835 1991
f 1991 16835 16951 15185
f 1865 1873 1992 1880
f 1880 1992 1993 1881
f 1881 1993 1994 1882
f 1882 1994 1995 1883
f 1883 1995 1996 1884
f 1884 1996 1997 1885
f 1885 1997 1998 1886
f 1886 1998 15148 15147
f 1873 1874 1999 1992
f 1992 1999 2000 1993
f 1993 2000 2001 1994
f 1994 2001 2002 1995
f 1995 2002 2003 1996
f 1996 2003 2004 1997
f 1997 2004 2005 1998
f 1998 2005 15149 15148
f 1874 1875 2006 1999
f 1999 2006 2007 2000
f 2000 2007 2008 2001
f 2001 2008 2009 2002
f 2002 2009 2010 2003
f 2003 2010 2011 2004
f 2004 2011 2012 2005
f 2005 2012 15150 15149
f 1875 1876 2013 2006
f 2006 2013 2014 2007
f 2007 2014 2015 2008
f 2008 2015 2016 2009
f 2009 2016 2017 2010
f 2010 2017 2018 2011
f 2011 2018 2019 2012
f 2012 2019 15151 15150
f 1876 1877 2020 2013
f 2013 2020 2021 2014
f 2014 2021 2022 2015
f 2015 2022 2023 2016
f 2016 2023 2024 2017
f 2017 2024 2025 2018
f 2018 2025 2026 2019
f 2019 2026 15152 15151
f 1877 1878 2027 2020
f 2020 2027 2028 2021
f 2021 2028 2029 2022
f 2022 2029 2030 2023
f 2023 2030 2031 2024
f 2024 2031 2032 2025
f 2025 2032 2033 2026
f 2026 2033 15153 15152
f 1878 1879 2034 2027
f 2027 2034 2035 2028
f 2028 2035 2036 2029
f 2029 2036 2037 2030
f 2030 2037 2038 2031
f 2031 2038 2039 2032
f 2032 2039 2040 2033
f 2033 2040 15154 15153
f 1879 15192 15193 2034
f 2034 15193 15194 2035
f 2035 15194 15195 2036
f 2036 15195 15196 2037
f 2037 15196 15197 2038
f 2038 15197 15198 2039
f 2039 15198 15199 2040
f 2040 15199 16906 15154
f 1865 1880 2041 1887
f 1887 2041 2042 1888
f 1888 2042 2043 1889
f 1889 2043 2044 1890
f 1890 2044 2045 1891
f 1891 2045 2046 1892
f 1892 2046 2047 1893
f 1893 2047 15418 15417
f 1880 1881 2048 2041
f 2041 2048 2049 2042
f 2042 2049 2050 2043
f 2043 2050 2051 2044
f 2044 2051 2052 2045
f 2045 2052 2053 2046
f 2046 2053 2054 2047
f 2047 2054 15419 15418
f 1881 1882 2055 2048
f 2048 2055 2056 2049
f 2049 2056 2057 2050
f 2050 2057 2058 2051
f 2051 2058 2059 2052
f 2052 2059 2060 2053
f 2053 2060 2061 2054
f 2054 2061 15420 15419
f 1882 1883 2062 2055
f 2055 2062 2063 2056
f 2056 2063 2064 2057
f 2057 2064 2065 2058
f 2058 2065 2066 2059
f 2059 2066 2067 2060
f 2060 2067 2068 2061
f 2061 2068 15421 15420
f 1883 1884 2069 2062
f 2062 2069 2070 2063
f 2063 2070 2071 2064
f 2064 2071 2072 2065
f 2065 2072 2073 2066
f 2066 2073 2074 2067
f 2067 2074 2075 2068
f 2068 2075 15422 15421
f 1884 1885 2076 2069
f 2069 2076 2077 2070
f 2070 2077 2078 2071
f 2071 2078 2079 2072
f 2072 2079 2080 2073
f 2073 2080 2081 2074
f 2074 2081 2082 2075
f 2075 2082 15423 15422
f 1885 1886 2083 2076
f 2076 2083 2084 2077
f 2077 2084 2085 2078
f 2078 2085 2086 2079
f 2079 2086 2087 2080
f 2080 2087 2088 2081
f 2081 2088 2089 2082
f 2082 2089 15424 15423
f 1886 15147 15146 2083
f 2083 15146 15145 2084
f 2084 15145 15144 2085
f 2085 15144 15143 2086
f 2086 15143 15142 2087
f 2087 15142 15141 2088
f 2088 15141 15140 2089
f 2089 15140 16914 15424
f 2090 2112 2119 2091
f 2091 2119 2120 2092
f 2092 2120 2121 2093
f 2093 2121 2122 2094
f 2094 2122 2123 2095
f 2095 2123 2124 2096
f 2096 2124 2125 2097
f 2097 2125 16648 16647
f 2112 2113 2126 2119
f 2119 2126 2127 2120
f 2120 2127 2128 2121
f 2121 2128 2129 2122
f 2122 2129 2130 2123
f 2123 2130 2131 2124
f 2124 2131 2132 2125
f 2125 2132 16649 16648
f 2113 2114 2133 2126
f 2126 2133 2134 2127
f 2127 2134 2135 2128
f 2128 2135 2136 2129
f 2129 2136 2137 2130
f 2130 2137 2138 2131
f 2131 2138 2139 2132
f 2132 2139 16650 16649
f 2114 2115 2140 2133
f 2133 2140 2141 2134
f 2134 2141 2142 2135
f 2135 2142 2143 2136
f 2136 2143 2144 2137
f 2137 2144 2145 2138
f 2138 2145 2146 2139
f 2139 2146 16651 16650
f 2115 2116 2147 2140
f 2140 2147 2148 2141
f 2141 2148 2149 2142
f 2142 2149 2150 2143
f 2143 2150 2151 2144
f 2144 2151 2152 2145
f 2145 2152 2153 2146
f 2146 2153 16652 16651
f 2116 2117 2154 2147
f 2147 2154 2155 2148
f 2148 2155 2156 2149
f 2149 2156 2157 2150
f 2150 2157 2158 2151
f 2151 2158 2159 2152
f 2152 2159 2160 2153
f 2153 2160 16653 16652
f 2117 2118 2161 2154
f 2154 2161 2162 2155
f 2155 2162 2163 2156
f 2156 2163 2164 2157
f 2157 2164 2165 2158
f 2158 2165 2166 2159
f 2159 2166 2167 2160
f 2160 2167 16654 16653
f 2118 16827 16826 2161
f 2161 16826 16825 2162
f 2162 16825 16824 2163
f 2163 16824 16823 2164
f 2164 16823 16822 2165
f 2165 16822 16821 2166
f 2166 16821 16820 2167
f 2167 16820 16960 16654
f 2090 2091 2168 2098
f 2098 2168 2169 2099
f 2099 2169 2170 2100
f 2100 2170 2171 2101
f 2101 2171 2172 2102
f 2102 2172 2173 2103
f 2103 2173 2174 2104
f 2104 2174 15116 15117
f 2091 2092 2175 2168
f 2168 2175 2176 2169
f 2169 2176 2177 2170
f 2170 2177 2178 2171
f 2171 2178 2179 2172
f 2172 2179 2180 2173
f 2173 2180 2181 2174
f 2174 2181 15115 15116
f 2092 2093 2182 2175
f 2175 2182 2183 2176
f 2176 2183 2184 2177
f 2177 2184 2185 2178
f 2178 2185 2186 2179
f 2179 2186 2187 2180
f 2180 2187 2188 2181
f 2181 2188 15114 15115
f 2093 2094 2189 2182
f 2182 2189 2190 2183
f 2183 2190 2191 2184
f 2184 2191 2192 2185
f 2185 2192 2193 2186
f 2186 2193 2194 2187
f 2187 2194 2195 2188
f 2188 2195 15113 15114
f 2094 2095 2196 2189
f 2189 2196 2197 2190
f 2190 2197 2198 2191
f 2191 2198 2199 2192
f 2192 2199 2200 2193
f 2193 2200 2201 2194
f 2194 2201 2202 2195
f 2195 2202 15112 15113
f 2095 2096 2203 2196
f 2196 2203 2204 2197
f 2197 2204 2205 2198
f 2198 2205 2206 2199
f 2199 2206 2207 2200
f 2200 2207 2208 2201
f 2201 2208 2209 2202
f 2202 2209 15111 15112
f 2096 2097 2210 2203
f 2203 2210 2211 2204
f 2204 2211 2212 2205
f 2205 2212 2213 2206
f 2206 2213 2214 2207
f 2207 2214 2215 2208
f 2208 2215 2216 2209
f 2209 2216 15110 15111
f 2097 16647 16646 2210
f 2210 16646 16645 2211
f 2211 16645 16644 2212
f 2212 16644 16643 2213
f 2213 16643 16642 2214
f 2214 16642 16641 2215
f 2215 16641 16640 2216
f 2216 16640 16912 15110
f 2090 2098 2217 2105
f 2105 2217 2218 2106
f 2106 2218 2219 2107
f 2107 2219 2220 2108
f 2108 2220 2221 2109
f 2109 2221 2222 2110
f 2110 2222 2223 2111
f 2111 2223 16616 16617
f 2098 2099 2224 2217
f 2217 2224 2225 2218
f 2218 2225 2226 2219
f 2219 2226 2227 2220
f 2220 2227 2228 2221
f 2221 2228 2229 2222
f 2222 2229 2230 2223
f 2223 2230 16615 16616
f 2099 2100 2231 2224
f 2224 2231 2232 2225
f 2225 2232 2233 2226
f 2226 2233 2234 2227
f 2227 2234 2235 2228
f 2228 2235 2236 2229
f 2229 2236 2237 2230
f 2230 2237 16614 16615
f 2100 2101 2238 2231
f 2231 2238 2239 2232
f 2232 2239 2240 2233
f 2233 2240 2241 2234
f 2234 2241 2242 2235
f 2235 2242 2243 2236
f 2236 2243 2244 2237
f 2237 2244 16613 16614
f 2101 2102 2245 2238
f 2238 2245 2246 2239
f 2239 2246 2247 2240
f 2240 2247 2248 2241
f 2241 2248 2249 2242
f 2242 2249 2250 2243
f 2243 2250 2251 2244
f 2244 2251 16612 16613
f 2102 2103 2252 2245
f 2245 2252 2253 2246
f 2246 2253 2254 2247
f 2247 2254 2255 2248
f 2248 2255 2256 2249
f 2249 2256 2257 2250
f 2250 2257 2258 2251
f 2251 2258 16611 16612
f 2103 2104 2259 2252
f 2252 2259 2260 2253
f 2253 2260 2261 2254
f 2254 2261 2262 2255
f 2255 2262 2263 2256
f 2256 2263 2264 2257
f 2257 2264 2265 2258
f 2258 2265 16610 16611
f 2104 15117 15118 2259
f 2259 15118 15119 2260
f 2260 15119 15120 2261
f 2261 15120 15121 2262
f 2262 15121 15122 2263
f 2263 15122 15123 2264
f 2264 15123 15124 2265
f 2265 15124 16904 16610
f 2090 2105 2266 2112
f 2112 2266 2267 2113
f 2113 2267 2268 2114
f 2114 2268 2269 2115
f 2115 2269 2270 2116
f 2116 2270 2271 2117
f 2117 2271 2272 2118
f 2118 2272 16828 16827
f 2105 2106 2273 2266
f 2266 2273 2274 2267
f 2267 2274 2275 2268
f 2268 2275 2276 2269
f 2269 2276 2277 2270
f 2270 2277 2278 2271
f 2271 2278 2279 2272
f 2272 2279 16829 16828
f 2106 2107 2280 2273
f 2273 2280 2281 2274
f 2274 2281 2282 2275
f 2275 2282 2283 2276
f 2276 2283 2284 2277
f 2277 2284 2285 2278
f 2278 2285 2286 2279
f 2279 2286 16830 16829
f 2107 2108 2287 2280
f 2280 2287 2288 2281
f 2281 2288 2289 2282
f 2282 2289 2290 2283
f 2283 2290 2291 2284
f 2284 2291 2292 2285
f 2285 2292 2293 2286
f 2286 2293 16831 16830
f 2108 2109 2294 2287
f 2287 2294 2295 2288
f 2288 2295 2296 2289
f 2289 2296 2297 2290
f 2290 2297 2298 2291
f 2291 2298 2299 2292
f 2292 2299 2300 2293
f 2293 2300 16832 16831
f 2109 2110 2301 2294
f 2294 2301 2302 2295
f 2295 2302 2303 2296
f 2296 2303 2304 2297
f 2297 2304 2305 2298
f 2298 2305 2306 2299
f 2299 2306 2307 2300
f 2300 2307 16833 16832
f 2110 2111 2308 2301
f 2301 2308 2309 2302
f 2302 2309 2310 2303
f 2303 2310 2311 2304
f 2304 2311 2312 2305
f 2305 2312 2313 2306
f 2306 2313 2314 2307
f 2307 2314 16834 16833
f 2111 16617 16618 2308
f 2308 16618 16619 2309
f 2309 16619 16620 2310
f 2310 16620 16621 2311
f 2311 16621 16622 2312
f 2312 16622 16623 2313
f 2313 16623 16624 2314
f 2314 16624 16958 16834
f 2315 2337 2344 2316
f 2316 2344 2345 2317
f 2317 2345 2346 2318
f 2318 2346 2347 2319
f 2319 2347 2348 2320
f 2320 2348 2349 2321
f 2321 2349 2350 2322
f 2322 2350 15523 15522
f 2337 2338 2351 2344
f 2344 2351 2352 2345
f 2345 2352 2353 2346
f 2346 2353 2354 2347
f 2347 2354 2355 2348
f 2348 2355 2356 2349
f 2349 2356 2357 2350
f 2350 2357 15524 15523
f 2338 2339 2358 2351
f 2351 2358 2359 2352
f 2352 2359 2360 2353
f 2353 2360 2361 2354
f 2354 2361 2362 2355
f 2355 2362 2363 2356
f 2356 2363 2364 2357
f 2357 2364 15525 15524
f 2339 2340 2365 2358
f 2358 2365 2366 2359
f 2359 2366 2367 2360
f 2360 2367 2368 2361
f 2361 2368 2369 2362
f 2362 2369 2370 2363
f 2363 2370 2371 2364
f 2364 2371 15526 15525
f 2340 2341 2372 2365
f 2365 2372 2373 2366
f 2366 2373 2374 2367
f 2367 2374 2375 2368
f 2368 2375 2376 2369
f 2369 2376 2377 2370
f 2370 2377 2378 2371
f 2371 2378 15527 15526
f 2341 2342 2379 2372
f 2372 2379 2380 2373
f 2373 2380 2381 2374
f 2374 2381 2382 2375
f 2375 2382 2383 2376
f 2376 2383 2384 2377
f 2377 2384 2385 2378
f 2378 2385 15528 15527
f 2342 2343 2386 2379
f 2379 2386 2387 2380
f 2380 2387 2388 2381
f 2381 2388 2389 2382
f 2382 2389 2390 2383
f 2383 2390 2391 2384
f 2384 2391 2392 2385
f 2385 2392 15529 15528
f 2343 15657 15656 2386
f 2386 15656 15655 2387
f 2387 15655 15654 2388
f 2388 15654 15653 2389
f 2389 15653 15652 2390
f 2390 15652 15651 2391
f 2391 15651 15650 2392
f 2392 15650 16919 15529
f 2315 2316 2393 2323
f 2323 2393 2394 2324
f 2324 2394 2395 2325
f 2325 2395 2396 2326
f 2326 2396 2397 2327
f 2327 2397 2398 2328
f 2328 2398 2399 2329
f 2329 2399 15221 15222
f 2316 2317 2400 2393
f 2393 2400 2401 2394
f 2394 2401 2402 2395
f 2395 2402 2403 2396
f 2396 2403 2404 2397
f 2397 2404 2405 2398
f 2398 2405 2406 2399
f 2399 2406 15220 15221
f 2317 2318 2407 2400
f 2400 2407 2408 2401
f 2401 2408 2409 2402
f 2402 2409 2410 2403
f 2403 2410 2411 2404
f 2404 2411 2412 2405
f 2405 2412 2413 2406
f 2406 2413 15219 15220
f 2318 2319 2414 2407
f 2407 2414 2415 2408
f 2408 2415 2416 2409
f 2409 2416 2417 2410
f 2410 2417 2418 2411
f 2411 2418 2419 2412
f 2412 2419 2420 2413
f 2413 2420 15218 15219
f 2319 2320 2421 2414
f 2414 2421 2422 2415
f 2415 2422 2423 2416
f 2416 2423 2424 2417
f 2417 2424 2425 2418
f 2418 2425 2426 2419
f 2419 2426 2427 2420
f 2420 2427 15217 15218
f 2320 2321 2428 2421
f 2421 2428 2429 2422
f 2422 2429 2430 2423
f 2423 2430 2431 2424
f 2424 2431 2432 2425
f 2425 2432 2433 2426
f 2426 2433 2434 2427
f 2427 2434 15216 15217
f 2321 2322 2435 2428
f 2428 2435 2436 2429
f 2429 2436 2437 2430
f 2430 2437 2438 2431
f 2431 2438 2439 2432
f 2432 2439 2440 2433
f 2433 2440 2441 2434
f 2434 2441 15215 15216
f 2322 15522 15521 2435
f 2435 15521 15520 2436
f 2436 15520 15519 2437
f 2437 15519 15518 2438
f 2438 15518 15517 2439
f 2439 15517 15516 2440
f 2440 15516 15515 2441
f 2441 15515 16903 15215
f 2315 2323 2442 2330
f 2330 2442 2443 2331
f 2331 2443 2444 2332
f 2332 2444 2445 2333
f 2333 2445 2446 2334
f 2334 2446 2447 2335
f 2335 2447 2448 2336
f 2336 2448 15551 15552
f 2323 2324 2449 2442
f 2442 2449 2450 2443
f 2443 2450 2451 2444
f 2444 2451 2452 2445
f 2445 2452 2453 2446
f 2446 2453 2454 2447
f 2447 2454 2455 2448
f 2448 2455 15550 15551
f 2324 2325 2456 2449
f 2449 2456 2457 2450
f 2450 2457 2458 2451
f 2451 2458 2459 2452
f 2452 2459 2460 2453
f 2453 2460 2461 2454
f 2454 2461 2462 2455
f 2455 2462 15549 15550
f 2325 2326 2463 2456
f 2456 2463 2464 2457
f 2457 2464 2465 2458
f 2458 2465 2466 2459
f 2459 2466 2467 2460
f 2460 2467 2468 2461
f 2461 2468 2469 2462
f 2462 2469 15548 15549
f 2326 2327 2470 2463
f 2463 2470 2471 2464
f 2464 2471 2472 2465
f 2465 2472 2473 2466
f 2466 2473 2474 2467
f 2467 2474 2475 2468
f 2468 2475 2476 2469
f 2469 2476 15547 15548
f 2327 2328 2477 2470
f 2470 2477 2478 2471
f 2471 2478 2479 2472
f 2472 2479 2480 2473
f 2473 2480 2481 2474
f 2474 2481 2482 2475
f 2475 2482 2483 2476
f 2476 2483 15546 15547
f 2328 2329 2484 2477
f 2477 2484 2485 2478
f 2478 2485 2486 2479
f 2479 2486 2487 2480
f 2480 2487 2488 2481
f 2481 2488 2489 2482
f 2482 2489 2490 2483
f 2483 2490 15545 15546
f 2329 15222 15223 2484
f 2484 15223 15224 2485
f 2485 15224 15225 2486
f 2486 15225 15226 2487
f 2487 15226 15227 2488
f 2488 15227 15228 2489
f 2489 15228 15229 2490
f 2490 15229 16907 15545
f 2315 2330 2491 2337
f 2337 2491 2492 2338
f 2338 2492 2493 2339
f 2339 2493 2494 2340
f 2340 2494 2495 2341
f 2341 2495 2496 2342
f 2342 2496 2497 2343
f 2343 2497 15658 15657
f 2330 2331 2498 2491
f 2491 2498 2499 2492
f 2492 2499 2500 2493
f 2493 2500 2501 2494
f 2494 2501 2502 2495
f 2495 2502 2503 2496
f 2496 2503 2504 2497
f 2497 2504 15659 15658
f 2331 2332 2505 2498
f 2498 2505 2506 2499
f 2499 2506 2507 2500
f 2500 2507 2508 2501
f 2501 2508 2509 2502
f 2502 2509 2510 2503
f 2503 2510 2511 2504
f 2504 2511 15660 15659
f 2332 2333 2512 2505
f 2505 2512 2513 2506
f 2506 2513 2514 2507
f 2507 2514 2515 2508
f 2508 2515 2516 2509
f 2509 2516 2517 2510
f 2510 2517 2518 2511
f 2511 2518 15661 15660
f 2333 2334 2519 2512
f 2512 2519 2520 2513
f 2513 2520 2521 2514
f 2514 2521 2522 2515
f 2515 2522 2523 2516
f 2516 2523 2524 2517
f 2517 2524 2525 2518
f 2518 2525 15662 15661
f 2334 2335 2526 2519
f 2519 2526 2527 2520
f 2520 2527 2528 2521
f 2521 2528 2529 2522
f 2522 2529 2530 2523
f 2523 2530 2531 2524
f 2524 2531 2532 2525
f 2525 2532 15663 15662
f 2335 2336 2533 2526
f 2526 2533 2534 2527
f 2527 2534 2535 2528
f 2528 2535 2536 2529
f 2529 2536 2537 2530
f 2530 2537 2538 2531
f 2531 2538 2539 2532
f 2532 2539 15664 15663
f 2336 15552 15553 2533
f 2533 15553 15554 2534
f 2534 15554 15555 2535
f 2535 15555 15556 2536
f 2536 15556 15557 2537
f 2537 15557 15558 2538
f 2538 15558 15559 2539
f 2539 15559 16921 15664
f 2540 2562 2569 2541
f 2541 2569 2570 2542
f 2542 2570 2571 2543
f 2543 2571 2572 2544
f 2544 2572 2573 2545
f 2545 2573 2574 2546
f 2546 2574 2575 2547
f 2547 2575 15868 15867
f 2562 2563 2576 2569
f 2569 2576 2577 2570
f 2570 2577 2578 2571
f 2571 2578 2579 2572
f 2572 2579 2580 2573
f 2573 2580 2581 2574
f 2574 2581 2582 2575
f 2575 2582 15869 15868
f 2563 2564 2583 2576
f 2576 2583 2584 2577
f 2577 2584 2585 2578
f 2578 2585 2586 2579
f 2579 2586 2587 2580
f 2580 2587 2588 2581
f 2581 2588 2589 2582
f 2582 2589 15870 15869
f 2564 2565 2590 2583
f 2583 2590 2591 2584
f 2584 2591 2592 2585
f 2585 2592 2593 2586
f 2586 2593 2594 2587
f 2587 2594 2595 2588
f 2588 2595 2596 2589
f 2589 2596 15871 15870
f 2565 2566 2597 2590
f 2590 2597 2598 2591
f 2591 2598 2599 2592
f 2592 2599 2600 2593
f 2593 2600 2601 2594
f 2594 2601 2602 2595
f 2595 2602 2603 2596
f 2596 2603 15872 15871
f 2566 2567 2604 2597
f 2597 2604 2605 2598
f 2598 2605 2606 2599
f 2599 2606 2607 2600
f 2600 2607 2608 2601
f 2601 2608 2609 2602
f 2602 2609 2610 2603
f 2603 2610 15873 15872
f 2567 2568 2611 2604
f 2604 2611 2612 2605
f 2605 2612 2613 2606
f 2606 2613 2614 2607
f 2607 2614 2615 2608
f 2608 2615 2616 2609
f 2609 2616 2617 2610
f 2610 2617 15874 15873
f 2568 15987 15986 2611
f 2611 15986 15985 2612
f 2612 15985 15984 2613
f 2613 15984 15983 2614
f 2614 15983 15982 2615
f 2615 15982 15981 2616
f 2616 15981 15980 2617
f 2617 15980 16932 15874
f 2540 2541 2618 2548
f 2548 2618 2619 2549
f 2549 2619 2620 2550
f 2550 2620 2621 2551
f 2551 2621 2622 2552
f 2552 2622 2623 2553
f 2553 2623 2624 2554
f 2554 2624 15266 15267
f 2541 2542 2625 2618
f 2618 2625 2626 2619
f 2619 2626 2627 2620
f 2620 2627 2628 2621
f 2621 2628 2629 2622
f 2622 2629 2630 2623
f 2623 2630 2631 2624
f 2624 2631 15265 15266
f 2542 2543 2632 2625
f 2625 2632 2633 2626
f 2626 2633 2634 2627
f 2627 2634 2635 2628
f 2628 2635 2636 2629
f 2629 2636 2637 2630
f 2630 2637 2638 2631
f 2631 2638 15264 15265
f 2543 2544 2639 2632
f 2632 2639 2640 2633
f 2633 2640 2641 2634
f 2634 2641 2642 2635
f 2635 2642 2643 2636
f 2636 2643 2644 2637
f 2637 2644 2645 2638
f 2638 2645 15263 15264
f 2544 2545 2646 2639
f 2639 2646 2647 2640
f 2640 2647 2648 2641
f 2641 2648 2649 2642
f 2642 2649 2650 2643
f 2643 2650 2651 2644
f 2644 2651 2652 2645
f 2645 2652 15262 15263
f 2545 2546 2653 2646
f 2646 2653 2654 2647
f 2647 2654 2655 2648
f 2648 2655 2656 2649
f 2649 2656 2657 2650
f 2650 2657 2658 2651
f 2651 2658 2659 2652
f 2652 2659 15261 15262
f 2546 2547 2660 2653
f 2653 2660 2661 2654
f 2654 2661 2662 2655
f 2655 2662 2663 2656
f 2656 2663 2664 2657
f 2657 2664 2665 2658
f 2658 2665 2666 2659
f 2659 2666 15260 15261
f 2547 15867 15866 2660
f 2660 15866 15865 2661
f 2661 15865 15864 2662
f 2662 15864 15863 2663
f 2663 15863 15862 2664
f 2664 15862 15861 2665
f 2665 15861 15860 2666
f 2666 15860 16906 15260
f 2540 2548 2667 2555
f 2555 2667 2668 2556
f 2556 2668 2669 2557
f 2557 2669 2670 2558
f 2558 2670 2671 2559
f 2559 2671 2672 2560
f 2560 2672 2673 2561
f 2561 2673 15881 15882
f 2548 2549 2674 2667
f 2667 2674 2675 2668
f 2668 2675 2676 2669
f 2669 2676 2677 2670
f 2670 2677 2678 2671
f 2671 2678 2679 2672
f 2672 2679 2680 2673
f 2673 2680 15880 15881
f 2549 2550 2681 2674
f 2674 2681 2682 2675
f 2675 2682 2683 2676
f 2676 2683 2684 2677
f 2677 2684 2685 2678
f 2678 2685 2686 2679
f 2679 2686 2687 2680
f 2680 2687 15879 15880
f 2550 2551 2688 2681
f 2681 2688 2689 2682
f 2682 2689 2690 2683
f 2683 2690 2691 2684
f 2684 2691 2692 2685
f 2685 2692 2693 2686
f 2686 2693 2694 2687
f 2687 2694 15878 15879
f 2551 2552 2695 2688
f 2688 2695 2696 2689
f 2689 2696 2697 2690
f 2690 2697 2698 2691
f 2691 2698 2699 2692
f 2692 2699 2700 2693
f 2693 2700 2701 2694
f 2694 2701 15877 15878
f 2552 2553 2702 2695
f 2695 2702 2703 2696
f 2696 2703 2704 2697
f 2697 2704 2705 2698
f 2698 2705 2706 2699
f 2699 2706 2707 2700
f 2700 2707 2708 2701
f 2701 2708 15876 15877
f 2553 2554 2709 2702
f 2702 2709 2710 2703
f 2703 2710 2711 2704
f 2704 2711 2712 2705
f 2705 2712 2713 2706
f 2706 2713 2714 2707
f 2707 2714 2715 2708
f 2708 2715 15875 15876
f 2554 15267 15268 2709
f 2709 15268 15269 2710
f 2710 15269 15270 2711
f 2711 15270 15271 2712
f 2712 15271 15272 2713
f 2713 15272 15273 2714
f 2714 15273 15274 2715
f 2715 15274 16910 15875
f 2540 2555 2716 2562
f 2562 2716 2717 2563
f 2563 2717 2718 2564
f 2564 2718 2719 2565
f 2565 2719 2720 2566
f 2566 2720 2721 2567
f 2567 2721 2722 2568
f 2568 2722 15988 15987
f 2555 2556 2723 2716
f 2716 2723 2724 2717
f 2717 2724 2725 2718
f 2718 2725 2726 2719
f 2719 2726 2727 2720
f 2720 2727 2728 2721
f 2721 2728 2729 2722
f 2722 2729 15989 15988
f 2556 2557 2730 2723
f 2723 2730 2731 2724
f 2724 2731 2732 2725
f 2725 2732 2733 2726
f 2726 2733 2734 2727
f 2727 2734 2735 2728
f 2728 2735 2736 2729
f 2729 2736 15990 15989
f 2557 2558 2737 2730
f 2730 2737 2738 2731
f 2731 2738 2739 2732
f 2732 2739 2740 2733
f 2733 2740 2741 2734
f 2734 2741 2742 2735
f 2735 2742 2743 2736
f 2736 2743 15991 15990
f 2558 2559 2744 2737
f 2737 2744 2745 2738
f 2738 2745 2746 2739
f 2739 2746 2747 2740
f 2740 2747 2748 2741
f 2741 2748 2749 2742
f 2742 2749 2750 2743
f 2743 2750 15992 15991
f 2559 2560 2751 2744
f 2744 2751 2752 2745
f 2745 2752 2753 2746
f 2746 2753 2754 2747
f 2747 2754 2755 2748
f 2748 2755 2756 2749
f 2749 2756 2757 2750
f 2750 2757 15993 15992
f 2560 2561 2758 2751
f 2751 2758 2759 2752
f 2752 2759 2760 2753
f 2753 2760 2761 2754
f 2754 2761 2762 2755
f 2755 2762 2763 2756
f 2756 2763 2764 2757
f 2757 2764 15994 15993
f 2561 15882 15883 2758
f 2758 15883 15884 2759
f 2759 15884 15885 2760
f 2760 15885 15886 2761
f 2761 15886 15887 2762
f 2762 15887 15888 2763
f 2763 15888 15889 2764
f 2764 15889 16933 15994
f 2765 2787 2794 2766
f 2766 2794 2795 2767
f 2767 2795 2796 2768
f 2768 2796 2797 2769
f 2769 2797 2798 2770
f 2770 2798 2799 2771
f 2771 2799 2800 2772
f 2772 2800 16813 16812
f 2787 2788 2801 2794
f 2794 2801 2802 2795
f 2795 2802 2803 2796
f 2796 2803 2804 2797
f 2797 2804 2805 2798
f 2798 2805 2806 2799
f 2799 2806 2807 2800
f 2800 2807 16814 16813
f 2788 2789 2808 2801
f 2801 2808 2809 2802
f 2802 2809 2810 2803
f 2803 2810 2811 2804
f 2804 2811 2812 2805
f 2805 2812 2813 2806
f 2806 2813 2814 2807
f 2807 2814 16815 16814
f 2789 2790 2815 2808
f 2808 2815 2816 2809
f 2809 2816 2817 2810
f 2810 2817 2818 2811
f 2811 2818 2819 2812
f 2812 2819 2820 2813
f 2813 2820 2821 2814
f 2814 2821 16816 16815
f 2790 2791 2822 2815
f 2815 2822 2823 2816
f 2816 2823 2824 2817
f 2817 2824 2825 2818
f 2818 2825 2826 2819
f 2819 2826 2827 2820
f 2820 2827 2828 2821
f 2821 2828 16817 16816
f 2791 2792 2829 2822
f 2822 2829 2830 2823
f 2823 2830 2831 2824
f 2824 2831 2832 2825
f 2825 2832 2833 2826
f 2826 2833 2834 2827
f 2827 2834 2835 2828
f 2828 2835 16818 16817
f 2792 2793 2836 2829
f 2829 2836 2837 2830
f 2830 2837 2838 2831
f 2831 2838 2839 2832
f 2832 2839 2840 2833
f 2833 2840 2841 2834
f 2834 2841 2842 2835
f 2835 2842 16819 16818
f 2793 15192 15191 2836
f 2836 15191 15190 2837
f 2837 15190 15189 2838
f 2838 15189 15188 2839
f 2839 15188 15187 2840
f 2840 15187 15186 2841
f 2841 15186 15185 2842
f 2842 15185 16951 16819
f 2765 2766 2843 2773
f 2773 2843 2844 2774
f 2774 2844 2845 2775
f 2775 2845 2846 2776
f 2776 2846 2847 2777
f 2777 2847 2848 2778
f 2778 2848 2849 2779
f 2779 2849 15311 15312
f 2766 2767 2850 2843
f 2843 2850 2851 2844
f 2844 2851 2852 2845
f 2845 2852 2853 2846
f 2846 2853 2854 2847
f 2847 2854 2855 2848
f 2848 2855 2856 2849
f 2849 2856 15310 15311
f 2767 2768 2857 2850
f 2850 2857 2858 2851
f 2851 2858 2859 2852
f 2852 2859 2860 2853
f 2853 2860 2861 2854
f 2854 2861 2862 2855
f 2855 2862 2863 2856
f 2856 2863 15309 15310
f 2768 2769 2864 2857
f 2857 2864 2865 2858
f 2858 2865 2866 2859
f 2859 2866 2867 2860
f 2860 2867 2868 2861
f 2861 2868 2869 2862
f 2862 2869 2870 2863
f 2863 2870 15308 15309
f 2769 2770 2871 2864
f 2864 2871 2872 2865
f 2865 2872 2873 2866
f 2866 2873 2874 2867
f 2867 2874 2875 2868
f 2868 2875 2876 2869
f 2869 2876 2877 2870
f 2870 2877 15307 15308
f 2770 2771 2878 2871
f 2871 2878 2879 2872
f 2872 2879 2880 2873
f 2873 2880 2881 2874
f 2874 2881 2882 2875
f 2875 2882 2883 2876
f 2876 2883 2884 2877
f 2877 2884 15306 15307
f 2771 2772 2885 2878
f 2878 2885 2886 2879
f 2879 2886 2887 2880
f 2880 2887 2888 2881
f 2881 2888 2889 2882
f 2882 2889 2890 2883
f 2883 2890 2891 2884
f 2884 2891 15305 15306
f 2772 16812 16811 2885
f 2885 16811 16810 2886
f 2886 16810 16809 2887
f 2887 16809 16808 2888
f 2888 16808 16807 2889
f 2889 16807 16806 2890
f 2890 16806 16805 2891
f 2891 16805 16952 15305
f 2765 2773 2892 2780
f 2780 2892 2893 2781
f 2781 2893 2894 2782
f 2782 2894 2895 2783
f 2783 2895 2896 2784
f 2784 2896 2897 2785
f 2785 2897 2898 2786
f 2786 2898 15268 15267
f 2773 2774 2899 2892
f 2892 2899 2900 2893
f 2893 2900 2901 2894
f 2894 2901 2902 2895
f 2895 2902 2903 2896
f 2896 2903 2904 2897
f 2897 2904 2905 2898
f 2898 2905 15269 15268
f 2774 2775 2906 2899
f 2899 2906 2907 2900
f 2900 2907 2908 2901
f 2901 2908 2909 2902
f 2902 2909 2910 2903
f 2903 2910 2911 2904
f 2904 2911 2912 2905
f 2905 2912 15270 15269
f 2775 2776 2913 2906
f 2906 2913 2914 2907
f 2907 2914 2915 2908
f 2908 2915 2916 2909
f 2909 2916 2917 2910
f 2910 2917 2918 2911
f 2911 2918 2919 2912
f 2912 2919 15271 15270
f 2776 2777 2920 2913
f 2913 2920 2921 2914
f 2914 2921 2922 2915
f 2915 2922 2923 2916
f 2916 2923 2924 2917
f 2917 2924 2925 2918
f 2918 2925 2926 2919
f 2919 2926 15272 15271
f 2777 2778 2927 2920
f 2920 2927 2928 2921
f 2921 2928 2929 2922
f 2922 2929 2930 2923
f 2923 2930 2931 2924
f 2924 2931 2932 2925
f 2925 2932 2933 2926
f 2926 2933 15273 15272
f 2778 2779 2934 2927
f 2927 2934 2935 2928
f 2928 2935 2936 2929
f 2929 2936 2937 2930
f 2930 2937 2938 2931
f 2931 2938 2939 2932
f 2932 2939 2940 2933
f 2933 2940 15274 15273
f 2779 15312 15313 2934
f 2934 15313 15314 2935
f 2935 15314 15315 2936
f 2936 15315 15316 2937
f 2937 15316 15317 2938
f 2938 15317 15318 2939
f 2939 15318 15319 2940
f 2940 15319 16910 15274
f 2765 2780 2941 2787
f 2787 2941 2942 2788
f 2788 2942 2943 2789
f 2789 2943 2944 2790
f 2790 2944 2945 2791
f 2791 2945 2946 2792
f 2792 2946 2947 2793
f 2793 2947 15193 15192
f 2780 2781 2948 2941
f 2941 2948 2949 2942
f 2942 2949 2950 2943
f 2943 2950 2951 2944
f 2944 2951 2952 2945
f 2945 2952 2953 2946
f 2946 2953 2954 2947
f 2947 2954 15194 15193
f 2781 2782 2955 2948
f 2948 2955 2956 2949
f 2949 2956 2957 2950
f 2950 2957 2958 2951
f 2951 2958 2959 2952
f 2952 2959 2960 2953
f 2953 2960 2961 2954
f 2954 2961 15195 15194
f 2782 2783 2962 2955
f 2955 2962 2963 2956
f 2956 2963 2964 2957
f 2957 2964 2965 2958
f 2958 2965 2966 2959
f 2959 2966 2967 2960
f 2960 2967 2968 2961
f 2961 2968 15196 15195
f 2783 2784 2969 2962
f 2962 2969 2970 2963
f 2963 2970 2971 2964
f 2964 2971 2972 2965
f 2965 2972 2973 2966
f 2966 2973 2974 2967
f 2967 2974 2975 2968
f 2968 2975 15197 15196
f 2784 2785 2976 2969
f 2969 2976 2977 2970
f 2970 2977 2978 2971
f 2971 2978 2979 2972
f 2972 2979 2980 2973
f 2973 2980 2981 2974
f 2974 2981 2982 2975
f 2975 2982 15198 15197
f 2785 2786 2983 2976
f 2976 2983 2984 2977
f 2977 2984 2985 2978
f 2978 2985 2986 2979
f 2979 2986 2987 2980
f 2980 2987 2988 2981
f 2981 2988 2989 2982
f 2982 2989 15199 15198
f 2786 15267 15266 2983
f 2983 15266 15265 2984
f 2984 15265 15264 2985
f 2985 15264 15263 2986
f 2986 15263 15262 2987
f 2987 15262 15261 2988
f 2988 15261 15260 2989
f 2989 15260 16906 15199
f 2990 3012 3019 2991
f 2991 3019 3020 2992
f 2992 3020 3021 2993
f 2993 3021 3022 2994
f 2994 3022 3023 2995
f 2995 3023 3024 2996
f 2996 3024 3025 2997
f 2997 3025 16618 16617
f 3012 3013 3026 3019
f 3019 3026 3027 3020
f 3020 3027 3028 3021
f 3021 3028 3029 3022
f 3022 3029 3030 3023
f 3023 3030 3031 3024
f 3024 3031 3032 3025
f 3025 3032 16619 16618
f 3013 3014 3033 3026
f 3026 3033 3034 3027
f 3027 3034 3035 3028
f 3028 3035 3036 3029
f 3029 3036 3037 3030
f 3030 3037 3038 3031
f 3031 3038 3039 3032
f 3032 3039 16620 16619
f 3014 3015 3040 3033
f 3033 3040 3041 3034
f 3034 3041 3042 3035
f 3035 3042 3043 3036
f 3036 3043 3044 3037
f 3037 3044 3045 3038
f 3038 3045 3046 3039
f 3039 3046 16621 16620
f 3015 3016 3047 3040
f 3040 3047 3048 3041
f 3041 3048 3049 3042
f 3042 3049 3050 3043
f 3043 3050 3051 3044
f 3044 3051 3052 3045
f 3045 3052 3053 3046
f 3046 3053 16622 16621
f 3016 3017 3054 3047
f 3047 3054 3055 3048
f 3048 3055 3056 3049
f 3049 3056 3057 3050
f 3050 3057 3058 3051
f 3051 3058 3059 3052
f 3052 3059 3060 3053
f 3053 3060 16623 16622
f 3017 3018 3061 3054
f 3054 3061 3062 3055
f 3055 3062 3063 3056
f 3056 3063 3064 3057
f 3057 3064 3065 3058
f 3058 3065 3066 3059
f 3059 3066 3067 3060
f 3060 3067 16624 16623
f 3018 16797 16796 3061
f 3061 16796 16795 3062
f 3062 16795 16794 3063
f 3063 16794 16793 3064
f 3064 16793 16792 3065
f 3065 16792 16791 3066
f 3066 16791 16790 3067
f 3067 16790 16958 16624
f 2990 2991 3068 2998
f 2998 3068 3069 2999
f 2999 3069 3070 3000
f 3000 3070 3071 3001
f 3001 3071 3072 3002
f 3002 3072 3073 3003
f 3003 3073 3074 3004
f 3004 3074 15236 15237
f 2991 2992 3075 3068
f 3068 3075 3076 3069
f 3069 3076 3077 3070
f 3070 3077 3078 3071
f 3071 3078 3079 3072
f 3072 3079 3080 3073
f 3073 3080 3081 3074
f 3074 3081 15235 15236
f 2992 2993 3082 3075
f 3075 3082 3083 3076
f 3076 3083 3084 3077
f 3077 3084 3085 3078
f 3078 3085 3086 3079
f 3079 3086 3087 3080
f 3080 3087 3088 3081
f 3081 3088 15234 15235
f 2993 2994 3089 3082
f 3082 3089 3090 3083
f 3083 3090 3091 3084
f 3084 3091 3092 3085
f 3085 3092 3093 3086
f 3086 3093 3094 3087
f 3087 3094 3095 3088
f 3088 3095 15233 15234
f 2994 2995 3096 3089
f 3089 3096 3097 3090
f 3090 3097 3098 3091
f 3091 3098 3099 3092
f 3092 3099 3100 3093
f 3093 3100 3101 3094
f 3094 3101 3102 3095
f 3095 3102 15232 15233
f 2995 2996 3103 3096
f 3096 3103 3104 3097
f 3097 3104 3105 3098
f 3098 3105 3106 3099
f 3099 3106 3107 3100
f 3100 3107 3108 3101
f 3101 3108 3109 3102
f 3102 3109 15231 15232
f 2996 2997 3110 3103
f 3103 3110 3111 3104
f 3104 3111 3112 3105
f 3105 3112 3113 3106
f 3106 3113 3114 3107
f 3107 3114 3115 3108
f 3108 3115 3116 3109
f 3109 3116 15230 15231
f 2997 16617 16616 3110
f 3110 16616 16615 3111
f 3111 16615 16614 3112
f 3112 16614 16613 3113
f 3113 16613 16612 3114
f 3114 16612 16611 3115
f 3115 16611 16610 3116
f 3116 16610 16904 15230
f 2990 2998 3117 3005
f 3005 3117 3118 3006
f 3006 3118 3119 3007
f 3007 3119 3120 3008
f 3008 3120 3121 3009
f 3009 3121 3122 3010
f 3010 3122 3123 3011
f 3011 3123 16631 16632
f 2998 2999 3124 3117
f 3117 3124 3125 3118
f 3118 3125 3126 3119
f 3119 3126 3127 3120
f 3120 3127 3128 3121
f 3121 3128 3129 3122
f 3122 3129 3130 3123
f 3123 3130 16630 16631
f 2999 3000 3131 3124
f 3124 3131 3132 3125
f 3125 3132 3133 3126
f 3126 3133 3134 3127
f 3127 3134 3135 3128
f 3128 3135 3136 3129
f 3129 3136 3137 3130
f 3130 3137 16629 16630
f 3000 3001 3138 3131
f 3131 3138 3139 3132
f 3132 3139 3140 3133
f 3133 3140 3141 3134
f 3134 3141 3142 3135
f 3135 3142 3143 3136
f 3136 3143 3144 3137
f 3137 3144 16628 16629
f 3001 3002 3145 3138
f 3138 3145 3146 3139
f 3139 3146 3147 3140
f 3140 3147 3148 3141
f 3141 3148 3149 3142
f 3142 3149 3150 3143
f 3143 3150 3151 3144
f 3144 3151 16627 16628
f 3002 3003 3152 3145
f 3145 3152 3153 3146
f 3146 3153 3154 3147
f 3147 3154 3155 3148
f 3148 3155 3156 3149
f 3149 3156 3157 3150
f 3150 3157 3158 3151
f 3151 3158 16626 16627
f 3003 3004 3159 3152
f 3152 3159 3160 3153
f 3153 3160 3161 3154
f 3154 3161 3162 3155
f 3155 3162 3163 3156
f 3156 3163 3164 3157
f 3157 3164 3165 3158
f 3158 3165 16625 16626
f 3004 15237 15238 3159
f 3159 15238 15239 3160
f 3160 15239 15240 3161
f 3161 15240 15241 3162
f 3162 15241 15242 3163
f 3163 15242 15243 3164
f 3164 15243 15244 3165
f 3165 15244 16908 16625
f 2990 3005 3166 3012
f 3012 3166 3167 3013
f 3013 3167 3168 3014
f 3014 3168 3169 3015
f 3015 3169 3170 3016
f 3016 3170 3171 3017
f 3017 3171 3172 3018
f 3018 3172 16798 16797
f 3005 3006 3173 3166
f 3166 3173 3174 3167
f 3167 3174 3175 3168
f 3168 3175 3176 3169
f 3169 3176 3177 3170
f 3170 3177 3178 3171
f 3171 3178 3179 3172
f 3172 3179 16799 16798
f 3006 3007 3180 3173
f 3173 3180 3181 3174
f 3174 3181 3182 3175
f 3175 3182 3183 3176
f 3176 3183 3184 3177
f 3177 3184 3185 3178
f 3178 3185 3186 3179
f 3179 3186 16800 16799
f 3007 3008 3187 3180
f 3180 3187 3188 3181
f 3181 3188 3189 3182
f 3182 3189 3190 3183
f 3183 3190 3191 3184
f 3184 3191 3192 3185
f 3185 3192 3193 3186
f 3186 3193 16801 16800
f 3008 3009 3194 3187
f 3187 3194 3195 3188
f 3188 3195 3196 3189
f 3189 3196 3197 3190
f 3190 3197 3198 3191
f 3191 3198 3199 3192
f 3192 3199 3200 3193
f 3193 3200 16802 16801
f 3009 3010 3201 3194
f 3194 3201 3202 3195
f 3195 3202 3203 3196
f 3196 3203 3204 3197
f 3197 3204 3205 3198
f 3198 3205 3206 3199
f 3199 3206 3207 3200
f 3200 3207 16803 16802
f 3010 3011 3208 3201
f 3201 3208 3209 3202
f 3202 3209 3210 3203
f 3203 3210 3211 3204
f 3204 3211 3212 3205
f 3205 3212 3213 3206
f 3206 3213 3214 3207
f 3207 3214 16804 16803
f 3011 16632 16633 3208
f 3208 16633 16634 3209
f 3209 16634 16635 3210
f 3210 16635 16636 3211
f 3211 16636 16637 3212
f 3212 16637 16638 3213
f 3213 16638 16639 3214
f 3214 16639 16959 16804
f 3215 3237 3244 3216
f 3216 3244 3245 3217
f 3217 3245 3246 3218
f 3218 3246 3247 3219
f 3219 3247 3248 3220
f 3220 3248 3249 3221
f 3221 3249 3250 3222
f 3222 3250 14921 14922
f 3237 3238 3251 3244
f 3244 3251 3252 3245
f 3245 3252 3253 3246
f 3246 3253 3254 3247
f 3247 3254 3255 3248
f 3248 3255 3256 3249
f 3249 3256 3257 3250
f 3250 3257 14920 14921
f 3238 3239 3258 3251
f 3251 3258 3259 3252
f 3252 3259 3260 3253
f 3253 3260 3261 3254
f 3254 3261 3262 3255
f 3255 3262 3263 3256
f 3256 3263 3264 3257
f 3257 3264 14919 14920
f 3239 3240 3265 3258
f 3258 3265 3266 3259
f 3259 3266 3267 3260
f 3260 3267 3268 3261
f 3261 3268 3269 3262
f 3262 3269 3270 3263
f 3263 3270 3271 3264
f 3264 3271 14918 14919
f 3240 3241 3272 3265
f 3265 3272 3273 3266
f 3266 3273 3274 3267
f 3267 3274 3275 3268
f 3268 3275 3276 3269
f 3269 3276 3277 3270
f 3270 3277 3278 3271
f 3271 3278 14917 14918
f 3241 3242 3279 3272
f 3272 3279 3280 3273
f 3273 3280 3281 3274
f 3274 3281 3282 3275
f 3275 3282 3283 3276
f 3276 3283 3284 3277
f 3277 3284 3285 3278
f 3278 3285 14916 14917
f 3242 3243 3286 3279
f 3279 3286 3287 3280
f 3280 3287 3288 3281
f 3281 3288 3289 3282
f 3282 3289 3290 3283
f 3283 3290 3291 3284
f 3284 3291 3292 3285
f 3285 3292 14915 14916
f 3243 16782 16781 3286
f 3286 16781 16780 3287
f 3287 16780 16779 3288
f 3288 16779 16778 3289
f 3289 16778 16777 3290
f 3290 16777 16776 3291
f 3291 16776 16775 3292
f 3292 16775 16949 14915
f 3215 3216 3293 3223
f 3223 3293 3294 3224
f 3224 3294 3295 3225
f 3225 3295 3296 3226
f 3226 3296 3297 3227
f 3227 3297 3298 3228
f 3228 3298 3299 3229
f 3229 3299 15356 15357
f 3216 3217 3300 3293
f 3293 3300 3301 3294
f 3294 3301 3302 3295
f 3295 3302 3303 3296
f 3296 3303 3304 3297
f 3297 3304 3305 3298
f 3298 3305 3306 3299
f 3299 3306 15355 15356
f 3217 3218 3307 3300
f 3300 3307 3308 3301
f 3301 3308 3309 3302
f 3302 3309 3310 3303
f 3303 3310 3311 3304
f 3304 3311 3312 3305
f 3305 3312 3313 3306
f 3306 3313 15354 15355
f 3218 3219 3314 3307
f 3307 3314 3315 3308
f 3308 3315 3316 3309
f 3309 3316 3317 3310
f 3310 3317 3318 3311
f 3311 3318 3319 3312
f 3312 3319 3320 3313
f 3313 3320 15353 15354
f 3219 3220 3321 3314
f 3314 3321 3322 3315
f 3315 3322 3323 3316
f 3316 3323 3324 3317
f 3317 3324 3325 3318
f 3318 3325 3326 3319
f 3319 3326 3327 3320
f 3320 3327 15352 15353
f 3220 3221 3328 3321
f 3321 3328 3329 3322
f 3322 3329 3330 3323
f 3323 3330 3331 3324
f 3324 3331 3332 3325
f 3325 3332 3333 3326
f 3326 3333 3334 3327
f 3327 3334 15351 15352
f 3221 3222 3335 3328
f 3328 3335 3336 3329
f 3329 3336 3337 3330
f 3330 3337 3338 3331
f 3331 3338 3339 3332
f 3332 3339 3340 3333
f 3333 3340 3341 3334
f 3334 3341 15350 15351
f 3222 14922 14923 3335
f 3335 14923 14924 3336
f 3336 14924 14925 3337
f 3337 14925 14926 3338
f 3338 14926 14927 3339
f 3339 14927 14928 3340
f 3340 14928 14929 3341
f 3341 14929 16896 15350
f 3215 3223 3342 3230
f 3230 3342 3343 3231
f 3231 3343 3344 3232
f 3232 3344 3345 3233
f 3233 3345 3346 3234
f 3234 3346 3347 3235
f 3235 3347 3348 3236
f 3236 3348 16646 16647
f 3223 3224 3349 3342
f 3342 3349 3350 3343
f 3343 3350 3351 3344
f 3344 3351 3352 3345
f 3345 3352 3353 3346
f 3346 3353 3354 3347
f 3347 3354 3355 3348
f 3348 3355 16645 16646
f 3224 3225 3356 3349
f 3349 3356 3357 3350
f 3350 3357 3358 3351
f 3351 3358 3359 3352
f 3352 3359 3360 3353
f 3353 3360 3361 3354
f 3354 3361 3362 3355
f 3355 3362 16644 16645
f 3225 3226 3363 3356
f 3356 3363 3364 3357
f 3357 3364 3365 3358
f 3358 3365 3366 3359
f 3359 3366 3367 3360
f 3360 3367 3368 3361
f 3361 3368 3369 3362
f 3362 3369 16643 16644
f 3226 3227 3370 3363
f 3363 3370 3371 3364
f 3364 3371 3372 3365
f 3365 3372 3373 3366
f 3366 3373 3374 3367
f 3367 3374 3375 3368
f 3368 3375 3376 3369
f 3369 3376 16642 16643
f 3227 3228 3377 3370
f 3370 3377 3378 3371
f 3371 3378 3379 3372
f 3372 3379 3380 3373
f 3373 3380 3381 3374
f 3374 3381 3382 3375
f 3375 3382 3383 3376
f 3376 3383 16641 16642
f 3228 3229 3384 3377
f 3377 3384 3385 3378
f 3378 3385 3386 3379
f 3379 3386 3387 3380
f 3380 3387 3388 3381
f 3381 3388 3389 3382
f 3382 3389 3390 3383
f 3383 3390 16640 16641
f 3229 15357 15358 3384
f 3384 15358 15359 3385
f 3385 15359 15360 3386
f 3386 15360 15361 3387
f 3387 15361 15362 3388
f 3388 15362 15363 3389
f 3389 15363 15364 3390
f 3390 15364 16912 16640
f 3215 3230 3391 3237
f 3237 3391 3392 3238
f 3238 3392 3393 3239
f 3239 3393 3394 3240
f 3240 3394 3395 3241
f 3241 3395 3396 3242
f 3242 3396 3397 3243
f 3243 3397 16783 16782
f 3230 3231 3398 3391
f 3391 3398 3399 3392
f 3392 3399 3400 3393
f 3393 3400 3401 3394
f 3394 3401 3402 3395
f 3395 3402 3403 3396
f 3396 3403 3404 3397
f 3397 3404 16784 16783
f 3231 3232 3405 3398
f 3398 3405 3406 3399
f 3399 3406 3407 3400
f 3400 3407 3408 3401
f 3401 3408 3409 3402
f 3402 3409 3410 3403
f 3403 3410 3411 3404
f 3404 3411 16785 16784
f 3232 3233 3412 3405
f 3405 3412 3413 3406
f 3406 3413 3414 3407
f 3407 3414 3415 3408
f 3408 3415 3416 3409
f 3409 3416 3417 3410
f 3410 3417 3418 3411
f 3411 3418 16786 16785
f 3233 3234 3419 3412
f 3412 3419 3420 3413
f 3413 3420 3421 3414
f 3414 3421 3422 3415
f 3415 3422 3423 3416
f 3416 3423 3424 3417
f 3417 3424 3425 3418
f 3418 3425 16787 16786
f 3234 3235 3426 3419
f 3419 3426 3427 3420
f 3420 3427 3428 3421
f 3421 3428 3429 3422
f 3422 3429 3430 3423
f 3423 3430 3431 3424
f 3424 3431 3432 3425
f 3425 3432 16788 16787
f 3235 3236 3433 3426
f 3426 3433 3434 3427
f 3427 3434 3435 3428
f 3428 3435 3436 3429
f 3429 3436 3437 3430
f 3430 3437 3438 3431
f 3431 3438 3439 3432
f 3432 3439 16789 16788
f 3236 16647 16648 3433
f 3433 16648 16649 3434
f 3434 16649 16650 3435
f 3435 16650 16651 3436
f 3436 16651 16652 3437
f 3437 16652 16653 3438
f 3438 16653 16654 3439
f 3439 16654 16960 16789
f 3440 3462 3469 3441
f 3441 3469 3470 3442
f 3442 3470 3471 3443
f 3443 3471 3472 3444
f 3444 3472 3473 3445
f 3445 3473 3474 3446
f 3446 3474 3475 3447
f 3447 3475 16768 16767
f 3462 3463 3476 3469
f 3469 3476 3477 3470
f 3470 3477 3478 3471
f 3471 3478 3479 3472
f 3472 3479 3480 3473
f 3473 3480 3481 3474
f 3474 3481 3482 3475
f 3475 3482 16769 16768
f 3463 3464 3483 3476
f 3476 3483 3484 3477
f 3477 3484 3485 3478
f 3478 3485 3486 3479
f 3479 3486 3487 3480
f 3480 3487 3488 3481
f 3481 3488 3489 3482
f 3482 3489 16770 16769
f 3464 3465 3490 3483
f 3483 3490 3491 3484
f 3484 3491 3492 3485
f 3485 3492 3493 3486
f 3486 3493 3494 3487
f 3487 3494 3495 3488
f 3488 3495 3496 3489
f 3489 3496 16771 16770
f 3465 3466 3497 3490
f 3490 3497 3498 3491
f 3491 3498 3499 3492
f 3492 3499 3500 3493
f 3493 3500 3501 3494
f 3494 3501 3502 3495
f 3495 3502 3503 3496
f 3496 3503 16772 16771
f 3466 3467 3504 3497
f 3497 3504 3505 3498
f 3498 3505 3506 3499
f 3499 3506 3507 3500
f 3500 3507 3508 3501
f 3501 3508 3509 3502
f 3502 3509 3510 3503
f 3503 3510 16773 16772
f 3467 3468 3511 3504
f 3504 3511 3512 3505
f 3505 3512 3513 3506
f 3506 3513 3514 3507
f 3507 3514 3515 3508
f 3508 3515 3516 3509
f 3509 3516 3517 3510
f 3510 3517 16774 16773
f 3468 15042 15041 3511
f 3511 15041 15040 3512
f 3512 15040 15039 3513
f 3513 15039 15038 3514
f 3514 15038 15037 3515
f 3515 15037 15036 3516
f 3516 15036 15035 3517
f 3517 15035 16950 16774
f 3440 3441 3518 3448
f 3448 3518 3519 3449
f 3449 3519 3520 3450
f 3450 3520 3521 3451
f 3451 3521 3522 3452
f 3452 3522 3523 3453
f 3453 3523 3524 3454
f 3454 3524 15416 15417
f 3441 3442 3525 3518
f 3518 3525 3526 3519
f 3519 3526 3527 3520
f 3520 3527 3528 3521
f 3521 3528 3529 3522
f 3522 3529 3530 3523
f 3523 3530 3531 3524
f 3524 3531 15415 15416
f 3442 3443 3532 3525
f 3525 3532 3533 3526
f 3526 3533 3534 3527
f 3527 3534 3535 3528
f 3528 3535 3536 3529
f 3529 3536 3537 3530
f 3530 3537 3538 3531
f 3531 3538 15414 15415
f 3443 3444 3539 3532
f 3532 3539 3540 3533
f 3533 3540 3541 3534
f 3534 3541 3542 3535
f 3535 3542 3543 3536
f 3536 3543 3544 3537
f 3537 3544 3545 3538
f 3538 3545 15413 15414
f 3444 3445 3546 3539
f 3539 3546 3547 3540
f 3540 3547 3548 3541
f 3541 3548 3549 3542
f 3542 3549 3550 3543
f 3543 3550 3551 3544
f 3544 3551 3552 3545
f 3545 3552 15412 15413
f 3445 3446 3553 3546
f 3546 3553 3554 3547
f 3547 3554 3555 3548
f 3548 3555 3556 3549
f 3549 3556 3557 3550
f 3550 3557 3558 3551
f 3551 3558 3559 3552
f 3552 3559 15411 15412
f 3446 3447 3560 3553
f 3553 3560 3561 3554
f 3554 3561 3562 3555
f 3555 3562 3563 3556
f 3556 3563 3564 3557
f 3557 3564 3565 3558
f 3558 3565 3566 3559
f 3559 3566 15410 15411
f 3447 16767 16766 3560
f 3560 16766 16765 3561
f 3561 16765 16764 3562
f 3562 16764 16763 3563
f 3563 16763 16762 3564
f 3564 16762 16761 3565
f 3565 16761 16760 3566
f 3566 16760 16953 15410
f 3440 3448 3567 3455
f 3455 3567 3568 3456
f 3456 3568 3569 3457
f 3457 3569 3570 3458
f 3458 3570 3571 3459
f 3459 3571 3572 3460
f 3460 3572 3573 3461
f 3461 3573 15388 15387
f 3448 3449 3574 3567
f 3567 3574 3575 3568
f 3568 3575 3576 3569
f 3569 3576 3577 3570
f 3570 3577 3578 3571
f 3571 3578 3579 3572
f 3572 3579 3580 3573
f 3573 3580 15389 15388
f 3449 3450 3581 3574
f 3574 3581 3582 3575
f 3575 3582 3583 3576
f 3576 3583 3584 3577
f 3577 3584 3585 3578
f 3578 3585 3586 3579
f 3579 3586 3587 3580
f 3580 3587 15390 15389
f 3450 3451 3588 3581
f 3581 3588 3589 3582
f 3582 3589 3590 3583
f 3583 3590 3591 3584
f 3584 3591 3592 3585
f 3585 3592 3593 3586
f 3586 3593 3594 3587
f 3587 3594 15391 15390
f 3451 3452 3595 3588
f 3588 3595 3596 3589
f 3589 3596 3597 3590
f 3590 3597 3598 3591
f 3591 3598 3599 3592
f 3592 3599 3600 3593
f 3593 3600 3601 3594
f 3594 3601 15392 15391
f 3452 3453 3602 3595
f 3595 3602 3603 3596
f 3596 3603 3604 3597
f 3597 3604 3605 3598
f 3598 3605 3606 3599
f 3599 3606 3607 3600
f 3600 3607 3608 3601
f 3601 3608 15393 15392
f 3453 3454 3609 3602
f 3602 3609 3610 3603
f 3603 3610 3611 3604
f 3604 3611 3612 3605
f 3605 3612 3613 3606
f 3606 3613 3614 3607
f 3607 3614 3615 3608
f 3608 3615 15394 15393
f 3454 15417 15418 3609
f 3609 15418 15419 3610
f 3610 15419 15420 3611
f 3611 15420 15421 3612
f 3612 15421 15422 3613
f 3613 15422 15423 3614
f 3614 15423 15424 3615
f 3615 15424 16914 15394
f 3440 3455 3616 3462
f 3462 3616 3617 3463
f 3463 3617 3618 3464
f 3464 3618 3619 3465
f 3465 3619 3620 3466
f 3466 3620 3621 3467
f 3467 3621 3622 3468
f 3468 3622 15043 15042
f 3455 3456 3623 3616
f 3616 3623 3624 3617
f 3617 3624 3625 3618
f 3618 3625 3626 3619
f 3619 3626 3627 3620
f 3620 3627 3628 3621
f 3621 3628 3629 3622
f 3622 3629 15044 15043
f 3456 3457 3630 3623
f 3623 3630 3631 3624
f 3624 3631 3632 3625
f 3625 3632 3633 3626
f 3626 3633 3634 3627
f 3627 3634 3635 3628
f 3628 3635 3636 3629
f 3629 3636 15045 15044
f 3457 3458 3637 3630
f 3630 3637 3638 3631
f 3631 3638 3639 3632
f 3632 3639 3640 3633
f 3633 3640 3641 3634
f 3634 3641 3642 3635
f 3635 3642 3643 3636
f 3636 3643 15046 15045
f 3458 3459 3644 3637
f 3637 3644 3645 3638
f 3638 3645 3646 3639
f 3639 3646 3647 3640
f 3640 3647 3648 3641
f 3641 3648 3649 3642
f 3642 3649 3650 3643
f 3643 3650 15047 15046
f 3459 3460 3651 3644
f 3644 3651 3652 3645
f 3645 3652 3653 3646
f 3646 3653 3654 3647
f 3647 3654 3655 3648
f 3648 3655 3656 3649
f 3649 3656 3657 3650
f 3650 3657 15048 15047
f 3460 3461 3658 3651
f 3651 3658 3659 3652
f 3652 3659 3660 3653
f 3653 3660 3661 3654
f 3654 3661 3662 3655
f 3655 3662 3663 3656
f 3656 3663 3664 3657
f 3657 3664 15049 15048
f 3461 15387 15386 3658
f 3658 15386 15385 3659
f 3659 15385 15384 3660
f 3660 15384 15383 3661
f 3661 15383 15382 3662
f 3662 15382 15381 3663
f 3663 15381 15380 3664
f 3664 15380 16900 15049
f 3665 3687 3694 3666
f 3666 3694 3695 3667
f 3667 3695 3696 3668
f 3668 3696 3697 3669
f 3669 3697 3698 3670
f 3670 3698 3699 3671
f 3671 3699 3700 3672
f 3672 3700 14981 14982
f 3687 3688 3701 3694
f 3694 3701 3702 3695
f 3695 3702 3703 3696
f 3696 3703 3704 3697
f 3697 3704 3705 3698
f 3698 3705 3706 3699
f 3699 3706 3707 3700
f 3700 3707 14980 14981
f 3688 3689 3708 3701
f 3701 3708 3709 3702
f 3702 3709 3710 3703
f 3703 3710 3711 3704
f 3704 3711 3712 3705
f 3705 3712 3713 3706
f 3706 3713 3714 3707
f 3707 3714 14979 14980
f 3689 3690 3715 3708
f 3708 3715 3716 3709
f 3709 3716 3717 3710
f 3710 3717 3718 3711
f 3711 3718 3719 3712
f 3712 3719 3720 3713
f 3713 3720 3721 3714
f 3714 3721 14978 14979
f 3690 3691 3722 3715
f 3715 3722 3723 3716
f 3716 3723 3724 3717
f 3717 3724 3725 3718
f 3718 3725 3726 3719
f 3719 3726 3727 3720
f 3720 3727 3728 3721
f 3721 3728 14977 14978
f 3691 3692 3729 3722
f 3722 3729 3730 3723
f 3723 3730 3731 3724
f 3724 3731 3732 3725
f 3725 3732 3733 3726
f 3726 3733 3734 3727
f 3727 3734 3735 3728
f 3728 3735 14976 14977
f 3692 3693 3736 3729
f 3729 3736 3737 3730
f 3730 3737 3738 3731
f 3731 3738 3739 3732
f 3732 3739 3740 3733
f 3733 3740 3741 3734
f 3734 3741 3742 3735
f 3735 3742 14975 14976
f 3693 15972 15971 3736
f 3736 15971 15970 3737
f 3737 15970 15969 3738
f 3738 15969 15968 3739
f 3739 15968 15967 3740
f 3740 15967 15966 3741
f 3741 15966 15965 3742
f 3742 15965 16926 14975
f 3665 3666 3743 3673
f 3673 3743 3744 3674
f 3674 3744 3745 3675
f 3675 3745 3746 3676
f 3676 3746 3747 3677
f 3677 3747 3748 3678
f 3678 3748 3749 3679
f 3679 3749 15386 15387
f 3666 3667 3750 3743
f 3743 3750 3751 3744
f 3744 3751 3752 3745
f 3745 3752 3753 3746
f 3746 3753 3754 3747
f 3747 3754 3755 3748
f 3748 3755 3756 3749
f 3749 3756 15385 15386
f 3667 3668 3757 3750
f 3750 3757 3758 3751
f 3751 3758 3759 3752
f 3752 3759 3760 3753
f 3753 3760 3761 3754
f 3754 3761 3762 3755
f 3755 3762 3763 3756
f 3756 3763 15384 15385
f 3668 3669 3764 3757
f 3757 3764 3765 3758
f 3758 3765 3766 3759
f 3759 3766 3767 3760
f 3760 3767 3768 3761
f 3761 3768 3769 3762
f 3762 3769 3770 3763
f 3763 3770 15383 15384
f 3669 3670 3771 3764
f 3764 3771 3772 3765
f 3765 3772 3773 3766
f 3766 3773 3774 3767
f 3767 3774 3775 3768
f 3768 3775 3776 3769
f 3769 3776 3777 3770
f 3770 3777 15382 15383
f 3670 3671 3778 3771
f 3771 3778 3779 3772
f 3772 3779 3780 3773
f 3773 3780 3781 3774
f 3774 3781 3782 3775
f 3775 3782 3783 3776
f 3776 3783 3784 3777
f 3777 3784 15381 15382
f 3671 3672 3785 3778
f 3778 3785 3786 3779
f 3779 3786 3787 3780
f 3780 3787 3788 3781
f 3781 3788 3789 3782
f 3782 3789 3790 3783
f 3783 3790 3791 3784
f 3784 3791 15380 15381
f 3672 14982 14983 3785
f 3785 14983 14984 3786
f 3786 14984 14985 3787
f 3787 14985 14986 3788
f 3788 14986 14987 3789
f 3789 14987 14988 3790
f 3790 14988 14989 3791
f 3791 14989 16900 15380
f 3665 3673 3792 3680
f 3680 3792 3793 3681
f 3681 3793 3794 3682
f 3682 3794 3795 3683
f 3683 3795 3796 3684
f 3684 3796 3797 3685
f 3685 3797 3798 3686
f 3686 3798 15896 15897
f 3673 3674 3799 3792
f 3792 3799 3800 3793
f 3793 3800 3801 3794
f 3794 3801 3802 3795
f 3795 3802 3803 3796
f 3796 3803 3804 3797
f 3797 3804 3805 3798
f 3798 3805 15895 15896
f 3674 3675 3806 3799
f 3799 3806 3807 3800
f 3800 3807 3808 3801
f 3801 3808 3809 3802
f 3802 3809 3810 3803
f 3803 3810 3811 3804
f 3804 3811 3812 3805
f 3805 3812 15894 15895
f 3675 3676 3813 3806
f 3806 3813 3814 3807
f 3807 3814 3815 3808
f 3808 3815 3816 3809
f 3809 3816 3817 3810
f 3810 3817 3818 3811
f 3811 3818 3819 3812
f 3812 3819 15893 15894
f 3676 3677 3820 3813
f 3813 3820 3821 3814
f 3814 3821 3822 3815
f 3815 3822 3823 3816
f 3816 3823 3824 3817
f 3817 3824 3825 3818
f 3818 3825 3826 3819
f 3819 3826 15892 15893
f 3677 3678 3827 3820
f 3820 3827 3828 3821
f 3821 3828 3829 3822
f 3822 3829 3830 3823
f 3823 3830 3831 3824
f 3824 3831 3832 3825
f 3825 3832 3833 3826
f 3826 3833 15891 15892
f 3678 3679 3834 3827
f 3827 3834 3835 3828
f 3828 3835 3836 3829
f 3829 3836 3837 3830
f 3830 3837 3838 3831
f 3831 3838 3839 3832
f 3832 3839 3840 3833
f 3833 3840 15890 15891
f 3679 15387 15388 3834
f 3834 15388 15389 3835
f 3835 15389 15390 3836
f 3836 15390 15391 3837
f 3837 15391 15392 3838
f 3838 15392 15393 3839
f 3839 15393 15394 3840
f 3840 15394 16914 15890
f 3665 3680 3841 3687
f 3687 3841 3842 3688
f 3688 3842 3843 3689
f 3689 3843 3844 3690
f 3690 3844 3845 3691
f 3691 3845 3846 3692
f 3692 3846 3847 3693
f 3693 3847 15973 15972
f 3680 3681 3848 3841
f 3841 3848 3849 3842
f 3842 3849 3850 3843
f 3843 3850 3851 3844
f 3844 3851 3852 3845
f 3845 3852 3853 3846
f 3846 3853 3854 3847
f 3847 3854 15974 15973
f 3681 3682 3855 3848
f 3848 3855 3856 3849
f 3849 3856 3857 3850
f 3850 3857 3858 3851
f 3851 3858 3859 3852
f 3852 3859 3860 3853
f 3853 3860 3861 3854
f 3854 3861 15975 15974
f 3682 3683 3862 3855
f 3855 3862 3863 3856
f 3856 3863 3864 3857
f 3857 3864 3865 3858
f 3858 3865 3866 3859
f 3859 3866 3867 3860
f 3860 3867 3868 3861
f 3861 3868 15976 15975
f 3683 3684 3869 3862
f 3862 3869 3870 3863
f 3863 3870 3871 3864
f 3864 3871 3872 3865
f 3865 3872 3873 3866
f 3866 3873 3874 3867
f 3867 3874 3875 3868
f 3868 3875 15977 15976
f 3684 3685 3876 3869
f 3869 3876 3877 3870
f 3870 3877 3878 3871
f 3871 3878 3879 3872
f 3872 3879 3880 3873
f 3873 3880 3881 3874
f 3874 3881 3882 3875
f 3875 3882 15978 15977
f 3685 3686 3883 3876
f 3876 3883 3884 3877
f 3877 3884 3885 3878
f 3878 3885 3886 3879
f 3879 3886 3887 3880
f 3880 3887 3888 3881
f 3881 3888 3889 3882
f 3882 3889 15979 15978
f 3686 15897 15898 3883
f 3883 15898 15899 3884
f 3884 15899 15900 3885
f 3885 15900 15901 3886
f 3886 15901 15902 3887
f 3887 15902 15903 3888
f 3888 15903 15904 3889
f 3889 15904 16934 15979
f 3890 3912 3919 3891
f 3891 3919 3920 3892
f 3892 3920 3921 3893
f 3893 3921 3922 3894
f 3894 3922 3923 3895
f 3895 3923 3924 3896
f 3896 3924 3925 3897
f 3897 3925 15463 15462
f 3912 3913 3926 3919
f 3919 3926 3927 3920
f 3920 3927 3928 3921
f 3921 3928 3929 3922
f 3922 3929 3930 3923
f 3923 3930 3931 3924
f 3924 3931 3932 3925
f 3925 3932 15464 15463
f 3913 3914 3933 3926
f 3926 3933 3934 3927
f 3927 3934 3935 3928
f 3928 3935 3936 3929
f 3929 3936 3937 3930
f 3930 3937 3938 3931
f 3931 3938 3939 3932
f 3932 3939 15465 15464
f 3914 3915 3940 3933
f 3933 3940 3941 3934
f 3934 3941 3942 3935
f 3935 3942 3943 3936
f 3936 3943 3944 3937
f 3937 3944 3945 3938
f 3938 3945 3946 3939
f 3939 3946 15466 15465
f 3915 3916 3947 3940
f 3940 3947 3948 3941
f 3941 3948 3949 3942
f 3942 3949 3950 3943
f 3943 3950 3951 3944
f 3944 3951 3952 3945
f 3945 3952 3953 3946
f 3946 3953 15467 15466
f 3916 3917 3954 3947
f 3947 3954 3955 3948
f 3948 3955 3956 3949
f 3949 3956 3957 3950
f 3950 3957 3958 3951
f 3951 3958 3959 3952
f 3952 3959 3960 3953
f 3953 3960 15468 15467
f 3917 3918 3961 3954
f 3954 3961 3962 3955
f 3955 3962 3963 3956
f 3956 3963 3964 3957
f 3957 3964 3965 3958
f 3958 3965 3966 3959
f 3959 3966 3967 3960
f 3960 3967 15469 15468
f 3918 15612 15611 3961
f 3961 15611 15610 3962
f 3962 15610 15609 3963
f 3963 15609 15608 3964
f 3964 15608 15607 3965
f 3965 15607 15606 3966
f 3966 15606 15605 3967
f 3967 15605 16915 15469
f 3890 3891 3968 3898
f 3898 3968 3969 3899
f 3899 3969 3970 3900
f 3900 3970 3971 3901
f 3901 3971 3972 3902
f 3902 3972 3973 3903
f 3903 3973 3974 3904
f 3904 3974 15341 15342
f 3891 3892 3975 3968
f 3968 3975 3976 3969
f 3969 3976 3977 3970
f 3970 3977 3978 3971
f 3971 3978 3979 3972
f 3972 3979 3980 3973
f 3973 3980 3981 3974
f 3974 3981 15340 15341
f 3892 3893 3982 3975
f 3975 3982 3983 3976
f 3976 3983 3984 3977
f 3977 3984 3985 3978
f 3978 3985 3986 3979
f 3979 3986 3987 3980
f 3980 3987 3988 3981
f 3981 3988 15339 15340
f 3893 3894 3989 3982
f 3982 3989 3990 3983
f 3983 3990 3991 3984
f 3984 3991 3992 3985
f 3985 3992 3993 3986
f 3986 3993 3994 3987
f 3987 3994 3995 3988
f 3988 3995 15338 15339
f 3894 3895 3996 3989
f 3989 3996 3997 3990
f 3990 3997 3998 3991
f 3991 3998 3999 3992
f 3992 3999 4000 3993
f 3993 4000 4001 3994
f 3994 4001 4002 3995
f 3995 4002 15337 15338
f 3895 3896 4003 3996
f 3996 4003 4004 3997
f 3997 4004 4005 3998
f 3998 4005 4006 3999
f 3999 4006 4007 4000
f 4000 4007 4008 4001
f 4001 4008 4009 4002
f 4002 4009 15336 15337
f 3896 3897 4010 4003
f 4003 4010 4011 4004
f 4004 4011 4012 4005
f 4005 4012 4013 4006
f 4006 4013 4014 4007
f 4007 4014 4015 4008
f 4008 4015 4016 4009
f 4009 4016 15335 15336
f 3897 15462 15461 4010
f 4010 15461 15460 4011
f 4011 15460 15459 4012
f 4012 15459 15458 4013
f 4013 15458 15457 4014
f 4014 15457 15456 4015
f 4015 15456 15455 4016
f 4016 15455 16895 15335
f 3890 3898 4017 3905
f 3905 4017 4018 3906
f 3906 4018 4019 3907
f 3907 4019 4020 3908
f 3908 4020 4021 3909
f 3909 4021 4022 3910
f 3910 4022 4023 3911
f 3911 4023 15596 15597
f 3898 3899 4024 4017
f 4017 4024 4025 4018
f 4018 4025 4026 4019
f 4019 4026 4027 4020
f 4020 4027 4028 4021
f 4021 4028 4029 4022
f 4022 4029 4030 4023
f 4023 4030 15595 15596
f 3899 3900 4031 4024
f 4024 4031 4032 4025
f 4025 4032 4033 4026
f 4026 4033 4034 4027
f 4027 4034 4035 4028
f 4028 4035 4036 4029
f 4029 4036 4037 4030
f 4030 4037 15594 15595
f 3900 3901 4038 4031
f 4031 4038 4039 4032
f 4032 4039 4040 4033
f 4033 4040 4041 4034
f 4034 4041 4042 4035
f 4035 4042 4043 4036
f 4036 4043 4044 4037
f 4037 4044 15593 15594
f 3901 3902 4045 4038
f 4038 4045 4046 4039
f 4039 4046 4047 4040
f 4040 4047 4048 4041
f 4041 4048 4049 4042
f 4042 4049 4050 4043
f 4043 4050 4051 4044
f 4044 4051 15592 15593
f 3902 3903 4052 4045
f 4045 4052 4053 4046
f 4046 4053 4054 4047
f 4047 4054 4055 4048
f 4048 4055 4056 4049
f 4049 4056 4057 4050
f 4050 4057 4058 4051
f 4051 4058 15591 15592
f 3903 3904 4059 4052
f 4052 4059 4060 4053
f 4053 4060 4061 4054
f 4054 4061 4062 4055
f 4055 4062 4063 4056
f 4056 4063 4064 4057
f 4057 4064 4065 4058
f 4058 4065 15590 15591
f 3904 15342 15343 4059
f 4059 15343 15344 4060
f 4060 15344 15345 4061
f 4061 15345 15346 4062
f 4062 15346 15347 4063
f 4063 15347 15348 4064
f 4064 15348 15349 4065
f 4065 15349 16911 15590
f 3890 3905 4066 3912
f 3912 4066 4067 3913
f 3913 4067 4068 3914
f 3914 4068 4069 3915
f 3915 4069 4070 3916
f 3916 4070 4071 3917
f 3917 4071 4072 3918
f 3918 4072 15613 15612
f 3905 3906 4073 4066
f 4066 4073 4074 4067
f 4067 4074 4075 4068
f 4068 4075 4076 4069
f 4069 4076 4077 4070
f 4070 4077 4078 4071
f 4071 4078 4079 4072
f 4072 4079 15614 15613
f 3906 3907 4080 4073
f 4073 4080 4081 4074
f 4074 4081 4082 4075
f 4075 4082 4083 4076
f 4076 4083 4084 4077
f 4077 4084 4085 4078
f 4078 4085 4086 4079
f 4079 4086 15615 15614
f 3907 3908 4087 4080
f 4080 4087 4088 4081
f 4081 4088 4089 4082
f 4082 4089 4090 4083
f 4083 4090 4091 4084
f 4084 4091 4092 4085
f 4085 4092 4093 4086
f 4086 4093 15616 15615
f 3908 3909 4094 4087
f 4087 4094 4095 4088
f 4088 4095 4096 4089
f 4089 4096 4097 4090
f 4090 4097 4098 4091
f 4091 4098 4099 4092
f 4092 4099 4100 4093
f 4093 4100 15617 15616
f 3909 3910 4101 4094
f 4094 4101 4102 4095
f 4095 4102 4103 4096
f 4096 4103 4104 4097
f 4097 4104 4105 4098
f 4098 4105 4106 4099
f 4099 4106 4107 4100
f 4100 4107 15618 15617
f 3910 3911 4108 4101
f 4101 4108 4109 4102
f 4102 4109 4110 4103
f 4103 4110 4111 4104
f 4104 4111 4112 4105
f 4105 4112 4113 4106
f 4106 4113 4114 4107
f 4107 4114 15619 15618
f 3911 15597 15598 4108
f 4108 15598 15599 4109
f 4109 15599 15600 4110
f 4110 15600 15601 4111
f 4111 15601 15602 4112
f 4112 15602 15603 4113
f 4113 15603 15604 4114
f 4114 15604 16924 15619
f 4115 4137 4144 4116
f 4116 4144 4145 4117
f 4117 4145 4146 4118
f 4118 4146 4147 4119
f 4119 4147 4148 4120
f 4120 4148 4149 4121
f 4121 4149 4150 4122
f 4122 4150 15763 15762
f 4137 4138 4151 4144
f 4144 4151 4152 4145
f 4145 4152 4153 4146
f 4146 4153 4154 4147
f 4147 4154 4155 4148
f 4148 4155 4156 4149
f 4149 4156 4157 4150
f 4150 4157 15764 15763
f 4138 4139 4158 4151
f 4151 4158 4159 4152
f 4152 4159 4160 4153
f 4153 4160 4161 4154
f 4154 4161 4162 4155
f 4155 4162 4163 4156
f 4156 4163 4164 4157
f 4157 4164 15765 15764
f 4139 4140 4165 4158
f 4158 4165 4166 4159
f 4159 4166 4167 4160
f 4160 4167 4168 4161
f 4161 4168 4169 4162
f 4162 4169 4170 4163
f 4163 4170 4171 4164
f 4164 4171 15766 15765
f 4140 4141 4172 4165
f 4165 4172 4173 4166
f 4166 4173 4174 4167
f 4167 4174 4175 4168
f 4168 4175 4176 4169
f 4169 4176 4177 4170
f 4170 4177 4178 4171
f 4171 4178 15767 15766
f 4141 4142 4179 4172
f 4172 4179 4180 4173
f 4173 4180 4181 4174
f 4174 4181 4182 4175
f 4175 4182 4183 4176
f 4176 4183 4184 4177
f 4177 4184 4185 4178
f 4178 4185 15768 15767
f 4142 4143 4186 4179
f 4179 4186 4187 4180
f 4180 4187 4188 4181
f 4181 4188 4189 4182
f 4182 4189 4190 4183
f 4183 4190 4191 4184
f 4184 4191 4192 4185
f 4185 4192 15769 15768
f 4143 15957 15956 4186
f 4186 15956 15955 4187
f 4187 15955 15954 4188
f 4188 15954 15953 4189
f 4189 15953 15952 4190
f 4190 15952 15951 4191
f 4191 15951 15950 4192
f 4192 15950 16925 15769
f 4115 4116 4193 4123
f 4123 4193 4194 4124
f 4124 4194 4195 4125
f 4125 4195 4196 4126
f 4126 4196 4197 4127
f 4127 4197 4198 4128
f 4128 4198 4199 4129
f 4129 4199 15611 15612
f 4116 4117 4200 4193
f 4193 4200 4201 4194
f 4194 4201 4202 4195
f 4195 4202 4203 4196
f 4196 4203 4204 4197
f 4197 4204 4205 4198
f 4198 4205 4206 4199
f 4199 4206 15610 15611
f 4117 4118 4207 4200
f 4200 4207 4208 4201
f 4201 4208 4209 4202
f 4202 4209 4210 4203
f 4203 4210 4211 4204
f 4204 4211 4212 4205
f 4205 4212 4213 4206
f 4206 4213 15609 15610
f 4118 4119 4214 4207
f 4207 4214 4215 4208
f 4208 4215 4216 4209
f 4209 4216 4217 4210
f 4210 4217 4218 4211
f 4211 4218 4219 4212
f 4212 4219 4220 4213
f 4213 4220 15608 15609
f 4119 4120 4221 4214
f 4214 4221 4222 4215
f 4215 4222 4223 4216
f 4216 4223 4224 4217
f 4217 4224 4225 4218
f 4218 4225 4226 4219
f 4219 4226 4227 4220
f 4220 4227 15607 15608
f 4120 4121 4228 4221
f 4221 4228 4229 4222
f 4222 4229 4230 4223
f 4223 4230 4231 4224
f 4224 4231 4232 4225
f 4225 4232 4233 4226
f 4226 4233 4234 4227
f 4227 4234 15606 15607
f 4121 4122 4235 4228
f 4228 4235 4236 4229
f 4229 4236 4237 4230
f 4230 4237 4238 4231
f 4231 4238 4239 4232
f 4232 4239 4240 4233
f 4233 4240 4241 4234
f 4234 4241 15605 15606
f 4122 15762 15761 4235
f 4235 15761 15760 4236
f 4236 15760 15759 4237
f 4237 15759 15758 4238
f 4238 15758 15757 4239
f 4239 15757 15756 4240
f 4240 15756 15755 4241
f 4241 15755 16915 15605
f 4115 4123 4242 4130
f 4130 4242 4243 4131
f 4131 4243 4244 4132
f 4132 4244 4245 4133
f 4133 4245 4246 4134
f 4134 4246 4247 4135
f 4135 4247 4248 4136
f 4136 4248 15851 15852
f 4123 4124 4249 4242
f 4242 4249 4250 4243
f 4243 4250 4251 4244
f 4244 4251 4252 4245
f 4245 4252 4253 4246
f 4246 4253 4254 4247
f 4247 4254 4255 4248
f 4248 4255 15850 15851
f 4124 4125 4256 4249
f 4249 4256 4257 4250
f 4250 4257 4258 4251
f 4251 4258 4259 4252
f 4252 4259 4260 4253
f 4253 4260 4261 4254
f 4254 4261 4262 4255
f 4255 4262 15849 15850
f 4125 4126 4263 4256
f 4256 4263 4264 4257
f 4257 4264 4265 4258
f 4258 4265 4266 4259
f 4259 4266 4267 4260
f 4260 4267 4268 4261
f 4261 4268 4269 4262
f 4262 4269 15848 15849
f 4126 4127 4270 4263
f 4263 4270 4271 4264
f 4264 4271 4272 4265
f 4265 4272 4273 4266
f 4266 4273 4274 4267
f 4267 4274 4275 4268
f 4268 4275 4276 4269
f 4269 4276 15847 15848
f 4127 4128 4277 4270
f 4270 4277 4278 4271
f 4271 4278 4279 4272
f 4272 4279 4280 4273
f 4273 4280 4281 4274
f 4274 4281 4282 4275
f 4275 4282 4283 4276
f 4276 4283 15846 15847
f 4128 4129 4284 4277
f 4277 4284 4285 4278
f 4278 4285 4286 4279
f 4279 4286 4287 4280
f 4280 4287 4288 4281
f 4281 4288 4289 4282
f 4282 4289 4290 4283
f 4283 4290 15845 15846
f 4129 15612 15613 4284
f 4284 15613 15614 4285
f 4285 15614 15615 4286
f 4286 15615 15616 4287
f 4287 15616 15617 4288
f 4288 15617 15618 4289
f 4289 15618 15619 4290
f 4290 15619 16924 15845
f 4115 4130 4291 4137
f 4137 4291 4292 4138
f 4138 4292 4293 4139
f 4139 4293 4294 4140
f 4140 4294 4295 4141
f 4141 4295 4296 4142
f 4142 4296 4297 4143
f 4143 4297 15958 15957
f 4130 4131 4298 4291
f 4291 4298 4299 4292
f 4292 4299 4300 4293
f 4293 4300 4301 4294
f 4294 4301 4302 4295
f 4295 4302 4303 4296
f 4296 4303 4304 4297
f 4297 4304 15959 15958
f 4131 4132 4305 4298
f 4298 4305 4306 4299
f 4299 4306 4307 4300
f 4300 4307 4308 4301
f 4301 4308 4309 4302
f 4302 4309 4310 4303
f 4303 4310 4311 4304
f 4304 4311 15960 15959
f 4132 4133 4312 4305
f 4305 4312 4313 4306
f 4306 4313 4314 4307
f 4307 4314 4315 4308
f 4308 4315 4316 4309
f 4309 4316 4317 4310
f 4310 4317 4318 4311
f 4311 4318 15961 15960
f 4133 4134 4319 4312
f 4312 4319 4320 4313
f 4313 4320 4321 4314
f 4314 4321 4322 4315
f 4315 4322 4323 4316
f 4316 4323 4324 4317
f 4317 4324 4325 4318
f 4318 4325 15962 15961
f 4134 4135 4326 4319
f 4319 4326 4327 4320
f 4320 4327 4328 4321
f 4321 4328 4329 4322
f 4322 4329 4330 4323
f 4323 4330 4331 4324
f 4324 4331 4332 4325
f 4325 4332 15963 15962
f 4135 4136 4333 4326
f 4326 4333 4334 4327
f 4327 4334 4335 4328
f 4328 4335 4336 4329
f 4329 4336 4337 4330
f 4330 4337 4338 4331
f 4331 4338 4339 4332
f 4332 4339 15964 15963
f 4136 15852 15853 4333
f 4333 15853 15854 4334
f 4334 15854 15855 4335
f 4335 15855 15856 4336
f 4336 15856 15857 4337
f 4337 15857 15858 4338
f 4338 15858 15859 4339
f 4339 15859 16931 15964
f 4340 4362 4369 4341
f 4341 4369 4370 4342
f 4342 4370 4371 4343
f 4343 4371 4372 4344
f 4344 4372 4373 4345
f 4345 4373 4374 4346
f 4346 4374 4375 4347
f 4347 4375 15476 15477
f 4362 4363 4376 4369
f 4369 4376 4377 4370
f 4370 4377 4378 4371
f 4371 4378 4379 4372
f 4372 4379 4380 4373
f 4373 4380 4381 4374
f 4374 4381 4382 4375
f 4375 4382 15475 15476
f 4363 4364 4383 4376
f 4376 4383 4384 4377
f 4377 4384 4385 4378
f 4378 4385 4386 4379
f 4379 4386 4387 4380
f 4380 4387 4388 4381
f 4381 4388 4389 4382
f 4382 4389 15474 15475
f 4364 4365 4390 4383
f 4383 4390 4391 4384
f 4384 4391 4392 4385
f 4385 4392 4393 4386
f 4386 4393 4394 4387
f 4387 4394 4395 4388
f 4388 4395 4396 4389
f 4389 4396 15473 15474
f 4365 4366 4397 4390
f 4390 4397 4398 4391
f 4391 4398 4399 4392
f 4392 4399 4400 4393
f 4393 4400 4401 4394
f 4394 4401 4402 4395
f 4395 4402 4403 4396
f 4396 4403 15472 15473
f 4366 4367 4404 4397
f 4397 4404 4405 4398
f 4398 4405 4406 4399
f 4399 4406 4407 4400
f 4400 4407 4408 4401
f 4401 4408 4409 4402
f 4402 4409 4410 4403
f 4403 4410 15471 15472
f 4367 4368 4411 4404
f 4404 4411 4412 4405
f 4405 4412 4413 4406
f 4406 4413 4414 4407
f 4407 4414 4415 4408
f 4408 4415 4416 4409
f 4409 4416 4417 4410
f 4410 4417 15470 15471
f 4368 15357 15356 4411
f 4411 15356 15355 4412
f 4412 15355 15354 4413
f 4413 15354 15353 4414
f 4414 15353 15352 4415
f 4415 15352 15351 4416
f 4416 15351 15350 4417
f 4417 15350 16896 15470
f 4340 4341 4418 4348
f 4348 4418 4419 4349
f 4349 4419 4420 4350
f 4350 4420 4421 4351
f 4351 4421 4422 4352
f 4352 4422 4423 4353
f 4353 4423 4424 4354
f 4354 4424 15626 15627
f 4341 4342 4425 4418
f 4418 4425 4426 4419
f 4419 4426 4427 4420
f 4420 4427 4428 4421
f 4421 4428 4429 4422
f 4422 4429 4430 4423
f 4423 4430 4431 4424
f 4424 4431 15625 15626
f 4342 4343 4432 4425
f 4425 4432 4433 4426
f 4426 4433 4434 4427
f 4427 4434 4435 4428
f 4428 4435 4436 4429
f 4429 4436 4437 4430
f 4430 4437 4438 4431
f 4431 4438 15624 15625
f 4343 4344 4439 4432
f 4432 4439 4440 4433
f 4433 4440 4441 4434
f 4434 4441 4442 4435
f 4435 4442 4443 4436
f 4436 4443 4444 4437
f 4437 4444 4445 4438
f 4438 4445 15623 15624
f 4344 4345 4446 4439
f 4439 4446 4447 4440
f 4440 4447 4448 4441
f 4441 4448 4449 4442
f 4442 4449 4450 4443
f 4443 4450 4451 4444
f 4444 4451 4452 4445
f 4445 4452 15622 15623
f 4345 4346 4453 4446
f 4446 4453 4454 4447
f 4447 4454 4455 4448
f 4448 4455 4456 4449
f 4449 4456 4457 4450
f 4450 4457 4458 4451
f 4451 4458 4459 4452
f 4452 4459 15621 15622
f 4346 4347 4460 4453
f 4453 4460 4461 4454
f 4454 4461 4462 4455
f 4455 4462 4463 4456
f 4456 4463 4464 4457
f 4457 4464 4465 4458
f 4458 4465 4466 4459
f 4459 4466 15620 15621
f 4347 15477 15478 4460
f 4460 15478 15479 4461
f 4461 15479 15480 4462
f 4462 15480 15481 4463
f 4463 15481 15482 4464
f 4464 15482 15483 4465
f 4465 15483 15484 4466
f 4466 15484 16916 15620
f 4340 4348 4467 4355
f 4355 4467 4468 4356
f 4356 4468 4469 4357
f 4357 4469 4470 4358
f 4358 4470 4471 4359
f 4359 4471 4472 4360
f 4360 4472 4473 4361
f 4361 4473 15431 15432
f 4348 4349 4474 4467
f 4467 4474 4475 4468
f 4468 4475 4476 4469
f 4469 4476 4477 4470
f 4470 4477 4478 4471
f 4471 4478 4479 4472
f 4472 4479 4480 4473
f 4473 4480 15430 15431
f 4349 4350 4481 4474
f 4474 4481 4482 4475
f 4475 4482 4483 4476
f 4476 4483 4484 4477
f 4477 4484 4485 4478
f 4478 4485 4486 4479
f 4479 4486 4487 4480
f 4480 4487 15429 15430
f 4350 4351 4488 4481
f 4481 4488 4489 4482
f 4482 4489 4490 4483
f 4483 4490 4491 4484
f 4484 4491 4492 4485
f 4485 4492 4493 4486
f 4486 4493 4494 4487
f 4487 4494 15428 15429
f 4351 4352 4495 4488
f 4488 4495 4496 4489
f 4489 4496 4497 4490
f 4490 4497 4498 4491
f 4491 4498 4499 4492
f 4492 4499 4500 4493
f 4493 4500 4501 4494
f 4494 4501 15427 15428
f 4352 4353 4502 4495
f 4495 4502 4503 4496
f 4496 4503 4504 4497
f 4497 4504 4505 4498
f 4498 4505 4506 4499
f 4499 4506 4507 4500
f 4500 4507 4508 4501
f 4501 4508 15426 15427
f 4353 4354 4509 4502
f 4502 4509 4510 4503
f 4503 4510 4511 4504
f 4504 4511 4512 4505
f 4505 4512 4513 4506
f 4506 4513 4514 4507
f 4507 4514 4515 4508
f 4508 4515 15425 15426
f 4354 15627 15628 4509
f 4509 15628 15629 4510
f 4510 15629 15630 4511
f 4511 15630 15631 4512
f 4512 15631 15632 4513
f 4513 15632 15633 4514
f 4514 15633 15634 4515
f 4515 15634 16923 15425
f 4340 4355 4516 4362
f 4362 4516 4517 4363
f 4363 4517 4518 4364
f 4364 4518 4519 4365
f 4365 4519 4520 4366
f 4366 4520 4521 4367
f 4367 4521 4522 4368
f 4368 4522 15358 15357
f 4355 4356 4523 4516
f 4516 4523 4524 4517
f 4517 4524 4525 4518
f 4518 4525 4526 4519
f 4519 4526 4527 4520
f 4520 4527 4528 4521
f 4521 4528 4529 4522
f 4522 4529 15359 15358
f 4356 4357 4530 4523
f 4523 4530 4531 4524
f 4524 4531 4532 4525
f 4525 4532 4533 4526
f 4526 4533 4534 4527
f 4527 4534 4535 4528
f 4528 4535 4536 4529
f 4529 4536 15360 15359
f 4357 4358 4537 4530
f 4530 4537 4538 4531
f 4531 4538 4539 4532
f 4532 4539 4540 4533
f 4533 4540 4541 4534
f 4534 4541 4542 4535
f 4535 4542 4543 4536
f 4536 4543 15361 15360
f 4358 4359 4544 4537
f 4537 4544 4545 4538
f 4538 4545 4546 4539
f 4539 4546 4547 4540
f 4540 4547 4548 4541
f 4541 4548 4549 4542
f 4542 4549 4550 4543
f 4543 4550 15362 15361
f 4359 4360 4551 4544
f 4544 4551 4552 4545
f 4545 4552 4553 4546
f 4546 4553 4554 4547
f 4547 4554 4555 4548
f 4548 4555 4556 4549
f 4549 4556 4557 4550
f 4550 4557 15363 15362
f 4360 4361 4558 4551
f 4551 4558 4559 4552
f 4552 4559 4560 4553
f 4553 4560 4561 4554
f 4554 4561 4562 4555
f 4555 4562 4563 4556
f 4556 4563 4564 4557
f 4557 4564 15364 15363
f 4361 15432 15433 4558
f 4558 15433 15434 4559
f 4559 15434 15435 4560
f 4560 15435 15436 4561
f 4561 15436 15437 4562
f 4562 15437 15438 4563
f 4563 15438 15439 4564
f 4564 15439 16912 15364
f 4565 4587 4594 4566
f 4566 4594 4595 4567
f 4567 4595 4596 4568
f 4568 4596 4597 4569
f 4569 4597 4598 4570
f 4570 4598 4599 4571
f 4571 4599 4600 4572
f 4572 4600 15178 15177
f 4587 4588 4601 4594
f 4594 4601 4602 4595
f 4595 4602 4603 4596
f 4596 4603 4604 4597
f 4597 4604 4605 4598
f 4598 4605 4606 4599
f 4599 4606 4607 4600
f 4600 4607 15179 15178
f 4588 4589 4608 4601
f 4601 4608 4609 4602
f 4602 4609 4610 4603
f 4603 4610 4611 4604
f 4604 4611 4612 4605
f 4605 4612 4613 4606
f 4606 4613 4614 4607
f 4607 4614 15180 15179
f 4589 4590 4615 4608
f 4608 4615 4616 4609
f 4609 4616 4617 4610
f 4610 4617 4618 4611
f 4611 4618 4619 4612
f 4612 4619 4620 4613
f 4613 4620 4621 4614
f 4614 4621 15181 15180
f 4590 4591 4622 4615
f 4615 4622 4623 4616
f 4616 4623 4624 4617
f 4617 4624 4625 4618
f 4618 4625 4626 4619
f 4619 4626 4627 4620
f 4620 4627 4628 4621
f 4621 4628 15182 15181
f 4591 4592 4629 4622
f 4622 4629 4630 4623
f 4623 4630 4631 4624
f 4624 4631 4632 4625
f 4625 4632 4633 4626
f 4626 4633 4634 4627
f 4627 4634 4635 4628
f 4628 4635 15183 15182
f 4592 4593 4636 4629
f 4629 4636 4637 4630
f 4630 4637 4638 4631
f 4631 4638 4639 4632
f 4632 4639 4640 4633
f 4633 4640 4641 4634
f 4634 4641 4642 4635
f 4635 4642 15184 15183
f 4593 15237 15236 4636
f 4636 15236 15235 4637
f 4637 15235 15234 4638
f 4638 15234 15233 4639
f 4639 15233 15232 4640
f 4640 15232 15231 4641
f 4641 15231 15230 4642
f 4642 15230 16904 15184
f 4565 4566 4643 4573
f 4573 4643 4644 4574
f 4574 4644 4645 4575
f 4575 4645 4646 4576
f 4576 4646 4647 4577
f 4577 4647 4648 4578
f 4578 4648 4649 4579
f 4579 4649 15641 15642
f 4566 4567 4650 4643
f 4643 4650 4651 4644
f 4644 4651 4652 4645
f 4645 4652 4653 4646
f 4646 4653 4654 4647
f 4647 4654 4655 4648
f 4648 4655 4656 4649
f 4649 4656 15640 15641
f 4567 4568 4657 4650
f 4650 4657 4658 4651
f 4651 4658 4659 4652
f 4652 4659 4660 4653
f 4653 4660 4661 4654
f 4654 4661 4662 4655
f 4655 4662 4663 4656
f 4656 4663 15639 15640
f 4568 4569 4664 4657
f 4657 4664 4665 4658
f 4658 4665 4666 4659
f 4659 4666 4667 4660
f 4660 4667 4668 4661
f 4661 4668 4669 4662
f 4662 4669 4670 4663
f 4663 4670 15638 15639
f 4569 4570 4671 4664
f 4664 4671 4672 4665
f 4665 4672 4673 4666
f 4666 4673 4674 4667
f 4667 4674 4675 4668
f 4668 4675 4676 4669
f 4669 4676 4677 4670
f 4670 4677 15637 15638
f 4570 4571 4678 4671
f 4671 4678 4679 4672
f 4672 4679 4680 4673
f 4673 4680 4681 4674
f 4674 4681 4682 4675
f 4675 4682 4683 4676
f 4676 4683 4684 4677
f 4677 4684 15636 15637
f 4571 4572 4685 4678
f 4678 4685 4686 4679
f 4679 4686 4687 4680
f 4680 4687 4688 4681
f 4681 4688 4689 4682
f 4682 4689 4690 4683
f 4683 4690 4691 4684
f 4684 4691 15635 15636
f 4572 15177 15176 4685
f 4685 15176 15175 4686
f 4686 15175 15174 4687
f 4687 15174 15173 4688
f 4688 15173 15172 4689
f 4689 15172 15171 4690
f 4690 15171 15170 4691
f 4691 15170 16920 15635
f 4565 4573 4692 4580
f 4580 4692 4693 4581
f 4581 4693 4694 4582
f 4582 4694 4695 4583
f 4583 4695 4696 4584
f 4584 4696 4697 4585
f 4585 4697 4698 4586
f 4586 4698 15296 15297
f 4573 4574 4699 4692
f 4692 4699 4700 4693
f 4693 4700 4701 4694
f 4694 4701 4702 4695
f 4695 4702 4703 4696
f 4696 4703 4704 4697
f 4697 4704 4705 4698
f 4698 4705 15295 15296
f 4574 4575 4706 4699
f 4699 4706 4707 4700
f 4700 4707 4708 4701
f 4701 4708 4709 4702
f 4702 4709 4710 4703
f 4703 4710 4711 4704
f 4704 4711 4712 4705
f 4705 4712 15294 15295
f 4575 4576 4713 4706
f 4706 4713 4714 4707
f 4707 4714 4715 4708
f 4708 4715 4716 4709
f 4709 4716 4717 4710
f 4710 4717 4718 4711
f 4711 4718 4719 4712
f 4712 4719 15293 15294
f 4576 4577 4720 4713
f 4713 4720 4721 4714
f 4714 4721 4722 4715
f 4715 4722 4723 4716
f 4716 4723 4724 4717
f 4717 4724 4725 4718
f 4718 4725 4726 4719
f 4719 4726 15292 15293
f 4577 4578 4727 4720
f 4720 4727 4728 4721
f 4721 4728 4729 4722
f 4722 4729 4730 4723
f 4723 4730 4731 4724
f 4724 4731 4732 4725
f 4725 4732 4733 4726
f 4726 4733 15291 15292
f 4578 4579 4734 4727
f 4727 4734 4735 4728
f 4728 4735 4736 4729
f 4729 4736 4737 4730
f 4730 4737 4738 4731
f 4731 4738 4739 4732
f 4732 4739 4740 4733
f 4733 4740 15290 15291
f 4579 15642 15643 4734
f 4734 15643 15644 4735
f 4735 15644 15645 4736
f 4736 15645 15646 4737
f 4737 15646 15647 4738
f 4738 15647 15648 4739
f 4739 15648 15649 4740
f 4740 15649 16922 15290
f 4565 4580 4741 4587
f 4587 4741 4742 4588
f 4588 4742 4743 4589
f 4589 4743 4744 4590
f 4590 4744 4745 4591
f 4591 4745 4746 4592
f 4592 4746 4747 4593
f 4593 4747 15238 15237
f 4580 4581 4748 4741
f 4741 4748 4749 4742
f 4742 4749 4750 4743
f 4743 4750 4751 4744
f 4744 4751 4752 4745
f 4745 4752 4753 4746
f 4746 4753 4754 4747
f 4747 4754 15239 15238
f 4581 4582 4755 4748
f 4748 4755 4756 4749
f 4749 4756 4757 4750
f 4750 4757 4758 4751
f 4751 4758 4759 4752
f 4752 4759 4760 4753
f 4753 4760 4761 4754
f 4754 4761 15240 15239
f 4582 4583 4762 4755
f 4755 4762 4763 4756
f 4756 4763 4764 4757
f 4757 4764 4765 4758
f 4758 4765 4766 4759
f 4759 4766 4767 4760
f 4760 4767 4768 4761
f 4761 4768 15241 15240
f 4583 4584 4769 4762
f 4762 4769 4770 4763
f 4763 4770 4771 4764
f 4764 4771 4772 4765
f 4765 4772 4773 4766
f 4766 4773 4774 4767
f 4767 4774 4775 4768
f 4768 4775 15242 15241
f 4584 4585 4776 4769
f 4769 4776 4777 4770
f 4770 4777 4778 4771
f 4771 4778 4779 4772
f 4772 4779 4780 4773
f 4773 4780 4781 4774
f 4774 4781 4782 4775
f 4775 4782 15243 15242
f 4585 4586 4783 4776
f 4776 4783 4784 4777
f 4777 4784 4785 4778
f 4778 4785 4786 4779
f 4779 4786 4787 4780
f 4780 4787 4788 4781
f 4781 4788 4789 4782
f 4782 4789 15244 15243
f 4586 15297 15298 4783
f 4783 15298 15299 4784
f 4784 15299 15300 4785
f 4785 15300 15301 4786
f 4786 15301 15302 4787
f 4787 15302 15303 4788
f 4788 15303 15304 4789
f 4789 15304 16908 15244
f 4790 4812 4819 4791
f 4791 4819 4820 4792
f 4792 4820 4821 4793
f 4793 4821 4822 4794
f 4794 4822 4823 4795
f 4795 4823 4824 4796
f 4796 4824 4825 4797
f 4797 4825 15823 15822
f 4812 4813 4826 4819
f 4819 4826 4827 4820
f 4820 4827 4828 4821
f 4821 4828 4829 4822
f 4822 4829 4830 4823
f 4823 4830 4831 4824
f 4824 4831 4832 4825
f 4825 4832 15824 15823
f 4813 4814 4833 4826
f 4826 4833 4834 4827
f 4827 4834 4835 4828
f 4828 4835 4836 4829
f 4829 4836 4837 4830
f 4830 4837 4838 4831
f 4831 4838 4839 4832
f 4832 4839 15825 15824
f 4814 4815 4840 4833
f 4833 4840 4841 4834
f 4834 4841 4842 4835
f 4835 4842 4843 4836
f 4836 4843 4844 4837
f 4837 4844 4845 4838
f 4838 4845 4846 4839
f 4839 4846 15826 15825
f 4815 4816 4847 4840
f 4840 4847 4848 4841
f 4841 4848 4849 4842
f 4842 4849 4850 4843
f 4843 4850 4851 4844
f 4844 4851 4852 4845
f 4845 4852 4853 4846
f 4846 4853 15827 15826
f 4816 4817 4854 4847
f 4847 4854 4855 4848
f 4848 4855 4856 4849
f 4849 4856 4857 4850
f 4850 4857 4858 4851
f 4851 4858 4859 4852
f 4852 4859 4860 4853
f 4853 4860 15828 15827
f 4817 4818 4861 4854
f 4854 4861 4862 4855
f 4855 4862 4863 4856
f 4856 4863 4864 4857
f 4857 4864 4865 4858
f 4858 4865 4866 4859
f 4859 4866 4867 4860
f 4860 4867 15829 15828
f 4818 15942 15941 4861
f 4861 15941 15940 4862
f 4862 15940 15939 4863
f 4863 15939 15938 4864
f 4864 15938 15937 4865
f 4865 15937 15936 4866
f 4866 15936 15935 4867
f 4867 15935 16929 15829
f 4790 4791 4868 4798
f 4798 4868 4869 4799
f 4799 4869 4870 4800
f 4800 4870 4871 4801
f 4801 4871 4872 4802
f 4802 4872 4873 4803
f 4803 4873 4874 4804
f 4804 4874 15656 15657
f 4791 4792 4875 4868
f 4868 4875 4876 4869
f 4869 4876 4877 4870
f 4870 4877 4878 4871
f 4871 4878 4879 4872
f 4872 4879 4880 4873
f 4873 4880 4881 4874
f 4874 4881 15655 15656
f 4792 4793 4882 4875
f 4875 4882 4883 4876
f 4876 4883 4884 4877
f 4877 4884 4885 4878
f 4878 4885 4886 4879
f 4879 4886 4887 4880
f 4880 4887 4888 4881
f 4881 4888 15654 15655
f 4793 4794 4889 4882
f 4882 4889 4890 4883
f 4883 4890 4891 4884
f 4884 4891 4892 4885
f 4885 4892 4893 4886
f 4886 4893 4894 4887
f 4887 4894 4895 4888
f 4888 4895 15653 15654
f 4794 4795 4896 4889
f 4889 4896 4897 4890
f 4890 4897 4898 4891
f 4891 4898 4899 4892
f 4892 4899 4900 4893
f 4893 4900 4901 4894
f 4894 4901 4902 4895
f 4895 4902 15652 15653
f 4795 4796 4903 4896
f 4896 4903 4904 4897
f 4897 4904 4905 4898
f 4898 4905 4906 4899
f 4899 4906 4907 4900
f 4900 4907 4908 4901
f 4901 4908 4909 4902
f 4902 4909 15651 15652
f 4796 4797 4910 4903
f 4903 4910 4911 4904
f 4904 4911 4912 4905
f 4905 4912 4913 4906
f 4906 4913 4914 4907
f 4907 4914 4915 4908
f 4908 4915 4916 4909
f 4909 4916 15650 15651
f 4797 15822 15821 4910
f 4910 15821 15820 4911
f 4911 15820 15819 4912
f 4912 15819 15818 4913
f 4913 15818 15817 4914
f 4914 15817 15816 4915
f 4915 15816 15815 4916
f 4916 15815 16919 15650
f 4790 4798 4917 4805
f 4805 4917 4918 4806
f 4806 4918 4919 4807
f 4807 4919 4920 4808
f 4808 4920 4921 4809
f 4809 4921 4922 4810
f 4810 4922 4923 4811
f 4811 4923 15836 15837
f 4798 4799 4924 4917
f 4917 4924 4925 4918
f 4918 4925 4926 4919
f 4919 4926 4927 4920
f 4920 4927 4928 4921
f 4921 4928 4929 4922
f 4922 4929 4930 4923
f 4923 4930 15835 15836
f 4799 4800 4931 4924
f 4924 4931 4932 4925
f 4925 4932 4933 4926
f 4926 4933 4934 4927
f 4927 4934 4935 4928
f 4928 4935 4936 4929
f 4929 4936 4937 4930
f 4930 4937 15834 15835
f 4800 4801 4938 4931
f 4931 4938 4939 4932
f 4932 4939 4940 4933
f 4933 4940 4941 4934
f 4934 4941 4942 4935
f 4935 4942 4943 4936
f 4936 4943 4944 4937
f 4937 4944 15833 15834
f 4801 4802 4945 4938
f 4938 4945 4946 4939
f 4939 4946 4947 4940
f 4940 4947 4948 4941
f 4941 4948 4949 4942
f 4942 4949 4950 4943
f 4943 4950 4951 4944
f 4944 4951 15832 15833
f 4802 4803 4952 4945
f 4945 4952 4953 4946
f 4946 4953 4954 4947
f 4947 4954 4955 4948
f 4948 4955 4956 4949
f 4949 4956 4957 4950
f 4950 4957 4958 4951
f 4951 4958 15831 15832
f 4803 4804 4959 4952
f 4952 4959 4960 4953
f 4953 4960 4961 4954
f 4954 4961 4962 4955
f 4955 4962 4963 4956
f 4956 4963 4964 4957
f 4957 4964 4965 4958
f 4958 4965 15830 15831
f 4804 15657 15658 4959
f 4959 15658 15659 4960
f 4960 15659 15660 4961
f 4961 15660 15661 4962
f 4962 15661 15662 4963
f 4963 15662 15663 4964
f 4964 15663 15664 4965
f 4965 15664 16921 15830
f 4790 4805 4966 4812
f 4812 4966 4967 4813
f 4813 4967 4968 4814
f 4814 4968 4969 4815
f 4815 4969 4970 4816
f 4816 4970 4971 4817
f 4817 4971 4972 4818
f 4818 4972 15943 15942
f 4805 4806 4973 4966
f 4966 4973 4974 4967
f 4967 4974 4975 4968
f 4968 4975 4976 4969
f 4969 4976 4977 4970
f 4970 4977 4978 4971
f 4971 4978 4979 4972
f 4972 4979 15944 15943
f 4806 4807 4980 4973
f 4973 4980 4981 4974
f 4974 4981 4982 4975
f 4975 4982 4983 4976
f 4976 4983 4984 4977
f 4977 4984 4985 4978
f 4978 4985 4986 4979
f 4979 4986 15945 15944
f 4807 4808 4987 4980
f 4980 4987 4988 4981
f 4981 4988 4989 4982
f 4982 4989 4990 4983
f 4983 4990 4991 4984
f 4984 4991 4992 4985
f 4985 4992 4993 4986
f 4986 4993 15946 15945
f 4808 4809 4994 4987
f 4987 4994 4995 4988
f 4988 4995 4996 4989
f 4989 4996 4997 4990
f 4990 4997 4998 4991
f 4991 4998 4999 4992
f 4992 4999 5000 4993
f 4993 5000 15947 15946
f 4809 4810 5001 4994
f 4994 5001 5002 4995
f 4995 5002 5003 4996
f 4996 5003 5004 4997
f 4997 5004 5005 4998
f 4998 5005 5006 4999
f 4999 5006 5007 5000
f 5000 5007 15948 15947
f 4810 4811 5008 5001
f 5001 5008 5009 5002
f 5002 5009 5010 5003
f 5003 5010 5011 5004
f 5004 5011 5012 5005
f 5005 5012 5013 5006
f 5006 5013 5014 5007
f 5007 5014 15949 15948
f 4811 15837 15838 5008
f 5008 15838 15839 5009
f 5009 15839 15840 5010
f 5010 15840 15841 5011
f 5011 15841 15842 5012
f 5012 15842 15843 5013
f 5013 15843 15844 5014
f 5014 15844 16930 15949
f 5015 5037 5044 5016
f 5016 5044 5045 5017
f 5017 5045 5046 5018
f 5018 5046 5047 5019
f 5019 5047 5048 5020
f 5020 5048 5049 5021
f 5021 5049 5050 5022
f 5022 5050 15433 15432
f 5037 5038 5051 5044
f 5044 5051 5052 5045
f 5045 5052 5053 5046
f 5046 5053 5054 5047
f 5047 5054 5055 5048
f 5048 5055 5056 5049
f 5049 5056 5057 5050
f 5050 5057 15434 15433
f 5038 5039 5058 5051
f 5051 5058 5059 5052
f 5052 5059 5060 5053
f 5053 5060 5061 5054
f 5054 5061 5062 5055
f 5055 5062 5063 5056
f 5056 5063 5064 5057
f 5057 5064 15435 15434
f 5039 5040 5065 5058
f 5058 5065 5066 5059
f 5059 5066 5067 5060
f 5060 5067 5068 5061
f 5061 5068 5069 5062
f 5062 5069 5070 5063
f 5063 5070 5071 5064
f 5064 5071 15436 15435
f 5040 5041 5072 5065
f 5065 5072 5073 5066
f 5066 5073 5074 5067
f 5067 5074 5075 5068
f 5068 5075 5076 5069
f 5069 5076 5077 5070
f 5070 5077 5078 5071
f 5071 5078 15437 15436
f 5041 5042 5079 5072
f 5072 5079 5080 5073
f 5073 5080 5081 5074
f 5074 5081 5082 5075
f 5075 5082 5083 5076
f 5076 5083 5084 5077
f 5077 5084 5085 5078
f 5078 5085 15438 15437
f 5042 5043 5086 5079
f 5079 5086 5087 5080
f 5080 5087 5088 5081
f 5081 5088 5089 5082
f 5082 5089 5090 5083
f 5083 5090 5091 5084
f 5084 5091 5092 5085
f 5085 5092 15439 15438
f 5043 15117 15116 5086
f 5086 15116 15115 5087
f 5087 15115 15114 5088
f 5088 15114 15113 5089
f 5089 15113 15112 5090
f 5090 15112 15111 5091
f 5091 15111 15110 5092
f 5092 15110 16912 15439
f 5015 5016 5093 5023
f 5023 5093 5094 5024
f 5024 5094 5095 5025
f 5025 5095 5096 5026
f 5026 5096 5097 5027
f 5027 5097 5098 5028
f 5028 5098 5099 5029
f 5029 5099 15671 15672
f 5016 5017 5100 5093
f 5093 5100 5101 5094
f 5094 5101 5102 5095
f 5095 5102 5103 5096
f 5096 5103 5104 5097
f 5097 5104 5105 5098
f 5098 5105 5106 5099
f 5099 5106 15670 15671
f 5017 5018 5107 5100
f 5100 5107 5108 5101
f 5101 5108 5109 5102
f 5102 5109 5110 5103
f 5103 5110 5111 5104
f 5104 5111 5112 5105
f 5105 5112 5113 5106
f 5106 5113 15669 15670
f 5018 5019 5114 5107
f 5107 5114 5115 5108
f 5108 5115 5116 5109
f 5109 5116 5117 5110
f 5110 5117 5118 5111
f 5111 5118 5119 5112
f 5112 5119 5120 5113
f 5113 5120 15668 15669
f 5019 5020 5121 5114
f 5114 5121 5122 5115
f 5115 5122 5123 5116
f 5116 5123 5124 5117
f 5117 5124 5125 5118
f 5118 5125 5126 5119
f 5119 5126 5127 5120
f 5120 5127 15667 15668
f 5020 5021 5128 5121
f 5121 5128 5129 5122
f 5122 5129 5130 5123
f 5123 5130 5131 5124
f 5124 5131 5132 5125
f 5125 5132 5133 5126
f 5126 5133 5134 5127
f 5127 5134 15666 15667
f 5021 5022 5135 5128
f 5128 5135 5136 5129
f 5129 5136 5137 5130
f 5130 5137 5138 5131
f 5131 5138 5139 5132
f 5132 5139 5140 5133
f 5133 5140 5141 5134
f 5134 5141 15665 15666
f 5022 15432 15431 5135
f 5135 15431 15430 5136
f 5136 15430 15429 5137
f 5137 15429 15428 5138
f 5138 15428 15427 5139
f 5139 15427 15426 5140
f 5140 15426 15425 5141
f 5141 15425 16923 15665
f 5015 5023 5142 5030
f 5030 5142 5143 5031
f 5031 5143 5144 5032
f 5032 5144 5145 5033
f 5033 5145 5146 5034
f 5034 5146 5147 5035
f 5035 5147 5148 5036
f 5036 5148 15176 15177
f 5023 5024 5149 5142
f 5142 5149 5150 5143
f 5143 5150 5151 5144
f 5144 5151 5152 5145
f 5145 5152 5153 5146
f 5146 5153 5154 5147
f 5147 5154 5155 5148
f 5148 5155 15175 15176
f 5024 5025 5156 5149
f 5149 5156 5157 5150
f 5150 5157 5158 5151
f 5151 5158 5159 5152
f 5152 5159 5160 5153
f 5153 5160 5161 5154
f 5154 5161 5162 5155
f 5155 5162 15174 15175
f 5025 5026 5163 5156
f 5156 5163 5164 5157
f 5157 5164 5165 5158
f 5158 5165 5166 5159
f 5159 5166 5167 5160
f 5160 5167 5168 5161
f 5161 5168 5169 5162
f 5162 5169 15173 15174
f 5026 5027 5170 5163
f 5163 5170 5171 5164
f 5164 5171 5172 5165
f 5165 5172 5173 5166
f 5166 5173 5174 5167
f 5167 5174 5175 5168
f 5168 5175 5176 5169
f 5169 5176 15172 15173
f 5027 5028 5177 5170
f 5170 5177 5178 5171
f 5171 5178 5179 5172
f 5172 5179 5180 5173
f 5173 5180 5181 5174
f 5174 5181 5182 5175
f 5175 5182 5183 5176
f 5176 5183 15171 15172
f 5028 5029 5184 5177
f 5177 5184 5185 5178
f 5178 5185 5186 5179
f 5179 5186 5187 5180
f 5180 5187 5188 5181
f 5181 5188 5189 5182
f 5182 5189 5190 5183
f 5183 5190 15170 15171
f 5029 15672 15673 5184
f 5184 15673 15674 5185
f 5185 15674 15675 5186
f 5186 15675 15676 5187
f 5187 15676 15677 5188
f 5188 15677 15678 5189
f 5189 15678 15679 5190
f 5190 15679 16920 15170
f 5015 5030 5191 5037
f 5037 5191 5192 5038
f 5038 5192 5193 5039
f 5039 5193 5194 5040
f 5040 5194 5195 5041
f 5041 5195 5196 5042
f 5042 5196 5197 5043
f 5043 5197 15118 15117
f 5030 5031 5198 5191
f 5191 5198 5199 5192
f 5192 5199 5200 5193
f 5193 5200 5201 5194
f 5194 5201 5202 5195
f 5195 5202 5203 5196
f 5196 5203 5204 5197
f 5197 5204 15119 15118
f 5031 5032 5205 5198
f 5198 5205 5206 5199
f 5199 5206 5207 5200
f 5200 5207 5208 5201
f 5201 5208 5209 5202
f 5202 5209 5210 5203
f 5203 5210 5211 5204
f 5204 5211 15120 15119
f 5032 5033 5212 5205
f 5205 5212 5213 5206
f 5206 5213 5214 5207
f 5207 5214 5215 5208
f 5208 5215 5216 5209
f 5209 5216 5217 5210
f 5210 5217 5218 5211
f 5211 5218 15121 15120
f 5033 5034 5219 5212
f 5212 5219 5220 5213
f 5213 5220 5221 5214
f 5214 5221 5222 5215
f 5215 5222 5223 5216
f 5216 5223 5224 5217
f 5217 5224 5225 5218
f 5218 5225 15122 15121
f 5034 5035 5226 5219
f 5219 5226 5227 5220
f 5220 5227 5228 5221
f 5221 5228 5229 5222
f 5222 5229 5230 5223
f 5223 5230 5231 5224
f 5224 5231 5232 5225
f 5225 5232 15123 15122
f 5035 5036 5233 5226
f 5226 5233 5234 5227
f 5227 5234 5235 5228
f 5228 5235 5236 5229
f 5229 5236 5237 5230
f 5230 5237 5238 5231
f 5231 5238 5239 5232
f 5232 5239 15124 15123
f 5036 15177 15178 5233
f 5233 15178 15179 5234
f 5234 15179 15180 5235
f 5235 15180 15181 5236
f 5236 15181 15182 5237
f 5237 15182 15183 5238
f 5238 15183 15184 5239
f 5239 15184 16904 15124
f 5240 5262 5269 5241
f 5241 5269 5270 5242
f 5242 5270 5271 5243
f 5243 5271 5272 5244
f 5244 5272 5273 5245
f 5245 5273 5274 5246
f 5246 5274 5275 5247
f 5247 5275 15853 15852
f 5262 5263 5276 5269
f 5269 5276 5277 5270
f 5270 5277 5278 5271
f 5271 5278 5279 5272
f 5272 5279 5280 5273
f 5273 5280 5281 5274
f 5274 5281 5282 5275
f 5275 5282 15854 15853
f 5263 5264 5283 5276
f 5276 5283 5284 5277
f 5277 5284 5285 5278
f 5278 5285 5286 5279
f 5279 5286 5287 5280
f 5280 5287 5288 5281
f 5281 5288 5289 5282
f 5282 5289 15855 15854
f 5264 5265 5290 5283
f 5283 5290 5291 5284
f 5284 5291 5292 5285
f 5285 5292 5293 5286
f 5286 5293 5294 5287
f 5287 5294 5295 5288
f 5288 5295 5296 5289
f 5289 5296 15856 15855
f 5265 5266 5297 5290
f 5290 5297 5298 5291
f 5291 5298 5299 5292
f 5292 5299 5300 5293
f 5293 5300 5301 5294
f 5294 5301 5302 5295
f 5295 5302 5303 5296
f 5296 5303 15857 15856
f 5266 5267 5304 5297
f 5297 5304 5305 5298
f 5298 5305 5306 5299
f 5299 5306 5307 5300
f 5300 5307 5308 5301
f 5301 5308 5309 5302
f 5302 5309 5310 5303
f 5303 5310 15858 15857
f 5267 5268 5311 5304
f 5304 5311 5312 5305
f 5305 5312 5313 5306
f 5306 5313 5314 5307
f 5307 5314 5315 5308
f 5308 5315 5316 5309
f 5309 5316 5317 5310
f 5310 5317 15859 15858
f 5268 15927 15926 5311
f 5311 15926 15925 5312
f 5312 15925 15924 5313
f 5313 15924 15923 5314
f 5314 15923 15922 5315
f 5315 15922 15921 5316
f 5316 15921 15920 5317
f 5317 15920 16931 15859
f 5240 5241 5318 5248
f 5248 5318 5319 5249
f 5249 5319 5320 5250
f 5250 5320 5321 5251
f 5251 5321 5322 5252
f 5252 5322 5323 5253
f 5253 5323 5324 5254
f 5254 5324 15686 15687
f 5241 5242 5325 5318
f 5318 5325 5326 5319
f 5319 5326 5327 5320
f 5320 5327 5328 5321
f 5321 5328 5329 5322
f 5322 5329 5330 5323
f 5323 5330 5331 5324
f 5324 5331 15685 15686
f 5242 5243 5332 5325
f 5325 5332 5333 5326
f 5326 5333 5334 5327
f 5327 5334 5335 5328
f 5328 5335 5336 5329
f 5329 5336 5337 5330
f 5330 5337 5338 5331
f 5331 5338 15684 15685
f 5243 5244 5339 5332
f 5332 5339 5340 5333
f 5333 5340 5341 5334
f 5334 5341 5342 5335
f 5335 5342 5343 5336
f 5336 5343 5344 5337
f 5337 5344 5345 5338
f 5338 5345 15683 15684
f 5244 5245 5346 5339
f 5339 5346 5347 5340
f 5340 5347 5348 5341
f 5341 5348 5349 5342
f 5342 5349 5350 5343
f 5343 5350 5351 5344
f 5344 5351 5352 5345
f 5345 5352 15682 15683
f 5245 5246 5353 5346
f 5346 5353 5354 5347
f 5347 5354 5355 5348
f 5348 5355 5356 5349
f 5349 5356 5357 5350
f 5350 5357 5358 5351
f 5351 5358 5359 5352
f 5352 5359 15681 15682
f 5246 5247 5360 5353
f 5353 5360 5361 5354
f 5354 5361 5362 5355
f 5355 5362 5363 5356
f 5356 5363 5364 5357
f 5357 5364 5365 5358
f 5358 5365 5366 5359
f 5359 5366 15680 15681
f 5247 15852 15851 5360
f 5360 15851 15850 5361
f 5361 15850 15849 5362
f 5362 15849 15848 5363
f 5363 15848 15847 5364
f 5364 15847 15846 5365
f 5365 15846 15845 5366
f 5366 15845 16924 15680
f 5240 5248 5367 5255
f 5255 5367 5368 5256
f 5256 5368 5369 5257
f 5257 5369 5370 5258
f 5258 5370 5371 5259
f 5259 5371 5372 5260
f 5260 5372 5373 5261
f 5261 5373 15821 15822
f 5248 5249 5374 5367
f 5367 5374 5375 5368
f 5368 5375 5376 5369
f 5369 5376 5377 5370
f 5370 5377 5378 5371
f 5371 5378 5379 5372
f 5372 5379 5380 5373
f 5373 5380 15820 15821
f 5249 5250 5381 5374
f 5374 5381 5382 5375
f 5375 5382 5383 5376
f 5376 5383 5384 5377
f 5377 5384 5385 5378
f 5378 5385 5386 5379
f 5379 5386 5387 5380
f 5380 5387 15819 15820
f 5250 5251 5388 5381
f 5381 5388 5389 5382
f 5382 5389 5390 5383
f 5383 5390 5391 5384
f 5384 5391 5392 5385
f 5385 5392 5393 5386
f 5386 5393 5394 5387
f 5387 5394 15818 15819
f 5251 5252 5395 5388
f 5388 5395 5396 5389
f 5389 5396 5397 5390
f 5390 5397 5398 5391
f 5391 5398 5399 5392
f 5392 5399 5400 5393
f 5393 5400 5401 5394
f 5394 5401 15817 15818
f 5252 5253 5402 5395
f 5395 5402 5403 5396
f 5396 5403 5404 5397
f 5397 5404 5405 5398
f 5398 5405 5406 5399
f 5399 5406 5407 5400
f 5400 5407 5408 5401
f 5401 5408 15816 15817
f 5253 5254 5409 5402
f 5402 5409 5410 5403
f 5403 5410 5411 5404
f 5404 5411 5412 5405
f 5405 5412 5413 5406
f 5406 5413 5414 5407
f 5407 5414 5415 5408
f 5408 5415 15815 15816
f 5254 15687 15688 5409
f 5409 15688 15689 5410
f 5410 15689 15690 5411
f 5411 15690 15691 5412
f 5412 15691 15692 5413
f 5413 15692 15693 5414
f 5414 15693 15694 5415
f 5415 15694 16919 15815
f 5240 5255 5416 5262
f 5262 5416 5417 5263
f 5263 5417 5418 5264
f 5264 5418 5419 5265
f 5265 5419 5420 5266
f 5266 5420 5421 5267
f 5267 5421 5422 5268
f 5268 5422 15928 15927
f 5255 5256 5423 5416
f 5416 5423 5424 5417
f 5417 5424 5425 5418
f 5418 5425 5426 5419
f 5419 5426 5427 5420
f 5420 5427 5428 5421
f 5421 5428 5429 5422
f 5422 5429 15929 15928
f 5256 5257 5430 5423
f 5423 5430 5431 5424
f 5424 5431 5432 5425
f 5425 5432 5433 5426
f 5426 5433 5434 5427
f 5427 5434 5435 5428
f 5428 5435 5436 5429
f 5429 5436 15930 15929
f 5257 5258 5437 5430
f 5430 5437 5438 5431
f 5431 5438 5439 5432
f 5432 5439 5440 5433
f 5433 5440 5441 5434
f 5434 5441 5442 5435
f 5435 5442 5443 5436
f 5436 5443 15931 15930
f 5258 5259 5444 5437
f 5437 5444 5445 5438
f 5438 5445 5446 5439
f 5439 5446 5447 5440
f 5440 5447 5448 5441
f 5441 5448 5449 5442
f 5442 5449 5450 5443
f 5443 5450 15932 15931
f 5259 5260 5451 5444
f 5444 5451 5452 5445
f 5445 5452 5453 5446
f 5446 5453 5454 5447
f 5447 5454 5455 5448
f 5448 5455 5456 5449
f 5449 5456 5457 5450
f 5450 5457 15933 15932
f 5260 5261 5458 5451
f 5451 5458 5459 5452
f 5452 5459 5460 5453
f 5453 5460 5461 5454
f 5454 5461 5462 5455
f 5455 5462 5463 5456
f 5456 5463 5464 5457
f 5457 5464 15934 15933
f 5261 15822 15823 5458
f 5458 15823 15824 5459
f 5459 15824 15825 5460
f 5460 15825 15826 5461
f 5461 15826 15827 5462
f 5462 15827 15828 5463
f 5463 15828 15829 5464
f 5464 15829 16929 15934
f 5465 5487 5494 5466
f 5466 5494 5495 5467
f 5467 5495 5496 5468
f 5468 5496 5497 5469
f 5469 5497 5498 5470
f 5470 5498 5499 5471
f 5471 5499 5500 5472
f 5472 5500 15838 15837
f 5487 5488 5501 5494
f 5494 5501 5502 5495
f 5495 5502 5503 5496
f 5496 5503 5504 5497
f 5497 5504 5505 5498
f 5498 5505 5506 5499
f 5499 5506 5507 5500
f 5500 5507 15839 15838
f 5488 5489 5508 5501
f 5501 5508 5509 5502
f 5502 5509 5510 5503
f 5503 5510 5511 5504
f 5504 5511 5512 5505
f 5505 5512 5513 5506
f 5506 5513 5514 5507
f 5507 5514 15840 15839
f 5489 5490 5515 5508
f 5508 5515 5516 5509
f 5509 5516 5517 5510
f 5510 5517 5518 5511
f 5511 5518 5519 5512
f 5512 5519 5520 5513
f 5513 5520 5521 5514
f 5514 5521 15841 15840
f 5490 5491 5522 5515
f 5515 5522 5523 5516
f 5516 5523 5524 5517
f 5517 5524 5525 5518
f 5518 5525 5526 5519
f 5519 5526 5527 5520
f 5520 5527 5528 5521
f 5521 5528 15842 15841
f 5491 5492 5529 5522
f 5522 5529 5530 5523
f 5523 5530 5531 5524
f 5524 5531 5532 5525
f 5525 5532 5533 5526
f 5526 5533 5534 5527
f 5527 5534 5535 5528
f 5528 5535 15843 15842
f 5492 5493 5536 5529
f 5529 5536 5537 5530
f 5530 5537 5538 5531
f 5531 5538 5539 5532
f 5532 5539 5540 5533
f 5533 5540 5541 5534
f 5534 5541 5542 5535
f 5535 5542 15844 15843
f 5493 15912 15911 5536
f 5536 15911 15910 5537
f 5537 15910 15909 5538
f 5538 15909 15908 5539
f 5539 15908 15907 5540
f 5540 15907 15906 5541
f 5541 15906 15905 5542
f 5542 15905 16930 15844
f 5465 5466 5543 5473
f 5473 5543 5544 5474
f 5474 5544 5545 5475
f 5475 5545 5546 5476
f 5476 5546 5547 5477
f 5477 5547 5548 5478
f 5478 5548 5549 5479
f 5479 5549 15701 15702
f 5466 5467 5550 5543
f 5543 5550 5551 5544
f 5544 5551 5552 5545
f 5545 5552 5553 5546
f 5546 5553 5554 5547
f 5547 5554 5555 5548
f 5548 5555 5556 5549
f 5549 5556 15700 15701
f 5467 5468 5557 5550
f 5550 5557 5558 5551
f 5551 5558 5559 5552
f 5552 5559 5560 5553
f 5553 5560 5561 5554
f 5554 5561 5562 5555
f 5555 5562 5563 5556
f 5556 5563 15699 15700
f 5468 5469 5564 5557
f 5557 5564 5565 5558
f 5558 5565 5566 5559
f 5559 5566 5567 5560
f 5560 5567 5568 5561
f 5561 5568 5569 5562
f 5562 5569 5570 5563
f 5563 5570 15698 15699
f 5469 5470 5571 5564
f 5564 5571 5572 5565
f 5565 5572 5573 5566
f 5566 5573 5574 5567
f 5567 5574 5575 5568
f 5568 5575 5576 5569
f 5569 5576 5577 5570
f 5570 5577 15697 15698
f 5470 5471 5578 5571
f 5571 5578 5579 5572
f 5572 5579 5580 5573
f 5573 5580 5581 5574
f 5574 5581 5582 5575
f 5575 5582 5583 5576
f 5576 5583 5584 5577
f 5577 5584 15696 15697
f 5471 5472 5585 5578
f 5578 5585 5586 5579
f 5579 5586 5587 5580
f 5580 5587 5588 5581
f 5581 5588 5589 5582
f 5582 5589 5590 5583
f 5583 5590 5591 5584
f 5584 5591 15695 15696
f 5472 15837 15836 5585
f 5585 15836 15835 5586
f 5586 15835 15834 5587
f 5587 15834 15833 5588
f 5588 15833 15832 5589
f 5589 15832 15831 5590
f 5590 15831 15830 5591
f 5591 15830 16921 15695
f 5465 5473 5592 5480
f 5480 5592 5593 5481
f 5481 5593 5594 5482
f 5482 5594 5595 5483
f 5483 5595 5596 5484
f 5484 5596 5597 5485
f 5485 5597 5598 5486
f 5486 5598 15806 15807
f 5473 5474 5599 5592
f 5592 5599 5600 5593
f 5593 5600 5601 5594
f 5594 5601 5602 5595
f 5595 5602 5603 5596
f 5596 5603 5604 5597
f 5597 5604 5605 5598
f 5598 5605 15805 15806
f 5474 5475 5606 5599
f 5599 5606 5607 5600
f 5600 5607 5608 5601
f 5601 5608 5609 5602
f 5602 5609 5610 5603
f 5603 5610 5611 5604
f 5604 5611 5612 5605
f 5605 5612 15804 15805
f 5475 5476 5613 5606
f 5606 5613 5614 5607
f 5607 5614 5615 5608
f 5608 5615 5616 5609
f 5609 5616 5617 5610
f 5610 5617 5618 5611
f 5611 5618 5619 5612
f 5612 5619 15803 15804
f 5476 5477 5620 5613
f 5613 5620 5621 5614
f 5614 5621 5622 5615
f 5615 5622 5623 5616
f 5616 5623 5624 5617
f 5617 5624 5625 5618
f 5618 5625 5626 5619
f 5619 5626 15802 15803
f 5477 5478 5627 5620
f 5620 5627 5628 5621
f 5621 5628 5629 5622
f 5622 5629 5630 5623
f 5623 5630 5631 5624
f 5624 5631 5632 5625
f 5625 5632 5633 5626
f 5626 5633 15801 15802
f 5478 5479 5634 5627
f 5627 5634 5635 5628
f 5628 5635 5636 5629
f 5629 5636 5637 5630
f 5630 5637 5638 5631
f 5631 5638 5639 5632
f 5632 5639 5640 5633
f 5633 5640 15800 15801
f 5479 15702 15703 5634
f 5634 15703 15704 5635
f 5635 15704 15705 5636
f 5636 15705 15706 5637
f 5637 15706 15707 5638
f 5638 15707 15708 5639
f 5639 15708 15709 5640
f 5640 15709 16918 15800
f 5465 5480 5641 5487
f 5487 5641 5642 5488
f 5488 5642 5643 5489
f 5489 5643 5644 5490
f 5490 5644 5645 5491
f 5491 5645 5646 5492
f 5492 5646 5647 5493
f 5493 5647 15913 15912
f 5480 5481 5648 5641
f 5641 5648 5649 5642
f 5642 5649 5650 5643
f 5643 5650 5651 5644
f 5644 5651 5652 5645
f 5645 5652 5653 5646
f 5646 5653 5654 5647
f 5647 5654 15914 15913
f 5481 5482 5655 5648
f 5648 5655 5656 5649
f 5649 5656 5657 5650
f 5650 5657 5658 5651
f 5651 5658 5659 5652
f 5652 5659 5660 5653
f 5653 5660 5661 5654
f 5654 5661 15915 15914
f 5482 5483 5662 5655
f 5655 5662 5663 5656
f 5656 5663 5664 5657
f 5657 5664 5665 5658
f 5658 5665 5666 5659
f 5659 5666 5667 5660
f 5660 5667 5668 5661
f 5661 5668 15916 15915
f 5483 5484 5669 5662
f 5662 5669 5670 5663
f 5663 5670 5671 5664
f 5664 5671 5672 5665
f 5665 5672 5673 5666
f 5666 5673 5674 5667
f 5667 5674 5675 5668
f 5668 5675 15917 15916
f 5484 5485 5676 5669
f 5669 5676 5677 5670
f 5670 5677 5678 5671
f 5671 5678 5679 5672
f 5672 5679 5680 5673
f 5673 5680 5681 5674
f 5674 5681 5682 5675
f 5675 5682 15918 15917
f 5485 5486 5683 5676
f 5676 5683 5684 5677
f 5677 5684 5685 5678
f 5678 5685 5686 5679
f 5679 5686 5687 5680
f 5680 5687 5688 5681
f 5681 5688 5689 5682
f 5682 5689 15919 15918
f 5486 15807 15808 5683
f 5683 15808 15809 5684
f 5684 15809 15810 5685
f 5685 15810 15811 5686
f 5686 15811 15812 5687
f 5687 15812 15813 5688
f 5688 15813 15814 5689
f 5689 15814 16928 15919
f 5690 5712 5719 5691
f 5691 5719 5720 5692
f 5692 5720 5721 5693
f 5693 5721 5722 5694
f 5694 5722 5723 5695
f 5695 5723 5724 5696
f 5696 5724 5725 5697
f 5697 5725 16318 16317
f 5712 5713 5726 5719
f 5719 5726 5727 5720
f 5720 5727 5728 5721
f 5721 5728 5729 5722
f 5722 5729 5730 5723
f 5723 5730 5731 5724
f 5724 5731 5732 5725
f 5725 5732 16319 16318
f 5713 5714 5733 5726
f 5726 5733 5734 5727
f 5727 5734 5735 5728
f 5728 5735 5736 5729
f 5729 5736 5737 5730
f 5730 5737 5738 5731
f 5731 5738 5739 5732
f 5732 5739 16320 16319
f 5714 5715 5740 5733
f 5733 5740 5741 5734
f 5734 5741 5742 5735
f 5735 5742 5743 5736
f 5736 5743 5744 5737
f 5737 5744 5745 5738
f 5738 5745 5746 5739
f 5739 5746 16321 16320
f 5715 5716 5747 5740
f 5740 5747 5748 5741
f 5741 5748 5749 5742
f 5742 5749 5750 5743
f 5743 5750 5751 5744
f 5744 5751 5752 5745
f 5745 5752 5753 5746
f 5746 5753 16322 16321
f 5716 5717 5754 5747
f 5747 5754 5755 5748
f 5748 5755 5756 5749
f 5749 5756 5757 5750
f 5750 5757 5758 5751
f 5751 5758 5759 5752
f 5752 5759 5760 5753
f 5753 5760 16323 16322
f 5717 5718 5761 5754
f 5754 5761 5762 5755
f 5755 5762 5763 5756
f 5756 5763 5764 5757
f 5757 5764 5765 5758
f 5758 5765 5766 5759
f 5759 5766 5767 5760
f 5760 5767 16324 16323
f 5718 14997 14996 5761
f 5761 14996 14995 5762
f 5762 14995 14994 5763
f 5763 14994 14993 5764
f 5764 14993 14992 5765
f 5765 14992 14991 5766
f 5766 14991 14990 5767
f 5767 14990 16936 16324
f 5690 5691 5768 5698
f 5698 5768 5769 5699
f 5699 5769 5770 5700
f 5700 5770 5771 5701
f 5701 5771 5772 5702
f 5702 5772 5773 5703
f 5703 5773 5774 5704
f 5704 5774 15716 15717
f 5691 5692 5775 5768
f 5768 5775 5776 5769
f 5769 5776 5777 5770
f 5770 5777 5778 5771
f 5771 5778 5779 5772
f 5772 5779 5780 5773
f 5773 5780 5781 5774
f 5774 5781 15715 15716
f 5692 5693 5782 5775
f 5775 5782 5783 5776
f 5776 5783 5784 5777
f 5777 5784 5785 5778
f 5778 5785 5786 5779
f 5779 5786 5787 5780
f 5780 5787 5788 5781
f 5781 5788 15714 15715
f 5693 5694 5789 5782
f 5782 5789 5790 5783
f 5783 5790 5791 5784
f 5784 5791 5792 5785
f 5785 5792 5793 5786
f 5786 5793 5794 5787
f 5787 5794 5795 5788
f 5788 5795 15713 15714
f 5694 5695 5796 5789
f 5789 5796 5797 5790
f 5790 5797 5798 5791
f 5791 5798 5799 5792
f 5792 5799 5800 5793
f 5793 5800 5801 5794
f 5794 5801 5802 5795
f 5795 5802 15712 15713
f 5695 5696 5803 5796
f 5796 5803 5804 5797
f 5797 5804 5805 5798
f 5798 5805 5806 5799
f 5799 5806 5807 5800
f 5800 5807 5808 5801
f 5801 5808 5809 5802
f 5802 5809 15711 15712
f 5696 5697 5810 5803
f 5803 5810 5811 5804
f 5804 5811 5812 5805
f 5805 5812 5813 5806
f 5806 5813 5814 5807
f 5807 5814 5815 5808
f 5808 5815 5816 5809
f 5809 5816 15710 15711
f 5697 16317 16316 5810
f 5810 16316 16315 5811
f 5811 16315 16314 5812
f 5812 16314 16313 5813
f 5813 16313 16312 5814
f 5814 16312 16311 5815
f 5815 16311 16310 5816
f 5816 16310 16945 15710
f 5690 5698 5817 5705
f 5705 5817 5818 5706
f 5706 5818 5819 5707
f 5707 5819 5820 5708
f 5708 5820 5821 5709
f 5709 5821 5822 5710
f 5710 5822 5823 5711
f 5711 5823 15508 15507
f 5698 5699 5824 5817
f 5817 5824 5825 5818
f 5818 5825 5826 5819
f 5819 5826 5827 5820
f 5820 5827 5828 5821
f 5821 5828 5829 5822
f 5822 5829 5830 5823
f 5823 5830 15509 15508
f 5699 5700 5831 5824
f 5824 5831 5832 5825
f 5825 5832 5833 5826
f 5826 5833 5834 5827
f 5827 5834 5835 5828
f 5828 5835 5836 5829
f 5829 5836 5837 5830
f 5830 5837 15510 15509
f 5700 5701 5838 5831
f 5831 5838 5839 5832
f 5832 5839 5840 5833
f 5833 5840 5841 5834
f 5834 5841 5842 5835
f 5835 5842 5843 5836
f 5836 5843 5844 5837
f 5837 5844 15511 15510
f 5701 5702 5845 5838
f 5838 5845 5846 5839
f 5839 5846 5847 5840
f 5840 5847 5848 5841
f 5841 5848 5849 5842
f 5842 5849 5850 5843
f 5843 5850 5851 5844
f 5844 5851 15512 15511
f 5702 5703 5852 5845
f 5845 5852 5853 5846
f 5846 5853 5854 5847
f 5847 5854 5855 5848
f 5848 5855 5856 5849
f 5849 5856 5857 5850
f 5850 5857 5858 5851
f 5851 5858 15513 15512
f 5703 5704 5859 5852
f 5852 5859 5860 5853
f 5853 5860 5861 5854
f 5854 5861 5862 5855
f 5855 5862 5863 5856
f 5856 5863 5864 5857
f 5857 5864 5865 5858
f 5858 5865 15514 15513
f 5704 15717 15718 5859
f 5859 15718 15719 5860
f 5860 15719 15720 5861
f 5861 15720 15721 5862
f 5862 15721 15722 5863
f 5863 15722 15723 5864
f 5864 15723 15724 5865
f 5865 15724 16918 15514
f 5690 5705 5866 5712
f 5712 5866 5867 5713
f 5713 5867 5868 5714
f 5714 5868 5869 5715
f 5715 5869 5870 5716
f 5716 5870 5871 5717
f 5717 5871 5872 5718
f 5718 5872 14998 14997
f 5705 5706 5873 5866
f 5866 5873 5874 5867
f 5867 5874 5875 5868
f 5868 5875 5876 5869
f 5869 5876 5877 5870
f 5870 5877 5878 5871
f 5871 5878 5879 5872
f 5872 5879 14999 14998
f 5706 5707 5880 5873
f 5873 5880 5881 5874
f 5874 5881 5882 5875
f 5875 5882 5883 5876
f 5876 5883 5884 5877
f 5877 5884 5885 5878
f 5878 5885 5886 5879
f 5879 5886 15000 14999
f 5707 5708 5887 5880
f 5880 5887 5888 5881
f 5881 5888 5889 5882
f 5882 5889 5890 5883
f 5883 5890 5891 5884
f 5884 5891 5892 5885
f 5885 5892 5893 5886
f 5886 5893 15001 15000
f 5708 5709 5894 5887
f 5887 5894 5895 5888
f 5888 5895 5896 5889
f 5889 5896 5897 5890
f 5890 5897 5898 5891
f 5891 5898 5899 5892
f 5892 5899 5900 5893
f 5893 5900 15002 15001
f 5709 5710 5901 5894
f 5894 5901 5902 5895
f 5895 5902 5903 5896
f 5896 5903 5904 5897
f 5897 5904 5905 5898
f 5898 5905 5906 5899
f 5899 5906 5907 5900
f 5900 5907 15003 15002
f 5710 5711 5908 5901
f 5901 5908 5909 5902
f 5902 5909 5910 5903
f 5903 5910 5911 5904
f 5904 5911 5912 5905
f 5905 5912 5913 5906
f 5906 5913 5914 5907
f 5907 5914 15004 15003
f 5711 15507 15506 5908
f 5908 15506 15505 5909
f 5909 15505 15504 5910
f 5910 15504 15503 5911
f 5911 15503 15502 5912
f 5912 15502 15501 5913
f 5913 15501 15500 5914
f 5914 15500 16898 15004
f 5915 5937 5944 5916
f 5916 5944 5945 5917
f 5917 5945 5946 5918
f 5918 5946 5947 5919
f 5919 5947 5948 5920
f 5920 5948 5949 5921
f 5921 5949 5950 5922
f 5922 5950 15298 15297
f 5937 5938 5951 5944
f 5944 5951 5952 5945
f 5945 5952 5953 5946
f 5946 5953 5954 5947
f 5947 5954 5955 5948
f 5948 5955 5956 5949
f 5949 5956 5957 5950
f 5950 5957 15299 15298
f 5938 5939 5958 5951
f 5951 5958 5959 5952
f 5952 5959 5960 5953
f 5953 5960 5961 5954
f 5954 5961 5962 5955
f 5955 5962 5963 5956
f 5956 5963 5964 5957
f 5957 5964 15300 15299
f 5939 5940 5965 5958
f 5958 5965 5966 5959
f 5959 5966 5967 5960
f 5960 5967 5968 5961
f 5961 5968 5969 5962
f 5962 5969 5970 5963
f 5963 5970 5971 5964
f 5964 5971 15301 15300
f 5940 5941 5972 5965
f 5965 5972 5973 5966
f 5966 5973 5974 5967
f 5967 5974 5975 5968
f 5968 5975 5976 5969
f 5969 5976 5977 5970
f 5970 5977 5978 5971
f 5971 5978 15302 15301
f 5941 5942 5979 5972
f 5972 5979 5980 5973
f 5973 5980 5981 5974
f 5974 5981 5982 5975
f 5975 5982 5983 5976
f 5976 5983 5984 5977
f 5977 5984 5985 5978
f 5978 5985 15303 15302
f 5942 5943 5986 5979
f 5979 5986 5987 5980
f 5980 5987 5988 5981
f 5981 5988 5989 5982
f 5982 5989 5990 5983
f 5983 5990 5991 5984
f 5984 5991 5992 5985
f 5985 5992 15304 15303
f 5943 14967 14966 5986
f 5986 14966 14965 5987
f 5987 14965 14964 5988
f 5988 14964 14963 5989
f 5989 14963 14962 5990
f 5990 14962 14961 5991
f 5991 14961 14960 5992
f 5992 14960 16908 15304
f 5915 5916 5993 5923
f 5923 5993 5994 5924
f 5924 5994 5995 5925
f 5925 5995 5996 5926
f 5926 5996 5997 5927
f 5927 5997 5998 5928
f 5928 5998 5999 5929
f 5929 5999 15731 15732
f 5916 5917 6000 5993
f 5993 6000 6001 5994
f 5994 6001 6002 5995
f 5995 6002 6003 5996
f 5996 6003 6004 5997
f 5997 6004 6005 5998
f 5998 6005 6006 5999
f 5999 6006 15730 15731
f 5917 5918 6007 6000
f 6000 6007 6008 6001
f 6001 6008 6009 6002
f 6002 6009 6010 6003
f 6003 6010 6011 6004
f 6004 6011 6012 6005
f 6005 6012 6013 6006
f 6006 6013 15729 15730
f 5918 5919 6014 6007
f 6007 6014 6015 6008
f 6008 6015 6016 6009
f 6009 6016 6017 6010
f 6010 6017 6018 6011
f 6011 6018 6019 6012
f 6012 6019 6020 6013
f 6013 6020 15728 15729
f 5919 5920 6021 6014
f 6014 6021 6022 6015
f 6015 6022 6023 6016
f 6016 6023 6024 6017
f 6017 6024 6025 6018
f 6018 6025 6026 6019
f 6019 6026 6027 6020
f 6020 6027 15727 15728
f 5920 5921 6028 6021
f 6021 6028 6029 6022
f 6022 6029 6030 6023
f 6023 6030 6031 6024
f 6024 6031 6032 6025
f 6025 6032 6033 6026
f 6026 6033 6034 6027
f 6027 6034 15726 15727
f 5921 5922 6035 6028
f 6028 6035 6036 6029
f 6029 6036 6037 6030
f 6030 6037 6038 6031
f 6031 6038 6039 6032
f 6032 6039 6040 6033
f 6033 6040 6041 6034
f 6034 6041 15725 15726
f 5922 15297 15296 6035
f 6035 15296 15295 6036
f 6036 15295 15294 6037
f 6037 15294 15293 6038
f 6038 15293 15292 6039
f 6039 15292 15291 6040
f 6040 15291 15290 6041
f 6041 15290 16922 15725
f 5915 5923 6042 5930
f 5930 6042 6043 5931
f 5931 6043 6044 5932
f 5932 6044 6045 5933
f 5933 6045 6046 5934
f 5934 6046 6047 5935
f 5935 6047 6048 5936
f 5936 6048 15493 15492
f 5923 5924 6049 6042
f 6042 6049 6050 6043
f 6043 6050 6051 6044
f 6044 6051 6052 6045
f 6045 6052 6053 6046
f 6046 6053 6054 6047
f 6047 6054 6055 6048
f 6048 6055 15494 15493
f 5924 5925 6056 6049
f 6049 6056 6057 6050
f 6050 6057 6058 6051
f 6051 6058 6059 6052
f 6052 6059 6060 6053
f 6053 6060 6061 6054
f 6054 6061 6062 6055
f 6055 6062 15495 15494
f 5925 5926 6063 6056
f 6056 6063 6064 6057
f 6057 6064 6065 6058
f 6058 6065 6066 6059
f 6059 6066 6067 6060
f 6060 6067 6068 6061
f 6061 6068 6069 6062
f 6062 6069 15496 15495
f 5926 5927 6070 6063
f 6063 6070 6071 6064
f 6064 6071 6072 6065
f 6065 6072 6073 6066
f 6066 6073 6074 6067
f 6067 6074 6075 6068
f 6068 6075 6076 6069
f 6069 6076 15497 15496
f 5927 5928 6077 6070
f 6070 6077 6078 6071
f 6071 6078 6079 6072
f 6072 6079 6080 6073
f 6073 6080 6081 6074
f 6074 6081 6082 6075
f 6075 6082 6083 6076
f 6076 6083 15498 15497
f 5928 5929 6084 6077
f 6077 6084 6085 6078
f 6078 6085 6086 6079
f 6079 6086 6087 6080
f 6080 6087 6088 6081
f 6081 6088 6089 6082
f 6082 6089 6090 6083
f 6083 6090 15499 15498
f 5929 15732 15733 6084
f 6084 15733 15734 6085
f 6085 15734 15735 6086
f 6086 15735 15736 6087
f 6087 15736 15737 6088
f 6088 15737 15738 6089
f 6089 15738 15739 6090
f 6090 15739 16917 15499
f 5915 5930 6091 5937
f 5937 6091 6092 5938
f 5938 6092 6093 5939
f 5939 6093 6094 5940
f 5940 6094 6095 5941
f 5941 6095 6096 5942
f 5942 6096 6097 5943
f 5943 6097 14968 14967
f 5930 5931 6098 6091
f 6091 6098 6099 6092
f 6092 6099 6100 6093
f 6093 6100 6101 6094
f 6094 6101 6102 6095
f 6095 6102 6103 6096
f 6096 6103 6104 6097
f 6097 6104 14969 14968
f 5931 5932 6105 6098
f 6098 6105 6106 6099
f 6099 6106 6107 6100
f 6100 6107 6108 6101
f 6101 6108 6109 6102
f 6102 6109 6110 6103
f 6103 6110 6111 6104
f 6104 6111 14970 14969
f 5932 5933 6112 6105
f 6105 6112 6113 6106
f 6106 6113 6114 6107
f 6107 6114 6115 6108
f 6108 6115 6116 6109
f 6109 6116 6117 6110
f 6110 6117 6118 6111
f 6111 6118 14971 14970
f 5933 5934 6119 6112
f 6112 6119 6120 6113
f 6113 6120 6121 6114
f 6114 6121 6122 6115
f 6115 6122 6123 6116
f 6116 6123 6124 6117
f 6117 6124 6125 6118
f 6118 6125 14972 14971
f 5934 5935 6126 6119
f 6119 6126 6127 6120
f 6120 6127 6128 6121
f 6121 6128 6129 6122
f 6122 6129 6130 6123
f 6123 6130 6131 6124
f 6124 6131 6132 6125
f 6125 6132 14973 14972
f 5935 5936 6133 6126
f 6126 6133 6134 6127
f 6127 6134 6135 6128
f 6128 6135 6136 6129
f 6129 6136 6137 6130
f 6130 6137 6138 6131
f 6131 6138 6139 6132
f 6132 6139 14974 14973
f 5936 15492 15491 6133
f 6133 15491 15490 6134
f 6134 15490 15489 6135
f 6135 15489 15488 6136
f 6136 15488 15487 6137
f 6137 15487 15486 6138
f 6138 15486 15485 6139
f 6139 15485 16897 14974
f 6140 6162 6169 6141
f 6141 6169 6170 6142
f 6142 6170 6171 6143
f 6143 6171 6172 6144
f 6144 6172 6173 6145
f 6145 6173 6174 6146
f 6146 6174 6175 6147
f 6147 6175 16753 16752
f 6162 6163 6176 6169
f 6169 6176 6177 6170
f 6170 6177 6178 6171
f 6171 6178 6179 6172
f 6172 6179 6180 6173
f 6173 6180 6181 6174
f 6174 6181 6182 6175
f 6175 6182 16754 16753
f 6163 6164 6183 6176
f 6176 6183 6184 6177
f 6177 6184 6185 6178
f 6178 6185 6186 6179
f 6179 6186 6187 6180
f 6180 6187 6188 6181
f 6181 6188 6189 6182
f 6182 6189 16755 16754
f 6164 6165 6190 6183
f 6183 6190 6191 6184
f 6184 6191 6192 6185
f 6185 6192 6193 6186
f 6186 6193 6194 6187
f 6187 6194 6195 6188
f 6188 6195 6196 6189
f 6189 6196 16756 16755
f 6165 6166 6197 6190
f 6190 6197 6198 6191
f 6191 6198 6199 6192
f 6192 6199 6200 6193
f 6193 6200 6201 6194
f 6194 6201 6202 6195
f 6195 6202 6203 6196
f 6196 6203 16757 16756
f 6166 6167 6204 6197
f 6197 6204 6205 6198
f 6198 6205 6206 6199
f 6199 6206 6207 6200
f 6200 6207 6208 6201
f 6201 6208 6209 6202
f 6202 6209 6210 6203
f 6203 6210 16758 16757
f 6167 6168 6211 6204
f 6204 6211 6212 6205
f 6205 6212 6213 6206
f 6206 6213 6214 6207
f 6207 6214 6215 6208
f 6208 6215 6216 6209
f 6209 6216 6217 6210
f 6210 6217 16759 16758
f 6168 14922 14921 6211
f 6211 14921 14920 6212
f 6212 14920 14919 6213
f 6213 14919 14918 6214
f 6214 14918 14917 6215
f 6215 14917 14916 6216
f 6216 14916 14915 6217
f 6217 14915 16949 16759
f 6140 6141 6218 6148
f 6148 6218 6219 6149
f 6149 6219 6220 6150
f 6150 6220 6221 6151
f 6151 6221 6222 6152
f 6152 6222 6223 6153
f 6153 6223 6224 6154
f 6154 6224 15746 15747
f 6141 6142 6225 6218
f 6218 6225 6226 6219
f 6219 6226 6227 6220
f 6220 6227 6228 6221
f 6221 6228 6229 6222
f 6222 6229 6230 6223
f 6223 6230 6231 6224
f 6224 6231 15745 15746
f 6142 6143 6232 6225
f 6225 6232 6233 6226
f 6226 6233 6234 6227
f 6227 6234 6235 6228
f 6228 6235 6236 6229
f 6229 6236 6237 6230
f 6230 6237 6238 6231
f 6231 6238 15744 15745
f 6143 6144 6239 6232
f 6232 6239 6240 6233
f 6233 6240 6241 6234
f 6234 6241 6242 6235
f 6235 6242 6243 6236
f 6236 6243 6244 6237
f 6237 6244 6245 6238
f 6238 6245 15743 15744
f 6144 6145 6246 6239
f 6239 6246 6247 6240
f 6240 6247 6248 6241
f 6241 6248 6249 6242
f 6242 6249 6250 6243
f 6243 6250 6251 6244
f 6244 6251 6252 6245
f 6245 6252 15742 15743
f 6145 6146 6253 6246
f 6246 6253 6254 6247
f 6247 6254 6255 6248
f 6248 6255 6256 6249
f 6249 6256 6257 6250
f 6250 6257 6258 6251
f 6251 6258 6259 6252
f 6252 6259 15741 15742
f 6146 6147 6260 6253
f 6253 6260 6261 6254
f 6254 6261 6262 6255
f 6255 6262 6263 6256
f 6256 6263 6264 6257
f 6257 6264 6265 6258
f 6258 6265 6266 6259
f 6259 6266 15740 15741
f 6147 16752 16751 6260
f 6260 16751 16750 6261
f 6261 16750 16749 6262
f 6262 16749 16748 6263
f 6263 16748 16747 6264
f 6264 16747 16746 6265
f 6265 16746 16745 6266
f 6266 16745 16954 15740
f 6140 6148 6267 6155
f 6155 6267 6268 6156
f 6156 6268 6269 6157
f 6157 6269 6270 6158
f 6158 6270 6271 6159
f 6159 6271 6272 6160
f 6160 6272 6273 6161
f 6161 6273 15478 15477
f 6148 6149 6274 6267
f 6267 6274 6275 6268
f 6268 6275 6276 6269
f 6269 6276 6277 6270
f 6270 6277 6278 6271
f 6271 6278 6279 6272
f 6272 6279 6280 6273
f 6273 6280 15479 15478
f 6149 6150 6281 6274
f 6274 6281 6282 6275
f 6275 6282 6283 6276
f 6276 6283 6284 6277
f 6277 6284 6285 6278
f 6278 6285 6286 6279
f 6279 6286 6287 6280
f 6280 6287 15480 15479
f 6150 6151 6288 6281
f 6281 6288 6289 6282
f 6282 6289 6290 6283
f 6283 6290 6291 6284
f 6284 6291 6292 6285
f 6285 6292 6293 6286
f 6286 6293 6294 6287
f 6287 6294 15481 15480
f 6151 6152 6295 6288
f 6288 6295 6296 6289
f 6289 6296 6297 6290
f 6290 6297 6298 6291
f 6291 6298 6299 6292
f 6292 6299 6300 6293
f 6293 6300 6301 6294
f 6294 6301 15482 15481
f 6152 6153 6302 6295
f 6295 6302 6303 6296
f 6296 6303 6304 6297
f 6297 6304 6305 6298
f 6298 6305 6306 6299
f 6299 6306 6307 6300
f 6300 6307 6308 6301
f 6301 6308 15483 15482
f 6153 6154 6309 6302
f 6302 6309 6310 6303
f 6303 6310 6311 6304
f 6304 6311 6312 6305
f 6305 6312 6313 6306
f 6306 6313 6314 6307
f 6307 6314 6315 6308
f 6308 6315 15484 15483
f 6154 15747 15748 6309
f 6309 15748 15749 6310
f 6310 15749 15750 6311
f 6311 15750 15751 6312
f 6312 15751 15752 6313
f 6313 15752 15753 6314
f 6314 15753 15754 6315
f 6315 15754 16916 15484
f 6140 6155 6316 6162
f 6162 6316 6317 6163
f 6163 6317 6318 6164
f 6164 6318 6319 6165
f 6165 6319 6320 6166
f 6166 6320 6321 6167
f 6167 6321 6322 6168
f 6168 6322 14923 14922
f 6155 6156 6323 6316
f 6316 6323 6324 6317
f 6317 6324 6325 6318
f 6318 6325 6326 6319
f 6319 6326 6327 6320
f 6320 6327 6328 6321
f 6321 6328 6329 6322
f 6322 6329 14924 14923
f 6156 6157 6330 6323
f 6323 6330 6331 6324
f 6324 6331 6332 6325
f 6325 6332 6333 6326
f 6326 6333 6334 6327
f 6327 6334 6335 6328
f 6328 6335 6336 6329
f 6329 6336 14925 14924
f 6157 6158 6337 6330
f 6330 6337 6338 6331
f 6331 6338 6339 6332
f 6332 6339 6340 6333
f 6333 6340 6341 6334
f 6334 6341 6342 6335
f 6335 6342 6343 6336
f 6336 6343 14926 14925
f 6158 6159 6344 6337
f 6337 6344 6345 6338
f 6338 6345 6346 6339
f 6339 6346 6347 6340
f 6340 6347 6348 6341
f 6341 6348 6349 6342
f 6342 6349 6350 6343
f 6343 6350 14927 14926
f 6159 6160 6351 6344
f 6344 6351 6352 6345
f 6345 6352 6353 6346
f 6346 6353 6354 6347
f 6347 6354 6355 6348
f 6348 6355 6356 6349
f 6349 6356 6357 6350
f 6350 6357 14928 14927
f 6160 6161 6358 6351
f 6351 6358 6359 6352
f 6352 6359 6360 6353
f 6353 6360 6361 6354
f 6354 6361 6362 6355
f 6355 6362 6363 6356
f 6356 6363 6364 6357
f 6357 6364 14929 14928
f 6161 15477 15476 6358
f 6358 15476 15475 6359
f 6359 15475 15474 6360
f 6360 15474 15473 6361
f 6361 15473 15472 6362
f 6362 15472 15471 6363
f 6363 15471 15470 6364
f 6364 15470 16896 14929
f 6365 6387 6394 6366
f 6366 6394 6395 6367
f 6367 6395 6396 6368
f 6368 6396 6397 6369
f 6369 6397 6398 6370
f 6370 6398 6399 6371
f 6371 6399 6400 6372
f 6372 6400 15283 15282
f 6387 6388 6401 6394
f 6394 6401 6402 6395
f 6395 6402 6403 6396
f 6396 6403 6404 6397
f 6397 6404 6405 6398
f 6398 6405 6406 6399
f 6399 6406 6407 6400
f 6400 6407 15284 15283
f 6388 6389 6408 6401
f 6401 6408 6409 6402
f 6402 6409 6410 6403
f 6403 6410 6411 6404
f 6404 6411 6412 6405
f 6405 6412 6413 6406
f 6406 6413 6414 6407
f 6407 6414 15285 15284
f 6389 6390 6415 6408
f 6408 6415 6416 6409
f 6409 6416 6417 6410
f 6410 6417 6418 6411
f 6411 6418 6419 6412
f 6412 6419 6420 6413
f 6413 6420 6421 6414
f 6414 6421 15286 15285
f 6390 6391 6422 6415
f 6415 6422 6423 6416
f 6416 6423 6424 6417
f 6417 6424 6425 6418
f 6418 6425 6426 6419
f 6419 6426 6427 6420
f 6420 6427 6428 6421
f 6421 6428 15287 15286
f 6391 6392 6429 6422
f 6422 6429 6430 6423
f 6423 6430 6431 6424
f 6424 6431 6432 6425
f 6425 6432 6433 6426
f 6426 6433 6434 6427
f 6427 6434 6435 6428
f 6428 6435 15288 15287
f 6392 6393 6436 6429
f 6429 6436 6437 6430
f 6430 6437 6438 6431
f 6431 6438 6439 6432
f 6432 6439 6440 6433
f 6433 6440 6441 6434
f 6434 6441 6442 6435
f 6435 6442 15289 15288
f 6393 15057 15056 6436
f 6436 15056 15055 6437
f 6437 15055 15054 6438
f 6438 15054 15053 6439
f 6439 15053 15052 6440
f 6440 15052 15051 6441
f 6441 15051 15050 6442
f 6442 15050 16909 15289
f 6365 6366 6443 6373
f 6373 6443 6444 6374
f 6374 6444 6445 6375
f 6375 6445 6446 6376
f 6376 6446 6447 6377
f 6377 6447 6448 6378
f 6378 6448 6449 6379
f 6379 6449 15911 15912
f 6366 6367 6450 6443
f 6443 6450 6451 6444
f 6444 6451 6452 6445
f 6445 6452 6453 6446
f 6446 6453 6454 6447
f 6447 6454 6455 6448
f 6448 6455 6456 6449
f 6449 6456 15910 15911
f 6367 6368 6457 6450
f 6450 6457 6458 6451
f 6451 6458 6459 6452
f 6452 6459 6460 6453
f 6453 6460 6461 6454
f 6454 6461 6462 6455
f 6455 6462 6463 6456
f 6456 6463 15909 15910
f 6368 6369 6464 6457
f 6457 6464 6465 6458
f 6458 6465 6466 6459
f 6459 6466 6467 6460
f 6460 6467 6468 6461
f 6461 6468 6469 6462
f 6462 6469 6470 6463
f 6463 6470 15908 15909
f 6369 6370 6471 6464
f 6464 6471 6472 6465
f 6465 6472 6473 6466
f 6466 6473 6474 6467
f 6467 6474 6475 6468
f 6468 6475 6476 6469
f 6469 6476 6477 6470
f 6470 6477 15907 15908
f 6370 6371 6478 6471
f 6471 6478 6479 6472
f 6472 6479 6480 6473
f 6473 6480 6481 6474
f 6474 6481 6482 6475
f 6475 6482 6483 6476
f 6476 6483 6484 6477
f 6477 6484 15906 15907
f 6371 6372 6485 6478
f 6478 6485 6486 6479
f 6479 6486 6487 6480
f 6480 6487 6488 6481
f 6481 6488 6489 6482
f 6482 6489 6490 6483
f 6483 6490 6491 6484
f 6484 6491 15905 15906
f 6372 15282 15281 6485
f 6485 15281 15280 6486
f 6486 15280 15279 6487
f 6487 15279 15278 6488
f 6488 15278 15277 6489
f 6489 15277 15276 6490
f 6490 15276 15275 6491
f 6491 15275 16930 15905
f 6365 6373 6492 6380
f 6380 6492 6493 6381
f 6381 6493 6494 6382
f 6382 6494 6495 6383
f 6383 6495 6496 6384
f 6384 6496 6497 6385
f 6385 6497 6498 6386
f 6386 6498 15026 15027
f 6373 6374 6499 6492
f 6492 6499 6500 6493
f 6493 6500 6501 6494
f 6494 6501 6502 6495
f 6495 6502 6503 6496
f 6496 6503 6504 6497
f 6497 6504 6505 6498
f 6498 6505 15025 15026
f 6374 6375 6506 6499
f 6499 6506 6507 6500
f 6500 6507 6508 6501
f 6501 6508 6509 6502
f 6502 6509 6510 6503
f 6503 6510 6511 6504
f 6504 6511 6512 6505
f 6505 6512 15024 15025
f 6375 6376 6513 6506
f 6506 6513 6514 6507
f 6507 6514 6515 6508
f 6508 6515 6516 6509
f 6509 6516 6517 6510
f 6510 6517 6518 6511
f 6511 6518 6519 6512
f 6512 6519 15023 15024
f 6376 6377 6520 6513
f 6513 6520 6521 6514
f 6514 6521 6522 6515
f 6515 6522 6523 6516
f 6516 6523 6524 6517
f 6517 6524 6525 6518
f 6518 6525 6526 6519
f 6519 6526 15022 15023
f 6377 6378 6527 6520
f 6520 6527 6528 6521
f 6521 6528 6529 6522
f 6522 6529 6530 6523
f 6523 6530 6531 6524
f 6524 6531 6532 6525
f 6525 6532 6533 6526
f 6526 6533 15021 15022
f 6378 6379 6534 6527
f 6527 6534 6535 6528
f 6528 6535 6536 6529
f 6529 6536 6537 6530
f 6530 6537 6538 6531
f 6531 6538 6539 6532
f 6532 6539 6540 6533
f 6533 6540 15020 15021
f 6379 15912 15913 6534
f 6534 15913 15914 6535
f 6535 15914 15915 6536
f 6536 15915 15916 6537
f 6537 15916 15917 6538
f 6538 15917 15918 6539
f 6539 15918 15919 6540
f 6540 15919 16928 15020
f 6365 6380 6541 6387
f 6387 6541 6542 6388
f 6388 6542 6543 6389
f 6389 6543 6544 6390
f 6390 6544 6545 6391
f 6391 6545 6546 6392
f 6392 6546 6547 6393
f 6393 6547 15058 15057
f 6380 6381 6548 6541
f 6541 6548 6549 6542
f 6542 6549 6550 6543
f 6543 6550 6551 6544
f 6544 6551 6552 6545
f 6545 6552 6553 6546
f 6546 6553 6554 6547
f 6547 6554 15059 15058
f 6381 6382 6555 6548
f 6548 6555 6556 6549
f 6549 6556 6557 6550
f 6550 6557 6558 6551
f 6551 6558 6559 6552
f 6552 6559 6560 6553
f 6553 6560 6561 6554
f 6554 6561 15060 15059
f 6382 6383 6562 6555
f 6555 6562 6563 6556
f 6556 6563 6564 6557
f 6557 6564 6565 6558
f 6558 6565 6566 6559
f 6559 6566 6567 6560
f 6560 6567 6568 6561
f 6561 6568 15061 15060
f 6383 6384 6569 6562
f 6562 6569 6570 6563
f 6563 6570 6571 6564
f 6564 6571 6572 6565
f 6565 6572 6573 6566
f 6566 6573 6574 6567
f 6567 6574 6575 6568
f 6568 6575 15062 15061
f 6384 6385 6576 6569
f 6569 6576 6577 6570
f 6570 6577 6578 6571
f 6571 6578 6579 6572
f 6572 6579 6580 6573
f 6573 6580 6581 6574
f 6574 6581 6582 6575
f 6575 6582 15063 15062
f 6385 6386 6583 6576
f 6576 6583 6584 6577
f 6577 6584 6585 6578
f 6578 6585 6586 6579
f 6579 6586 6587 6580
f 6580 6587 6588 6581
f 6581 6588 6589 6582
f 6582 6589 15064 15063
f 6386 15027 15028 6583
f 6583 15028 15029 6584
f 6584 15029 15030 6585
f 6585 15030 15031 6586
f 6586 15031 15032 6587
f 6587 15032 15033 6588
f 6588 15033 15034 6589
f 6589 15034 16902 15064
f 6590 6612 6619 6591
f 6591 6619 6620 6592
f 6592 6620 6621 6593
f 6593 6621 6622 6594
f 6594 6622 6623 6595
f 6595 6623 6624 6596
f 6596 6624 6625 6597
f 6597 6625 15448 15447
f 6612 6613 6626 6619
f 6619 6626 6627 6620
f 6620 6627 6628 6621
f 6621 6628 6629 6622
f 6622 6629 6630 6623
f 6623 6630 6631 6624
f 6624 6631 6632 6625
f 6625 6632 15449 15448
f 6613 6614 6633 6626
f 6626 6633 6634 6627
f 6627 6634 6635 6628
f 6628 6635 6636 6629
f 6629 6636 6637 6630
f 6630 6637 6638 6631
f 6631 6638 6639 6632
f 6632 6639 15450 15449
f 6614 6615 6640 6633
f 6633 6640 6641 6634
f 6634 6641 6642 6635
f 6635 6642 6643 6636
f 6636 6643 6644 6637
f 6637 6644 6645 6638
f 6638 6645 6646 6639
f 6639 6646 15451 15450
f 6615 6616 6647 6640
f 6640 6647 6648 6641
f 6641 6648 6649 6642
f 6642 6649 6650 6643
f 6643 6650 6651 6644
f 6644 6651 6652 6645
f 6645 6652 6653 6646
f 6646 6653 15452 15451
f 6616 6617 6654 6647
f 6647 6654 6655 6648
f 6648 6655 6656 6649
f 6649 6656 6657 6650
f 6650 6657 6658 6651
f 6651 6658 6659 6652
f 6652 6659 6660 6653
f 6653 6660 15453 15452
f 6617 6618 6661 6654
f 6654 6661 6662 6655
f 6655 6662 6663 6656
f 6656 6663 6664 6657
f 6657 6664 6665 6658
f 6658 6665 6666 6659
f 6659 6666 6667 6660
f 6660 6667 15454 15453
f 6618 15132 15131 6661
f 6661 15131 15130 6662
f 6662 15130 15129 6663
f 6663 15129 15128 6664
f 6664 15128 15127 6665
f 6665 15127 15126 6666
f 6666 15126 15125 6667
f 6667 15125 16913 15454
f 6590 6591 6668 6598
f 6598 6668 6669 6599
f 6599 6669 6670 6600
f 6600 6670 6671 6601
f 6601 6671 6672 6602
f 6602 6672 6673 6603
f 6603 6673 6674 6604
f 6604 6674 15926 15927
f 6591 6592 6675 6668
f 6668 6675 6676 6669
f 6669 6676 6677 6670
f 6670 6677 6678 6671
f 6671 6678 6679 6672
f 6672 6679 6680 6673
f 6673 6680 6681 6674
f 6674 6681 15925 15926
f 6592 6593 6682 6675
f 6675 6682 6683 6676
f 6676 6683 6684 6677
f 6677 6684 6685 6678
f 6678 6685 6686 6679
f 6679 6686 6687 6680
f 6680 6687 6688 6681
f 6681 6688 15924 15925
f 6593 6594 6689 6682
f 6682 6689 6690 6683
f 6683 6690 6691 6684
f 6684 6691 6692 6685
f 6685 6692 6693 6686
f 6686 6693 6694 6687
f 6687 6694 6695 6688
f 6688 6695 15923 15924
f 6594 6595 6696 6689
f 6689 6696 6697 6690
f 6690 6697 6698 6691
f 6691 6698 6699 6692
f 6692 6699 6700 6693
f 6693 6700 6701 6694
f 6694 6701 6702 6695
f 6695 6702 15922 15923
f 6595 6596 6703 6696
f 6696 6703 6704 6697
f 6697 6704 6705 6698
f 6698 6705 6706 6699
f 6699 6706 6707 6700
f 6700 6707 6708 6701
f 6701 6708 6709 6702
f 6702 6709 15921 15922
f 6596 6597 6710 6703
f 6703 6710 6711 6704
f 6704 6711 6712 6705
f 6705 6712 6713 6706
f 6706 6713 6714 6707
f 6707 6714 6715 6708
f 6708 6715 6716 6709
f 6709 6716 15920 15921
f 6597 15447 15446 6710
f 6710 15446 15445 6711
f 6711 15445 15444 6712
f 6712 15444 15443 6713
f 6713 15443 15442 6714
f 6714 15442 15441 6715
f 6715 15441 15440 6716
f 6716 15440 16931 15920
f 6590 6598 6717 6605
f 6605 6717 6718 6606
f 6606 6718 6719 6607
f 6607 6719 6720 6608
f 6608 6720 6721 6609
f 6609 6721 6722 6610
f 6610 6722 6723 6611
f 6611 6723 15161 15162
f 6598 6599 6724 6717
f 6717 6724 6725 6718
f 6718 6725 6726 6719
f 6719 6726 6727 6720
f 6720 6727 6728 6721
f 6721 6728 6729 6722
f 6722 6729 6730 6723
f 6723 6730 15160 15161
f 6599 6600 6731 6724
f 6724 6731 6732 6725
f 6725 6732 6733 6726
f 6726 6733 6734 6727
f 6727 6734 6735 6728
f 6728 6735 6736 6729
f 6729 6736 6737 6730
f 6730 6737 15159 15160
f 6600 6601 6738 6731
f 6731 6738 6739 6732
f 6732 6739 6740 6733
f 6733 6740 6741 6734
f 6734 6741 6742 6735
f 6735 6742 6743 6736
f 6736 6743 6744 6737
f 6737 6744 15158 15159
f 6601 6602 6745 6738
f 6738 6745 6746 6739
f 6739 6746 6747 6740
f 6740 6747 6748 6741
f 6741 6748 6749 6742
f 6742 6749 6750 6743
f 6743 6750 6751 6744
f 6744 6751 15157 15158
f 6602 6603 6752 6745
f 6745 6752 6753 6746
f 6746 6753 6754 6747
f 6747 6754 6755 6748
f 6748 6755 6756 6749
f 6749 6756 6757 6750
f 6750 6757 6758 6751
f 6751 6758 15156 15157
f 6603 6604 6759 6752
f 6752 6759 6760 6753
f 6753 6760 6761 6754
f 6754 6761 6762 6755
f 6755 6762 6763 6756
f 6756 6763 6764 6757
f 6757 6764 6765 6758
f 6758 6765 15155 15156
f 6604 15927 15928 6759
f 6759 15928 15929 6760
f 6760 15929 15930 6761
f 6761 15930 15931 6762
f 6762 15931 15932 6763
f 6763 15932 15933 6764
f 6764 15933 15934 6765
f 6765 15934 16929 15155
f 6590 6605 6766 6612
f 6612 6766 6767 6613
f 6613 6767 6768 6614
f 6614 6768 6769 6615
f 6615 6769 6770 6616
f 6616 6770 6771 6617
f 6617 6771 6772 6618
f 6618 6772 15133 15132
f 6605 6606 6773 6766
f 6766 6773 6774 6767
f 6767 6774 6775 6768
f 6768 6775 6776 6769
f 6769 6776 6777 6770
f 6770 6777 6778 6771
f 6771 6778 6779 6772
f 6772 6779 15134 15133
f 6606 6607 6780 6773
f 6773 6780 6781 6774
f 6774 6781 6782 6775
f 6775 6782 6783 6776
f 6776 6783 6784 6777
f 6777 6784 6785 6778
f 6778 6785 6786 6779
f 6779 6786 15135 15134
f 6607 6608 6787 6780
f 6780 6787 6788 6781
f 6781 6788 6789 6782
f 6782 6789 6790 6783
f 6783 6790 6791 6784
f 6784 6791 6792 6785
f 6785 6792 6793 6786
f 6786 6793 15136 15135
f 6608 6609 6794 6787
f 6787 6794 6795 6788
f 6788 6795 6796 6789
f 6789 6796 6797 6790
f 6790 6797 6798 6791
f 6791 6798 6799 6792
f 6792 6799 6800 6793
f 6793 6800 15137 15136
f 6609 6610 6801 6794
f 6794 6801 6802 6795
f 6795 6802 6803 6796
f 6796 6803 6804 6797
f 6797 6804 6805 6798
f 6798 6805 6806 6799
f 6799 6806 6807 6800
f 6800 6807 15138 15137
f 6610 6611 6808 6801
f 6801 6808 6809 6802
f 6802 6809 6810 6803
f 6803 6810 6811 6804
f 6804 6811 6812 6805
f 6805 6812 6813 6806
f 6806 6813 6814 6807
f 6807 6814 15139 15138
f 6611 15162 15163 6808
f 6808 15163 15164 6809
f 6809 15164 15165 6810
f 6810 15165 15166 6811
f 6811 15166 15167 6812
f 6812 15167 15168 6813
f 6813 15168 15169 6814
f 6814 15169 16905 15139
f 6815 6837 6844 6816
f 6816 6844 6845 6817
f 6817 6845 6846 6818
f 6818 6846 6847 6819
f 6819 6847 6848 6820
f 6820 6848 6849 6821
f 6821 6849 6850 6822
f 6822 6850 15163 15162
f 6837 6838 6851 6844
f 6844 6851 6852 6845
f 6845 6852 6853 6846
f 6846 6853 6854 6847
f 6847 6854 6855 6848
f 6848 6855 6856 6849
f 6849 6856 6857 6850
f 6850 6857 15164 15163
f 6838 6839 6858 6851
f 6851 6858 6859 6852
f 6852 6859 6860 6853
f 6853 6860 6861 6854
f 6854 6861 6862 6855
f 6855 6862 6863 6856
f 6856 6863 6864 6857
f 6857 6864 15165 15164
f 6839 6840 6865 6858
f 6858 6865 6866 6859
f 6859 6866 6867 6860
f 6860 6867 6868 6861
f 6861 6868 6869 6862
f 6862 6869 6870 6863
f 6863 6870 6871 6864
f 6864 6871 15166 15165
f 6840 6841 6872 6865
f 6865 6872 6873 6866
f 6866 6873 6874 6867
f 6867 6874 6875 6868
f 6868 6875 6876 6869
f 6869 6876 6877 6870
f 6870 6877 6878 6871
f 6871 6878 15167 15166
f 6841 6842 6879 6872
f 6872 6879 6880 6873
f 6873 6880 6881 6874
f 6874 6881 6882 6875
f 6875 6882 6883 6876
f 6876 6883 6884 6877
f 6877 6884 6885 6878
f 6878 6885 15168 15167
f 6842 6843 6886 6879
f 6879 6886 6887 6880
f 6880 6887 6888 6881
f 6881 6888 6889 6882
f 6882 6889 6890 6883
f 6883 6890 6891 6884
f 6884 6891 6892 6885
f 6885 6892 15169 15168
f 6843 15252 15251 6886
f 6886 15251 15250 6887
f 6887 15250 15249 6888
f 6888 15249 15248 6889
f 6889 15248 15247 6890
f 6890 15247 15246 6891
f 6891 15246 15245 6892
f 6892 15245 16905 15169
f 6815 6816 6893 6823
f 6823 6893 6894 6824
f 6824 6894 6895 6825
f 6825 6895 6896 6826
f 6826 6896 6897 6827
f 6827 6897 6898 6828
f 6828 6898 6899 6829
f 6829 6899 15941 15942
f 6816 6817 6900 6893
f 6893 6900 6901 6894
f 6894 6901 6902 6895
f 6895 6902 6903 6896
f 6896 6903 6904 6897
f 6897 6904 6905 6898
f 6898 6905 6906 6899
f 6899 6906 15940 15941
f 6817 6818 6907 6900
f 6900 6907 6908 6901
f 6901 6908 6909 6902
f 6902 6909 6910 6903
f 6903 6910 6911 6904
f 6904 6911 6912 6905
f 6905 6912 6913 6906
f 6906 6913 15939 15940
f 6818 6819 6914 6907
f 6907 6914 6915 6908
f 6908 6915 6916 6909
f 6909 6916 6917 6910
f 6910 6917 6918 6911
f 6911 6918 6919 6912
f 6912 6919 6920 6913
f 6913 6920 15938 15939
f 6819 6820 6921 6914
f 6914 6921 6922 6915
f 6915 6922 6923 6916
f 6916 6923 6924 6917
f 6917 6924 6925 6918
f 6918 6925 6926 6919
f 6919 6926 6927 6920
f 6920 6927 15937 15938
f 6820 6821 6928 6921
f 6921 6928 6929 6922
f 6922 6929 6930 6923
f 6923 6930 6931 6924
f 6924 6931 6932 6925
f 6925 6932 6933 6926
f 6926 6933 6934 6927
f 6927 6934 15936 15937
f 6821 6822 6935 6928
f 6928 6935 6936 6929
f 6929 6936 6937 6930
f 6930 6937 6938 6931
f 6931 6938 6939 6932
f 6932 6939 6940 6933
f 6933 6940 6941 6934
f 6934 6941 15935 15936
f 6822 15162 15161 6935
f 6935 15161 15160 6936
f 6936 15160 15159 6937
f 6937 15159 15158 6938
f 6938 15158 15157 6939
f 6939 15157 15156 6940
f 6940 15156 15155 6941
f 6941 15155 16929 15935
f 6815 6823 6942 6830
f 6830 6942 6943 6831
f 6831 6943 6944 6832
f 6832 6944 6945 6833
f 6833 6945 6946 6834
f 6834 6946 6947 6835
f 6835 6947 6948 6836
f 6836 6948 15281 15282
f 6823 6824 6949 6942
f 6942 6949 6950 6943
f 6943 6950 6951 6944
f 6944 6951 6952 6945
f 6945 6952 6953 6946
f 6946 6953 6954 6947
f 6947 6954 6955 6948
f 6948 6955 15280 15281
f 6824 6825 6956 6949
f 6949 6956 6957 6950
f 6950 6957 6958 6951
f 6951 6958 6959 6952
f 6952 6959 6960 6953
f 6953 6960 6961 6954
f 6954 6961 6962 6955
f 6955 6962 15279 15280
f 6825 6826 6963 6956
f 6956 6963 6964 6957
f 6957 6964 6965 6958
f 6958 6965 6966 6959
f 6959 6966 6967 6960
f 6960 6967 6968 6961
f 6961 6968 6969 6962
f 6962 6969 15278 15279
f 6826 6827 6970 6963
f 6963 6970 6971 6964
f 6964 6971 6972 6965
f 6965 6972 6973 6966
f 6966 6973 6974 6967
f 6967 6974 6975 6968
f 6968 6975 6976 6969
f 6969 6976 15277 15278
f 6827 6828 6977 6970
f 6970 6977 6978 6971
f 6971 6978 6979 6972
f 6972 6979 6980 6973
f 6973 6980 6981 6974
f 6974 6981 6982 6975
f 6975 6982 6983 6976
f 6976 6983 15276 15277
f 6828 6829 6984 6977
f 6977 6984 6985 6978
f 6978 6985 6986 6979
f 6979 6986 6987 6980
f 6980 6987 6988 6981
f 6981 6988 6989 6982
f 6982 6989 6990 6983
f 6983 6990 15275 15276
f 6829 15942 15943 6984
f 6984 15943 15944 6985
f 6985 15944 15945 6986
f 6986 15945 15946 6987
f 6987 15946 15947 6988
f 6988 15947 15948 6989
f 6989 15948 15949 6990
f 6990 15949 16930 15275
f 6815 6830 6991 6837
f 6837 6991 6992 6838
f 6838 6992 6993 6839
f 6839 6993 6994 6840
f 6840 6994 6995 6841
f 6841 6995 6996 6842
f 6842 6996 6997 6843
f 6843 6997 15253 15252
f 6830 6831 6998 6991
f 6991 6998 6999 6992
f 6992 6999 7000 6993
f 6993 7000 7001 6994
f 6994 7001 7002 6995
f 6995 7002 7003 6996
f 6996 7003 7004 6997
f 6997 7004 15254 15253
f 6831 6832 7005 6998
f 6998 7005 7006 6999
f 6999 7006 7007 7000
f 7000 7007 7008 7001
f 7001 7008 7009 7002
f 7002 7009 7010 7003
f 7003 7010 7011 7004
f 7004 7011 15255 15254
f 6832 6833 7012 7005
f 7005 7012 7013 7006
f 7006 7013 7014 7007
f 7007 7014 7015 7008
f 7008 7015 7016 7009
f 7009 7016 7017 7010
f 7010 7017 7018 7011
f 7011 7018 15256 15255
f 6833 6834 7019 7012
f 7012 7019 7020 7013
f 7013 7020 7021 7014
f 7014 7021 7022 7015
f 7015 7022 7023 7016
f 7016 7023 7024 7017
f 7017 7024 7025 7018
f 7018 7025 15257 15256
f 6834 6835 7026 7019
f 7019 7026 7027 7020
f 7020 7027 7028 7021
f 7021 7028 7029 7022
f 7022 7029 7030 7023
f 7023 7030 7031 7024
f 7024 7031 7032 7025
f 7025 7032 15258 15257
f 6835 6836 7033 7026
f 7026 7033 7034 7027
f 7027 7034 7035 7028
f 7028 7035 7036 7029
f 7029 7036 7037 7030
f 7030 7037 7038 7031
f 7031 7038 7039 7032
f 7032 7039 15259 15258
f 6836 15282 15283 7033
f 7033 15283 15284 7034
f 7034 15284 15285 7035
f 7035 15285 15286 7036
f 7036 15286 15287 7037
f 7037 15287 15288 7038
f 7038 15288 15289 7039
f 7039 15289 16909 15259
f 7040 7062 7069 7041
f 7041 7069 7070 7042
f 7042 7070 7071 7043
f 7043 7071 7072 7044
f 7044 7072 7073 7045
f 7045 7073 7074 7046
f 7046 7074 7075 7047
f 7047 7075 14953 14952
f 7062 7063 7076 7069
f 7069 7076 7077 7070
f 7070 7077 7078 7071
f 7071 7078 7079 7072
f 7072 7079 7080 7073
f 7073 7080 7081 7074
f 7074 7081 7082 7075
f 7075 7082 14954 14953
f 7063 7064 7083 7076
f 7076 7083 7084 7077
f 7077 7084 7085 7078
f 7078 7085 7086 7079
f 7079 7086 7087 7080
f 7080 7087 7088 7081
f 7081 7088 7089 7082
f 7082 7089 14955 14954
f 7064 7065 7090 7083
f 7083 7090 7091 7084
f 7084 7091 7092 7085
f 7085 7092 7093 7086
f 7086 7093 7094 7087
f 7087 7094 7095 7088
f 7088 7095 7096 7089
f 7089 7096 14956 14955
f 7065 7066 7097 7090
f 7090 7097 7098 7091
f 7091 7098 7099 7092
f 7092 7099 7100 7093
f 7093 7100 7101 7094
f 7094 7101 7102 7095
f 7095 7102 7103 7096
f 7096 7103 14957 14956
f 7066 7067 7104 7097
f 7097 7104 7105 7098
f 7098 7105 7106 7099
f 7099 7106 7107 7100
f 7100 7107 7108 7101
f 7101 7108 7109 7102
f 7102 7109 7110 7103
f 7103 7110 14958 14957
f 7067 7068 7111 7104
f 7104 7111 7112 7105
f 7105 7112 7113 7106
f 7106 7113 7114 7107
f 7107 7114 7115 7108
f 7108 7115 7116 7109
f 7109 7116 7117 7110
f 7110 7117 14959 14958
f 7068 15372 15371 7111
f 7111 15371 15370 7112
f 7112 15370 15369 7113
f 7113 15369 15368 7114
f 7114 15368 15367 7115
f 7115 15367 15366 7116
f 7116 15366 15365 7117
f 7117 15365 16899 14959
f 7040 7041 7118 7048
f 7048 7118 7119 7049
f 7049 7119 7120 7050
f 7050 7120 7121 7051
f 7051 7121 7122 7052
f 7052 7122 7123 7053
f 7053 7123 7124 7054
f 7054 7124 15956 15957
f 7041 7042 7125 7118
f 7118 7125 7126 7119
f 7119 7126 7127 7120
f 7120 7127 7128 7121
f 7121 7128 7129 7122
f 7122 7129 7130 7123
f 7123 7130 7131 7124
f 7124 7131 15955 15956
f 7042 7043 7132 7125
f 7125 7132 7133 7126
f 7126 7133 7134 7127
f 7127 7134 7135 7128
f 7128 7135 7136 7129
f 7129 7136 7137 7130
f 7130 7137 7138 7131
f 7131 7138 15954 15955
f 7043 7044 7139 7132
f 7132 7139 7140 7133
f 7133 7140 7141 7134
f 7134 7141 7142 7135
f 7135 7142 7143 7136
f 7136 7143 7144 7137
f 7137 7144 7145 7138
f 7138 7145 15953 15954
f 7044 7045 7146 7139
f 7139 7146 7147 7140
f 7140 7147 7148 7141
f 7141 7148 7149 7142
f 7142 7149 7150 7143
f 7143 7150 7151 7144
f 7144 7151 7152 7145
f 7145 7152 15952 15953
f 7045 7046 7153 7146
f 7146 7153 7154 7147
f 7147 7154 7155 7148
f 7148 7155 7156 7149
f 7149 7156 7157 7150
f 7150 7157 7158 7151
f 7151 7158 7159 7152
f 7152 7159 15951 15952
f 7046 7047 7160 7153
f 7153 7160 7161 7154
f 7154 7161 7162 7155
f 7155 7162 7163 7156
f 7156 7163 7164 7157
f 7157 7164 7165 7158
f 7158 7165 7166 7159
f 7159 7166 15950 15951
f 7047 14952 14951 7160
f 7160 14951 14950 7161
f 7161 14950 14949 7162
f 7162 14949 14948 7163
f 7163 14948 14947 7164
f 7164 14947 14946 7165
f 7165 14946 14945 7166
f 7166 14945 16925 15950
f 7040 7048 7167 7055
f 7055 7167 7168 7056
f 7056 7168 7169 7057
f 7057 7169 7170 7058
f 7058 7170 7171 7059
f 7059 7171 7172 7060
f 7060 7172 7173 7061
f 7061 7173 15446 15447
f 7048 7049 7174 7167
f 7167 7174 7175 7168
f 7168 7175 7176 7169
f 7169 7176 7177 7170
f 7170 7177 7178 7171
f 7171 7178 7179 7172
f 7172 7179 7180 7173
f 7173 7180 15445 15446
f 7049 7050 7181 7174
f 7174 7181 7182 7175
f 7175 7182 7183 7176
f 7176 7183 7184 7177
f 7177 7184 7185 7178
f 7178 7185 7186 7179
f 7179 7186 7187 7180
f 7180 7187 15444 15445
f 7050 7051 7188 7181
f 7181 7188 7189 7182
f 7182 7189 7190 7183
f 7183 7190 7191 7184
f 7184 7191 7192 7185
f 7185 7192 7193 7186
f 7186 7193 7194 7187
f 7187 7194 15443 15444
f 7051 7052 7195 7188
f 7188 7195 7196 7189
f 7189 7196 7197 7190
f 7190 7197 7198 7191
f 7191 7198 7199 7192
f 7192 7199 7200 7193
f 7193 7200 7201 7194
f 7194 7201 15442 15443
f 7052 7053 7202 7195
f 7195 7202 7203 7196
f 7196 7203 7204 7197
f 7197 7204 7205 7198
f 7198 7205 7206 7199
f 7199 7206 7207 7200
f 7200 7207 7208 7201
f 7201 7208 15441 15442
f 7053 7054 7209 7202
f 7202 7209 7210 7203
f 7203 7210 7211 7204
f 7204 7211 7212 7205
f 7205 7212 7213 7206
f 7206 7213 7214 7207
f 7207 7214 7215 7208
f 7208 7215 15440 15441
f 7054 15957 15958 7209
f 7209 15958 15959 7210
f 7210 15959 15960 7211
f 7211 15960 15961 7212
f 7212 15961 15962 7213
f 7213 15962 15963 7214
f 7214 15963 15964 7215
f 7215 15964 16931 15440
f 7040 7055 7216 7062
f 7062 7216 7217 7063
f 7063 7217 7218 7064
f 7064 7218 7219 7065
f 7065 7219 7220 7066
f 7066 7220 7221 7067
f 7067 7221 7222 7068
f 7068 7222 15373 15372
f 7055 7056 7223 7216
f 7216 7223 7224 7217
f 7217 7224 7225 7218
f 7218 7225 7226 7219
f 7219 7226 7227 7220
f 7220 7227 7228 7221
f 7221 7228 7229 7222
f 7222 7229 15374 15373
f 7056 7057 7230 7223
f 7223 7230 7231 7224
f 7224 7231 7232 7225
f 7225 7232 7233 7226
f 7226 7233 7234 7227
f 7227 7234 7235 7228
f 7228 7235 7236 7229
f 7229 7236 15375 15374
f 7057 7058 7237 7230
f 7230 7237 7238 7231
f 7231 7238 7239 7232
f 7232 7239 7240 7233
f 7233 7240 7241 7234
f 7234 7241 7242 7235
f 7235 7242 7243 7236
f 7236 7243 15376 15375
f 7058 7059 7244 7237
f 7237 7244 7245 7238
f 7238 7245 7246 7239
f 7239 7246 7247 7240
f 7240 7247 7248 7241
f 7241 7248 7249 7242
f 7242 7249 7250 7243
f 7243 7250 15377 15376
f 7059 7060 7251 7244
f 7244 7251 7252 7245
f 7245 7252 7253 7246
f 7246 7253 7254 7247
f 7247 7254 7255 7248
f 7248 7255 7256 7249
f 7249 7256 7257 7250
f 7250 7257 15378 15377
f 7060 7061 7258 7251
f 7251 7258 7259 7252
f 7252 7259 7260 7253
f 7253 7260 7261 7254
f 7254 7261 7262 7255
f 7255 7262 7263 7256
f 7256 7263 7264 7257
f 7257 7264 15379 15378
f 7061 15447 15448 7258
f 7258 15448 15449 7259
f 7259 15449 15450 7260
f 7260 15450 15451 7261
f 7261 15451 15452 7262
f 7262 15452 15453 7263
f 7263 15453 15454 7264
f 7264 15454 16913 15379
f 7265 7287 7294 7266
f 7266 7294 7295 7267
f 7267 7295 7296 7268
f 7268 7296 7297 7269
f 7269 7297 7298 7270
f 7270 7298 7299 7271
f 7271 7299 7300 7272
f 7272 7300 15776 15777
f 7287 7288 7301 7294
f 7294 7301 7302 7295
f 7295 7302 7303 7296
f 7296 7303 7304 7297
f 7297 7304 7305 7298
f 7298 7305 7306 7299
f 7299 7306 7307 7300
f 7300 7307 15775 15776
f 7288 7289 7308 7301
f 7301 7308 7309 7302
f 7302 7309 7310 7303
f 7303 7310 7311 7304
f 7304 7311 7312 7305
f 7305 7312 7313 7306
f 7306 7313 7314 7307
f 7307 7314 15774 15775
f 7289 7290 7315 7308
f 7308 7315 7316 7309
f 7309 7316 7317 7310
f 7310 7317 7318 7311
f 7311 7318 7319 7312
f 7312 7319 7320 7313
f 7313 7320 7321 7314
f 7314 7321 15773 15774
f 7290 7291 7322 7315
f 7315 7322 7323 7316
f 7316 7323 7324 7317
f 7317 7324 7325 7318
f 7318 7325 7326 7319
f 7319 7326 7327 7320
f 7320 7327 7328 7321
f 7321 7328 15772 15773
f 7291 7292 7329 7322
f 7322 7329 7330 7323
f 7323 7330 7331 7324
f 7324 7331 7332 7325
f 7325 7332 7333 7326
f 7326 7333 7334 7327
f 7327 7334 7335 7328
f 7328 7335 15771 15772
f 7292 7293 7336 7329
f 7329 7336 7337 7330
f 7330 7337 7338 7331
f 7331 7338 7339 7332
f 7332 7339 7340 7333
f 7333 7340 7341 7334
f 7334 7341 7342 7335
f 7335 7342 15770 15771
f 7293 15627 15626 7336
f 7336 15626 15625 7337
f 7337 15625 15624 7338
f 7338 15624 15623 7339
f 7339 15623 15622 7340
f 7340 15622 15621 7341
f 7341 15621 15620 7342
f 7342 15620 16916 15770
f 7265 7266 7343 7273
f 7273 7343 7344 7274
f 7274 7344 7345 7275
f 7275 7345 7346 7276
f 7276 7346 7347 7277
f 7277 7347 7348 7278
f 7278 7348 7349 7279
f 7279 7349 15971 15972
f 7266 7267 7350 7343
f 7343 7350 7351 7344
f 7344 7351 7352 7345
f 7345 7352 7353 7346
f 7346 7353 7354 7347
f 7347 7354 7355 7348
f 7348 7355 7356 7349
f 7349 7356 15970 15971
f 7267 7268 7357 7350
f 7350 7357 7358 7351
f 7351 7358 7359 7352
f 7352 7359 7360 7353
f 7353 7360 7361 7354
f 7354 7361 7362 7355
f 7355 7362 7363 7356
f 7356 7363 15969 15970
f 7268 7269 7364 7357
f 7357 7364 7365 7358
f 7358 7365 7366 7359
f 7359 7366 7367 7360
f 7360 7367 7368 7361
f 7361 7368 7369 7362
f 7362 7369 7370 7363
f 7363 7370 15968 15969
f 7269 7270 7371 7364
f 7364 7371 7372 7365
f 7365 7372 7373 7366
f 7366 7373 7374 7367
f 7367 7374 7375 7368
f 7368 7375 7376 7369
f 7369 7376 7377 7370
f 7370 7377 15967 15968
f 7270 7271 7378 7371
f 7371 7378 7379 7372
f 7372 7379 7380 7373
f 7373 7380 7381 7374
f 7374 7381 7382 7375
f 7375 7382 7383 7376
f 7376 7383 7384 7377
f 7377 7384 15966 15967
f 7271 7272 7385 7378
f 7378 7385 7386 7379
f 7379 7386 7387 7380
f 7380 7387 7388 7381
f 7381 7388 7389 7382
f 7382 7389 7390 7383
f 7383 7390 7391 7384
f 7384 7391 15965 15966
f 7272 15777 15778 7385
f 7385 15778 15779 7386
f 7386 15779 15780 7387
f 7387 15780 15781 7388
f 7388 15781 15782 7389
f 7389 15782 15783 7390
f 7390 15783 15784 7391
f 7391 15784 16926 15965
f 7265 7273 7392 7280
f 7280 7392 7393 7281
f 7281 7393 7394 7282
f 7282 7394 7395 7283
f 7283 7395 7396 7284
f 7284 7396 7397 7285
f 7285 7397 7398 7286
f 7286 7398 15581 15582
f 7273 7274 7399 7392
f 7392 7399 7400 7393
f 7393 7400 7401 7394
f 7394 7401 7402 7395
f 7395 7402 7403 7396
f 7396 7403 7404 7397
f 7397 7404 7405 7398
f 7398 7405 15580 15581
f 7274 7275 7406 7399
f 7399 7406 7407 7400
f 7400 7407 7408 7401
f 7401 7408 7409 7402
f 7402 7409 7410 7403
f 7403 7410 7411 7404
f 7404 7411 7412 7405
f 7405 7412 15579 15580
f 7275 7276 7413 7406
f 7406 7413 7414 7407
f 7407 7414 7415 7408
f 7408 7415 7416 7409
f 7409 7416 7417 7410
f 7410 7417 7418 7411
f 7411 7418 7419 7412
f 7412 7419 15578 15579
f 7276 7277 7420 7413
f 7413 7420 7421 7414
f 7414 7421 7422 7415
f 7415 7422 7423 7416
f 7416 7423 7424 7417
f 7417 7424 7425 7418
f 7418 7425 7426 7419
f 7419 7426 15577 15578
f 7277 7278 7427 7420
f 7420 7427 7428 7421
f 7421 7428 7429 7422
f 7422 7429 7430 7423
f 7423 7430 7431 7424
f 7424 7431 7432 7425
f 7425 7432 7433 7426
f 7426 7433 15576 15577
f 7278 7279 7434 7427
f 7427 7434 7435 7428
f 7428 7435 7436 7429
f 7429 7436 7437 7430
f 7430 7437 7438 7431
f 7431 7438 7439 7432
f 7432 7439 7440 7433
f 7433 7440 15575 15576
f 7279 15972 15973 7434
f 7434 15973 15974 7435
f 7435 15974 15975 7436
f 7436 15975 15976 7437
f 7437 15976 15977 7438
f 7438 15977 15978 7439
f 7439 15978 15979 7440
f 7440 15979 16934 15575
f 7265 7280 7441 7287
f 7287 7441 7442 7288
f 7288 7442 7443 7289
f 7289 7443 7444 7290
f 7290 7444 7445 7291
f 7291 7445 7446 7292
f 7292 7446 7447 7293
f 7293 7447 15628 15627
f 7280 7281 7448 7441
f 7441 7448 7449 7442
f 7442 7449 7450 7443
f 7443 7450 7451 7444
f 7444 7451 7452 7445
f 7445 7452 7453 7446
f 7446 7453 7454 7447
f 7447 7454 15629 15628
f 7281 7282 7455 7448
f 7448 7455 7456 7449
f 7449 7456 7457 7450
f 7450 7457 7458 7451
f 7451 7458 7459 7452
f 7452 7459 7460 7453
f 7453 7460 7461 7454
f 7454 7461 15630 15629
f 7282 7283 7462 7455
f 7455 7462 7463 7456
f 7456 7463 7464 7457
f 7457 7464 7465 7458
f 7458 7465 7466 7459
f 7459 7466 7467 7460
f 7460 7467 7468 7461
f 7461 7468 15631 15630
f 7283 7284 7469 7462
f 7462 7469 7470 7463
f 7463 7470 7471 7464
f 7464 7471 7472 7465
f 7465 7472 7473 7466
f 7466 7473 7474 7467
f 7467 7474 7475 7468
f 7468 7475 15632 15631
f 7284 7285 7476 7469
f 7469 7476 7477 7470
f 7470 7477 7478 7471
f 7471 7478 7479 7472
f 7472 7479 7480 7473
f 7473 7480 7481 7474
f 7474 7481 7482 7475
f 7475 7482 15633 15632
f 7285 7286 7483 7476
f 7476 7483 7484 7477
f 7477 7484 7485 7478
f 7478 7485 7486 7479
f 7479 7486 7487 7480
f 7480 7487 7488 7481
f 7481 7488 7489 7482
f 7482 7489 15634 15633
f 7286 15582 15583 7483
f 7483 15583 15584 7484
f 7484 15584 15585 7485
f 7485 15585 15586 7486
f 7486 15586 15587 7487
f 7487 15587 15588 7488
f 7488 15588 15589 7489
f 7489 15589 16923 15634
f 7490 7512 7519 7491
f 7491 7519 7520 7492
f 7492 7520 7521 7493
f 7493 7521 7522 7494
f 7494 7522 7523 7495
f 7495 7523 7524 7496
f 7496 7524 7525 7497
f 7497 7525 15538 15537
f 7512 7513 7526 7519
f 7519 7526 7527 7520
f 7520 7527 7528 7521
f 7521 7528 7529 7522
f 7522 7529 7530 7523
f 7523 7530 7531 7524
f 7524 7531 7532 7525
f 7525 7532 15539 15538
f 7513 7514 7533 7526
f 7526 7533 7534 7527
f 7527 7534 7535 7528
f 7528 7535 7536 7529
f 7529 7536 7537 7530
f 7530 7537 7538 7531
f 7531 7538 7539 7532
f 7532 7539 15540 15539
f 7514 7515 7540 7533
f 7533 7540 7541 7534
f 7534 7541 7542 7535
f 7535 7542 7543 7536
f 7536 7543 7544 7537
f 7537 7544 7545 7538
f 7538 7545 7546 7539
f 7539 7546 15541 15540
f 7515 7516 7547 7540
f 7540 7547 7548 7541
f 7541 7548 7549 7542
f 7542 7549 7550 7543
f 7543 7550 7551 7544
f 7544 7551 7552 7545
f 7545 7552 7553 7546
f 7546 7553 15542 15541
f 7516 7517 7554 7547
f 7547 7554 7555 7548
f 7548 7555 7556 7549
f 7549 7556 7557 7550
f 7550 7557 7558 7551
f 7551 7558 7559 7552
f 7552 7559 7560 7553
f 7553 7560 15543 15542
f 7517 7518 7561 7554
f 7554 7561 7562 7555
f 7555 7562 7563 7556
f 7556 7563 7564 7557
f 7557 7564 7565 7558
f 7558 7565 7566 7559
f 7559 7566 7567 7560
f 7560 7567 15544 15543
f 7518 15642 15641 7561
f 7561 15641 15640 7562
f 7562 15640 15639 7563
f 7563 15639 15638 7564
f 7564 15638 15637 7565
f 7565 15637 15636 7566
f 7566 15636 15635 7567
f 7567 15635 16920 15544
f 7490 7491 7568 7498
f 7498 7568 7569 7499
f 7499 7569 7570 7500
f 7500 7570 7571 7501
f 7501 7571 7572 7502
f 7502 7572 7573 7503
f 7503 7573 7574 7504
f 7504 7574 15986 15987
f 7491 7492 7575 7568
f 7568 7575 7576 7569
f 7569 7576 7577 7570
f 7570 7577 7578 7571
f 7571 7578 7579 7572
f 7572 7579 7580 7573
f 7573 7580 7581 7574
f 7574 7581 15985 15986
f 7492 7493 7582 7575
f 7575 7582 7583 7576
f 7576 7583 7584 7577
f 7577 7584 7585 7578
f 7578 7585 7586 7579
f 7579 7586 7587 7580
f 7580 7587 7588 7581
f 7581 7588 15984 15985
f 7493 7494 7589 7582
f 7582 7589 7590 7583
f 7583 7590 7591 7584
f 7584 7591 7592 7585
f 7585 7592 7593 7586
f 7586 7593 7594 7587
f 7587 7594 7595 7588
f 7588 7595 15983 15984
f 7494 7495 7596 7589
f 7589 7596 7597 7590
f 7590 7597 7598 7591
f 7591 7598 7599 7592
f 7592 7599 7600 7593
f 7593 7600 7601 7594
f 7594 7601 7602 7595
f 7595 7602 15982 15983
f 7495 7496 7603 7596
f 7596 7603 7604 7597
f 7597 7604 7605 7598
f 7598 7605 7606 7599
f 7599 7606 7607 7600
f 7600 7607 7608 7601
f 7601 7608 7609 7602
f 7602 7609 15981 15982
f 7496 7497 7610 7603
f 7603 7610 7611 7604
f 7604 7611 7612 7605
f 7605 7612 7613 7606
f 7606 7613 7614 7607
f 7607 7614 7615 7608
f 7608 7615 7616 7609
f 7609 7616 15980 15981
f 7497 15537 15536 7610
f 7610 15536 15535 7611
f 7611 15535 15534 7612
f 7612 15534 15533 7613
f 7613 15533 15532 7614
f 7614 15532 15531 7615
f 7615 15531 15530 7616
f 7616 15530 16932 15980
f 7490 7498 7617 7505
f 7505 7617 7618 7506
f 7506 7618 7619 7507
f 7507 7619 7620 7508
f 7508 7620 7621 7509
f 7509 7621 7622 7510
f 7510 7622 7623 7511
f 7511 7623 15566 15567
f 7498 7499 7624 7617
f 7617 7624 7625 7618
f 7618 7625 7626 7619
f 7619 7626 7627 7620
f 7620 7627 7628 7621
f 7621 7628 7629 7622
f 7622 7629 7630 7623
f 7623 7630 15565 15566
f 7499 7500 7631 7624
f 7624 7631 7632 7625
f 7625 7632 7633 7626
f 7626 7633 7634 7627
f 7627 7634 7635 7628
f 7628 7635 7636 7629
f 7629 7636 7637 7630
f 7630 7637 15564 15565
f 7500 7501 7638 7631
f 7631 7638 7639 7632
f 7632 7639 7640 7633
f 7633 7640 7641 7634
f 7634 7641 7642 7635
f 7635 7642 7643 7636
f 7636 7643 7644 7637
f 7637 7644 15563 15564
f 7501 7502 7645 7638
f 7638 7645 7646 7639
f 7639 7646 7647 7640
f 7640 7647 7648 7641
f 7641 7648 7649 7642
f 7642 7649 7650 7643
f 7643 7650 7651 7644
f 7644 7651 15562 15563
f 7502 7503 7652 7645
f 7645 7652 7653 7646
f 7646 7653 7654 7647
f 7647 7654 7655 7648
f 7648 7655 7656 7649
f 7649 7656 7657 7650
f 7650 7657 7658 7651
f 7651 7658 15561 15562
f 7503 7504 7659 7652
f 7652 7659 7660 7653
f 7653 7660 7661 7654
f 7654 7661 7662 7655
f 7655 7662 7663 7656
f 7656 7663 7664 7657
f 7657 7664 7665 7658
f 7658 7665 15560 15561
f 7504 15987 15988 7659
f 7659 15988 15989 7660
f 7660 15989 15990 7661
f 7661 15990 15991 7662
f 7662 15991 15992 7663
f 7663 15992 15993 7664
f 7664 15993 15994 7665
f 7665 15994 16933 15560
f 7490 7505 7666 7512
f 7512 7666 7667 7513
f 7513 7667 7668 7514
f 7514 7668 7669 7515
f 7515 7669 7670 7516
f 7516 7670 7671 7517
f 7517 7671 7672 7518
f 7518 7672 15643 15642
f 7505 7506 7673 7666
f 7666 7673 7674 7667
f 7667 7674 7675 7668
f 7668 7675 7676 7669
f 7669 7676 7677 7670
f 7670 7677 7678 7671
f 7671 7678 7679 7672
f 7672 7679 15644 15643
f 7506 7507 7680 7673
f 7673 7680 7681 7674
f 7674 7681 7682 7675
f 7675 7682 7683 7676
f 7676 7683 7684 7677
f 7677 7684 7685 7678
f 7678 7685 7686 7679
f 7679 7686 15645 15644
f 7507 7508 7687 7680
f 7680 7687 7688 7681
f 7681 7688 7689 7682
f 7682 7689 7690 7683
f 7683 7690 7691 7684
f 7684 7691 7692 7685
f 7685 7692 7693 7686
f 7686 7693 15646 15645
f 7508 7509 7694 7687
f 7687 7694 7695 7688
f 7688 7695 7696 7689
f 7689 7696 7697 7690
f 7690 7697 7698 7691
f 7691 7698 7699 7692
f 7692 7699 7700 7693
f 7693 7700 15647 15646
f 7509 7510 7701 7694
f 7694 7701 7702 7695
f 7695 7702 7703 7696
f 7696 7703 7704 7697
f 7697 7704 7705 7698
f 7698 7705 7706 7699
f 7699 7706 7707 7700
f 7700 7707 15648 15647
f 7510 7511 7708 7701
f 7701 7708 7709 7702
f 7702 7709 7710 7703
f 7703 7710 7711 7704
f 7704 7711 7712 7705
f 7705 7712 7713 7706
f 7706 7713 7714 7707
f 7707 7714 15649 15648
f 7511 15567 15568 7708
f 7708 15568 15569 7709
f 7709 15569 15570 7710
f 7710 15570 15571 7711
f 7711 15571 15572 7712
f 7712 15572 15573 7713
f 7713 15573 15574 7714
f 7714 15574 16922 15649
f 7715 7737 7744 7716
f 7716 7744 7745 7717
f 7717 7745 7746 7718
f 7718 7746 7747 7719
f 7719 7747 7748 7720
f 7720 7748 7749 7721
f 7721 7749 7750 7722
f 7722 7750 15583 15582
f 7737 7738 7751 7744
f 7744 7751 7752 7745
f 7745 7752 7753 7746
f 7746 7753 7754 7747
f 7747 7754 7755 7748
f 7748 7755 7756 7749
f 7749 7756 7757 7750
f 7750 7757 15584 15583
f 7738 7739 7758 7751
f 7751 7758 7759 7752
f 7752 7759 7760 7753
f 7753 7760 7761 7754
f 7754 7761 7762 7755
f 7755 7762 7763 7756
f 7756 7763 7764 7757
f 7757 7764 15585 15584
f 7739 7740 7765 7758
f 7758 7765 7766 7759
f 7759 7766 7767 7760
f 7760 7767 7768 7761
f 7761 7768 7769 7762
f 7762 7769 7770 7763
f 7763 7770 7771 7764
f 7764 7771 15586 15585
f 7740 7741 7772 7765
f 7765 7772 7773 7766
f 7766 7773 7774 7767
f 7767 7774 7775 7768
f 7768 7775 7776 7769
f 7769 7776 7777 7770
f 7770 7777 7778 7771
f 7771 7778 15587 15586
f 7741 7742 7779 7772
f 7772 7779 7780 7773
f 7773 7780 7781 7774
f 7774 7781 7782 7775
f 7775 7782 7783 7776
f 7776 7783 7784 7777
f 7777 7784 7785 7778
f 7778 7785 15588 15587
f 7742 7743 7786 7779
f 7779 7786 7787 7780
f 7780 7787 7788 7781
f 7781 7788 7789 7782
f 7782 7789 7790 7783
f 7783 7790 7791 7784
f 7784 7791 7792 7785
f 7785 7792 15589 15588
f 7743 15672 15671 7786
f 7786 15671 15670 7787
f 7787 15670 15669 7788
f 7788 15669 15668 7789
f 7789 15668 15667 7790
f 7790 15667 15666 7791
f 7791 15666 15665 7792
f 7792 15665 16923 15589
f 7715 7716 7793 7723
f 7723 7793 7794 7724
f 7724 7794 7795 7725
f 7725 7795 7796 7726
f 7726 7796 7797 7727
f 7727 7797 7798 7728
f 7728 7798 7799 7729
f 7729 7799 16001 16002
f 7716 7717 7800 7793
f 7793 7800 7801 7794
f 7794 7801 7802 7795
f 7795 7802 7803 7796
f 7796 7803 7804 7797
f 7797 7804 7805 7798
f 7798 7805 7806 7799
f 7799 7806 16000 16001
f 7717 7718 7807 7800
f 7800 7807 7808 7801
f 7801 7808 7809 7802
f 7802 7809 7810 7803
f 7803 7810 7811 7804
f 7804 7811 7812 7805
f 7805 7812 7813 7806
f 7806 7813 15999 16000
f 7718 7719 7814 7807
f 7807 7814 7815 7808
f 7808 7815 7816 7809
f 7809 7816 7817 7810
f 7810 7817 7818 7811
f 7811 7818 7819 7812
f 7812 7819 7820 7813
f 7813 7820 15998 15999
f 7719 7720 7821 7814
f 7814 7821 7822 7815
f 7815 7822 7823 7816
f 7816 7823 7824 7817
f 7817 7824 7825 7818
f 7818 7825 7826 7819
f 7819 7826 7827 7820
f 7820 7827 15997 15998
f 7720 7721 7828 7821
f 7821 7828 7829 7822
f 7822 7829 7830 7823
f 7823 7830 7831 7824
f 7824 7831 7832 7825
f 7825 7832 7833 7826
f 7826 7833 7834 7827
f 7827 7834 15996 15997
f 7721 7722 7835 7828
f 7828 7835 7836 7829
f 7829 7836 7837 7830
f 7830 7837 7838 7831
f 7831 7838 7839 7832
f 7832 7839 7840 7833
f 7833 7840 7841 7834
f 7834 7841 15995 15996
f 7722 15582 15581 7835
f 7835 15581 15580 7836
f 7836 15580 15579 7837
f 7837 15579 15578 7838
f 7838 15578 15577 7839
f 7839 15577 15576 7840
f 7840 15576 15575 7841
f 7841 15575 16934 15995
f 7715 7723 7842 7730
f 7730 7842 7843 7731
f 7731 7843 7844 7732
f 7732 7844 7845 7733
f 7733 7845 7846 7734
f 7734 7846 7847 7735
f 7735 7847 7848 7736
f 7736 7848 15536 15537
f 7723 7724 7849 7842
f 7842 7849 7850 7843
f 7843 7850 7851 7844
f 7844 7851 7852 7845
f 7845 7852 7853 7846
f 7846 7853 7854 7847
f 7847 7854 7855 7848
f 7848 7855 15535 15536
f 7724 7725 7856 7849
f 7849 7856 7857 7850
f 7850 7857 7858 7851
f 7851 7858 7859 7852
f 7852 7859 7860 7853
f 7853 7860 7861 7854
f 7854 7861 7862 7855
f 7855 7862 15534 15535
f 7725 7726 7863 7856
f 7856 7863 7864 7857
f 7857 7864 7865 7858
f 7858 7865 7866 7859
f 7859 7866 7867 7860
f 7860 7867 7868 7861
f 7861 7868 7869 7862
f 7862 7869 15533 15534
f 7726 7727 7870 7863
f 7863 7870 7871 7864
f 7864 7871 7872 7865
f 7865 7872 7873 7866
f 7866 7873 7874 7867
f 7867 7874 7875 7868
f 7868 7875 7876 7869
f 7869 7876 15532 15533
f 7727 7728 7877 7870
f 7870 7877 7878 7871
f 7871 7878 7879 7872
f 7872 7879 7880 7873
f 7873 7880 7881 7874
f 7874 7881 7882 7875
f 7875 7882 7883 7876
f 7876 7883 15531 15532
f 7728 7729 7884 7877
f 7877 7884 7885 7878
f 7878 7885 7886 7879
f 7879 7886 7887 7880
f 7880 7887 7888 7881
f 7881 7888 7889 7882
f 7882 7889 7890 7883
f 7883 7890 15530 15531
f 7729 16002 16003 7884
f 7884 16003 16004 7885
f 7885 16004 16005 7886
f 7886 16005 16006 7887
f 7887 16006 16007 7888
f 7888 16007 16008 7889
f 7889 16008 16009 7890
f 7890 16009 16932 15530
f 7715 7730 7891 7737
f 7737 7891 7892 7738
f 7738 7892 7893 7739
f 7739 7893 7894 7740
f 7740 7894 7895 7741
f 7741 7895 7896 7742
f 7742 7896 7897 7743
f 7743 7897 15673 15672
f 7730 7731 7898 7891
f 7891 7898 7899 7892
f 7892 7899 7900 7893
f 7893 7900 7901 7894
f 7894 7901 7902 7895
f 7895 7902 7903 7896
f 7896 7903 7904 7897
f 7897 7904 15674 15673
f 7731 7732 7905 7898
f 7898 7905 7906 7899
f 7899 7906 7907 7900
f 7900 7907 7908 7901
f 7901 7908 7909 7902
f 7902 7909 7910 7903
f 7903 7910 7911 7904
f 7904 7911 15675 15674
f 7732 7733 7912 7905
f 7905 7912 7913 7906
f 7906 7913 7914 7907
f 7907 7914 7915 7908
f 7908 7915 7916 7909
f 7909 7916 7917 7910
f 7910 7917 7918 7911
f 7911 7918 15676 15675
f 7733 7734 7919 7912
f 7912 7919 7920 7913
f 7913 7920 7921 7914
f 7914 7921 7922 7915
f 7915 7922 7923 7916
f 7916 7923 7924 7917
f 7917 7924 7925 7918
f 7918 7925 15677 15676
f 7734 7735 7926 7919
f 7919 7926 7927 7920
f 7920 7927 7928 7921
f 7921 7928 7929 7922
f 7922 7929 7930 7923
f 7923 7930 7931 7924
f 7924 7931 7932 7925
f 7925 7932 15678 15677
f 7735 7736 7933 7926
f 7926 7933 7934 7927
f 7927 7934 7935 7928
f 7928 7935 7936 7929
f 7929 7936 7937 7930
f 7930 7937 7938 7931
f 7931 7938 7939 7932
f 7932 7939 15679 15678
f 7736 15537 15538 7933
f 7933 15538 15539 7934
f 7934 15539 15540 7935
f 7935 15540 15541 7936
f 7936 15541 15542 7937
f 7937 15542 15543 7938
f 7938 15543 15544 7939
f 7939 15544 16920 15679
f 7940 7962 7969 7941
f 7941 7969 7970 7942
f 7942 7970 7971 7943
f 7943 7971 7972 7944
f 7944 7972 7973 7945
f 7945 7973 7974 7946
f 7946 7974 7975 7947
f 7947 7975 16288 16287
f 7962 7963 7976 7969
f 7969 7976 7977 7970
f 7970 7977 7978 7971
f 7971 7978 7979 7972
f 7972 7979 7980 7973
f 7973 7980 7981 7974
f 7974 7981 7982 7975
f 7975 7982 16289 16288
f 7963 7964 7983 7976
f 7976 7983 7984 7977
f 7977 7984 7985 7978
f 7978 7985 7986 7979
f 7979 7986 7987 7980
f 7980 7987 7988 7981
f 7981 7988 7989 7982
f 7982 7989 16290 16289
f 7964 7965 7990 7983
f 7983 7990 7991 7984
f 7984 7991 7992 7985
f 7985 7992 7993 7986
f 7986 7993 7994 7987
f 7987 7994 7995 7988
f 7988 7995 7996 7989
f 7989 7996 16291 16290
f 7965 7966 7997 7990
f 7990 7997 7998 7991
f 7991 7998 7999 7992
f 7992 7999 8000 7993
f 7993 8000 8001 7994
f 7994 8001 8002 7995
f 7995 8002 8003 7996
f 7996 8003 16292 16291
f 7966 7967 8004 7997
f 7997 8004 8005 7998
f 7998 8005 8006 7999
f 7999 8006 8007 8000
f 8000 8007 8008 8001
f 8001 8008 8009 8002
f 8002 8009 8010 8003
f 8003 8010 16293 16292
f 7967 7968 8011 8004
f 8004 8011 8012 8005
f 8005 8012 8013 8006
f 8006 8013 8014 8007
f 8007 8014 8015 8008
f 8008 8015 8016 8009
f 8009 8016 8017 8010
f 8010 8017 16294 16293
f 7968 15717 15716 8011
f 8011 15716 15715 8012
f 8012 15715 15714 8013
f 8013 15714 15713 8014
f 8014 15713 15712 8015
f 8015 15712 15711 8016
f 8016 15711 15710 8017
f 8017 15710 16945 16294
f 7940 7941 8018 7948
f 7948 8018 8019 7949
f 7949 8019 8020 7950
f 7950 8020 8021 7951
f 7951 8021 8022 7952
f 7952 8022 8023 7953
f 7953 8023 8024 7954
f 7954 8024 16016 16017
f 7941 7942 8025 8018
f 8018 8025 8026 8019
f 8019 8026 8027 8020
f 8020 8027 8028 8021
f 8021 8028 8029 8022
f 8022 8029 8030 8023
f 8023 8030 8031 8024
f 8024 8031 16015 16016
f 7942 7943 8032 8025
f 8025 8032 8033 8026
f 8026 8033 8034 8027
f 8027 8034 8035 8028
f 8028 8035 8036 8029
f 8029 8036 8037 8030
f 8030 8037 8038 8031
f 8031 8038 16014 16015
f 7943 7944 8039 8032
f 8032 8039 8040 8033
f 8033 8040 8041 8034
f 8034 8041 8042 8035
f 8035 8042 8043 8036
f 8036 8043 8044 8037
f 8037 8044 8045 8038
f 8038 8045 16013 16014
f 7944 7945 8046 8039
f 8039 8046 8047 8040
f 8040 8047 8048 8041
f 8041 8048 8049 8042
f 8042 8049 8050 8043
f 8043 8050 8051 8044
f 8044 8051 8052 8045
f 8045 8052 16012 16013
f 7945 7946 8053 8046
f 8046 8053 8054 8047
f 8047 8054 8055 8048
f 8048 8055 8056 8049
f 8049 8056 8057 8050
f 8050 8057 8058 8051
f 8051 8058 8059 8052
f 8052 8059 16011 16012
f 7946 7947 8060 8053
f 8053 8060 8061 8054
f 8054 8061 8062 8055
f 8055 8062 8063 8056
f 8056 8063 8064 8057
f 8057 8064 8065 8058
f 8058 8065 8066 8059
f 8059 8066 16010 16011
f 7947 16287 16286 8060
f 8060 16286 16285 8061
f 8061 16285 16284 8062
f 8062 16284 16283 8063
f 8063 16283 16282 8064
f 8064 16282 16281 8065
f 8065 16281 16280 8066
f 8066 16280 16947 16010
f 7940 7948 8067 7955
f 7955 8067 8068 7956
f 7956 8068 8069 7957
f 7957 8069 8070 7958
f 7958 8070 8071 7959
f 7959 8071 8072 7960
f 7960 8072 8073 7961
f 7961 8073 15808 15807
f 7948 7949 8074 8067
f 8067 8074 8075 8068
f 8068 8075 8076 8069
f 8069 8076 8077 8070
f 8070 8077 8078 8071
f 8071 8078 8079 8072
f 8072 8079 8080 8073
f 8073 8080 15809 15808
f 7949 7950 8081 8074
f 8074 8081 8082 8075
f 8075 8082 8083 8076
f 8076 8083 8084 8077
f 8077 8084 8085 8078
f 8078 8085 8086 8079
f 8079 8086 8087 8080
f 8080 8087 15810 15809
f 7950 7951 8088 8081
f 8081 8088 8089 8082
f 8082 8089 8090 8083
f 8083 8090 8091 8084
f 8084 8091 8092 8085
f 8085 8092 8093 8086
f 8086 8093 8094 8087
f 8087 8094 15811 15810
f 7951 7952 8095 8088
f 8088 8095 8096 8089
f 8089 8096 8097 8090
f 8090 8097 8098 8091
f 8091 8098 8099 8092
f 8092 8099 8100 8093
f 8093 8100 8101 8094
f 8094 8101 15812 15811
f 7952 7953 8102 8095
f 8095 8102 8103 8096
f 8096 8103 8104 8097
f 8097 8104 8105 8098
f 8098 8105 8106 8099
f 8099 8106 8107 8100
f 8100 8107 8108 8101
f 8101 8108 15813 15812
f 7953 7954 8109 8102
f 8102 8109 8110 8103
f 8103 8110 8111 8104
f 8104 8111 8112 8105
f 8105 8112 8113 8106
f 8106 8113 8114 8107
f 8107 8114 8115 8108
f 8108 8115 15814 15813
f 7954 16017 16018 8109
f 8109 16018 16019 8110
f 8110 16019 16020 8111
f 8111 16020 16021 8112
f 8112 16021 16022 8113
f 8113 16022 16023 8114
f 8114 16023 16024 8115
f 8115 16024 16928 15814
f 7940 7955 8116 7962
f 7962 8116 8117 7963
f 7963 8117 8118 7964
f 7964 8118 8119 7965
f 7965 8119 8120 7966
f 7966 8120 8121 7967
f 7967 8121 8122 7968
f 7968 8122 15718 15717
f 7955 7956 8123 8116
f 8116 8123 8124 8117
f 8117 8124 8125 8118
f 8118 8125 8126 8119
f 8119 8126 8127 8120
f 8120 8127 8128 8121
f 8121 8128 8129 8122
f 8122 8129 15719 15718
f 7956 7957 8130 8123
f 8123 8130 8131 8124
f 8124 8131 8132 8125
f 8125 8132 8133 8126
f 8126 8133 8134 8127
f 8127 8134 8135 8128
f 8128 8135 8136 8129
f 8129 8136 15720 15719
f 7957 7958 8137 8130
f 8130 8137 8138 8131
f 8131 8138 8139 8132
f 8132 8139 8140 8133
f 8133 8140 8141 8134
f 8134 8141 8142 8135
f 8135 8142 8143 8136
f 8136 8143 15721 15720
f 7958 7959 8144 8137
f 8137 8144 8145 8138
f 8138 8145 8146 8139
f 8139 8146 8147 8140
f 8140 8147 8148 8141
f 8141 8148 8149 8142
f 8142 8149 8150 8143
f 8143 8150 15722 15721
f 7959 7960 8151 8144
f 8144 8151 8152 8145
f 8145 8152 8153 8146
f 8146 8153 8154 8147
f 8147 8154 8155 8148
f 8148 8155 8156 8149
f 8149 8156 8157 8150
f 8150 8157 15723 15722
f 7960 7961 8158 8151
f 8151 8158 8159 8152
f 8152 8159 8160 8153
f 8153 8160 8161 8154
f 8154 8161 8162 8155
f 8155 8162 8163 8156
f 8156 8163 8164 8157
f 8157 8164 15724 15723
f 7961 15807 15806 8158
f 8158 15806 15805 8159
f 8159 15805 15804 8160
f 8160 15804 15803 8161
f 8161 15803 15802 8162
f 8162 15802 15801 8163
f 8163 15801 15800 8164
f 8164 15800 16918 15724
f 8165 8187 8194 8166
f 8166 8194 8195 8167
f 8167 8195 8196 8168
f 8168 8196 8197 8169
f 8169 8197 8198 8170
f 8170 8198 8199 8171
f 8171 8199 8200 8172
f 8172 8200 15568 15567
f 8187 8188 8201 8194
f 8194 8201 8202 8195
f 8195 8202 8203 8196
f 8196 8203 8204 8197
f 8197 8204 8205 8198
f 8198 8205 8206 8199
f 8199 8206 8207 8200
f 8200 8207 15569 15568
f 8188 8189 8208 8201
f 8201 8208 8209 8202
f 8202 8209 8210 8203
f 8203 8210 8211 8204
f 8204 8211 8212 8205
f 8205 8212 8213 8206
f 8206 8213 8214 8207
f 8207 8214 15570 15569
f 8189 8190 8215 8208
f 8208 8215 8216 8209
f 8209 8216 8217 8210
f 8210 8217 8218 8211
f 8211 8218 8219 8212
f 8212 8219 8220 8213
f 8213 8220 8221 8214
f 8214 8221 15571 15570
f 8190 8191 8222 8215
f 8215 8222 8223 8216
f 8216 8223 8224 8217
f 8217 8224 8225 8218
f 8218 8225 8226 8219
f 8219 8226 8227 8220
f 8220 8227 8228 8221
f 8221 8228 15572 15571
f 8191 8192 8229 8222
f 8222 8229 8230 8223
f 8223 8230 8231 8224
f 8224 8231 8232 8225
f 8225 8232 8233 8226
f 8226 8233 8234 8227
f 8227 8234 8235 8228
f 8228 8235 15573 15572
f 8192 8193 8236 8229
f 8229 8236 8237 8230
f 8230 8237 8238 8231
f 8231 8238 8239 8232
f 8232 8239 8240 8233
f 8233 8240 8241 8234
f 8234 8241 8242 8235
f 8235 8242 15574 15573
f 8193 15732 15731 8236
f 8236 15731 15730 8237
f 8237 15730 15729 8238
f 8238 15729 15728 8239
f 8239 15728 15727 8240
f 8240 15727 15726 8241
f 8241 15726 15725 8242
f 8242 15725 16922 15574
f 8165 8166 8243 8173
f 8173 8243 8244 8174
f 8174 8244 8245 8175
f 8175 8245 8246 8176
f 8176 8246 8247 8177
f 8177 8247 8248 8178
f 8178 8248 8249 8179
f 8179 8249 16031 16032
f 8166 8167 8250 8243
f 8243 8250 8251 8244
f 8244 8251 8252 8245
f 8245 8252 8253 8246
f 8246 8253 8254 8247
f 8247 8254 8255 8248
f 8248 8255 8256 8249
f 8249 8256 16030 16031
f 8167 8168 8257 8250
f 8250 8257 8258 8251
f 8251 8258 8259 8252
f 8252 8259 8260 8253
f 8253 8260 8261 8254
f 8254 8261 8262 8255
f 8255 8262 8263 8256
f 8256 8263 16029 16030
f 8168 8169 8264 8257
f 8257 8264 8265 8258
f 8258 8265 8266 8259
f 8259 8266 8267 8260
f 8260 8267 8268 8261
f 8261 8268 8269 8262
f 8262 8269 8270 8263
f 8263 8270 16028 16029
f 8169 8170 8271 8264
f 8264 8271 8272 8265
f 8265 8272 8273 8266
f 8266 8273 8274 8267
f 8267 8274 8275 8268
f 8268 8275 8276 8269
f 8269 8276 8277 8270
f 8270 8277 16027 16028
f 8170 8171 8278 8271
f 8271 8278 8279 8272
f 8272 8279 8280 8273
f 8273 8280 8281 8274
f 8274 8281 8282 8275
f 8275 8282 8283 8276
f 8276 8283 8284 8277
f 8277 8284 16026 16027
f 8171 8172 8285 8278
f 8278 8285 8286 8279
f 8279 8286 8287 8280
f 8280 8287 8288 8281
f 8281 8288 8289 8282
f 8282 8289 8290 8283
f 8283 8290 8291 8284
f 8284 8291 16025 16026
f 8172 15567 15566 8285
f 8285 15566 15565 8286
f 8286 15565 15564 8287
f 8287 15564 15563 8288
f 8288 15563 15562 8289
f 8289 15562 15561 8290
f 8290 15561 15560 8291
f 8291 15560 16933 16025
f 8165 8173 8292 8180
f 8180 8292 8293 8181
f 8181 8293 8294 8182
f 8182 8294 8295 8183
f 8183 8295 8296 8184
f 8184 8296 8297 8185
f 8185 8297 8298 8186
f 8186 8298 15793 15792
f 8173 8174 8299 8292
f 8292 8299 8300 8293
f 8293 8300 8301 8294
f 8294 8301 8302 8295
f 8295 8302 8303 8296
f 8296 8303 8304 8297
f 8297 8304 8305 8298
f 8298 8305 15794 15793
f 8174 8175 8306 8299
f 8299 8306 8307 8300
f 8300 8307 8308 8301
f 8301 8308 8309 8302
f 8302 8309 8310 8303
f 8303 8310 8311 8304
f 8304 8311 8312 8305
f 8305 8312 15795 15794
f 8175 8176 8313 8306
f 8306 8313 8314 8307
f 8307 8314 8315 8308
f 8308 8315 8316 8309
f 8309 8316 8317 8310
f 8310 8317 8318 8311
f 8311 8318 8319 8312
f 8312 8319 15796 15795
f 8176 8177 8320 8313
f 8313 8320 8321 8314
f 8314 8321 8322 8315
f 8315 8322 8323 8316
f 8316 8323 8324 8317
f 8317 8324 8325 8318
f 8318 8325 8326 8319
f 8319 8326 15797 15796
f 8177 8178 8327 8320
f 8320 8327 8328 8321
f 8321 8328 8329 8322
f 8322 8329 8330 8323
f 8323 8330 8331 8324
f 8324 8331 8332 8325
f 8325 8332 8333 8326
f 8326 8333 15798 15797
f 8178 8179 8334 8327
f 8327 8334 8335 8328
f 8328 8335 8336 8329
f 8329 8336 8337 8330
f 8330 8337 8338 8331
f 8331 8338 8339 8332
f 8332 8339 8340 8333
f 8333 8340 15799 15798
f 8179 16032 16033 8334
f 8334 16033 16034 8335
f 8335 16034 16035 8336
f 8336 16035 16036 8337
f 8337 16036 16037 8338
f 8338 16037 16038 8339
f 8339 16038 16039 8340
f 8340 16039 16927 15799
f 8165 8180 8341 8187
f 8187 8341 8342 8188
f 8188 8342 8343 8189
f 8189 8343 8344 8190
f 8190 8344 8345 8191
f 8191 8345 8346 8192
f 8192 8346 8347 8193
f 8193 8347 15733 15732
f 8180 8181 8348 8341
f 8341 8348 8349 8342
f 8342 8349 8350 8343
f 8343 8350 8351 8344
f 8344 8351 8352 8345
f 8345 8352 8353 8346
f 8346 8353 8354 8347
f 8347 8354 15734 15733
f 8181 8182 8355 8348
f 8348 8355 8356 8349
f 8349 8356 8357 8350
f 8350 8357 8358 8351
f 8351 8358 8359 8352
f 8352 8359 8360 8353
f 8353 8360 8361 8354
f 8354 8361 15735 15734
f 8182 8183 8362 8355
f 8355 8362 8363 8356
f 8356 8363 8364 8357
f 8357 8364 8365 8358
f 8358 8365 8366 8359
f 8359 8366 8367 8360
f 8360 8367 8368 8361
f 8361 8368 15736 15735
f 8183 8184 8369 8362
f 8362 8369 8370 8363
f 8363 8370 8371 8364
f 8364 8371 8372 8365
f 8365 8372 8373 8366
f 8366 8373 8374 8367
f 8367 8374 8375 8368
f 8368 8375 15737 15736
f 8184 8185 8376 8369
f 8369 8376 8377 8370
f 8370 8377 8378 8371
f 8371 8378 8379 8372
f 8372 8379 8380 8373
f 8373 8380 8381 8374
f 8374 8381 8382 8375
f 8375 8382 15738 15737
f 8185 8186 8383 8376
f 8376 8383 8384 8377
f 8377 8384 8385 8378
f 8378 8385 8386 8379
f 8379 8386 8387 8380
f 8380 8387 8388 8381
f 8381 8388 8389 8382
f 8382 8389 15739 15738
f 8186 15792 15791 8383
f 8383 15791 15790 8384
f 8384 15790 15789 8385
f 8385 15789 15788 8386
f 8386 15788 15787 8387
f 8387 15787 15786 8388
f 8388 15786 15785 8389
f 8389 15785 16917 15739
f 8390 8412 8419 8391
f 8391 8419 8420 8392
f 8392 8420 8421 8393
f 8393 8421 8422 8394
f 8394 8422 8423 8395
f 8395 8423 8424 8396
f 8396 8424 8425 8397
f 8397 8425 16738 16737
f 8412 8413 8426 8419
f 8419 8426 8427 8420
f 8420 8427 8428 8421
f 8421 8428 8429 8422
f 8422 8429 8430 8423
f 8423 8430 8431 8424
f 8424 8431 8432 8425
f 8425 8432 16739 16738
f 8413 8414 8433 8426
f 8426 8433 8434 8427
f 8427 8434 8435 8428
f 8428 8435 8436 8429
f 8429 8436 8437 8430
f 8430 8437 8438 8431
f 8431 8438 8439 8432
f 8432 8439 16740 16739
f 8414 8415 8440 8433
f 8433 8440 8441 8434
f 8434 8441 8442 8435
f 8435 8442 8443 8436
f 8436 8443 8444 8437
f 8437 8444 8445 8438
f 8438 8445 8446 8439
f 8439 8446 16741 16740
f 8415 8416 8447 8440
f 8440 8447 8448 8441
f 8441 8448 8449 8442
f 8442 8449 8450 8443
f 8443 8450 8451 8444
f 8444 8451 8452 8445
f 8445 8452 8453 8446
f 8446 8453 16742 16741
f 8416 8417 8454 8447
f 8447 8454 8455 8448
f 8448 8455 8456 8449
f 8449 8456 8457 8450
f 8450 8457 8458 8451
f 8451 8458 8459 8452
f 8452 8459 8460 8453
f 8453 8460 16743 16742
f 8417 8418 8461 8454
f 8454 8461 8462 8455
f 8455 8462 8463 8456
f 8456 8463 8464 8457
f 8457 8464 8465 8458
f 8458 8465 8466 8459
f 8459 8466 8467 8460
f 8460 8467 16744 16743
f 8418 15747 15746 8461
f 8461 15746 15745 8462
f 8462 15745 15744 8463
f 8463 15744 15743 8464
f 8464 15743 15742 8465
f 8465 15742 15741 8466
f 8466 15741 15740 8467
f 8467 15740 16954 16744
f 8390 8391 8468 8398
f 8398 8468 8469 8399
f 8399 8469 8470 8400
f 8400 8470 8471 8401
f 8401 8471 8472 8402
f 8402 8472 8473 8403
f 8403 8473 8474 8404
f 8404 8474 16046 16047
f 8391 8392 8475 8468
f 8468 8475 8476 8469
f 8469 8476 8477 8470
f 8470 8477 8478 8471
f 8471 8478 8479 8472
f 8472 8479 8480 8473
f 8473 8480 8481 8474
f 8474 8481 16045 16046
f 8392 8393 8482 8475
f 8475 8482 8483 8476
f 8476 8483 8484 8477
f 8477 8484 8485 8478
f 8478 8485 8486 8479
f 8479 8486 8487 8480
f 8480 8487 8488 8481
f 8481 8488 16044 16045
f 8393 8394 8489 8482
f 8482 8489 8490 8483
f 8483 8490 8491 8484
f 8484 8491 8492 8485
f 8485 8492 8493 8486
f 8486 8493 8494 8487
f 8487 8494 8495 8488
f 8488 8495 16043 16044
f 8394 8395 8496 8489
f 8489 8496 8497 8490
f 8490 8497 8498 8491
f 8491 8498 8499 8492
f 8492 8499 8500 8493
f 8493 8500 8501 8494
f 8494 8501 8502 8495
f 8495 8502 16042 16043
f 8395 8396 8503 8496
f 8496 8503 8504 8497
f 8497 8504 8505 8498
f 8498 8505 8506 8499
f 8499 8506 8507 8500
f 8500 8507 8508 8501
f 8501 8508 8509 8502
f 8502 8509 16041 16042
f 8396 8397 8510 8503
f 8503 8510 8511 8504
f 8504 8511 8512 8505
f 8505 8512 8513 8506
f 8506 8513 8514 8507
f 8507 8514 8515 8508
f 8508 8515 8516 8509
f 8509 8516 16040 16041
f 8397 16737 16736 8510
f 8510 16736 16735 8511
f 8511 16735 16734 8512
f 8512 16734 16733 8513
f 8513 16733 16732 8514
f 8514 16732 16731 8515
f 8515 16731 16730 8516
f 8516 16730 16955 16040
f 8390 8398 8517 8405
f 8405 8517 8518 8406
f 8406 8518 8519 8407
f 8407 8519 8520 8408
f 8408 8520 8521 8409
f 8409 8521 8522 8410
f 8410 8522 8523 8411
f 8411 8523 15778 15777
f 8398 8399 8524 8517
f 8517 8524 8525 8518
f 8518 8525 8526 8519
f 8519 8526 8527 8520
f 8520 8527 8528 8521
f 8521 8528 8529 8522
f 8522 8529 8530 8523
f 8523 8530 15779 15778
f 8399 8400 8531 8524
f 8524 8531 8532 8525
f 8525 8532 8533 8526
f 8526 8533 8534 8527
f 8527 8534 8535 8528
f 8528 8535 8536 8529
f 8529 8536 8537 8530
f 8530 8537 15780 15779
f 8400 8401 8538 8531
f 8531 8538 8539 8532
f 8532 8539 8540 8533
f 8533 8540 8541 8534
f 8534 8541 8542 8535
f 8535 8542 8543 8536
f 8536 8543 8544 8537
f 8537 8544 15781 15780
f 8401 8402 8545 8538
f 8538 8545 8546 8539
f 8539 8546 8547 8540
f 8540 8547 8548 8541
f 8541 8548 8549 8542
f 8542 8549 8550 8543
f 8543 8550 8551 8544
f 8544 8551 15782 15781
f 8402 8403 8552 8545
f 8545 8552 8553 8546
f 8546 8553 8554 8547
f 8547 8554 8555 8548
f 8548 8555 8556 8549
f 8549 8556 8557 8550
f 8550 8557 8558 8551
f 8551 8558 15783 15782
f 8403 8404 8559 8552
f 8552 8559 8560 8553
f 8553 8560 8561 8554
f 8554 8561 8562 8555
f 8555 8562 8563 8556
f 8556 8563 8564 8557
f 8557 8564 8565 8558
f 8558 8565 15784 15783
f 8404 16047 16048 8559
f 8559 16048 16049 8560
f 8560 16049 16050 8561
f 8561 16050 16051 8562
f 8562 16051 16052 8563
f 8563 16052 16053 8564
f 8564 16053 16054 8565
f 8565 16054 16926 15784
f 8390 8405 8566 8412
f 8412 8566 8567 8413
f 8413 8567 8568 8414
f 8414 8568 8569 8415
f 8415 8569 8570 8416
f 8416 8570 8571 8417
f 8417 8571 8572 8418
f 8418 8572 15748 15747
f 8405 8406 8573 8566
f 8566 8573 8574 8567
f 8567 8574 8575 8568
f 8568 8575 8576 8569
f 8569 8576 8577 8570
f 8570 8577 8578 8571
f 8571 8578 8579 8572
f 8572 8579 15749 15748
f 8406 8407 8580 8573
f 8573 8580 8581 8574
f 8574 8581 8582 8575
f 8575 8582 8583 8576
f 8576 8583 8584 8577
f 8577 8584 8585 8578
f 8578 8585 8586 8579
f 8579 8586 15750 15749
f 8407 8408 8587 8580
f 8580 8587 8588 8581
f 8581 8588 8589 8582
f 8582 8589 8590 8583
f 8583 8590 8591 8584
f 8584 8591 8592 8585
f 8585 8592 8593 8586
f 8586 8593 15751 15750
f 8408 8409 8594 8587
f 8587 8594 8595 8588
f 8588 8595 8596 8589
f 8589 8596 8597 8590
f 8590 8597 8598 8591
f 8591 8598 8599 8592
f 8592 8599 8600 8593
f 8593 8600 15752 15751
f 8409 8410 8601 8594
f 8594 8601 8602 8595
f 8595 8602 8603 8596
f 8596 8603 8604 8597
f 8597 8604 8605 8598
f 8598 8605 8606 8599
f 8599 8606 8607 8600
f 8600 8607 15753 15752
f 8410 8411 8608 8601
f 8601 8608 8609 8602
f 8602 8609 8610 8603
f 8603 8610 8611 8604
f 8604 8611 8612 8605
f 8605 8612 8613 8606
f 8606 8613 8614 8607
f 8607 8614 15754 15753
f 8411 15777 15776 8608
f 8608 15776 15775 8609
f 8609 15775 15774 8610
f 8610 15774 15773 8611
f 8611 15773 15772 8612
f 8612 15772 15771 8613
f 8613 15771 15770 8614
f 8614 15770 16916 15754
f 8615 8637 8644 8616
f 8616 8644 8645 8617
f 8617 8645 8646 8618
f 8618 8646 8647 8619
f 8619 8647 8648 8620
f 8620 8648 8649 8621
f 8621 8649 8650 8622
f 8622 8650 15761 15762
f 8637 8638 8651 8644
f 8644 8651 8652 8645
f 8645 8652 8653 8646
f 8646 8653 8654 8647
f 8647 8654 8655 8648
f 8648 8655 8656 8649
f 8649 8656 8657 8650
f 8650 8657 15760 15761
f 8638 8639 8658 8651
f 8651 8658 8659 8652
f 8652 8659 8660 8653
f 8653 8660 8661 8654
f 8654 8661 8662 8655
f 8655 8662 8663 8656
f 8656 8663 8664 8657
f 8657 8664 15759 15760
f 8639 8640 8665 8658
f 8658 8665 8666 8659
f 8659 8666 8667 8660
f 8660 8667 8668 8661
f 8661 8668 8669 8662
f 8662 8669 8670 8663
f 8663 8670 8671 8664
f 8664 8671 15758 15759
f 8640 8641 8672 8665
f 8665 8672 8673 8666
f 8666 8673 8674 8667
f 8667 8674 8675 8668
f 8668 8675 8676 8669
f 8669 8676 8677 8670
f 8670 8677 8678 8671
f 8671 8678 15757 15758
f 8641 8642 8679 8672
f 8672 8679 8680 8673
f 8673 8680 8681 8674
f 8674 8681 8682 8675
f 8675 8682 8683 8676
f 8676 8683 8684 8677
f 8677 8684 8685 8678
f 8678 8685 15756 15757
f 8642 8643 8686 8679
f 8679 8686 8687 8680
f 8680 8687 8688 8681
f 8681 8688 8689 8682
f 8682 8689 8690 8683
f 8683 8690 8691 8684
f 8684 8691 8692 8685
f 8685 8692 15755 15756
f 8643 16227 16226 8686
f 8686 16226 16225 8687
f 8687 16225 16224 8688
f 8688 16224 16223 8689
f 8689 16223 16222 8690
f 8690 16222 16221 8691
f 8691 16221 16220 8692
f 8692 16220 16915 15755
f 8615 8616 8693 8623
f 8623 8693 8694 8624
f 8624 8694 8695 8625
f 8625 8695 8696 8626
f 8626 8696 8697 8627
f 8627 8697 8698 8628
f 8628 8698 8699 8629
f 8629 8699 16256 16257
f 8616 8617 8700 8693
f 8693 8700 8701 8694
f 8694 8701 8702 8695
f 8695 8702 8703 8696
f 8696 8703 8704 8697
f 8697 8704 8705 8698
f 8698 8705 8706 8699
f 8699 8706 16255 16256
f 8617 8618 8707 8700
f 8700 8707 8708 8701
f 8701 8708 8709 8702
f 8702 8709 8710 8703
f 8703 8710 8711 8704
f 8704 8711 8712 8705
f 8705 8712 8713 8706
f 8706 8713 16254 16255
f 8618 8619 8714 8707
f 8707 8714 8715 8708
f 8708 8715 8716 8709
f 8709 8716 8717 8710
f 8710 8717 8718 8711
f 8711 8718 8719 8712
f 8712 8719 8720 8713
f 8713 8720 16253 16254
f 8619 8620 8721 8714
f 8714 8721 8722 8715
f 8715 8722 8723 8716
f 8716 8723 8724 8717
f 8717 8724 8725 8718
f 8718 8725 8726 8719
f 8719 8726 8727 8720
f 8720 8727 16252 16253
f 8620 8621 8728 8721
f 8721 8728 8729 8722
f 8722 8729 8730 8723
f 8723 8730 8731 8724
f 8724 8731 8732 8725
f 8725 8732 8733 8726
f 8726 8733 8734 8727
f 8727 8734 16251 16252
f 8621 8622 8735 8728
f 8728 8735 8736 8729
f 8729 8736 8737 8730
f 8730 8737 8738 8731
f 8731 8738 8739 8732
f 8732 8739 8740 8733
f 8733 8740 8741 8734
f 8734 8741 16250 16251
f 8622 15762 15763 8735
f 8735 15763 15764 8736
f 8736 15764 15765 8737
f 8737 15765 15766 8738
f 8738 15766 15767 8739
f 8739 15767 15768 8740
f 8740 15768 15769 8741
f 8741 15769 16925 16250
f 8615 8623 8742 8630
f 8630 8742 8743 8631
f 8631 8743 8744 8632
f 8632 8744 8745 8633
f 8633 8745 8746 8634
f 8634 8746 8747 8635
f 8635 8747 8748 8636
f 8636 8748 16271 16272
f 8623 8624 8749 8742
f 8742 8749 8750 8743
f 8743 8750 8751 8744
f 8744 8751 8752 8745
f 8745 8752 8753 8746
f 8746 8753 8754 8747
f 8747 8754 8755 8748
f 8748 8755 16270 16271
f 8624 8625 8756 8749
f 8749 8756 8757 8750
f 8750 8757 8758 8751
f 8751 8758 8759 8752
f 8752 8759 8760 8753
f 8753 8760 8761 8754
f 8754 8761 8762 8755
f 8755 8762 16269 16270
f 8625 8626 8763 8756
f 8756 8763 8764 8757
f 8757 8764 8765 8758
f 8758 8765 8766 8759
f 8759 8766 8767 8760
f 8760 8767 8768 8761
f 8761 8768 8769 8762
f 8762 8769 16268 16269
f 8626 8627 8770 8763
f 8763 8770 8771 8764
f 8764 8771 8772 8765
f 8765 8772 8773 8766
f 8766 8773 8774 8767
f 8767 8774 8775 8768
f 8768 8775 8776 8769
f 8769 8776 16267 16268
f 8627 8628 8777 8770
f 8770 8777 8778 8771
f 8771 8778 8779 8772
f 8772 8779 8780 8773
f 8773 8780 8781 8774
f 8774 8781 8782 8775
f 8775 8782 8783 8776
f 8776 8783 16266 16267
f 8628 8629 8784 8777
f 8777 8784 8785 8778
f 8778 8785 8786 8779
f 8779 8786 8787 8780
f 8780 8787 8788 8781
f 8781 8788 8789 8782
f 8782 8789 8790 8783
f 8783 8790 16265 16266
f 8629 16257 16258 8784
f 8784 16258 16259 8785
f 8785 16259 16260 8786
f 8786 16260 16261 8787
f 8787 16261 16262 8788
f 8788 16262 16263 8789
f 8789 16263 16264 8790
f 8790 16264 16948 16265
f 8615 8630 8791 8637
f 8637 8791 8792 8638
f 8638 8792 8793 8639
f 8639 8793 8794 8640
f 8640 8794 8795 8641
f 8641 8795 8796 8642
f 8642 8796 8797 8643
f 8643 8797 16228 16227
f 8630 8631 8798 8791
f 8791 8798 8799 8792
f 8792 8799 8800 8793
f 8793 8800 8801 8794
f 8794 8801 8802 8795
f 8795 8802 8803 8796
f 8796 8803 8804 8797
f 8797 8804 16229 16228
f 8631 8632 8805 8798
f 8798 8805 8806 8799
f 8799 8806 8807 8800
f 8800 8807 8808 8801
f 8801 8808 8809 8802
f 8802 8809 8810 8803
f 8803 8810 8811 8804
f 8804 8811 16230 16229
f 8632 8633 8812 8805
f 8805 8812 8813 8806
f 8806 8813 8814 8807
f 8807 8814 8815 8808
f 8808 8815 8816 8809
f 8809 8816 8817 8810
f 8810 8817 8818 8811
f 8811 8818 16231 16230
f 8633 8634 8819 8812
f 8812 8819 8820 8813
f 8813 8820 8821 8814
f 8814 8821 8822 8815
f 8815 8822 8823 8816
f 8816 8823 8824 8817
f 8817 8824 8825 8818
f 8818 8825 16232 16231
f 8634 8635 8826 8819
f 8819 8826 8827 8820
f 8820 8827 8828 8821
f 8821 8828 8829 8822
f 8822 8829 8830 8823
f 8823 8830 8831 8824
f 8824 8831 8832 8825
f 8825 8832 16233 16232
f 8635 8636 8833 8826
f 8826 8833 8834 8827
f 8827 8834 8835 8828
f 8828 8835 8836 8829
f 8829 8836 8837 8830
f 8830 8837 8838 8831
f 8831 8838 8839 8832
f 8832 8839 16234 16233
f 8636 16272 16273 8833
f 8833 16273 16274 8834
f 8834 16274 16275 8835
f 8835 16275 16276 8836
f 8836 16276 16277 8837
f 8837 16277 16278 8838
f 8838 16278 16279 8839
f 8839 16279 16946 16234
f 8840 8862 8869 8841
f 8841 8869 8870 8842
f 8842 8870 8871 8843
f 8843 8871 8872 8844
f 8844 8872 8873 8845
f 8845 8873 8874 8846
f 8846 8874 8875 8847
f 8847 8875 16723 16722
f 8862 8863 8876 8869
f 8869 8876 8877 8870
f 8870 8877 8878 8871
f 8871 8878 8879 8872
f 8872 8879 8880 8873
f 8873 8880 8881 8874
f 8874 8881 8882 8875
f 8875 8882 16724 16723
f 8863 8864 8883 8876
f 8876 8883 8884 8877
f 8877 8884 8885 8878
f 8878 8885 8886 8879
f 8879 8886 8887 8880
f 8880 8887 8888 8881
f 8881 8888 8889 8882
f 8882 8889 16725 16724
f 8864 8865 8890 8883
f 8883 8890 8891 8884
f 8884 8891 8892 8885
f 8885 8892 8893 8886
f 8886 8893 8894 8887
f 8887 8894 8895 8888
f 8888 8895 8896 8889
f 8889 8896 16726 16725
f 8865 8866 8897 8890
f 8890 8897 8898 8891
f 8891 8898 8899 8892
f 8892 8899 8900 8893
f 8893 8900 8901 8894
f 8894 8901 8902 8895
f 8895 8902 8903 8896
f 8896 8903 16727 16726
f 8866 8867 8904 8897
f 8897 8904 8905 8898
f 8898 8905 8906 8899
f 8899 8906 8907 8900
f 8900 8907 8908 8901
f 8901 8908 8909 8902
f 8902 8909 8910 8903
f 8903 8910 16728 16727
f 8867 8868 8911 8904
f 8904 8911 8912 8905
f 8905 8912 8913 8906
f 8906 8913 8914 8907
f 8907 8914 8915 8908
f 8908 8915 8916 8909
f 8909 8916 8917 8910
f 8910 8917 16729 16728
f 8868 16212 16211 8911
f 8911 16211 16210 8912
f 8912 16210 16209 8913
f 8913 16209 16208 8914
f 8914 16208 16207 8915
f 8915 16207 16206 8916
f 8916 16206 16205 8917
f 8917 16205 16961 16729
f 8840 8841 8918 8848
f 8848 8918 8919 8849
f 8849 8919 8920 8850
f 8850 8920 8921 8851
f 8851 8921 8922 8852
f 8852 8922 8923 8853
f 8853 8923 8924 8854
f 8854 8924 16241 16242
f 8841 8842 8925 8918
f 8918 8925 8926 8919
f 8919 8926 8927 8920
f 8920 8927 8928 8921
f 8921 8928 8929 8922
f 8922 8929 8930 8923
f 8923 8930 8931 8924
f 8924 8931 16240 16241
f 8842 8843 8932 8925
f 8925 8932 8933 8926
f 8926 8933 8934 8927
f 8927 8934 8935 8928
f 8928 8935 8936 8929
f 8929 8936 8937 8930
f 8930 8937 8938 8931
f 8931 8938 16239 16240
f 8843 8844 8939 8932
f 8932 8939 8940 8933
f 8933 8940 8941 8934
f 8934 8941 8942 8935
f 8935 8942 8943 8936
f 8936 8943 8944 8937
f 8937 8944 8945 8938
f 8938 8945 16238 16239
f 8844 8845 8946 8939
f 8939 8946 8947 8940
f 8940 8947 8948 8941
f 8941 8948 8949 8942
f 8942 8949 8950 8943
f 8943 8950 8951 8944
f 8944 8951 8952 8945
f 8945 8952 16237 16238
f 8845 8846 8953 8946
f 8946 8953 8954 8947
f 8947 8954 8955 8948
f 8948 8955 8956 8949
f 8949 8956 8957 8950
f 8950 8957 8958 8951
f 8951 8958 8959 8952
f 8952 8959 16236 16237
f 8846 8847 8960 8953
f 8953 8960 8961 8954
f 8954 8961 8962 8955
f 8955 8962 8963 8956
f 8956 8963 8964 8957
f 8957 8964 8965 8958
f 8958 8965 8966 8959
f 8959 8966 16235 16236
f 8847 16722 16721 8960
f 8960 16721 16720 8961
f 8961 16720 16719 8962
f 8962 16719 16718 8963
f 8963 16718 16717 8964
f 8964 16717 16716 8965
f 8965 16716 16715 8966
f 8966 16715 16962 16235
f 8840 8848 8967 8855
f 8855 8967 8968 8856
f 8856 8968 8969 8857
f 8857 8969 8970 8858
f 8858 8970 8971 8859
f 8859 8971 8972 8860
f 8860 8972 8973 8861
f 8861 8973 16286 16287
f 8848 8849 8974 8967
f 8967 8974 8975 8968
f 8968 8975 8976 8969
f 8969 8976 8977 8970
f 8970 8977 8978 8971
f 8971 8978 8979 8972
f 8972 8979 8980 8973
f 8973 8980 16285 16286
f 8849 8850 8981 8974
f 8974 8981 8982 8975
f 8975 8982 8983 8976
f 8976 8983 8984 8977
f 8977 8984 8985 8978
f 8978 8985 8986 8979
f 8979 8986 8987 8980
f 8980 8987 16284 16285
f 8850 8851 8988 8981
f 8981 8988 8989 8982
f 8982 8989 8990 8983
f 8983 8990 8991 8984
f 8984 8991 8992 8985
f 8985 8992 8993 8986
f 8986 8993 8994 8987
f 8987 8994 16283 16284
f 8851 8852 8995 8988
f 8988 8995 8996 8989
f 8989 8996 8997 8990
f 8990 8997 8998 8991
f 8991 8998 8999 8992
f 8992 8999 9000 8993
f 8993 9000 9001 8994
f 8994 9001 16282 16283
f 8852 8853 9002 8995
f 8995 9002 9003 8996
f 8996 9003 9004 8997
f 8997 9004 9005 8998
f 8998 9005 9006 8999
f 8999 9006 9007 9000
f 9000 9007 9008 9001
f 9001 9008 16281 16282
f 8853 8854 9009 9002
f 9002 9009 9010 9003
f 9003 9010 9011 9004
f 9004 9011 9012 9005
f 9005 9012 9013 9006
f 9006 9013 9014 9007
f 9007 9014 9015 9008
f 9008 9015 16280 16281
f 8854 16242 16243 9009
f 9009 16243 16244 9010
f 9010 16244 16245 9011
f 9011 16245 16246 9012
f 9012 16246 16247 9013
f 9013 16247 16248 9014
f 9014 16248 16249 9015
f 9015 16249 16947 16280
f 8840 8855 9016 8862
f 8862 9016 9017 8863
f 8863 9017 9018 8864
f 8864 9018 9019 8865
f 8865 9019 9020 8866
f 8866 9020 9021 8867
f 8867 9021 9022 8868
f 8868 9022 16213 16212
f 8855 8856 9023 9016
f 9016 9023 9024 9017
f 9017 9024 9025 9018
f 9018 9025 9026 9019
f 9019 9026 9027 9020
f 9020 9027 9028 9021
f 9021 9028 9029 9022
f 9022 9029 16214 16213
f 8856 8857 9030 9023
f 9023 9030 9031 9024
f 9024 9031 9032 9025
f 9025 9032 9033 9026
f 9026 9033 9034 9027
f 9027 9034 9035 9028
f 9028 9035 9036 9029
f 9029 9036 16215 16214
f 8857 8858 9037 9030
f 9030 9037 9038 9031
f 9031 9038 9039 9032
f 9032 9039 9040 9033
f 9033 9040 9041 9034
f 9034 9041 9042 9035
f 9035 9042 9043 9036
f 9036 9043 16216 16215
f 8858 8859 9044 9037
f 9037 9044 9045 9038
f 9038 9045 9046 9039
f 9039 9046 9047 9040
f 9040 9047 9048 9041
f 9041 9048 9049 9042
f 9042 9049 9050 9043
f 9043 9050 16217 16216
f 8859 8860 9051 9044
f 9044 9051 9052 9045
f 9045 9052 9053 9046
f 9046 9053 9054 9047
f 9047 9054 9055 9048
f 9048 9055 9056 9049
f 9049 9056 9057 9050
f 9050 9057 16218 16217
f 8860 8861 9058 9051
f 9051 9058 9059 9052
f 9052 9059 9060 9053
f 9053 9060 9061 9054
f 9054 9061 9062 9055
f 9055 9062 9063 9056
f 9056 9063 9064 9057
f 9057 9064 16219 16218
f 8861 16287 16288 9058
f 9058 16288 16289 9059
f 9059 16289 16290 9060
f 9060 16290 16291 9061
f 9061 16291 16292 9062
f 9062 16292 16293 9063
f 9063 16293 16294 9064
f 9064 16294 16945 16219
f 9065 9087 9094 9066
f 9066 9094 9095 9067
f 9067 9095 9096 9068
f 9068 9096 9097 9069
f 9069 9097 9098 9070
f 9070 9098 9099 9071
f 9071 9099 9100 9072
f 9072 9100 15461 15462
f 9087 9088 9101 9094
f 9094 9101 9102 9095
f 9095 9102 9103 9096
f 9096 9103 9104 9097
f 9097 9104 9105 9098
f 9098 9105 9106 9099
f 9099 9106 9107 9100
f 9100 9107 15460 15461
f 9088 9089 9108 9101
f 9101 9108 9109 9102
f 9102 9109 9110 9103
f 9103 9110 9111 9104
f 9104 9111 9112 9105
f 9105 9112 9113 9106
f 9106 9113 9114 9107
f 9107 9114 15459 15460
f 9089 9090 9115 9108
f 9108 9115 9116 9109
f 9109 9116 9117 9110
f 9110 9117 9118 9111
f 9111 9118 9119 9112
f 9112 9119 9120 9113
f 9113 9120 9121 9114
f 9114 9121 15458 15459
f 9090 9091 9122 9115
f 9115 9122 9123 9116
f 9116 9123 9124 9117
f 9117 9124 9125 9118
f 9118 9125 9126 9119
f 9119 9126 9127 9120
f 9120 9127 9128 9121
f 9121 9128 15457 15458
f 9091 9092 9129 9122
f 9122 9129 9130 9123
f 9123 9130 9131 9124
f 9124 9131 9132 9125
f 9125 9132 9133 9126
f 9126 9133 9134 9127
f 9127 9134 9135 9128
f 9128 9135 15456 15457
f 9092 9093 9136 9129
f 9129 9136 9137 9130
f 9130 9137 9138 9131
f 9131 9138 9139 9132
f 9132 9139 9140 9133
f 9133 9140 9141 9134
f 9134 9141 9142 9135
f 9135 9142 15455 15456
f 9093 16062 16061 9136
f 9136 16061 16060 9137
f 9137 16060 16059 9138
f 9138 16059 16058 9139
f 9139 16058 16057 9140
f 9140 16057 16056 9141
f 9141 16056 16055 9142
f 9142 16055 16895 15455
f 9065 9066 9143 9073
f 9073 9143 9144 9074
f 9074 9144 9145 9075
f 9075 9145 9146 9076
f 9076 9146 9147 9077
f 9077 9147 9148 9078
f 9078 9148 9149 9079
f 9079 9149 16226 16227
f 9066 9067 9150 9143
f 9143 9150 9151 9144
f 9144 9151 9152 9145
f 9145 9152 9153 9146
f 9146 9153 9154 9147
f 9147 9154 9155 9148
f 9148 9155 9156 9149
f 9149 9156 16225 16226
f 9067 9068 9157 9150
f 9150 9157 9158 9151
f 9151 9158 9159 9152
f 9152 9159 9160 9153
f 9153 9160 9161 9154
f 9154 9161 9162 9155
f 9155 9162 9163 9156
f 9156 9163 16224 16225
f 9068 9069 9164 9157
f 9157 9164 9165 9158
f 9158 9165 9166 9159
f 9159 9166 9167 9160
f 9160 9167 9168 9161
f 9161 9168 9169 9162
f 9162 9169 9170 9163
f 9163 9170 16223 16224
f 9069 9070 9171 9164
f 9164 9171 9172 9165
f 9165 9172 9173 9166
f 9166 9173 9174 9167
f 9167 9174 9175 9168
f 9168 9175 9176 9169
f 9169 9176 9177 9170
f 9170 9177 16222 16223
f 9070 9071 9178 9171
f 9171 9178 9179 9172
f 9172 9179 9180 9173
f 9173 9180 9181 9174
f 9174 9181 9182 9175
f 9175 9182 9183 9176
f 9176 9183 9184 9177
f 9177 9184 16221 16222
f 9071 9072 9185 9178
f 9178 9185 9186 9179
f 9179 9186 9187 9180
f 9180 9187 9188 9181
f 9181 9188 9189 9182
f 9182 9189 9190 9183
f 9183 9190 9191 9184
f 9184 9191 16220 16221
f 9072 15462 15463 9185
f 9185 15463 15464 9186
f 9186 15464 15465 9187
f 9187 15465 15466 9188
f 9188 15466 15467 9189
f 9189 15467 15468 9190
f 9190 15468 15469 9191
f 9191 15469 16915 16220
f 9065 9073 9192 9080
f 9080 9192 9193 9081
f 9081 9193 9194 9082
f 9082 9194 9195 9083
f 9083 9195 9196 9084
f 9084 9196 9197 9085
f 9085 9197 9198 9086
f 9086 9198 16301 16302
f 9073 9074 9199 9192
f 9192 9199 9200 9193
f 9193 9200 9201 9194
f 9194 9201 9202 9195
f 9195 9202 9203 9196
f 9196 9203 9204 9197
f 9197 9204 9205 9198
f 9198 9205 16300 16301
f 9074 9075 9206 9199
f 9199 9206 9207 9200
f 9200 9207 9208 9201
f 9201 9208 9209 9202
f 9202 9209 9210 9203
f 9203 9210 9211 9204
f 9204 9211 9212 9205
f 9205 9212 16299 16300
f 9075 9076 9213 9206
f 9206 9213 9214 9207
f 9207 9214 9215 9208
f 9208 9215 9216 9209
f 9209 9216 9217 9210
f 9210 9217 9218 9211
f 9211 9218 9219 9212
f 9212 9219 16298 16299
f 9076 9077 9220 9213
f 9213 9220 9221 9214
f 9214 9221 9222 9215
f 9215 9222 9223 9216
f 9216 9223 9224 9217
f 9217 9224 9225 9218
f 9218 9225 9226 9219
f 9219 9226 16297 16298
f 9077 9078 9227 9220
f 9220 9227 9228 9221
f 9221 9228 9229 9222
f 9222 9229 9230 9223
f 9223 9230 9231 9224
f 9224 9231 9232 9225
f 9225 9232 9233 9226
f 9226 9233 16296 16297
f 9078 9079 9234 9227
f 9227 9234 9235 9228
f 9228 9235 9236 9229
f 9229 9236 9237 9230
f 9230 9237 9238 9231
f 9231 9238 9239 9232
f 9232 9239 9240 9233
f 9233 9240 16295 16296
f 9079 16227 16228 9234
f 9234 16228 16229 9235
f 9235 16229 16230 9236
f 9236 16230 16231 9237
f 9237 16231 16232 9238
f 9238 16232 16233 9239
f 9239 16233 16234 9240
f 9240 16234 16946 16295
f 9065 9080 9241 9087
f 9087 9241 9242 9088
f 9088 9242 9243 9089
f 9089 9243 9244 9090
f 9090 9244 9245 9091
f 9091 9245 9246 9092
f 9092 9246 9247 9093
f 9093 9247 16063 16062
f 9080 9081 9248 9241
f 9241 9248 9249 9242
f 9242 9249 9250 9243
f 9243 9250 9251 9244
f 9244 9251 9252 9245
f 9245 9252 9253 9246
f 9246 9253 9254 9247
f 9247 9254 16064 16063
f 9081 9082 9255 9248
f 9248 9255 9256 9249
f 9249 9256 9257 9250
f 9250 9257 9258 9251
f 9251 9258 9259 9252
f 9252 9259 9260 9253
f 9253 9260 9261 9254
f 9254 9261 16065 16064
f 9082 9083 9262 9255
f 9255 9262 9263 9256
f 9256 9263 9264 9257
f 9257 9264 9265 9258
f 9258 9265 9266 9259
f 9259 9266 9267 9260
f 9260 9267 9268 9261
f 9261 9268 16066 16065
f 9083 9084 9269 9262
f 9262 9269 9270 9263
f 9263 9270 9271 9264
f 9264 9271 9272 9265
f 9265 9272 9273 9266
f 9266 9273 9274 9267
f 9267 9274 9275 9268
f 9268 9275 16067 16066
f 9084 9085 9276 9269
f 9269 9276 9277 9270
f 9270 9277 9278 9271
f 9271 9278 9279 9272
f 9272 9279 9280 9273
f 9273 9280 9281 9274
f 9274 9281 9282 9275
f 9275 9282 16068 16067
f 9085 9086 9283 9276
f 9276 9283 9284 9277
f 9277 9284 9285 9278
f 9278 9285 9286 9279
f 9279 9286 9287 9280
f 9280 9287 9288 9281
f 9281 9288 9289 9282
f 9282 9289 16069 16068
f 9086 16302 16303 9283
f 9283 16303 16304 9284
f 9284 16304 16305 9285
f 9285 16305 16306 9286
f 9286 16306 16307 9287
f 9287 16307 16308 9288
f 9288 16308 16309 9289
f 9289 16309 16935 16069
f 9290 9312 9319 9291
f 9291 9319 9320 9292
f 9292 9320 9321 9293
f 9293 9321 9322 9294
f 9294 9322 9323 9295
f 9295 9323 9324 9296
f 9296 9324 9325 9297
f 9297 9325 16708 16707
f 9312 9313 9326 9319
f 9319 9326 9327 9320
f 9320 9327 9328 9321
f 9321 9328 9329 9322
f 9322 9329 9330 9323
f 9323 9330 9331 9324
f 9324 9331 9332 9325
f 9325 9332 16709 16708
f 9313 9314 9333 9326
f 9326 9333 9334 9327
f 9327 9334 9335 9328
f 9328 9335 9336 9329
f 9329 9336 9337 9330
f 9330 9337 9338 9331
f 9331 9338 9339 9332
f 9332 9339 16710 16709
f 9314 9315 9340 9333
f 9333 9340 9341 9334
f 9334 9341 9342 9335
f 9335 9342 9343 9336
f 9336 9343 9344 9337
f 9337 9344 9345 9338
f 9338 9345 9346 9339
f 9339 9346 16711 16710
f 9315 9316 9347 9340
f 9340 9347 9348 9341
f 9341 9348 9349 9342
f 9342 9349 9350 9343
f 9343 9350 9351 9344
f 9344 9351 9352 9345
f 9345 9352 9353 9346
f 9346 9353 16712 16711
f 9316 9317 9354 9347
f 9347 9354 9355 9348
f 9348 9355 9356 9349
f 9349 9356 9357 9350
f 9350 9357 9358 9351
f 9351 9358 9359 9352
f 9352 9359 9360 9353
f 9353 9360 16713 16712
f 9317 9318 9361 9354
f 9354 9361 9362 9355
f 9355 9362 9363 9356
f 9356 9363 9364 9357
f 9357 9364 9365 9358
f 9358 9365 9366 9359
f 9359 9366 9367 9360
f 9360 9367 16714 16713
f 9318 16077 16076 9361
f 9361 16076 16075 9362
f 9362 16075 16074 9363
f 9363 16074 16073 9364
f 9364 16073 16072 9365
f 9365 16072 16071 9366
f 9366 16071 16070 9367
f 9367 16070 16956 16714
f 9290 9291 9368 9298
f 9298 9368 9369 9299
f 9299 9369 9370 9300
f 9300 9370 9371 9301
f 9301 9371 9372 9302
f 9302 9372 9373 9303
f 9303 9373 9374 9304
f 9304 9374 16211 16212
f 9291 9292 9375 9368
f 9368 9375 9376 9369
f 9369 9376 9377 9370
f 9370 9377 9378 9371
f 9371 9378 9379 9372
f 9372 9379 9380 9373
f 9373 9380 9381 9374
f 9374 9381 16210 16211
f 9292 9293 9382 9375
f 9375 9382 9383 9376
f 9376 9383 9384 9377
f 9377 9384 9385 9378
f 9378 9385 9386 9379
f 9379 9386 9387 9380
f 9380 9387 9388 9381
f 9381 9388 16209 16210
f 9293 9294 9389 9382
f 9382 9389 9390 9383
f 9383 9390 9391 9384
f 9384 9391 9392 9385
f 9385 9392 9393 9386
f 9386 9393 9394 9387
f 9387 9394 9395 9388
f 9388 9395 16208 16209
f 9294 9295 9396 9389
f 9389 9396 9397 9390
f 9390 9397 9398 9391
f 9391 9398 9399 9392
f 9392 9399 9400 9393
f 9393 9400 9401 9394
f 9394 9401 9402 9395
f 9395 9402 16207 16208
f 9295 9296 9403 9396
f 9396 9403 9404 9397
f 9397 9404 9405 9398
f 9398 9405 9406 9399
f 9399 9406 9407 9400
f 9400 9407 9408 9401
f 9401 9408 9409 9402
f 9402 9409 16206 16207
f 9296 9297 9410 9403
f 9403 9410 9411 9404
f 9404 9411 9412 9405
f 9405 9412 9413 9406
f 9406 9413 9414 9407
f 9407 9414 9415 9408
f 9408 9415 9416 9409
f 9409 9416 16205 16206
f 9297 16707 16706 9410
f 9410 16706 16705 9411
f 9411 16705 16704 9412
f 9412 16704 16703 9413
f 9413 16703 16702 9414
f 9414 16702 16701 9415
f 9415 16701 16700 9416
f 9416 16700 16961 16205
f 9290 9298 9417 9305
f 9305 9417 9418 9306
f 9306 9418 9419 9307
f 9307 9419 9420 9308
f 9308 9420 9421 9309
f 9309 9421 9422 9310
f 9310 9422 9423 9311
f 9311 9423 16316 16317
f 9298 9299 9424 9417
f 9417 9424 9425 9418
f 9418 9425 9426 9419
f 9419 9426 9427 9420
f 9420 9427 9428 9421
f 9421 9428 9429 9422
f 9422 9429 9430 9423
f 9423 9430 16315 16316
f 9299 9300 9431 9424
f 9424 9431 9432 9425
f 9425 9432 9433 9426
f 9426 9433 9434 9427
f 9427 9434 9435 9428
f 9428 9435 9436 9429
f 9429 9436 9437 9430
f 9430 9437 16314 16315
f 9300 9301 9438 9431
f 9431 9438 9439 9432
f 9432 9439 9440 9433
f 9433 9440 9441 9434
f 9434 9441 9442 9435
f 9435 9442 9443 9436
f 9436 9443 9444 9437
f 9437 9444 16313 16314
f 9301 9302 9445 9438
f 9438 9445 9446 9439
f 9439 9446 9447 9440
f 9440 9447 9448 9441
f 9441 9448 9449 9442
f 9442 9449 9450 9443
f 9443 9450 9451 9444
f 9444 9451 16312 16313
f 9302 9303 9452 9445
f 9445 9452 9453 9446
f 9446 9453 9454 9447
f 9447 9454 9455 9448
f 9448 9455 9456 9449
f 9449 9456 9457 9450
f 9450 9457 9458 9451
f 9451 9458 16311 16312
f 9303 9304 9459 9452
f 9452 9459 9460 9453
f 9453 9460 9461 9454
f 9454 9461 9462 9455
f 9455 9462 9463 9456
f 9456 9463 9464 9457
f 9457 9464 9465 9458
f 9458 9465 16310 16311
f 9304 16212 16213 9459
f 9459 16213 16214 9460
f 9460 16214 16215 9461
f 9461 16215 16216 9462
f 9462 16216 16217 9463
f 9463 16217 16218 9464
f 9464 16218 16219 9465
f 9465 16219 16945 16310
f 9290 9305 9466 9312
f 9312 9466 9467 9313
f 9313 9467 9468 9314
f 9314 9468 9469 9315
f 9315 9469 9470 9316
f 9316 9470 9471 9317
f 9317 9471 9472 9318
f 9318 9472 16078 16077
f 9305 9306 9473 9466
f 9466 9473 9474 9467
f 9467 9474 9475 9468
f 9468 9475 9476 9469
f 9469 9476 9477 9470
f 9470 9477 9478 9471
f 9471 9478 9479 9472
f 9472 9479 16079 16078
f 9306 9307 9480 9473
f 9473 9480 9481 9474
f 9474 9481 9482 9475
f 9475 9482 9483 9476
f 9476 9483 9484 9477
f 9477 9484 9485 9478
f 9478 9485 9486 9479
f 9479 9486 16080 16079
f 9307 9308 9487 9480
f 9480 9487 9488 9481
f 9481 9488 9489 9482
f 9482 9489 9490 9483
f 9483 9490 9491 9484
f 9484 9491 9492 9485
f 9485 9492 9493 9486
f 9486 9493 16081 16080
f 9308 9309 9494 9487
f 9487 9494 9495 9488
f 9488 9495 9496 9489
f 9489 9496 9497 9490
f 9490 9497 9498 9491
f 9491 9498 9499 9492
f 9492 9499 9500 9493
f 9493 9500 16082 16081
f 9309 9310 9501 9494
f 9494 9501 9502 9495
f 9495 9502 9503 9496
f 9496 9503 9504 9497
f 9497 9504 9505 9498
f 9498 9505 9506 9499
f 9499 9506 9507 9500
f 9500 9507 16083 16082
f 9310 9311 9508 9501
f 9501 9508 9509 9502
f 9502 9509 9510 9503
f 9503 9510 9511 9504
f 9504 9511 9512 9505
f 9505 9512 9513 9506
f 9506 9513 9514 9507
f 9507 9514 16084 16083
f 9311 16317 16318 9508
f 9508 16318 16319 9509
f 9509 16319 16320 9510
f 9510 16320 16321 9511
f 9511 16321 16322 9512
f 9512 16322 16323 9513
f 9513 16323 16324 9514
f 9514 16324 16936 16084
f 9515 9537 9544 9516
f 9516 9544 9545 9517
f 9517 9545 9546 9518
f 9518 9546 9547 9519
f 9519 9547 9548 9520
f 9520 9548 9549 9521
f 9521 9549 9550 9522
f 9522 9550 15371 15372
f 9537 9538 9551 9544
f 9544 9551 9552 9545
f 9545 9552 9553 9546
f 9546 9553 9554 9547
f 9547 9554 9555 9548
f 9548 9555 9556 9549
f 9549 9556 9557 9550
f 9550 9557 15370 15371
f 9538 9539 9558 9551
f 9551 9558 9559 9552
f 9552 9559 9560 9553
f 9553 9560 9561 9554
f 9554 9561 9562 9555
f 9555 9562 9563 9556
f 9556 9563 9564 9557
f 9557 9564 15369 15370
f 9539 9540 9565 9558
f 9558 9565 9566 9559
f 9559 9566 9567 9560
f 9560 9567 9568 9561
f 9561 9568 9569 9562
f 9562 9569 9570 9563
f 9563 9570 9571 9564
f 9564 9571 15368 15369
f 9540 9541 9572 9565
f 9565 9572 9573 9566
f 9566 9573 9574 9567
f 9567 9574 9575 9568
f 9568 9575 9576 9569
f 9569 9576 9577 9570
f 9570 9577 9578 9571
f 9571 9578 15367 15368
f 9541 9542 9579 9572
f 9572 9579 9580 9573
f 9573 9580 9581 9574
f 9574 9581 9582 9575
f 9575 9582 9583 9576
f 9576 9583 9584 9577
f 9577 9584 9585 9578
f 9578 9585 15366 15367
f 9542 9543 9586 9579
f 9579 9586 9587 9580
f 9580 9587 9588 9581
f 9581 9588 9589 9582
f 9582 9589 9590 9583
f 9583 9590 9591 9584
f 9584 9591 9592 9585
f 9585 9592 15365 15366
f 9543 16092 16091 9586
f 9586 16091 16090 9587
f 9587 16090 16089 9588
f 9588 16089 16088 9589
f 9589 16088 16087 9590
f 9590 16087 16086 9591
f 9591 16086 16085 9592
f 9592 16085 16899 15365
f 9515 9516 9593 9523
f 9523 9593 9594 9524
f 9524 9594 9595 9525
f 9525 9595 9596 9526
f 9526 9596 9597 9527
f 9527 9597 9598 9528
f 9528 9598 9599 9529
f 9529 9599 16196 16197
f 9516 9517 9600 9593
f 9593 9600 9601 9594
f 9594 9601 9602 9595
f 9595 9602 9603 9596
f 9596 9603 9604 9597
f 9597 9604 9605 9598
f 9598 9605 9606 9599
f 9599 9606 16195 16196
f 9517 9518 9607 9600
f 9600 9607 9608 9601
f 9601 9608 9609 9602
f 9602 9609 9610 9603
f 9603 9610 9611 9604
f 9604 9611 9612 9605
f 9605 9612 9613 9606
f 9606 9613 16194 16195
f 9518 9519 9614 9607
f 9607 9614 9615 9608
f 9608 9615 9616 9609
f 9609 9616 9617 9610
f 9610 9617 9618 9611
f 9611 9618 9619 9612
f 9612 9619 9620 9613
f 9613 9620 16193 16194
f 9519 9520 9621 9614
f 9614 9621 9622 9615
f 9615 9622 9623 9616
f 9616 9623 9624 9617
f 9617 9624 9625 9618
f 9618 9625 9626 9619
f 9619 9626 9627 9620
f 9620 9627 16192 16193
f 9520 9521 9628 9621
f 9621 9628 9629 9622
f 9622 9629 9630 9623
f 9623 9630 9631 9624
f 9624 9631 9632 9625
f 9625 9632 9633 9626
f 9626 9633 9634 9627
f 9627 9634 16191 16192
f 9521 9522 9635 9628
f 9628 9635 9636 9629
f 9629 9636 9637 9630
f 9630 9637 9638 9631
f 9631 9638 9639 9632
f 9632 9639 9640 9633
f 9633 9640 9641 9634
f 9634 9641 16190 16191
f 9522 15372 15373 9635
f 9635 15373 15374 9636
f 9636 15374 15375 9637
f 9637 15375 15376 9638
f 9638 15376 15377 9639
f 9639 15377 15378 9640
f 9640 15378 15379 9641
f 9641 15379 16913 16190
f 9515 9523 9642 9530
f 9530 9642 9643 9531
f 9531 9643 9644 9532
f 9532 9644 9645 9533
f 9533 9645 9646 9534
f 9534 9646 9647 9535
f 9535 9647 9648 9536
f 9536 9648 16331 16332
f 9523 9524 9649 9642
f 9642 9649 9650 9643
f 9643 9650 9651 9644
f 9644 9651 9652 9645
f 9645 9652 9653 9646
f 9646 9653 9654 9647
f 9647 9654 9655 9648
f 9648 9655 16330 16331
f 9524 9525 9656 9649
f 9649 9656 9657 9650
f 9650 9657 9658 9651
f 9651 9658 9659 9652
f 9652 9659 9660 9653
f 9653 9660 9661 9654
f 9654 9661 9662 9655
f 9655 9662 16329 16330
f 9525 9526 9663 9656
f 9656 9663 9664 9657
f 9657 9664 9665 9658
f 9658 9665 9666 9659
f 9659 9666 9667 9660
f 9660 9667 9668 9661
f 9661 9668 9669 9662
f 9662 9669 16328 16329
f 9526 9527 9670 9663
f 9663 9670 9671 9664
f 9664 9671 9672 9665
f 9665 9672 9673 9666
f 9666 9673 9674 9667
f 9667 9674 9675 9668
f 9668 9675 9676 9669
f 9669 9676 16327 16328
f 9527 9528 9677 9670
f 9670 9677 9678 9671
f 9671 9678 9679 9672
f 9672 9679 9680 9673
f 9673 9680 9681 9674
f 9674 9681 9682 9675
f 9675 9682 9683 9676
f 9676 9683 16326 16327
f 9528 9529 9684 9677
f 9677 9684 9685 9678
f 9678 9685 9686 9679
f 9679 9686 9687 9680
f 9680 9687 9688 9681
f 9681 9688 9689 9682
f 9682 9689 9690 9683
f 9683 9690 16325 16326
f 9529 16197 16198 9684
f 9684 16198 16199 9685
f 9685 16199 16200 9686
f 9686 16200 16201 9687
f 9687 16201 16202 9688
f 9688 16202 16203 9689
f 9689 16203 16204 9690
f 9690 16204 16944 16325
f 9515 9530 9691 9537
f 9537 9691 9692 9538
f 9538 9692 9693 9539
f 9539 9693 9694 9540
f 9540 9694 9695 9541
f 9541 9695 9696 9542
f 9542 9696 9697 9543
f 9543 9697 16093 16092
f 9530 9531 9698 9691
f 9691 9698 9699 9692
f 9692 9699 9700 9693
f 9693 9700 9701 9694
f 9694 9701 9702 9695
f 9695 9702 9703 9696
f 9696 9703 9704 9697
f 9697 9704 16094 16093
f 9531 9532 9705 9698
f 9698 9705 9706 9699
f 9699 9706 9707 9700
f 9700 9707 9708 9701
f 9701 9708 9709 9702
f 9702 9709 9710 9703
f 9703 9710 9711 9704
f 9704 9711 16095 16094
f 9532 9533 9712 9705
f 9705 9712 9713 9706
f 9706 9713 9714 9707
f 9707 9714 9715 9708
f 9708 9715 9716 9709
f 9709 9716 9717 9710
f 9710 9717 9718 9711
f 9711 9718 16096 16095
f 9533 9534 9719 9712
f 9712 9719 9720 9713
f 9713 9720 9721 9714
f 9714 9721 9722 9715
f 9715 9722 9723 9716
f 9716 9723 9724 9717
f 9717 9724 9725 9718
f 9718 9725 16097 16096
f 9534 9535 9726 9719
f 9719 9726 9727 9720
f 9720 9727 9728 9721
f 9721 9728 9729 9722
f 9722 9729 9730 9723
f 9723 9730 9731 9724
f 9724 9731 9732 9725
f 9725 9732 16098 16097
f 9535 9536 9733 9726
f 9726 9733 9734 9727
f 9727 9734 9735 9728
f 9728 9735 9736 9729
f 9729 9736 9737 9730
f 9730 9737 9738 9731
f 9731 9738 9739 9732
f 9732 9739 16099 16098
f 9536 16332 16333 9733
f 9733 16333 16334 9734
f 9734 16334 16335 9735
f 9735 16335 16336 9736
f 9736 16336 16337 9737
f 9737 16337 16338 9738
f 9738 16338 16339 9739
f 9739 16339 16937 16099
f 9740 9762 9769 9741
f 9741 9769 9770 9742
f 9742 9770 9771 9743
f 9743 9771 9772 9744
f 9744 9772 9773 9745
f 9745 9773 9774 9746
f 9746 9774 9775 9747
f 9747 9775 16061 16062
f 9762 9763 9776 9769
f 9769 9776 9777 9770
f 9770 9777 9778 9771
f 9771 9778 9779 9772
f 9772 9779 9780 9773
f 9773 9780 9781 9774
f 9774 9781 9782 9775
f 9775 9782 16060 16061
f 9763 9764 9783 9776
f 9776 9783 9784 9777
f 9777 9784 9785 9778
f 9778 9785 9786 9779
f 9779 9786 9787 9780
f 9780 9787 9788 9781
f 9781 9788 9789 9782
f 9782 9789 16059 16060
f 9764 9765 9790 9783
f 9783 9790 9791 9784
f 9784 9791 9792 9785
f 9785 9792 9793 9786
f 9786 9793 9794 9787
f 9787 9794 9795 9788
f 9788 9795 9796 9789
f 9789 9796 16058 16059
f 9765 9766 9797 9790
f 9790 9797 9798 9791
f 9791 9798 9799 9792
f 9792 9799 9800 9793
f 9793 9800 9801 9794
f 9794 9801 9802 9795
f 9795 9802 9803 9796
f 9796 9803 16057 16058
f 9766 9767 9804 9797
f 9797 9804 9805 9798
f 9798 9805 9806 9799
f 9799 9806 9807 9800
f 9800 9807 9808 9801
f 9801 9808 9809 9802
f 9802 9809 9810 9803
f 9803 9810 16056 16057
f 9767 9768 9811 9804
f 9804 9811 9812 9805
f 9805 9812 9813 9806
f 9806 9813 9814 9807
f 9807 9814 9815 9808
f 9808 9815 9816 9809
f 9809 9816 9817 9810
f 9810 9817 16055 16056
f 9768 15342 15341 9811
f 9811 15341 15340 9812
f 9812 15340 15339 9813
f 9813 15339 15338 9814
f 9814 15338 15337 9815
f 9815 15337 15336 9816
f 9816 15336 15335 9817
f 9817 15335 16895 16055
f 9740 9741 9818 9748
f 9748 9818 9819 9749
f 9749 9819 9820 9750
f 9750 9820 9821 9751
f 9751 9821 9822 9752
f 9752 9822 9823 9753
f 9753 9823 9824 9754
f 9754 9824 16346 16347
f 9741 9742 9825 9818
f 9818 9825 9826 9819
f 9819 9826 9827 9820
f 9820 9827 9828 9821
f 9821 9828 9829 9822
f 9822 9829 9830 9823
f 9823 9830 9831 9824
f 9824 9831 16345 16346
f 9742 9743 9832 9825
f 9825 9832 9833 9826
f 9826 9833 9834 9827
f 9827 9834 9835 9828
f 9828 9835 9836 9829
f 9829 9836 9837 9830
f 9830 9837 9838 9831
f 9831 9838 16344 16345
f 9743 9744 9839 9832
f 9832 9839 9840 9833
f 9833 9840 9841 9834
f 9834 9841 9842 9835
f 9835 9842 9843 9836
f 9836 9843 9844 9837
f 9837 9844 9845 9838
f 9838 9845 16343 16344
f 9744 9745 9846 9839
f 9839 9846 9847 9840
f 9840 9847 9848 9841
f 9841 9848 9849 9842
f 9842 9849 9850 9843
f 9843 9850 9851 9844
f 9844 9851 9852 9845
f 9845 9852 16342 16343
f 9745 9746 9853 9846
f 9846 9853 9854 9847
f 9847 9854 9855 9848
f 9848 9855 9856 9849
f 9849 9856 9857 9850
f 9850 9857 9858 9851
f 9851 9858 9859 9852
f 9852 9859 16341 16342
f 9746 9747 9860 9853
f 9853 9860 9861 9854
f 9854 9861 9862 9855
f 9855 9862 9863 9856
f 9856 9863 9864 9857
f 9857 9864 9865 9858
f 9858 9865 9866 9859
f 9859 9866 16340 16341
f 9747 16062 16063 9860
f 9860 16063 16064 9861
f 9861 16064 16065 9862
f 9862 16065 16066 9863
f 9863 16066 16067 9864
f 9864 16067 16068 9865
f 9865 16068 16069 9866
f 9866 16069 16935 16340
f 9740 9748 9867 9755
f 9755 9867 9868 9756
f 9756 9868 9869 9757
f 9757 9869 9870 9758
f 9758 9870 9871 9759
f 9759 9871 9872 9760
f 9760 9872 9873 9761
f 9761 9873 15401 15402
f 9748 9749 9874 9867
f 9867 9874 9875 9868
f 9868 9875 9876 9869
f 9869 9876 9877 9870
f 9870 9877 9878 9871
f 9871 9878 9879 9872
f 9872 9879 9880 9873
f 9873 9880 15400 15401
f 9749 9750 9881 9874
f 9874 9881 9882 9875
f 9875 9882 9883 9876
f 9876 9883 9884 9877
f 9877 9884 9885 9878
f 9878 9885 9886 9879
f 9879 9886 9887 9880
f 9880 9887 15399 15400
f 9750 9751 9888 9881
f 9881 9888 9889 9882
f 9882 9889 9890 9883
f 9883 9890 9891 9884
f 9884 9891 9892 9885
f 9885 9892 9893 9886
f 9886 9893 9894 9887
f 9887 9894 15398 15399
f 9751 9752 9895 9888
f 9888 9895 9896 9889
f 9889 9896 9897 9890
f 9890 9897 9898 9891
f 9891 9898 9899 9892
f 9892 9899 9900 9893
f 9893 9900 9901 9894
f 9894 9901 15397 15398
f 9752 9753 9902 9895
f 9895 9902 9903 9896
f 9896 9903 9904 9897
f 9897 9904 9905 9898
f 9898 9905 9906 9899
f 9899 9906 9907 9900
f 9900 9907 9908 9901
f 9901 9908 15396 15397
f 9753 9754 9909 9902
f 9902 9909 9910 9903
f 9903 9910 9911 9904
f 9904 9911 9912 9905
f 9905 9912 9913 9906
f 9906 9913 9914 9907
f 9907 9914 9915 9908
f 9908 9915 15395 15396
f 9754 16347 16348 9909
f 9909 16348 16349 9910
f 9910 16349 16350 9911
f 9911 16350 16351 9912
f 9912 16351 16352 9913
f 9913 16352 16353 9914
f 9914 16353 16354 9915
f 9915 16354 16943 15395
f 9740 9755 9916 9762
f 9762 9916 9917 9763
f 9763 9917 9918 9764
f 9764 9918 9919 9765
f 9765 9919 9920 9766
f 9766 9920 9921 9767
f 9767 9921 9922 9768
f 9768 9922 15343 15342
f 9755 9756 9923 9916
f 9916 9923 9924 9917
f 9917 9924 9925 9918
f 9918 9925 9926 9919
f 9919 9926 9927 9920
f 9920 9927 9928 9921
f 9921 9928 9929 9922
f 9922 9929 15344 15343
f 9756 9757 9930 9923
f 9923 9930 9931 9924
f 9924 9931 9932 9925
f 9925 9932 9933 9926
f 9926 9933 9934 9927
f 9927 9934 9935 9928
f 9928 9935 9936 9929
f 9929 9936 15345 15344
f 9757 9758 9937 9930
f 9930 9937 9938 9931
f 9931 9938 9939 9932
f 9932 9939 9940 9933
f 9933 9940 9941 9934
f 9934 9941 9942 9935
f 9935 9942 9943 9936
f 9936 9943 15346 15345
f 9758 9759 9944 9937
f 9937 9944 9945 9938
f 9938 9945 9946 9939
f 9939 9946 9947 9940
f 9940 9947 9948 9941
f 9941 9948 9949 9942
f 9942 9949 9950 9943
f 9943 9950 15347 15346
f 9759 9760 9951 9944
f 9944 9951 9952 9945
f 9945 9952 9953 9946
f 9946 9953 9954 9947
f 9947 9954 9955 9948
f 9948 9955 9956 9949
f 9949 9956 9957 9950
f 9950 9957 15348 15347
f 9760 9761 9958 9951
f 9951 9958 9959 9952
f 9952 9959 9960 9953
f 9953 9960 9961 9954
f 9954 9961 9962 9955
f 9955 9962 9963 9956
f 9956 9963 9964 9957
f 9957 9964 15349 15348
f 9761 15402 15403 9958
f 9958 15403 15404 9959
f 9959 15404 15405 9960
f 9960 15405 15406 9961
f 9961 15406 15407 9962
f 9962 15407 15408 9963
f 9963 15408 15409 9964
f 9964 15409 16911 15349
f 9965 9987 9994 9966
f 9966 9994 9995 9967
f 9967 9995 9996 9968
f 9968 9996 9997 9969
f 9969 9997 9998 9970
f 9970 9998 9999 9971
f 9971 9999 10000 9972
f 9972 10000 15208 15207
f 9987 9988 10001 9994
f 9994 10001 10002 9995
f 9995 10002 10003 9996
f 9996 10003 10004 9997
f 9997 10004 10005 9998
f 9998 10005 10006 9999
f 9999 10006 10007 10000
f 10000 10007 15209 15208
f 9988 9989 10008 10001
f 10001 10008 10009 10002
f 10002 10009 10010 10003
f 10003 10010 10011 10004
f 10004 10011 10012 10005
f 10005 10012 10013 10006
f 10006 10013 10014 10007
f 10007 10014 15210 15209
f 9989 9990 10015 10008
f 10008 10015 10016 10009
f 10009 10016 10017 10010
f 10010 10017 10018 10011
f 10011 10018 10019 10012
f 10012 10019 10020 10013
f 10013 10020 10021 10014
f 10014 10021 15211 15210
f 9990 9991 10022 10015
f 10015 10022 10023 10016
f 10016 10023 10024 10017
f 10017 10024 10025 10018
f 10018 10025 10026 10019
f 10019 10026 10027 10020
f 10020 10027 10028 10021
f 10021 10028 15212 15211
f 9991 9992 10029 10022
f 10022 10029 10030 10023
f 10023 10030 10031 10024
f 10024 10031 10032 10025
f 10025 10032 10033 10026
f 10026 10033 10034 10027
f 10027 10034 10035 10028
f 10028 10035 15213 15212
f 9992 9993 10036 10029
f 10029 10036 10037 10030
f 10030 10037 10038 10031
f 10031 10038 10039 10032
f 10032 10039 10040 10033
f 10033 10040 10041 10034
f 10034 10041 10042 10035
f 10035 10042 15214 15213
f 9993 15222 15221 10036
f 10036 15221 15220 10037
f 10037 15220 15219 10038
f 10038 15219 15218 10039
f 10039 15218 15217 10040
f 10040 15217 15216 10041
f 10041 15216 15215 10042
f 10042 15215 16903 15214
f 9965 9966 10043 9973
f 9973 10043 10044 9974
f 9974 10044 10045 9975
f 9975 10045 10046 9976
f 9976 10046 10047 9977
f 9977 10047 10048 9978
f 9978 10048 10049 9979
f 9979 10049 16361 16362
f 9966 9967 10050 10043
f 10043 10050 10051 10044
f 10044 10051 10052 10045
f 10045 10052 10053 10046
f 10046 10053 10054 10047
f 10047 10054 10055 10048
f 10048 10055 10056 10049
f 10049 10056 16360 16361
f 9967 9968 10057 10050
f 10050 10057 10058 10051
f 10051 10058 10059 10052
f 10052 10059 10060 10053
f 10053 10060 10061 10054
f 10054 10061 10062 10055
f 10055 10062 10063 10056
f 10056 10063 16359 16360
f 9968 9969 10064 10057
f 10057 10064 10065 10058
f 10058 10065 10066 10059
f 10059 10066 10067 10060
f 10060 10067 10068 10061
f 10061 10068 10069 10062
f 10062 10069 10070 10063
f 10063 10070 16358 16359
f 9969 9970 10071 10064
f 10064 10071 10072 10065
f 10065 10072 10073 10066
f 10066 10073 10074 10067
f 10067 10074 10075 10068
f 10068 10075 10076 10069
f 10069 10076 10077 10070
f 10070 10077 16357 16358
f 9970 9971 10078 10071
f 10071 10078 10079 10072
f 10072 10079 10080 10073
f 10073 10080 10081 10074
f 10074 10081 10082 10075
f 10075 10082 10083 10076
f 10076 10083 10084 10077
f 10077 10084 16356 16357
f 9971 9972 10085 10078
f 10078 10085 10086 10079
f 10079 10086 10087 10080
f 10080 10087 10088 10081
f 10081 10088 10089 10082
f 10082 10089 10090 10083
f 10083 10090 10091 10084
f 10084 10091 16355 16356
f 9972 15207 15206 10085
f 10085 15206 15205 10086
f 10086 15205 15204 10087
f 10087 15204 15203 10088
f 10088 15203 15202 10089
f 10089 15202 15201 10090
f 10090 15201 15200 10091
f 10091 15200 16940 16355
f 9965 9973 10092 9980
f 9980 10092 10093 9981
f 9981 10093 10094 9982
f 9982 10094 10095 9983
f 9983 10095 10096 9984
f 9984 10096 10097 9985
f 9985 10097 10098 9986
f 9986 10098 15326 15327
f 9973 9974 10099 10092
f 10092 10099 10100 10093
f 10093 10100 10101 10094
f 10094 10101 10102 10095
f 10095 10102 10103 10096
f 10096 10103 10104 10097
f 10097 10104 10105 10098
f 10098 10105 15325 15326
f 9974 9975 10106 10099
f 10099 10106 10107 10100
f 10100 10107 10108 10101
f 10101 10108 10109 10102
f 10102 10109 10110 10103
f 10103 10110 10111 10104
f 10104 10111 10112 10105
f 10105 10112 15324 15325
f 9975 9976 10113 10106
f 10106 10113 10114 10107
f 10107 10114 10115 10108
f 10108 10115 10116 10109
f 10109 10116 10117 10110
f 10110 10117 10118 10111
f 10111 10118 10119 10112
f 10112 10119 15323 15324
f 9976 9977 10120 10113
f 10113 10120 10121 10114
f 10114 10121 10122 10115
f 10115 10122 10123 10116
f 10116 10123 10124 10117
f 10117 10124 10125 10118
f 10118 10125 10126 10119
f 10119 10126 15322 15323
f 9977 9978 10127 10120
f 10120 10127 10128 10121
f 10121 10128 10129 10122
f 10122 10129 10130 10123
f 10123 10130 10131 10124
f 10124 10131 10132 10125
f 10125 10132 10133 10126
f 10126 10133 15321 15322
f 9978 9979 10134 10127
f 10127 10134 10135 10128
f 10128 10135 10136 10129
f 10129 10136 10137 10130
f 10130 10137 10138 10131
f 10131 10138 10139 10132
f 10132 10139 10140 10133
f 10133 10140 15320 15321
f 9979 16362 16363 10134
f 10134 16363 16364 10135
f 10135 16364 16365 10136
f 10136 16365 16366 10137
f 10137 16366 16367 10138
f 10138 16367 16368 10139
f 10139 16368 16369 10140
f 10140 16369 16942 15320
f 9965 9980 10141 9987
f 9987 10141 10142 9988
f 9988 10142 10143 9989
f 9989 10143 10144 9990
f 9990 10144 10145 9991
f 9991 10145 10146 9992
f 9992 10146 10147 9993
f 9993 10147 15223 15222
f 9980 9981 10148 10141
f 10141 10148 10149 10142
f 10142 10149 10150 10143
f 10143 10150 10151 10144
f 10144 10151 10152 10145
f 10145 10152 10153 10146
f 10146 10153 10154 10147
f 10147 10154 15224 15223
f 9981 9982 10155 10148
f 10148 10155 10156 10149
f 10149 10156 10157 10150
f 10150 10157 10158 10151
f 10151 10158 10159 10152
f 10152 10159 10160 10153
f 10153 10160 10161 10154
f 10154 10161 15225 15224
f 9982 9983 10162 10155
f 10155 10162 10163 10156
f 10156 10163 10164 10157
f 10157 10164 10165 10158
f 10158 10165 10166 10159
f 10159 10166 10167 10160
f 10160 10167 10168 10161
f 10161 10168 15226 15225
f 9983 9984 10169 10162
f 10162 10169 10170 10163
f 10163 10170 10171 10164
f 10164 10171 10172 10165
f 10165 10172 10173 10166
f 10166 10173 10174 10167
f 10167 10174 10175 10168
f 10168 10175 15227 15226
f 9984 9985 10176 10169
f 10169 10176 10177 10170
f 10170 10177 10178 10171
f 10171 10178 10179 10172
f 10172 10179 10180 10173
f 10173 10180 10181 10174
f 10174 10181 10182 10175
f 10175 10182 15228 15227
f 9985 9986 10183 10176
f 10176 10183 10184 10177
f 10177 10184 10185 10178
f 10178 10185 10186 10179
f 10179 10186 10187 10180
f 10180 10187 10188 10181
f 10181 10188 10189 10182
f 10182 10189 15229 15228
f 9986 15327 15328 10183
f 10183 15328 15329 10184
f 10184 15329 15330 10185
f 10185 15330 15331 10186
f 10186 15331 15332 10187
f 10187 15332 15333 10188
f 10188 15333 15334 10189
f 10189 15334 16907 15229
f 10190 10212 10219 10191
f 10191 10219 10220 10192
f 10192 10220 10221 10193
f 10193 10221 10222 10194
f 10194 10222 10223 10195
f 10195 10223 10224 10196
f 10196 10224 10225 10197
f 10197 10225 15251 15252
f 10212 10213 10226 10219
f 10219 10226 10227 10220
f 10220 10227 10228 10221
f 10221 10228 10229 10222
f 10222 10229 10230 10223
f 10223 10230 10231 10224
f 10224 10231 10232 10225
f 10225 10232 15250 15251
f 10213 10214 10233 10226
f 10226 10233 10234 10227
f 10227 10234 10235 10228
f 10228 10235 10236 10229
f 10229 10236 10237 10230
f 10230 10237 10238 10231
f 10231 10238 10239 10232
f 10232 10239 15249 15250
f 10214 10215 10240 10233
f 10233 10240 10241 10234
f 10234 10241 10242 10235
f 10235 10242 10243 10236
f 10236 10243 10244 10237
f 10237 10244 10245 10238
f 10238 10245 10246 10239
f 10239 10246 15248 15249
f 10215 10216 10247 10240
f 10240 10247 10248 10241
f 10241 10248 10249 10242
f 10242 10249 10250 10243
f 10243 10250 10251 10244
f 10244 10251 10252 10245
f 10245 10252 10253 10246
f 10246 10253 15247 15248
f 10216 10217 10254 10247
f 10247 10254 10255 10248
f 10248 10255 10256 10249
f 10249 10256 10257 10250
f 10250 10257 10258 10251
f 10251 10258 10259 10252
f 10252 10259 10260 10253
f 10253 10260 15246 15247
f 10217 10218 10261 10254
f 10254 10261 10262 10255
f 10255 10262 10263 10256
f 10256 10263 10264 10257
f 10257 10264 10265 10258
f 10258 10265 10266 10259
f 10259 10266 10267 10260
f 10260 10267 15245 15246
f 10218 16122 16121 10261
f 10261 16121 16120 10262
f 10262 16120 16119 10263
f 10263 16119 16118 10264
f 10264 16118 16117 10265
f 10265 16117 16116 10266
f 10266 16116 16115 10267
f 10267 16115 16905 15245
f 10190 10191 10268 10198
f 10198 10268 10269 10199
f 10199 10269 10270 10200
f 10200 10270 10271 10201
f 10201 10271 10272 10202
f 10202 10272 10273 10203
f 10203 10273 10274 10204
f 10204 10274 16151 16152
f 10191 10192 10275 10268
f 10268 10275 10276 10269
f 10269 10276 10277 10270
f 10270 10277 10278 10271
f 10271 10278 10279 10272
f 10272 10279 10280 10273
f 10273 10280 10281 10274
f 10274 10281 16150 16151
f 10192 10193 10282 10275
f 10275 10282 10283 10276
f 10276 10283 10284 10277
f 10277 10284 10285 10278
f 10278 10285 10286 10279
f 10279 10286 10287 10280
f 10280 10287 10288 10281
f 10281 10288 16149 16150
f 10193 10194 10289 10282
f 10282 10289 10290 10283
f 10283 10290 10291 10284
f 10284 10291 10292 10285
f 10285 10292 10293 10286
f 10286 10293 10294 10287
f 10287 10294 10295 10288
f 10288 10295 16148 16149
f 10194 10195 10296 10289
f 10289 10296 10297 10290
f 10290 10297 10298 10291
f 10291 10298 10299 10292
f 10292 10299 10300 10293
f 10293 10300 10301 10294
f 10294 10301 10302 10295
f 10295 10302 16147 16148
f 10195 10196 10303 10296
f 10296 10303 10304 10297
f 10297 10304 10305 10298
f 10298 10305 10306 10299
f 10299 10306 10307 10300
f 10300 10307 10308 10301
f 10301 10308 10309 10302
f 10302 10309 16146 16147
f 10196 10197 10310 10303
f 10303 10310 10311 10304
f 10304 10311 10312 10305
f 10305 10312 10313 10306
f 10306 10313 10314 10307
f 10307 10314 10315 10308
f 10308 10315 10316 10309
f 10309 10316 16145 16146
f 10197 15252 15253 10310
f 10310 15253 15254 10311
f 10311 15254 15255 10312
f 10312 15255 15256 10313
f 10313 15256 15257 10314
f 10314 15257 15258 10315
f 10315 15258 15259 10316
f 10316 15259 16909 16145
f 10190 10198 10317 10205
f 10205 10317 10318 10206
f 10206 10318 10319 10207
f 10207 10319 10320 10208
f 10208 10320 10321 10209
f 10209 10321 10322 10210
f 10210 10322 10323 10211
f 10211 10323 16376 16377
f 10198 10199 10324 10317
f 10317 10324 10325 10318
f 10318 10325 10326 10319
f 10319 10326 10327 10320
f 10320 10327 10328 10321
f 10321 10328 10329 10322
f 10322 10329 10330 10323
f 10323 10330 16375 16376
f 10199 10200 10331 10324
f 10324 10331 10332 10325
f 10325 10332 10333 10326
f 10326 10333 10334 10327
f 10327 10334 10335 10328
f 10328 10335 10336 10329
f 10329 10336 10337 10330
f 10330 10337 16374 16375
f 10200 10201 10338 10331
f 10331 10338 10339 10332
f 10332 10339 10340 10333
f 10333 10340 10341 10334
f 10334 10341 10342 10335
f 10335 10342 10343 10336
f 10336 10343 10344 10337
f 10337 10344 16373 16374
f 10201 10202 10345 10338
f 10338 10345 10346 10339
f 10339 10346 10347 10340
f 10340 10347 10348 10341
f 10341 10348 10349 10342
f 10342 10349 10350 10343
f 10343 10350 10351 10344
f 10344 10351 16372 16373
f 10202 10203 10352 10345
f 10345 10352 10353 10346
f 10346 10353 10354 10347
f 10347 10354 10355 10348
f 10348 10355 10356 10349
f 10349 10356 10357 10350
f 10350 10357 10358 10351
f 10351 10358 16371 16372
f 10203 10204 10359 10352
f 10352 10359 10360 10353
f 10353 10360 10361 10354
f 10354 10361 10362 10355
f 10355 10362 10363 10356
f 10356 10363 10364 10357
f 10357 10364 10365 10358
f 10358 10365 16370 16371
f 10204 16152 16153 10359
f 10359 16153 16154 10360
f 10360 16154 16155 10361
f 10361 16155 16156 10362
f 10362 16156 16157 10363
f 10363 16157 16158 10364
f 10364 16158 16159 10365
f 10365 16159 16941 16370
f 10190 10205 10366 10212
f 10212 10366 10367 10213
f 10213 10367 10368 10214
f 10214 10368 10369 10215
f 10215 10369 10370 10216
f 10216 10370 10371 10217
f 10217 10371 10372 10218
f 10218 10372 16123 16122
f 10205 10206 10373 10366
f 10366 10373 10374 10367
f 10367 10374 10375 10368
f 10368 10375 10376 10369
f 10369 10376 10377 10370
f 10370 10377 10378 10371
f 10371 10378 10379 10372
f 10372 10379 16124 16123
f 10206 10207 10380 10373
f 10373 10380 10381 10374
f 10374 10381 10382 10375
f 10375 10382 10383 10376
f 10376 10383 10384 10377
f 10377 10384 10385 10378
f 10378 10385 10386 10379
f 10379 10386 16125 16124
f 10207 10208 10387 10380
f 10380 10387 10388 10381
f 10381 10388 10389 10382
f 10382 10389 10390 10383
f 10383 10390 10391 10384
f 10384 10391 10392 10385
f 10385 10392 10393 10386
f 10386 10393 16126 16125
f 10208 10209 10394 10387
f 10387 10394 10395 10388
f 10388 10395 10396 10389
f 10389 10396 10397 10390
f 10390 10397 10398 10391
f 10391 10398 10399 10392
f 10392 10399 10400 10393
f 10393 10400 16127 16126
f 10209 10210 10401 10394
f 10394 10401 10402 10395
f 10395 10402 10403 10396
f 10396 10403 10404 10397
f 10397 10404 10405 10398
f 10398 10405 10406 10399
f 10399 10406 10407 10400
f 10400 10407 16128 16127
f 10210 10211 10408 10401
f 10401 10408 10409 10402
f 10402 10409 10410 10403
f 10403 10410 10411 10404
f 10404 10411 10412 10405
f 10405 10412 10413 10406
f 10406 10413 10414 10407
f 10407 10414 16129 16128
f 10211 16377 16378 10408
f 10408 16378 16379 10409
f 10409 16379 16380 10410
f 10410 16380 16381 10411
f 10411 16381 16382 10412
f 10412 16382 16383 10413
f 10413 16383 16384 10414
f 10414 16384 16939 16129
f 10415 10437 10444 10416
f 10416 10444 10445 10417
f 10417 10445 10446 10418
f 10418 10446 10447 10419
f 10419 10447 10448 10420
f 10420 10448 10449 10421
f 10421 10449 10450 10422
f 10422 10450 15403 15402
f 10437 10438 10451 10444
f 10444 10451 10452 10445
f 10445 10452 10453 10446
f 10446 10453 10454 10447
f 10447 10454 10455 10448
f 10448 10455 10456 10449
f 10449 10456 10457 10450
f 10450 10457 15404 15403
f 10438 10439 10458 10451
f 10451 10458 10459 10452
f 10452 10459 10460 10453
f 10453 10460 10461 10454
f 10454 10461 10462 10455
f 10455 10462 10463 10456
f 10456 10463 10464 10457
f 10457 10464 15405 15404
f 10439 10440 10465 10458
f 10458 10465 10466 10459
f 10459 10466 10467 10460
f 10460 10467 10468 10461
f 10461 10468 10469 10462
f 10462 10469 10470 10463
f 10463 10470 10471 10464
f 10464 10471 15406 15405
f 10440 10441 10472 10465
f 10465 10472 10473 10466
f 10466 10473 10474 10467
f 10467 10474 10475 10468
f 10468 10475 10476 10469
f 10469 10476 10477 10470
f 10470 10477 10478 10471
f 10471 10478 15407 15406
f 10441 10442 10479 10472
f 10472 10479 10480 10473
f 10473 10480 10481 10474
f 10474 10481 10482 10475
f 10475 10482 10483 10476
f 10476 10483 10484 10477
f 10477 10484 10485 10478
f 10478 10485 15408 15407
f 10442 10443 10486 10479
f 10479 10486 10487 10480
f 10480 10487 10488 10481
f 10481 10488 10489 10482
f 10482 10489 10490 10483
f 10483 10490 10491 10484
f 10484 10491 10492 10485
f 10485 10492 15409 15408
f 10443 15102 15101 10486
f 10486 15101 15100 10487
f 10487 15100 15099 10488
f 10488 15099 15098 10489
f 10489 15098 15097 10490
f 10490 15097 15096 10491
f 10491 15096 15095 10492
f 10492 15095 16911 15409
f 10415 10416 10493 10423
f 10423 10493 10494 10424
f 10424 10494 10495 10425
f 10425 10495 10496 10426
f 10426 10496 10497 10427
f 10427 10497 10498 10428
f 10428 10498 10499 10429
f 10429 10499 16391 16392
f 10416 10417 10500 10493
f 10493 10500 10501 10494
f 10494 10501 10502 10495
f 10495 10502 10503 10496
f 10496 10503 10504 10497
f 10497 10504 10505 10498
f 10498 10505 10506 10499
f 10499 10506 16390 16391
f 10417 10418 10507 10500
f 10500 10507 10508 10501
f 10501 10508 10509 10502
f 10502 10509 10510 10503
f 10503 10510 10511 10504
f 10504 10511 10512 10505
f 10505 10512 10513 10506
f 10506 10513 16389 16390
f 10418 10419 10514 10507
f 10507 10514 10515 10508
f 10508 10515 10516 10509
f 10509 10516 10517 10510
f 10510 10517 10518 10511
f 10511 10518 10519 10512
f 10512 10519 10520 10513
f 10513 10520 16388 16389
f 10419 10420 10521 10514
f 10514 10521 10522 10515
f 10515 10522 10523 10516
f 10516 10523 10524 10517
f 10517 10524 10525 10518
f 10518 10525 10526 10519
f 10519 10526 10527 10520
f 10520 10527 16387 16388
f 10420 10421 10528 10521
f 10521 10528 10529 10522
f 10522 10529 10530 10523
f 10523 10530 10531 10524
f 10524 10531 10532 10525
f 10525 10532 10533 10526
f 10526 10533 10534 10527
f 10527 10534 16386 16387
f 10421 10422 10535 10528
f 10528 10535 10536 10529
f 10529 10536 10537 10530
f 10530 10537 10538 10531
f 10531 10538 10539 10532
f 10532 10539 10540 10533
f 10533 10540 10541 10534
f 10534 10541 16385 16386
f 10422 15402 15401 10535
f 10535 15401 15400 10536
f 10536 15400 15399 10537
f 10537 15399 15398 10538
f 10538 15398 15397 10539
f 10539 15397 15396 10540
f 10540 15396 15395 10541
f 10541 15395 16943 16385
f 10415 10423 10542 10430
f 10430 10542 10543 10431
f 10431 10543 10544 10432
f 10432 10544 10545 10433
f 10433 10545 10546 10434
f 10434 10546 10547 10435
f 10435 10547 10548 10436
f 10436 10548 15206 15207
f 10423 10424 10549 10542
f 10542 10549 10550 10543
f 10543 10550 10551 10544
f 10544 10551 10552 10545
f 10545 10552 10553 10546
f 10546 10553 10554 10547
f 10547 10554 10555 10548
f 10548 10555 15205 15206
f 10424 10425 10556 10549
f 10549 10556 10557 10550
f 10550 10557 10558 10551
f 10551 10558 10559 10552
f 10552 10559 10560 10553
f 10553 10560 10561 10554
f 10554 10561 10562 10555
f 10555 10562 15204 15205
f 10425 10426 10563 10556
f 10556 10563 10564 10557
f 10557 10564 10565 10558
f 10558 10565 10566 10559
f 10559 10566 10567 10560
f 10560 10567 10568 10561
f 10561 10568 10569 10562
f 10562 10569 15203 15204
f 10426 10427 10570 10563
f 10563 10570 10571 10564
f 10564 10571 10572 10565
f 10565 10572 10573 10566
f 10566 10573 10574 10567
f 10567 10574 10575 10568
f 10568 10575 10576 10569
f 10569 10576 15202 15203
f 10427 10428 10577 10570
f 10570 10577 10578 10571
f 10571 10578 10579 10572
f 10572 10579 10580 10573
f 10573 10580 10581 10574
f 10574 10581 10582 10575
f 10575 10582 10583 10576
f 10576 10583 15201 15202
f 10428 10429 10584 10577
f 10577 10584 10585 10578
f 10578 10585 10586 10579
f 10579 10586 10587 10580
f 10580 10587 10588 10581
f 10581 10588 10589 10582
f 10582 10589 10590 10583
f 10583 10590 15200 15201
f 10429 16392 16393 10584
f 10584 16393 16394 10585
f 10585 16394 16395 10586
f 10586 16395 16396 10587
f 10587 16396 16397 10588
f 10588 16397 16398 10589
f 10589 16398 16399 10590
f 10590 16399 16940 15200
f 10415 10430 10591 10437
f 10437 10591 10592 10438
f 10438 10592 10593 10439
f 10439 10593 10594 10440
f 10440 10594 10595 10441
f 10441 10595 10596 10442
f 10442 10596 10597 10443
f 10443 10597 15103 15102
f 10430 10431 10598 10591
f 10591 10598 10599 10592
f 10592 10599 10600 10593
f 10593 10600 10601 10594
f 10594 10601 10602 10595
f 10595 10602 10603 10596
f 10596 10603 10604 10597
f 10597 10604 15104 15103
f 10431 10432 10605 10598
f 10598 10605 10606 10599
f 10599 10606 10607 10600
f 10600 10607 10608 10601
f 10601 10608 10609 10602
f 10602 10609 10610 10603
f 10603 10610 10611 10604
f 10604 10611 15105 15104
f 10432 10433 10612 10605
f 10605 10612 10613 10606
f 10606 10613 10614 10607
f 10607 10614 10615 10608
f 10608 10615 10616 10609
f 10609 10616 10617 10610
f 10610 10617 10618 10611
f 10611 10618 15106 15105
f 10433 10434 10619 10612
f 10612 10619 10620 10613
f 10613 10620 10621 10614
f 10614 10621 10622 10615
f 10615 10622 10623 10616
f 10616 10623 10624 10617
f 10617 10624 10625 10618
f 10618 10625 15107 15106
f 10434 10435 10626 10619
f 10619 10626 10627 10620
f 10620 10627 10628 10621
f 10621 10628 10629 10622
f 10622 10629 10630 10623
f 10623 10630 10631 10624
f 10624 10631 10632 10625
f 10625 10632 15108 15107
f 10435 10436 10633 10626
f 10626 10633 10634 10627
f 10627 10634 10635 10628
f 10628 10635 10636 10629
f 10629 10636 10637 10630
f 10630 10637 10638 10631
f 10631 10638 10639 10632
f 10632 10639 15109 15108
f 10436 15207 15208 10633
f 10633 15208 15209 10634
f 10634 15209 15210 10635
f 10635 15210 15211 10636
f 10636 15211 15212 10637
f 10637 15212 15213 10638
f 10638 15213 15214 10639
f 10639 15214 16903 15109
f 10640 10662 10669 10641
f 10641 10669 10670 10642
f 10642 10670 10671 10643
f 10643 10671 10672 10644
f 10644 10672 10673 10645
f 10645 10673 10674 10646
f 10646 10674 10675 10647
f 10647 10675 15131 15132
f 10662 10663 10676 10669
f 10669 10676 10677 10670
f 10670 10677 10678 10671
f 10671 10678 10679 10672
f 10672 10679 10680 10673
f 10673 10680 10681 10674
f 10674 10681 10682 10675
f 10675 10682 15130 15131
f 10663 10664 10683 10676
f 10676 10683 10684 10677
f 10677 10684 10685 10678
f 10678 10685 10686 10679
f 10679 10686 10687 10680
f 10680 10687 10688 10681
f 10681 10688 10689 10682
f 10682 10689 15129 15130
f 10664 10665 10690 10683
f 10683 10690 10691 10684
f 10684 10691 10692 10685
f 10685 10692 10693 10686
f 10686 10693 10694 10687
f 10687 10694 10695 10688
f 10688 10695 10696 10689
f 10689 10696 15128 15129
f 10665 10666 10697 10690
f 10690 10697 10698 10691
f 10691 10698 10699 10692
f 10692 10699 10700 10693
f 10693 10700 10701 10694
f 10694 10701 10702 10695
f 10695 10702 10703 10696
f 10696 10703 15127 15128
f 10666 10667 10704 10697
f 10697 10704 10705 10698
f 10698 10705 10706 10699
f 10699 10706 10707 10700
f 10700 10707 10708 10701
f 10701 10708 10709 10702
f 10702 10709 10710 10703
f 10703 10710 15126 15127
f 10667 10668 10711 10704
f 10704 10711 10712 10705
f 10705 10712 10713 10706
f 10706 10713 10714 10707
f 10707 10714 10715 10708
f 10708 10715 10716 10709
f 10709 10716 10717 10710
f 10710 10717 15125 15126
f 10668 16197 16196 10711
f 10711 16196 16195 10712
f 10712 16195 16194 10713
f 10713 16194 16193 10714
f 10714 16193 16192 10715
f 10715 16192 16191 10716
f 10716 16191 16190 10717
f 10717 16190 16913 15125
f 10640 10641 10718 10648
f 10648 10718 10719 10649
f 10649 10719 10720 10650
f 10650 10720 10721 10651
f 10651 10721 10722 10652
f 10652 10722 10723 10653
f 10653 10723 10724 10654
f 10654 10724 16121 16122
f 10641 10642 10725 10718
f 10718 10725 10726 10719
f 10719 10726 10727 10720
f 10720 10727 10728 10721
f 10721 10728 10729 10722
f 10722 10729 10730 10723
f 10723 10730 10731 10724
f 10724 10731 16120 16121
f 10642 10643 10732 10725
f 10725 10732 10733 10726
f 10726 10733 10734 10727
f 10727 10734 10735 10728
f 10728 10735 10736 10729
f 10729 10736 10737 10730
f 10730 10737 10738 10731
f 10731 10738 16119 16120
f 10643 10644 10739 10732
f 10732 10739 10740 10733
f 10733 10740 10741 10734
f 10734 10741 10742 10735
f 10735 10742 10743 10736
f 10736 10743 10744 10737
f 10737 10744 10745 10738
f 10738 10745 16118 16119
f 10644 10645 10746 10739
f 10739 10746 10747 10740
f 10740 10747 10748 10741
f 10741 10748 10749 10742
f 10742 10749 10750 10743
f 10743 10750 10751 10744
f 10744 10751 10752 10745
f 10745 10752 16117 16118
f 10645 10646 10753 10746
f 10746 10753 10754 10747
f 10747 10754 10755 10748
f 10748 10755 10756 10749
f 10749 10756 10757 10750
f 10750 10757 10758 10751
f 10751 10758 10759 10752
f 10752 10759 16116 16117
f 10646 10647 10760 10753
f 10753 10760 10761 10754
f 10754 10761 10762 10755
f 10755 10762 10763 10756
f 10756 10763 10764 10757
f 10757 10764 10765 10758
f 10758 10765 10766 10759
f 10759 10766 16115 16116
f 10647 15132 15133 10760
f 10760 15133 15134 10761
f 10761 15134 15135 10762
f 10762 15135 15136 10763
f 10763 15136 15137 10764
f 10764 15137 15138 10765
f 10765 15138 15139 10766
f 10766 15139 16905 16115
f 10640 10648 10767 10655
f 10655 10767 10768 10656
f 10656 10768 10769 10657
f 10657 10769 10770 10658
f 10658 10770 10771 10659
f 10659 10771 10772 10660
f 10660 10772 10773 10661
f 10661 10773 16406 16407
f 10648 10649 10774 10767
f 10767 10774 10775 10768
f 10768 10775 10776 10769
f 10769 10776 10777 10770
f 10770 10777 10778 10771
f 10771 10778 10779 10772
f 10772 10779 10780 10773
f 10773 10780 16405 16406
f 10649 10650 10781 10774
f 10774 10781 10782 10775
f 10775 10782 10783 10776
f 10776 10783 10784 10777
f 10777 10784 10785 10778
f 10778 10785 10786 10779
f 10779 10786 10787 10780
f 10780 10787 16404 16405
f 10650 10651 10788 10781
f 10781 10788 10789 10782
f 10782 10789 10790 10783
f 10783 10790 10791 10784
f 10784 10791 10792 10785
f 10785 10792 10793 10786
f 10786 10793 10794 10787
f 10787 10794 16403 16404
f 10651 10652 10795 10788
f 10788 10795 10796 10789
f 10789 10796 10797 10790
f 10790 10797 10798 10791
f 10791 10798 10799 10792
f 10792 10799 10800 10793
f 10793 10800 10801 10794
f 10794 10801 16402 16403
f 10652 10653 10802 10795
f 10795 10802 10803 10796
f 10796 10803 10804 10797
f 10797 10804 10805 10798
f 10798 10805 10806 10799
f 10799 10806 10807 10800
f 10800 10807 10808 10801
f 10801 10808 16401 16402
f 10653 10654 10809 10802
f 10802 10809 10810 10803
f 10803 10810 10811 10804
f 10804 10811 10812 10805
f 10805 10812 10813 10806
f 10806 10813 10814 10807
f 10807 10814 10815 10808
f 10808 10815 16400 16401
f 10654 16122 16123 10809
f 10809 16123 16124 10810
f 10810 16124 16125 10811
f 10811 16125 16126 10812
f 10812 16126 16127 10813
f 10813 16127 16128 10814
f 10814 16128 16129 10815
f 10815 16129 16939 16400
f 10640 10655 10816 10662
f 10662 10816 10817 10663
f 10663 10817 10818 10664
f 10664 10818 10819 10665
f 10665 10819 10820 10666
f 10666 10820 10821 10667
f 10667 10821 10822 10668
f 10668 10822 16198 16197
f 10655 10656 10823 10816
f 10816 10823 10824 10817
f 10817 10824 10825 10818
f 10818 10825 10826 10819
f 10819 10826 10827 10820
f 10820 10827 10828 10821
f 10821 10828 10829 10822
f 10822 10829 16199 16198
f 10656 10657 10830 10823
f 10823 10830 10831 10824
f 10824 10831 10832 10825
f 10825 10832 10833 10826
f 10826 10833 10834 10827
f 10827 10834 10835 10828
f 10828 10835 10836 10829
f 10829 10836 16200 16199
f 10657 10658 10837 10830
f 10830 10837 10838 10831
f 10831 10838 10839 10832
f 10832 10839 10840 10833
f 10833 10840 10841 10834
f 10834 10841 10842 10835
f 10835 10842 10843 10836
f 10836 10843 16201 16200
f 10658 10659 10844 10837
f 10837 10844 10845 10838
f 10838 10845 10846 10839
f 10839 10846 10847 10840
f 10840 10847 10848 10841
f 10841 10848 10849 10842
f 10842 10849 10850 10843
f 10843 10850 16202 16201
f 10659 10660 10851 10844
f 10844 10851 10852 10845
f 10845 10852 10853 10846
f 10846 10853 10854 10847
f 10847 10854 10855 10848
f 10848 10855 10856 10849
f 10849 10856 10857 10850
f 10850 10857 16203 16202
f 10660 10661 10858 10851
f 10851 10858 10859 10852
f 10852 10859 10860 10853
f 10853 10860 10861 10854
f 10854 10861 10862 10855
f 10855 10862 10863 10856
f 10856 10863 10864 10857
f 10857 10864 16204 16203
f 10661 16407 16408 10858
f 10858 16408 16409 10859
f 10859 16409 16410 10860
f 10860 16410 16411 10861
f 10861 16411 16412 10862
f 10862 16412 16413 10863
f 10863 16413 16414 10864
f 10864 16414 16944 16204
f 10865 10887 10894 10866
f 10866 10894 10895 10867
f 10867 10895 10896 10868
f 10868 10896 10897 10869
f 10869 10897 10898 10870
f 10870 10898 10899 10871
f 10871 10899 10900 10872
f 10872 10900 16693 16692
f 10887 10888 10901 10894
f 10894 10901 10902 10895
f 10895 10902 10903 10896
f 10896 10903 10904 10897
f 10897 10904 10905 10898
f 10898 10905 10906 10899
f 10899 10906 10907 10900
f 10900 10907 16694 16693
f 10888 10889 10908 10901
f 10901 10908 10909 10902
f 10902 10909 10910 10903
f 10903 10910 10911 10904
f 10904 10911 10912 10905
f 10905 10912 10913 10906
f 10906 10913 10914 10907
f 10907 10914 16695 16694
f 10889 10890 10915 10908
f 10908 10915 10916 10909
f 10909 10916 10917 10910
f 10910 10917 10918 10911
f 10911 10918 10919 10912
f 10912 10919 10920 10913
f 10913 10920 10921 10914
f 10914 10921 16696 16695
f 10890 10891 10922 10915
f 10915 10922 10923 10916
f 10916 10923 10924 10917
f 10917 10924 10925 10918
f 10918 10925 10926 10919
f 10919 10926 10927 10920
f 10920 10927 10928 10921
f 10921 10928 16697 16696
f 10891 10892 10929 10922
f 10922 10929 10930 10923
f 10923 10930 10931 10924
f 10924 10931 10932 10925
f 10925 10932 10933 10926
f 10926 10933 10934 10927
f 10927 10934 10935 10928
f 10928 10935 16698 16697
f 10892 10893 10936 10929
f 10929 10936 10937 10930
f 10930 10937 10938 10931
f 10931 10938 10939 10932
f 10932 10939 10940 10933
f 10933 10940 10941 10934
f 10934 10941 10942 10935
f 10935 10942 16699 16698
f 10893 16242 16241 10936
f 10936 16241 16240 10937
f 10937 16240 16239 10938
f 10938 16239 16238 10939
f 10939 16238 16237 10940
f 10940 16237 16236 10941
f 10941 16236 16235 10942
f 10942 16235 16962 16699
f 10865 10866 10943 10873
f 10873 10943 10944 10874
f 10874 10944 10945 10875
f 10875 10945 10946 10876
f 10876 10946 10947 10877
f 10877 10947 10948 10878
f 10878 10948 10949 10879
f 10879 10949 16106 16107
f 10866 10867 10950 10943
f 10943 10950 10951 10944
f 10944 10951 10952 10945
f 10945 10952 10953 10946
f 10946 10953 10954 10947
f 10947 10954 10955 10948
f 10948 10955 10956 10949
f 10949 10956 16105 16106
f 10867 10868 10957 10950
f 10950 10957 10958 10951
f 10951 10958 10959 10952
f 10952 10959 10960 10953
f 10953 10960 10961 10954
f 10954 10961 10962 10955
f 10955 10962 10963 10956
f 10956 10963 16104 16105
f 10868 10869 10964 10957
f 10957 10964 10965 10958
f 10958 10965 10966 10959
f 10959 10966 10967 10960
f 10960 10967 10968 10961
f 10961 10968 10969 10962
f 10962 10969 10970 10963
f 10963 10970 16103 16104
f 10869 10870 10971 10964
f 10964 10971 10972 10965
f 10965 10972 10973 10966
f 10966 10973 10974 10967
f 10967 10974 10975 10968
f 10968 10975 10976 10969
f 10969 10976 10977 10970
f 10970 10977 16102 16103
f 10870 10871 10978 10971
f 10971 10978 10979 10972
f 10972 10979 10980 10973
f 10973 10980 10981 10974
f 10974 10981 10982 10975
f 10975 10982 10983 10976
f 10976 10983 10984 10977
f 10977 10984 16101 16102
f 10871 10872 10985 10978
f 10978 10985 10986 10979
f 10979 10986 10987 10980
f 10980 10987 10988 10981
f 10981 10988 10989 10982
f 10982 10989 10990 10983
f 10983 10990 10991 10984
f 10984 10991 16100 16101
f 10872 16692 16691 10985
f 10985 16691 16690 10986
f 10986 16690 16689 10987
f 10987 16689 16688 10988
f 10988 16688 16687 10989
f 10989 16687 16686 10990
f 10990 16686 16685 10991
f 10991 16685 16957 16100
f 10865 10873 10992 10880
f 10880 10992 10993 10881
f 10881 10993 10994 10882
f 10882 10994 10995 10883
f 10883 10995 10996 10884
f 10884 10996 10997 10885
f 10885 10997 10998 10886
f 10886 10998 16421 16422
f 10873 10874 10999 10992
f 10992 10999 11000 10993
f 10993 11000 11001 10994
f 10994 11001 11002 10995
f 10995 11002 11003 10996
f 10996 11003 11004 10997
f 10997 11004 11005 10998
f 10998 11005 16420 16421
f 10874 10875 11006 10999
f 10999 11006 11007 11000
f 11000 11007 11008 11001
f 11001 11008 11009 11002
f 11002 11009 11010 11003
f 11003 11010 11011 11004
f 11004 11011 11012 11005
f 11005 11012 16419 16420
f 10875 10876 11013 11006
f 11006 11013 11014 11007
f 11007 11014 11015 11008
f 11008 11015 11016 11009
f 11009 11016 11017 11010
f 11010 11017 11018 11011
f 11011 11018 11019 11012
f 11012 11019 16418 16419
f 10876 10877 11020 11013
f 11013 11020 11021 11014
f 11014 11021 11022 11015
f 11015 11022 11023 11016
f 11016 11023 11024 11017
f 11017 11024 11025 11018
f 11018 11025 11026 11019
f 11019 11026 16417 16418
f 10877 10878 11027 11020
f 11020 11027 11028 11021
f 11021 11028 11029 11022
f 11022 11029 11030 11023
f 11023 11030 11031 11024
f 11024 11031 11032 11025
f 11025 11032 11033 11026
f 11026 11033 16416 16417
f 10878 10879 11034 11027
f 11027 11034 11035 11028
f 11028 11035 11036 11029
f 11029 11036 11037 11030
f 11030 11037 11038 11031
f 11031 11038 11039 11032
f 11032 11039 11040 11033
f 11033 11040 16415 16416
f 10879 16107 16108 11034
f 11034 16108 16109 11035
f 11035 16109 16110 11036
f 11036 16110 16111 11037
f 11037 16111 16112 11038
f 11038 16112 16113 11039
f 11039 16113 16114 11040
f 11040 16114 16938 16415
f 10865 10880 11041 10887
f 10887 11041 11042 10888
f 10888 11042 11043 10889
f 10889 11043 11044 10890
f 10890 11044 11045 10891
f 10891 11045 11046 10892
f 10892 11046 11047 10893
f 10893 11047 16243 16242
f 10880 10881 11048 11041
f 11041 11048 11049 11042
f 11042 11049 11050 11043
f 11043 11050 11051 11044
f 11044 11051 11052 11045
f 11045 11052 11053 11046
f 11046 11053 11054 11047
f 11047 11054 16244 16243
f 10881 10882 11055 11048
f 11048 11055 11056 11049
f 11049 11056 11057 11050
f 11050 11057 11058 11051
f 11051 11058 11059 11052
f 11052 11059 11060 11053
f 11053 11060 11061 11054
f 11054 11061 16245 16244
f 10882 10883 11062 11055
f 11055 11062 11063 11056
f 11056 11063 11064 11057
f 11057 11064 11065 11058
f 11058 11065 11066 11059
f 11059 11066 11067 11060
f 11060 11067 11068 11061
f 11061 11068 16246 16245
f 10883 10884 11069 11062
f 11062 11069 11070 11063
f 11063 11070 11071 11064
f 11064 11071 11072 11065
f 11065 11072 11073 11066
f 11066 11073 11074 11067
f 11067 11074 11075 11068
f 11068 11075 16247 16246
f 10884 10885 11076 11069
f 11069 11076 11077 11070
f 11070 11077 11078 11071
f 11071 11078 11079 11072
f 11072 11079 11080 11073
f 11073 11080 11081 11074
f 11074 11081 11082 11075
f 11075 11082 16248 16247
f 10885 10886 11083 11076
f 11076 11083 11084 11077
f 11077 11084 11085 11078
f 11078 11085 11086 11079
f 11079 11086 11087 11080
f 11080 11087 11088 11081
f 11081 11088 11089 11082
f 11082 11089 16249 16248
f 10886 16422 16423 11083
f 11083 16423 16424 11084
f 11084 16424 16425 11085
f 11085 16425 16426 11086
f 11086 16426 16427 11087
f 11087 16427 16428 11088
f 11088 16428 16429 11089
f 11089 16429 16947 16249
f 11090 11112 11119 11091
f 11091 11119 11120 11092
f 11092 11120 11121 11093
f 11093 11121 11122 11094
f 11094 11122 11123 11095
f 11095 11123 11124 11096
f 11096 11124 11125 11097
f 11097 11125 14951 14952
f 11112 11113 11126 11119
f 11119 11126 11127 11120
f 11120 11127 11128 11121
f 11121 11128 11129 11122
f 11122 11129 11130 11123
f 11123 11130 11131 11124
f 11124 11131 11132 11125
f 11125 11132 14950 14951
f 11113 11114 11133 11126
f 11126 11133 11134 11127
f 11127 11134 11135 11128
f 11128 11135 11136 11129
f 11129 11136 11137 11130
f 11130 11137 11138 11131
f 11131 11138 11139 11132
f 11132 11139 14949 14950
f 11114 11115 11140 11133
f 11133 11140 11141 11134
f 11134 11141 11142 11135
f 11135 11142 11143 11136
f 11136 11143 11144 11137
f 11137 11144 11145 11138
f 11138 11145 11146 11139
f 11139 11146 14948 14949
f 11115 11116 11147 11140
f 11140 11147 11148 11141
f 11141 11148 11149 11142
f 11142 11149 11150 11143
f 11143 11150 11151 11144
f 11144 11151 11152 11145
f 11145 11152 11153 11146
f 11146 11153 14947 14948
f 11116 11117 11154 11147
f 11147 11154 11155 11148
f 11148 11155 11156 11149
f 11149 11156 11157 11150
f 11150 11157 11158 11151
f 11151 11158 11159 11152
f 11152 11159 11160 11153
f 11153 11160 14946 14947
f 11117 11118 11161 11154
f 11154 11161 11162 11155
f 11155 11162 11163 11156
f 11156 11163 11164 11157
f 11157 11164 11165 11158
f 11158 11165 11166 11159
f 11159 11166 11167 11160
f 11160 11167 14945 14946
f 11118 16257 16256 11161
f 11161 16256 16255 11162
f 11162 16255 16254 11163
f 11163 16254 16253 11164
f 11164 16253 16252 11165
f 11165 16252 16251 11166
f 11166 16251 16250 11167
f 11167 16250 16925 14945
f 11090 11091 11168 11098
f 11098 11168 11169 11099
f 11099 11169 11170 11100
f 11100 11170 11171 11101
f 11101 11171 11172 11102
f 11102 11172 11173 11103
f 11103 11173 11174 11104
f 11104 11174 16091 16092
f 11091 11092 11175 11168
f 11168 11175 11176 11169
f 11169 11176 11177 11170
f 11170 11177 11178 11171
f 11171 11178 11179 11172
f 11172 11179 11180 11173
f 11173 11180 11181 11174
f 11174 11181 16090 16091
f 11092 11093 11182 11175
f 11175 11182 11183 11176
f 11176 11183 11184 11177
f 11177 11184 11185 11178
f 11178 11185 11186 11179
f 11179 11186 11187 11180
f 11180 11187 11188 11181
f 11181 11188 16089 16090
f 11093 11094 11189 11182
f 11182 11189 11190 11183
f 11183 11190 11191 11184
f 11184 11191 11192 11185
f 11185 11192 11193 11186
f 11186 11193 11194 11187
f 11187 11194 11195 11188
f 11188 11195 16088 16089
f 11094 11095 11196 11189
f 11189 11196 11197 11190
f 11190 11197 11198 11191
f 11191 11198 11199 11192
f 11192 11199 11200 11193
f 11193 11200 11201 11194
f 11194 11201 11202 11195
f 11195 11202 16087 16088
f 11095 11096 11203 11196
f 11196 11203 11204 11197
f 11197 11204 11205 11198
f 11198 11205 11206 11199
f 11199 11206 11207 11200
f 11200 11207 11208 11201
f 11201 11208 11209 11202
f 11202 11209 16086 16087
f 11096 11097 11210 11203
f 11203 11210 11211 11204
f 11204 11211 11212 11205
f 11205 11212 11213 11206
f 11206 11213 11214 11207
f 11207 11214 11215 11208
f 11208 11215 11216 11209
f 11209 11216 16085 16086
f 11097 14952 14953 11210
f 11210 14953 14954 11211
f 11211 14954 14955 11212
f 11212 14955 14956 11213
f 11213 14956 14957 11214
f 11214 14957 14958 11215
f 11215 14958 14959 11216
f 11216 14959 16899 16085
f 11090 11098 11217 11105
f 11105 11217 11218 11106
f 11106 11218 11219 11107
f 11107 11219 11220 11108
f 11108 11220 11221 11109
f 11109 11221 11222 11110
f 11110 11222 11223 11111
f 11111 11223 16436 16437
f 11098 11099 11224 11217
f 11217 11224 11225 11218
f 11218 11225 11226 11219
f 11219 11226 11227 11220
f 11220 11227 11228 11221
f 11221 11228 11229 11222
f 11222 11229 11230 11223
f 11223 11230 16435 16436
f 11099 11100 11231 11224
f 11224 11231 11232 11225
f 11225 11232 11233 11226
f 11226 11233 11234 11227
f 11227 11234 11235 11228
f 11228 11235 11236 11229
f 11229 11236 11237 11230
f 11230 11237 16434 16435
f 11100 11101 11238 11231
f 11231 11238 11239 11232
f 11232 11239 11240 11233
f 11233 11240 11241 11234
f 11234 11241 11242 11235
f 11235 11242 11243 11236
f 11236 11243 11244 11237
f 11237 11244 16433 16434
f 11101 11102 11245 11238
f 11238 11245 11246 11239
f 11239 11246 11247 11240
f 11240 11247 11248 11241
f 11241 11248 11249 11242
f 11242 11249 11250 11243
f 11243 11250 11251 11244
f 11244 11251 16432 16433
f 11102 11103 11252 11245
f 11245 11252 11253 11246
f 11246 11253 11254 11247
f 11247 11254 11255 11248
f 11248 11255 11256 11249
f 11249 11256 11257 11250
f 11250 11257 11258 11251
f 11251 11258 16431 16432
f 11103 11104 11259 11252
f 11252 11259 11260 11253
f 11253 11260 11261 11254
f 11254 11261 11262 11255
f 11255 11262 11263 11256
f 11256 11263 11264 11257
f 11257 11264 11265 11258
f 11258 11265 16430 16431
f 11104 16092 16093 11259
f 11259 16093 16094 11260
f 11260 16094 16095 11261
f 11261 16095 16096 11262
f 11262 16096 16097 11263
f 11263 16097 16098 11264
f 11264 16098 16099 11265
f 11265 16099 16937 16430
f 11090 11105 11266 11112
f 11112 11266 11267 11113
f 11113 11267 11268 11114
f 11114 11268 11269 11115
f 11115 11269 11270 11116
f 11116 11270 11271 11117
f 11117 11271 11272 11118
f 11118 11272 16258 16257
f 11105 11106 11273 11266
f 11266 11273 11274 11267
f 11267 11274 11275 11268
f 11268 11275 11276 11269
f 11269 11276 11277 11270
f 11270 11277 11278 11271
f 11271 11278 11279 11272
f 11272 11279 16259 16258
f 11106 11107 11280 11273
f 11273 11280 11281 11274
f 11274 11281 11282 11275
f 11275 11282 11283 11276
f 11276 11283 11284 11277
f 11277 11284 11285 11278
f 11278 11285 11286 11279
f 11279 11286 16260 16259
f 11107 11108 11287 11280
f 11280 11287 11288 11281
f 11281 11288 11289 11282
f 11282 11289 11290 11283
f 11283 11290 11291 11284
f 11284 11291 11292 11285
f 11285 11292 11293 11286
f 11286 11293 16261 16260
f 11108 11109 11294 11287
f 11287 11294 11295 11288
f 11288 11295 11296 11289
f 11289 11296 11297 11290
f 11290 11297 11298 11291
f 11291 11298 11299 11292
f 11292 11299 11300 11293
f 11293 11300 16262 16261
f 11109 11110 11301 11294
f 11294 11301 11302 11295
f 11295 11302 11303 11296
f 11296 11303 11304 11297
f 11297 11304 11305 11298
f 11298 11305 11306 11299
f 11299 11306 11307 11300
f 11300 11307 16263 16262
f 11110 11111 11308 11301
f 11301 11308 11309 11302
f 11302 11309 11310 11303
f 11303 11310 11311 11304
f 11304 11311 11312 11305
f 11305 11312 11313 11306
f 11306 11313 11314 11307
f 11307 11314 16264 16263
f 11111 16437 16438 11308
f 11308 16438 16439 11309
f 11309 16439 16440 11310
f 11310 16440 16441 11311
f 11311 16441 16442 11312
f 11312 16442 16443 11313
f 11313 16443 16444 11314
f 11314 16444 16948 16264
f 11315 11337 11344 11316
f 11316 11344 11345 11317
f 11317 11345 11346 11318
f 11318 11346 11347 11319
f 11319 11347 11348 11320
f 11320 11348 11349 11321
f 11321 11349 11350 11322
f 11322 11350 15056 15057
f 11337 11338 11351 11344
f 11344 11351 11352 11345
f 11345 11352 11353 11346
f 11346 11353 11354 11347
f 11347 11354 11355 11348
f 11348 11355 11356 11349
f 11349 11356 11357 11350
f 11350 11357 15055 15056
f 11338 11339 11358 11351
f 11351 11358 11359 11352
f 11352 11359 11360 11353
f 11353 11360 11361 11354
f 11354 11361 11362 11355
f 11355 11362 11363 11356
f 11356 11363 11364 11357
f 11357 11364 15054 15055
f 11339 11340 11365 11358
f 11358 11365 11366 11359
f 11359 11366 11367 11360
f 11360 11367 11368 11361
f 11361 11368 11369 11362
f 11362 11369 11370 11363
f 11363 11370 11371 11364
f 11364 11371 15053 15054
f 11340 11341 11372 11365
f 11365 11372 11373 11366
f 11366 11373 11374 11367
f 11367 11374 11375 11368
f 11368 11375 11376 11369
f 11369 11376 11377 11370
f 11370 11377 11378 11371
f 11371 11378 15052 15053
f 11341 11342 11379 11372
f 11372 11379 11380 11373
f 11373 11380 11381 11374
f 11374 11381 11382 11375
f 11375 11382 11383 11376
f 11376 11383 11384 11377
f 11377 11384 11385 11378
f 11378 11385 15051 15052
f 11342 11343 11386 11379
f 11379 11386 11387 11380
f 11380 11387 11388 11381
f 11381 11388 11389 11382
f 11382 11389 11390 11383
f 11383 11390 11391 11384
f 11384 11391 11392 11385
f 11385 11392 15050 15051
f 11343 16152 16151 11386
f 11386 16151 16150 11387
f 11387 16150 16149 11388
f 11388 16149 16148 11389
f 11389 16148 16147 11390
f 11390 16147 16146 11391
f 11391 16146 16145 11392
f 11392 16145 16909 15050
f 11315 11316 11393 11323
f 11323 11393 11394 11324
f 11324 11394 11395 11325
f 11325 11395 11396 11326
f 11326 11396 11397 11327
f 11327 11397 11398 11328
f 11328 11398 11399 11329
f 11329 11399 15088 15087
f 11316 11317 11400 11393
f 11393 11400 11401 11394
f 11394 11401 11402 11395
f 11395 11402 11403 11396
f 11396 11403 11404 11397
f 11397 11404 11405 11398
f 11398 11405 11406 11399
f 11399 11406 15089 15088
f 11317 11318 11407 11400
f 11400 11407 11408 11401
f 11401 11408 11409 11402
f 11402 11409 11410 11403
f 11403 11410 11411 11404
f 11404 11411 11412 11405
f 11405 11412 11413 11406
f 11406 11413 15090 15089
f 11318 11319 11414 11407
f 11407 11414 11415 11408
f 11408 11415 11416 11409
f 11409 11416 11417 11410
f 11410 11417 11418 11411
f 11411 11418 11419 11412
f 11412 11419 11420 11413
f 11413 11420 15091 15090
f 11319 11320 11421 11414
f 11414 11421 11422 11415
f 11415 11422 11423 11416
f 11416 11423 11424 11417
f 11417 11424 11425 11418
f 11418 11425 11426 11419
f 11419 11426 11427 11420
f 11420 11427 15092 15091
f 11320 11321 11428 11421
f 11421 11428 11429 11422
f 11422 11429 11430 11423
f 11423 11430 11431 11424
f 11424 11431 11432 11425
f 11425 11432 11433 11426
f 11426 11433 11434 11427
f 11427 11434 15093 15092
f 11321 11322 11435 11428
f 11428 11435 11436 11429
f 11429 11436 11437 11430
f 11430 11437 11438 11431
f 11431 11438 11439 11432
f 11432 11439 11440 11433
f 11433 11440 11441 11434
f 11434 11441 15094 15093
f 11322 15057 15058 11435
f 11435 15058 15059 11436
f 11436 15059 15060 11437
f 11437 15060 15061 11438
f 11438 15061 15062 11439
f 11439 15062 15063 11440
f 11440 15063 15064 11441
f 11441 15064 16902 15094
f 11315 11323 11442 11330
f 11330 11442 11443 11331
f 11331 11443 11444 11332
f 11332 11444 11445 11333
f 11333 11445 11446 11334
f 11334 11446 11447 11335
f 11335 11447 11448 11336
f 11336 11448 16451 16452
f 11323 11324 11449 11442
f 11442 11449 11450 11443
f 11443 11450 11451 11444
f 11444 11451 11452 11445
f 11445 11452 11453 11446
f 11446 11453 11454 11447
f 11447 11454 11455 11448
f 11448 11455 16450 16451
f 11324 11325 11456 11449
f 11449 11456 11457 11450
f 11450 11457 11458 11451
f 11451 11458 11459 11452
f 11452 11459 11460 11453
f 11453 11460 11461 11454
f 11454 11461 11462 11455
f 11455 11462 16449 16450
f 11325 11326 11463 11456
f 11456 11463 11464 11457
f 11457 11464 11465 11458
f 11458 11465 11466 11459
f 11459 11466 11467 11460
f 11460 11467 11468 11461
f 11461 11468 11469 11462
f 11462 11469 16448 16449
f 11326 11327 11470 11463
f 11463 11470 11471 11464
f 11464 11471 11472 11465
f 11465 11472 11473 11466
f 11466 11473 11474 11467
f 11467 11474 11475 11468
f 11468 11475 11476 11469
f 11469 11476 16447 16448
f 11327 11328 11477 11470
f 11470 11477 11478 11471
f 11471 11478 11479 11472
f 11472 11479 11480 11473
f 11473 11480 11481 11474
f 11474 11481 11482 11475
f 11475 11482 11483 11476
f 11476 11483 16446 16447
f 11328 11329 11484 11477
f 11477 11484 11485 11478
f 11478 11485 11486 11479
f 11479 11486 11487 11480
f 11480 11487 11488 11481
f 11481 11488 11489 11482
f 11482 11489 11490 11483
f 11483 11490 16445 16446
f 11329 15087 15086 11484
f 11484 15086 15085 11485
f 11485 15085 15084 11486
f 11486 15084 15083 11487
f 11487 15083 15082 11488
f 11488 15082 15081 11489
f 11489 15081 15080 11490
f 11490 15080 16938 16445
f 11315 11330 11491 11337
f 11337 11491 11492 11338
f 11338 11492 11493 11339
f 11339 11493 11494 11340
f 11340 11494 11495 11341
f 11341 11495 11496 11342
f 11342 11496 11497 11343
f 11343 11497 16153 16152
f 11330 11331 11498 11491
f 11491 11498 11499 11492
f 11492 11499 11500 11493
f 11493 11500 11501 11494
f 11494 11501 11502 11495
f 11495 11502 11503 11496
f 11496 11503 11504 11497
f 11497 11504 16154 16153
f 11331 11332 11505 11498
f 11498 11505 11506 11499
f 11499 11506 11507 11500
f 11500 11507 11508 11501
f 11501 11508 11509 11502
f 11502 11509 11510 11503
f 11503 11510 11511 11504
f 11504 11511 16155 16154
f 11332 11333 11512 11505
f 11505 11512 11513 11506
f 11506 11513 11514 11507
f 11507 11514 11515 11508
f 11508 11515 11516 11509
f 11509 11516 11517 11510
f 11510 11517 11518 11511
f 11511 11518 16156 16155
f 11333 11334 11519 11512
f 11512 11519 11520 11513
f 11513 11520 11521 11514
f 11514 11521 11522 11515
f 11515 11522 11523 11516
f 11516 11523 11524 11517
f 11517 11524 11525 11518
f 11518 11525 16157 16156
f 11334 11335 11526 11519
f 11519 11526 11527 11520
f 11520 11527 11528 11521
f 11521 11528 11529 11522
f 11522 11529 11530 11523
f 11523 11530 11531 11524
f 11524 11531 11532 11525
f 11525 11532 16158 16157
f 11335 11336 11533 11526
f 11526 11533 11534 11527
f 11527 11534 11535 11528
f 11528 11535 11536 11529
f 11529 11536 11537 11530
f 11530 11537 11538 11531
f 11531 11538 11539 11532
f 11532 11539 16159 16158
f 11336 16452 16453 11533
f 11533 16453 16454 11534
f 11534 16454 16455 11535
f 11535 16455 16456 11536
f 11536 16456 16457 11537
f 11537 16457 16458 11538
f 11538 16458 16459 11539
f 11539 16459 16941 16159
f 11540 11562 11569 11541
f 11541 11569 11570 11542
f 11542 11570 11571 11543
f 11543 11571 11572 11544
f 11544 11572 11573 11545
f 11545 11573 11574 11546
f 11546 11574 11575 11547
f 11547 11575 15328 15327
f 11562 11563 11576 11569
f 11569 11576 11577 11570
f 11570 11577 11578 11571
f 11571 11578 11579 11572
f 11572 11579 11580 11573
f 11573 11580 11581 11574
f 11574 11581 11582 11575
f 11575 11582 15329 15328
f 11563 11564 11583 11576
f 11576 11583 11584 11577
f 11577 11584 11585 11578
f 11578 11585 11586 11579
f 11579 11586 11587 11580
f 11580 11587 11588 11581
f 11581 11588 11589 11582
f 11582 11589 15330 15329
f 11564 11565 11590 11583
f 11583 11590 11591 11584
f 11584 11591 11592 11585
f 11585 11592 11593 11586
f 11586 11593 11594 11587
f 11587 11594 11595 11588
f 11588 11595 11596 11589
f 11589 11596 15331 15330
f 11565 11566 11597 11590
f 11590 11597 11598 11591
f 11591 11598 11599 11592
f 11592 11599 11600 11593
f 11593 11600 11601 11594
f 11594 11601 11602 11595
f 11595 11602 11603 11596
f 11596 11603 15332 15331
f 11566 11567 11604 11597
f 11597 11604 11605 11598
f 11598 11605 11606 11599
f 11599 11606 11607 11600
f 11600 11607 11608 11601
f 11601 11608 11609 11602
f 11602 11609 11610 11603
f 11603 11610 15333 15332
f 11567 11568 11611 11604
f 11604 11611 11612 11605
f 11605 11612 11613 11606
f 11606 11613 11614 11607
f 11607 11614 11615 11608
f 11608 11615 11616 11609
f 11609 11616 11617 11610
f 11610 11617 15334 15333
f 11568 14937 14936 11611
f 11611 14936 14935 11612
f 11612 14935 14934 11613
f 11613 14934 14933 11614
f 11614 14933 14932 11615
f 11615 14932 14931 11616
f 11616 14931 14930 11617
f 11617 14930 16907 15334
f 11540 11541 11618 11548
f 11548 11618 11619 11549
f 11549 11619 11620 11550
f 11550 11620 11621 11551
f 11551 11621 11622 11552
f 11552 11622 11623 11553
f 11553 11623 11624 11554
f 11554 11624 16466 16467
f 11541 11542 11625 11618
f 11618 11625 11626 11619
f 11619 11626 11627 11620
f 11620 11627 11628 11621
f 11621 11628 11629 11622
f 11622 11629 11630 11623
f 11623 11630 11631 11624
f 11624 11631 16465 16466
f 11542 11543 11632 11625
f 11625 11632 11633 11626
f 11626 11633 11634 11627
f 11627 11634 11635 11628
f 11628 11635 11636 11629
f 11629 11636 11637 11630
f 11630 11637 11638 11631
f 11631 11638 16464 16465
f 11543 11544 11639 11632
f 11632 11639 11640 11633
f 11633 11640 11641 11634
f 11634 11641 11642 11635
f 11635 11642 11643 11636
f 11636 11643 11644 11637
f 11637 11644 11645 11638
f 11638 11645 16463 16464
f 11544 11545 11646 11639
f 11639 11646 11647 11640
f 11640 11647 11648 11641
f 11641 11648 11649 11642
f 11642 11649 11650 11643
f 11643 11650 11651 11644
f 11644 11651 11652 11645
f 11645 11652 16462 16463
f 11545 11546 11653 11646
f 11646 11653 11654 11647
f 11647 11654 11655 11648
f 11648 11655 11656 11649
f 11649 11656 11657 11650
f 11650 11657 11658 11651
f 11651 11658 11659 11652
f 11652 11659 16461 16462
f 11546 11547 11660 11653
f 11653 11660 11661 11654
f 11654 11661 11662 11655
f 11655 11662 11663 11656
f 11656 11663 11664 11657
f 11657 11664 11665 11658
f 11658 11665 11666 11659
f 11659 11666 16460 16461
f 11547 15327 15326 11660
f 11660 15326 15325 11661
f 11661 15325 15324 11662
f 11662 15324 15323 11663
f 11663 15323 15322 11664
f 11664 15322 15321 11665
f 11665 15321 15320 11666
f 11666 15320 16942 16460
f 11540 11548 11667 11555
f 11555 11667 11668 11556
f 11556 11668 11669 11557
f 11557 11669 11670 11558
f 11558 11670 11671 11559
f 11559 11671 11672 11560
f 11560 11672 11673 11561
f 11561 11673 14996 14997
f 11548 11549 11674 11667
f 11667 11674 11675 11668
f 11668 11675 11676 11669
f 11669 11676 11677 11670
f 11670 11677 11678 11671
f 11671 11678 11679 11672
f 11672 11679 11680 11673
f 11673 11680 14995 14996
f 11549 11550 11681 11674
f 11674 11681 11682 11675
f 11675 11682 11683 11676
f 11676 11683 11684 11677
f 11677 11684 11685 11678
f 11678 11685 11686 11679
f 11679 11686 11687 11680
f 11680 11687 14994 14995
f 11550 11551 11688 11681
f 11681 11688 11689 11682
f 11682 11689 11690 11683
f 11683 11690 11691 11684
f 11684 11691 11692 11685
f 11685 11692 11693 11686
f 11686 11693 11694 11687
f 11687 11694 14993 14994
f 11551 11552 11695 11688
f 11688 11695 11696 11689
f 11689 11696 11697 11690
f 11690 11697 11698 11691
f 11691 11698 11699 11692
f 11692 11699 11700 11693
f 11693 11700 11701 11694
f 11694 11701 14992 14993
f 11552 11553 11702 11695
f 11695 11702 11703 11696
f 11696 11703 11704 11697
f 11697 11704 11705 11698
f 11698 11705 11706 11699
f 11699 11706 11707 11700
f 11700 11707 11708 11701
f 11701 11708 14991 14992
f 11553 11554 11709 11702
f 11702 11709 11710 11703
f 11703 11710 11711 11704
f 11704 11711 11712 11705
f 11705 11712 11713 11706
f 11706 11713 11714 11707
f 11707 11714 11715 11708
f 11708 11715 14990 14991
f 11554 16467 16468 11709
f 11709 16468 16469 11710
f 11710 16469 16470 11711
f 11711 16470 16471 11712
f 11712 16471 16472 11713
f 11713 16472 16473 11714
f 11714 16473 16474 11715
f 11715 16474 16936 14990
f 11540 11555 11716 11562
f 11562 11716 11717 11563
f 11563 11717 11718 11564
f 11564 11718 11719 11565
f 11565 11719 11720 11566
f 11566 11720 11721 11567
f 11567 11721 11722 11568
f 11568 11722 14938 14937
f 11555 11556 11723 11716
f 11716 11723 11724 11717
f 11717 11724 11725 11718
f 11718 11725 11726 11719
f 11719 11726 11727 11720
f 11720 11727 11728 11721
f 11721 11728 11729 11722
f 11722 11729 14939 14938
f 11556 11557 11730 11723
f 11723 11730 11731 11724
f 11724 11731 11732 11725
f 11725 11732 11733 11726
f 11726 11733 11734 11727
f 11727 11734 11735 11728
f 11728 11735 11736 11729
f 11729 11736 14940 14939
f 11557 11558 11737 11730
f 11730 11737 11738 11731
f 11731 11738 11739 11732
f 11732 11739 11740 11733
f 11733 11740 11741 11734
f 11734 11741 11742 11735
f 11735 11742 11743 11736
f 11736 11743 14941 14940
f 11558 11559 11744 11737
f 11737 11744 11745 11738
f 11738 11745 11746 11739
f 11739 11746 11747 11740
f 11740 11747 11748 11741
f 11741 11748 11749 11742
f 11742 11749 11750 11743
f 11743 11750 14942 14941
f 11559 11560 11751 11744
f 11744 11751 11752 11745
f 11745 11752 11753 11746
f 11746 11753 11754 11747
f 11747 11754 11755 11748
f 11748 11755 11756 11749
f 11749 11756 11757 11750
f 11750 11757 14943 14942
f 11560 11561 11758 11751
f 11751 11758 11759 11752
f 11752 11759 11760 11753
f 11753 11760 11761 11754
f 11754 11761 11762 11755
f 11755 11762 11763 11756
f 11756 11763 11764 11757
f 11757 11764 14944 14943
f 11561 14997 14998 11758
f 11758 14998 14999 11759
f 11759 14999 15000 11760
f 11760 15000 15001 11761
f 11761 15001 15002 11762
f 11762 15002 15003 11763
f 11763 15003 15004 11764
f 11764 15004 16898 14944
f 11765 11787 11794 11766
f 11766 11794 11795 11767
f 11767 11795 11796 11768
f 11768 11796 11797 11769
f 11769 11797 11798 11770
f 11770 11798 11799 11771
f 11771 11799 11800 11772
f 11772 11800 15011 15012
f 11787 11788 11801 11794
f 11794 11801 11802 11795
f 11795 11802 11803 11796
f 11796 11803 11804 11797
f 11797 11804 11805 11798
f 11798 11805 11806 11799
f 11799 11806 11807 11800
f 11800 11807 15010 15011
f 11788 11789 11808 11801
f 11801 11808 11809 11802
f 11802 11809 11810 11803
f 11803 11810 11811 11804
f 11804 11811 11812 11805
f 11805 11812 11813 11806
f 11806 11813 11814 11807
f 11807 11814 15009 15010
f 11789 11790 11815 11808
f 11808 11815 11816 11809
f 11809 11816 11817 11810
f 11810 11817 11818 11811
f 11811 11818 11819 11812
f 11812 11819 11820 11813
f 11813 11820 11821 11814
f 11814 11821 15008 15009
f 11790 11791 11822 11815
f 11815 11822 11823 11816
f 11816 11823 11824 11817
f 11817 11824 11825 11818
f 11818 11825 11826 11819
f 11819 11826 11827 11820
f 11820 11827 11828 11821
f 11821 11828 15007 15008
f 11791 11792 11829 11822
f 11822 11829 11830 11823
f 11823 11830 11831 11824
f 11824 11831 11832 11825
f 11825 11832 11833 11826
f 11826 11833 11834 11827
f 11827 11834 11835 11828
f 11828 11835 15006 15007
f 11792 11793 11836 11829
f 11829 11836 11837 11830
f 11830 11837 11838 11831
f 11831 11838 11839 11832
f 11832 11839 11840 11833
f 11833 11840 11841 11834
f 11834 11841 11842 11835
f 11835 11842 15005 15006
f 11793 16677 16676 11836
f 11836 16676 16675 11837
f 11837 16675 16674 11838
f 11838 16674 16673 11839
f 11839 16673 16672 11840
f 11840 16672 16671 11841
f 11841 16671 16670 11842
f 11842 16670 16927 15005
f 11765 11766 11843 11773
f 11773 11843 11844 11774
f 11774 11844 11845 11775
f 11775 11845 11846 11776
f 11776 11846 11847 11777
f 11777 11847 11848 11778
f 11778 11848 11849 11779
f 11779 11849 16601 16602
f 11766 11767 11850 11843
f 11843 11850 11851 11844
f 11844 11851 11852 11845
f 11845 11852 11853 11846
f 11846 11853 11854 11847
f 11847 11854 11855 11848
f 11848 11855 11856 11849
f 11849 11856 16600 16601
f 11767 11768 11857 11850
f 11850 11857 11858 11851
f 11851 11858 11859 11852
f 11852 11859 11860 11853
f 11853 11860 11861 11854
f 11854 11861 11862 11855
f 11855 11862 11863 11856
f 11856 11863 16599 16600
f 11768 11769 11864 11857
f 11857 11864 11865 11858
f 11858 11865 11866 11859
f 11859 11866 11867 11860
f 11860 11867 11868 11861
f 11861 11868 11869 11862
f 11862 11869 11870 11863
f 11863 11870 16598 16599
f 11769 11770 11871 11864
f 11864 11871 11872 11865
f 11865 11872 11873 11866
f 11866 11873 11874 11867
f 11867 11874 11875 11868
f 11868 11875 11876 11869
f 11869 11876 11877 11870
f 11870 11877 16597 16598
f 11770 11771 11878 11871
f 11871 11878 11879 11872
f 11872 11879 11880 11873
f 11873 11880 11881 11874
f 11874 11881 11882 11875
f 11875 11882 11883 11876
f 11876 11883 11884 11877
f 11877 11884 16596 16597
f 11771 11772 11885 11878
f 11878 11885 11886 11879
f 11879 11886 11887 11880
f 11880 11887 11888 11881
f 11881 11888 11889 11882
f 11882 11889 11890 11883
f 11883 11890 11891 11884
f 11884 11891 16595 16596
f 11772 15012 15013 11885
f 11885 15013 15014 11886
f 11886 15014 15015 11887
f 11887 15015 15016 11888
f 11888 15016 15017 11889
f 11889 15017 15018 11890
f 11890 15018 15019 11891
f 11891 15019 16901 16595
f 11765 11773 11892 11780
f 11780 11892 11893 11781
f 11781 11893 11894 11782
f 11782 11894 11895 11783
f 11783 11895 11896 11784
f 11784 11896 11897 11785
f 11785 11897 11898 11786
f 11786 11898 16691 16692
f 11773 11774 11899 11892
f 11892 11899 11900 11893
f 11893 11900 11901 11894
f 11894 11901 11902 11895
f 11895 11902 11903 11896
f 11896 11903 11904 11897
f 11897 11904 11905 11898
f 11898 11905 16690 16691
f 11774 11775 11906 11899
f 11899 11906 11907 11900
f 11900 11907 11908 11901
f 11901 11908 11909 11902
f 11902 11909 11910 11903
f 11903 11910 11911 11904
f 11904 11911 11912 11905
f 11905 11912 16689 16690
f 11775 11776 11913 11906
f 11906 11913 11914 11907
f 11907 11914 11915 11908
f 11908 11915 11916 11909
f 11909 11916 11917 11910
f 11910 11917 11918 11911
f 11911 11918 11919 11912
f 11912 11919 16688 16689
f 11776 11777 11920 11913
f 11913 11920 11921 11914
f 11914 11921 11922 11915
f 11915 11922 11923 11916
f 11916 11923 11924 11917
f 11917 11924 11925 11918
f 11918 11925 11926 11919
f 11919 11926 16687 16688
f 11777 11778 11927 11920
f 11920 11927 11928 11921
f 11921 11928 11929 11922
f 11922 11929 11930 11923
f 11923 11930 11931 11924
f 11924 11931 11932 11925
f 11925 11932 11933 11926
f 11926 11933 16686 16687
f 11778 11779 11934 11927
f 11927 11934 11935 11928
f 11928 11935 11936 11929
f 11929 11936 11937 11930
f 11930 11937 11938 11931
f 11931 11938 11939 11932
f 11932 11939 11940 11933
f 11933 11940 16685 16686
f 11779 16602 16603 11934
f 11934 16603 16604 11935
f 11935 16604 16605 11936
f 11936 16605 16606 11937
f 11937 16606 16607 11938
f 11938 16607 16608 11939
f 11939 16608 16609 11940
f 11940 16609 16957 16685
f 11765 11780 11941 11787
f 11787 11941 11942 11788
f 11788 11942 11943 11789
f 11789 11943 11944 11790
f 11790 11944 11945 11791
f 11791 11945 11946 11792
f 11792 11946 11947 11793
f 11793 11947 16678 16677
f 11780 11781 11948 11941
f 11941 11948 11949 11942
f 11942 11949 11950 11943
f 11943 11950 11951 11944
f 11944 11951 11952 11945
f 11945 11952 11953 11946
f 11946 11953 11954 11947
f 11947 11954 16679 16678
f 11781 11782 11955 11948
f 11948 11955 11956 11949
f 11949 11956 11957 11950
f 11950 11957 11958 11951
f 11951 11958 11959 11952
f 11952 11959 11960 11953
f 11953 11960 11961 11954
f 11954 11961 16680 16679
f 11782 11783 11962 11955
f 11955 11962 11963 11956
f 11956 11963 11964 11957
f 11957 11964 11965 11958
f 11958 11965 11966 11959
f 11959 11966 11967 11960
f 11960 11967 11968 11961
f 11961 11968 16681 16680
f 11783 11784 11969 11962
f 11962 11969 11970 11963
f 11963 11970 11971 11964
f 11964 11971 11972 11965
f 11965 11972 11973 11966
f 11966 11973 11974 11967
f 11967 11974 11975 11968
f 11968 11975 16682 16681
f 11784 11785 11976 11969
f 11969 11976 11977 11970
f 11970 11977 11978 11971
f 11971 11978 11979 11972
f 11972 11979 11980 11973
f 11973 11980 11981 11974
f 11974 11981 11982 11975
f 11975 11982 16683 16682
f 11785 11786 11983 11976
f 11976 11983 11984 11977
f 11977 11984 11985 11978
f 11978 11985 11986 11979
f 11979 11986 11987 11980
f 11980 11987 11988 11981
f 11981 11988 11989 11982
f 11982 11989 16684 16683
f 11786 16692 16693 11983
f 11983 16693 16694 11984
f 11984 16694 16695 11985
f 11985 16695 16696 11986
f 11986 16696 16697 11987
f 11987 16697 16698 11988
f 11988 16698 16699 11989
f 11989 16699 16962 16684
f 11990 12012 12019 11991
f 11991 12019 12020 11992
f 11992 12020 12021 11993
f 11993 12021 12022 11994
f 11994 12022 12023 11995
f 11995 12023 12024 11996
f 11996 12024 12025 11997
f 11997 12025 15491 15492
f 12012 12013 12026 12019
f 12019 12026 12027 12020
f 12020 12027 12028 12021
f 12021 12028 12029 12022
f 12022 12029 12030 12023
f 12023 12030 12031 12024
f 12024 12031 12032 12025
f 12025 12032 15490 15491
f 12013 12014 12033 12026
f 12026 12033 12034 12027
f 12027 12034 12035 12028
f 12028 12035 12036 12029
f 12029 12036 12037 12030
f 12030 12037 12038 12031
f 12031 12038 12039 12032
f 12032 12039 15489 15490
f 12014 12015 12040 12033
f 12033 12040 12041 12034
f 12034 12041 12042 12035
f 12035 12042 12043 12036
f 12036 12043 12044 12037
f 12037 12044 12045 12038
f 12038 12045 12046 12039
f 12039 12046 15488 15489
f 12015 12016 12047 12040
f 12040 12047 12048 12041
f 12041 12048 12049 12042
f 12042 12049 12050 12043
f 12043 12050 12051 12044
f 12044 12051 12052 12045
f 12045 12052 12053 12046
f 12046 12053 15487 15488
f 12016 12017 12054 12047
f 12047 12054 12055 12048
f 12048 12055 12056 12049
f 12049 12056 12057 12050
f 12050 12057 12058 12051
f 12051 12058 12059 12052
f 12052 12059 12060 12053
f 12053 12060 15486 15487
f 12017 12018 12061 12054
f 12054 12061 12062 12055
f 12055 12062 12063 12056
f 12056 12063 12064 12057
f 12057 12064 12065 12058
f 12058 12065 12066 12059
f 12059 12066 12067 12060
f 12060 12067 15485 15486
f 12018 16587 16586 12061
f 12061 16586 16585 12062
f 12062 16585 16584 12063
f 12063 16584 16583 12064
f 12064 16583 16582 12065
f 12065 16582 16581 12066
f 12066 16581 16580 12067
f 12067 16580 16897 15485
f 11990 11991 12068 11998
f 11998 12068 12069 11999
f 11999 12069 12070 12000
f 12000 12070 12071 12001
f 12001 12071 12072 12002
f 12002 12072 12073 12003
f 12003 12073 12074 12004
f 12004 12074 16661 16662
f 11991 11992 12075 12068
f 12068 12075 12076 12069
f 12069 12076 12077 12070
f 12070 12077 12078 12071
f 12071 12078 12079 12072
f 12072 12079 12080 12073
f 12073 12080 12081 12074
f 12074 12081 16660 16661
f 11992 11993 12082 12075
f 12075 12082 12083 12076
f 12076 12083 12084 12077
f 12077 12084 12085 12078
f 12078 12085 12086 12079
f 12079 12086 12087 12080
f 12080 12087 12088 12081
f 12081 12088 16659 16660
f 11993 11994 12089 12082
f 12082 12089 12090 12083
f 12083 12090 12091 12084
f 12084 12091 12092 12085
f 12085 12092 12093 12086
f 12086 12093 12094 12087
f 12087 12094 12095 12088
f 12088 12095 16658 16659
f 11994 11995 12096 12089
f 12089 12096 12097 12090
f 12090 12097 12098 12091
f 12091 12098 12099 12092
f 12092 12099 12100 12093
f 12093 12100 12101 12094
f 12094 12101 12102 12095
f 12095 12102 16657 16658
f 11995 11996 12103 12096
f 12096 12103 12104 12097
f 12097 12104 12105 12098
f 12098 12105 12106 12099
f 12099 12106 12107 12100
f 12100 12107 12108 12101
f 12101 12108 12109 12102
f 12102 12109 16656 16657
f 11996 11997 12110 12103
f 12103 12110 12111 12104
f 12104 12111 12112 12105
f 12105 12112 12113 12106
f 12106 12113 12114 12107
f 12107 12114 12115 12108
f 12108 12115 12116 12109
f 12109 12116 16655 16656
f 11997 15492 15493 12110
f 12110 15493 15494 12111
f 12111 15494 15495 12112
f 12112 15495 15496 12113
f 12113 15496 15497 12114
f 12114 15497 15498 12115
f 12115 15498 15499 12116
f 12116 15499 16917 16655
f 11990 11998 12117 12005
f 12005 12117 12118 12006
f 12006 12118 12119 12007
f 12007 12119 12120 12008
f 12008 12120 12121 12009
f 12009 12121 12122 12010
f 12010 12122 12123 12011
f 12011 12123 16706 16707
f 11998 11999 12124 12117
f 12117 12124 12125 12118
f 12118 12125 12126 12119
f 12119 12126 12127 12120
f 12120 12127 12128 12121
f 12121 12128 12129 12122
f 12122 12129 12130 12123
f 12123 12130 16705 16706
f 11999 12000 12131 12124
f 12124 12131 12132 12125
f 12125 12132 12133 12126
f 12126 12133 12134 12127
f 12127 12134 12135 12128
f 12128 12135 12136 12129
f 12129 12136 12137 12130
f 12130 12137 16704 16705
f 12000 12001 12138 12131
f 12131 12138 12139 12132
f 12132 12139 12140 12133
f 12133 12140 12141 12134
f 12134 12141 12142 12135
f 12135 12142 12143 12136
f 12136 12143 12144 12137
f 12137 12144 16703 16704
f 12001 12002 12145 12138
f 12138 12145 12146 12139
f 12139 12146 12147 12140
f 12140 12147 12148 12141
f 12141 12148 12149 12142
f 12142 12149 12150 12143
f 12143 12150 12151 12144
f 12144 12151 16702 16703
f 12002 12003 12152 12145
f 12145 12152 12153 12146
f 12146 12153 12154 12147
f 12147 12154 12155 12148
f 12148 12155 12156 12149
f 12149 12156 12157 12150
f 12150 12157 12158 12151
f 12151 12158 16701 16702
f 12003 12004 12159 12152
f 12152 12159 12160 12153
f 12153 12160 12161 12154
f 12154 12161 12162 12155
f 12155 12162 12163 12156
f 12156 12163 12164 12157
f 12157 12164 12165 12158
f 12158 12165 16700 16701
f 12004 16662 16663 12159
f 12159 16663 16664 12160
f 12160 16664 16665 12161
f 12161 16665 16666 12162
f 12162 16666 16667 12163
f 12163 16667 16668 12164
f 12164 16668 16669 12165
f 12165 16669 16961 16700
f 11990 12005 12166 12012
f 12012 12166 12167 12013
f 12013 12167 12168 12014
f 12014 12168 12169 12015
f 12015 12169 12170 12016
f 12016 12170 12171 12017
f 12017 12171 12172 12018
f 12018 12172 16588 16587
f 12005 12006 12173 12166
f 12166 12173 12174 12167
f 12167 12174 12175 12168
f 12168 12175 12176 12169
f 12169 12176 12177 12170
f 12170 12177 12178 12171
f 12171 12178 12179 12172
f 12172 12179 16589 16588
f 12006 12007 12180 12173
f 12173 12180 12181 12174
f 12174 12181 12182 12175
f 12175 12182 12183 12176
f 12176 12183 12184 12177
f 12177 12184 12185 12178
f 12178 12185 12186 12179
f 12179 12186 16590 16589
f 12007 12008 12187 12180
f 12180 12187 12188 12181
f 12181 12188 12189 12182
f 12182 12189 12190 12183
f 12183 12190 12191 12184
f 12184 12191 12192 12185
f 12185 12192 12193 12186
f 12186 12193 16591 16590
f 12008 12009 12194 12187
f 12187 12194 12195 12188
f 12188 12195 12196 12189
f 12189 12196 12197 12190
f 12190 12197 12198 12191
f 12191 12198 12199 12192
f 12192 12199 12200 12193
f 12193 12200 16592 16591
f 12009 12010 12201 12194
f 12194 12201 12202 12195
f 12195 12202 12203 12196
f 12196 12203 12204 12197
f 12197 12204 12205 12198
f 12198 12205 12206 12199
f 12199 12206 12207 12200
f 12200 12207 16593 16592
f 12010 12011 12208 12201
f 12201 12208 12209 12202
f 12202 12209 12210 12203
f 12203 12210 12211 12204
f 12204 12211 12212 12205
f 12205 12212 12213 12206
f 12206 12213 12214 12207
f 12207 12214 16594 16593
f 12011 16707 16708 12208
f 12208 16708 16709 12209
f 12209 16709 16710 12210
f 12210 16710 16711 12211
f 12211 16711 16712 12212
f 12212 16712 16713 12213
f 12213 16713 16714 12214
f 12214 16714 16956 16594
f 12215 12237 12244 12216
f 12216 12244 12245 12217
f 12217 12245 12246 12218
f 12218 12246 12247 12219
f 12219 12247 12248 12220
f 12220 12248 12249 12221
f 12221 12249 12250 12222
f 12222 12250 15791 15792
f 12237 12238 12251 12244
f 12244 12251 12252 12245
f 12245 12252 12253 12246
f 12246 12253 12254 12247
f 12247 12254 12255 12248
f 12248 12255 12256 12249
f 12249 12256 12257 12250
f 12250 12257 15790 15791
f 12238 12239 12258 12251
f 12251 12258 12259 12252
f 12252 12259 12260 12253
f 12253 12260 12261 12254
f 12254 12261 12262 12255
f 12255 12262 12263 12256
f 12256 12263 12264 12257
f 12257 12264 15789 15790
f 12239 12240 12265 12258
f 12258 12265 12266 12259
f 12259 12266 12267 12260
f 12260 12267 12268 12261
f 12261 12268 12269 12262
f 12262 12269 12270 12263
f 12263 12270 12271 12264
f 12264 12271 15788 15789
f 12240 12241 12272 12265
f 12265 12272 12273 12266
f 12266 12273 12274 12267
f 12267 12274 12275 12268
f 12268 12275 12276 12269
f 12269 12276 12277 12270
f 12270 12277 12278 12271
f 12271 12278 15787 15788
f 12241 12242 12279 12272
f 12272 12279 12280 12273
f 12273 12280 12281 12274
f 12274 12281 12282 12275
f 12275 12282 12283 12276
f 12276 12283 12284 12277
f 12277 12284 12285 12278
f 12278 12285 15786 15787
f 12242 12243 12286 12279
f 12279 12286 12287 12280
f 12280 12287 12288 12281
f 12281 12288 12289 12282
f 12282 12289 12290 12283
f 12283 12290 12291 12284
f 12284 12291 12292 12285
f 12285 12292 15785 15786
f 12243 16662 16661 12286
f 12286 16661 16660 12287
f 12287 16660 16659 12288
f 12288 16659 16658 12289
f 12289 16658 16657 12290
f 12290 16657 16656 12291
f 12291 16656 16655 12292
f 12292 16655 16917 15785
f 12215 12216 12293 12223
f 12223 12293 12294 12224
f 12224 12294 12295 12225
f 12225 12295 12296 12226
f 12226 12296 12297 12227
f 12227 12297 12298 12228
f 12228 12298 12299 12229
f 12229 12299 16676 16677
f 12216 12217 12300 12293
f 12293 12300 12301 12294
f 12294 12301 12302 12295
f 12295 12302 12303 12296
f 12296 12303 12304 12297
f 12297 12304 12305 12298
f 12298 12305 12306 12299
f 12299 12306 16675 16676
f 12217 12218 12307 12300
f 12300 12307 12308 12301
f 12301 12308 12309 12302
f 12302 12309 12310 12303
f 12303 12310 12311 12304
f 12304 12311 12312 12305
f 12305 12312 12313 12306
f 12306 12313 16674 16675
f 12218 12219 12314 12307
f 12307 12314 12315 12308
f 12308 12315 12316 12309
f 12309 12316 12317 12310
f 12310 12317 12318 12311
f 12311 12318 12319 12312
f 12312 12319 12320 12313
f 12313 12320 16673 16674
f 12219 12220 12321 12314
f 12314 12321 12322 12315
f 12315 12322 12323 12316
f 12316 12323 12324 12317
f 12317 12324 12325 12318
f 12318 12325 12326 12319
f 12319 12326 12327 12320
f 12320 12327 16672 16673
f 12220 12221 12328 12321
f 12321 12328 12329 12322
f 12322 12329 12330 12323
f 12323 12330 12331 12324
f 12324 12331 12332 12325
f 12325 12332 12333 12326
f 12326 12333 12334 12327
f 12327 12334 16671 16672
f 12221 12222 12335 12328
f 12328 12335 12336 12329
f 12329 12336 12337 12330
f 12330 12337 12338 12331
f 12331 12338 12339 12332
f 12332 12339 12340 12333
f 12333 12340 12341 12334
f 12334 12341 16670 16671
f 12222 15792 15793 12335
f 12335 15793 15794 12336
f 12336 15794 15795 12337
f 12337 15795 15796 12338
f 12338 15796 15797 12339
f 12339 15797 15798 12340
f 12340 15798 15799 12341
f 12341 15799 16927 16670
f 12215 12223 12342 12230
f 12230 12342 12343 12231
f 12231 12343 12344 12232
f 12232 12344 12345 12233
f 12233 12345 12346 12234
f 12234 12346 12347 12235
f 12235 12347 12348 12236
f 12236 12348 16721 16722
f 12223 12224 12349 12342
f 12342 12349 12350 12343
f 12343 12350 12351 12344
f 12344 12351 12352 12345
f 12345 12352 12353 12346
f 12346 12353 12354 12347
f 12347 12354 12355 12348
f 12348 12355 16720 16721
f 12224 12225 12356 12349
f 12349 12356 12357 12350
f 12350 12357 12358 12351
f 12351 12358 12359 12352
f 12352 12359 12360 12353
f 12353 12360 12361 12354
f 12354 12361 12362 12355
f 12355 12362 16719 16720
f 12225 12226 12363 12356
f 12356 12363 12364 12357
f 12357 12364 12365 12358
f 12358 12365 12366 12359
f 12359 12366 12367 12360
f 12360 12367 12368 12361
f 12361 12368 12369 12362
f 12362 12369 16718 16719
f 12226 12227 12370 12363
f 12363 12370 12371 12364
f 12364 12371 12372 12365
f 12365 12372 12373 12366
f 12366 12373 12374 12367
f 12367 12374 12375 12368
f 12368 12375 12376 12369
f 12369 12376 16717 16718
f 12227 12228 12377 12370
f 12370 12377 12378 12371
f 12371 12378 12379 12372
f 12372 12379 12380 12373
f 12373 12380 12381 12374
f 12374 12381 12382 12375
f 12375 12382 12383 12376
f 12376 12383 16716 16717
f 12228 12229 12384 12377
f 12377 12384 12385 12378
f 12378 12385 12386 12379
f 12379 12386 12387 12380
f 12380 12387 12388 12381
f 12381 12388 12389 12382
f 12382 12389 12390 12383
f 12383 12390 16715 16716
f 12229 16677 16678 12384
f 12384 16678 16679 12385
f 12385 16679 16680 12386
f 12386 16680 16681 12387
f 12387 16681 16682 12388
f 12388 16682 16683 12389
f 12389 16683 16684 12390
f 12390 16684 16962 16715
f 12215 12230 12391 12237
f 12237 12391 12392 12238
f 12238 12392 12393 12239
f 12239 12393 12394 12240
f 12240 12394 12395 12241
f 12241 12395 12396 12242
f 12242 12396 12397 12243
f 12243 12397 16663 16662
f 12230 12231 12398 12391
f 12391 12398 12399 12392
f 12392 12399 12400 12393
f 12393 12400 12401 12394
f 12394 12401 12402 12395
f 12395 12402 12403 12396
f 12396 12403 12404 12397
f 12397 12404 16664 16663
f 12231 12232 12405 12398
f 12398 12405 12406 12399
f 12399 12406 12407 12400
f 12400 12407 12408 12401
f 12401 12408 12409 12402
f 12402 12409 12410 12403
f 12403 12410 12411 12404
f 12404 12411 16665 16664
f 12232 12233 12412 12405
f 12405 12412 12413 12406
f 12406 12413 12414 12407
f 12407 12414 12415 12408
f 12408 12415 12416 12409
f 12409 12416 12417 12410
f 12410 12417 12418 12411
f 12411 12418 16666 16665
f 12233 12234 12419 12412
f 12412 12419 12420 12413
f 12413 12420 12421 12414
f 12414 12421 12422 12415
f 12415 12422 12423 12416
f 12416 12423 12424 12417
f 12417 12424 12425 12418
f 12418 12425 16667 16666
f 12234 12235 12426 12419
f 12419 12426 12427 12420
f 12420 12427 12428 12421
f 12421 12428 12429 12422
f 12422 12429 12430 12423
f 12423 12430 12431 12424
f 12424 12431 12432 12425
f 12425 12432 16668 16667
f 12235 12236 12433 12426
f 12426 12433 12434 12427
f 12427 12434 12435 12428
f 12428 12435 12436 12429
f 12429 12436 12437 12430
f 12430 12437 12438 12431
f 12431 12438 12439 12432
f 12432 12439 16669 16668
f 12236 16722 16723 12433
f 12433 16723 16724 12434
f 12434 16724 16725 12435
f 12435 16725 16726 12436
f 12436 16726 16727 12437
f 12437 16727 16728 12438
f 12438 16728 16729 12439
f 12439 16729 16961 16669
f 12440 12462 12469 12441
f 12441 12469 12470 12442
f 12442 12470 12471 12443
f 12443 12471 12472 12444
f 12444 12472 12473 12445
f 12445 12473 12474 12446
f 12446 12474 12475 12447
f 12447 12475 16273 16272
f 12462 12463 12476 12469
f 12469 12476 12477 12470
f 12470 12477 12478 12471
f 12471 12478 12479 12472
f 12472 12479 12480 12473
f 12473 12480 12481 12474
f 12474 12481 12482 12475
f 12475 12482 16274 16273
f 12463 12464 12483 12476
f 12476 12483 12484 12477
f 12477 12484 12485 12478
f 12478 12485 12486 12479
f 12479 12486 12487 12480
f 12480 12487 12488 12481
f 12481 12488 12489 12482
f 12482 12489 16275 16274
f 12464 12465 12490 12483
f 12483 12490 12491 12484
f 12484 12491 12492 12485
f 12485 12492 12493 12486
f 12486 12493 12494 12487
f 12487 12494 12495 12488
f 12488 12495 12496 12489
f 12489 12496 16276 16275
f 12465 12466 12497 12490
f 12490 12497 12498 12491
f 12491 12498 12499 12492
f 12492 12499 12500 12493
f 12493 12500 12501 12494
f 12494 12501 12502 12495
f 12495 12502 12503 12496
f 12496 12503 16277 16276
f 12466 12467 12504 12497
f 12497 12504 12505 12498
f 12498 12505 12506 12499
f 12499 12506 12507 12500
f 12500 12507 12508 12501
f 12501 12508 12509 12502
f 12502 12509 12510 12503
f 12503 12510 16278 16277
f 12467 12468 12511 12504
f 12504 12511 12512 12505
f 12505 12512 12513 12506
f 12506 12513 12514 12507
f 12507 12514 12515 12508
f 12508 12515 12516 12509
f 12509 12516 12517 12510
f 12510 12517 16279 16278
f 12468 16557 16556 12511
f 12511 16556 16555 12512
f 12512 16555 16554 12513
f 12513 16554 16553 12514
f 12514 16553 16552 12515
f 12515 16552 16551 12516
f 12516 16551 16550 12517
f 12517 16550 16946 16279
f 12440 12441 12518 12448
f 12448 12518 12519 12449
f 12449 12519 12520 12450
f 12450 12520 12521 12451
f 12451 12521 12522 12452
f 12452 12522 12523 12453
f 12453 12523 12524 12454
f 12454 12524 16571 16572
f 12441 12442 12525 12518
f 12518 12525 12526 12519
f 12519 12526 12527 12520
f 12520 12527 12528 12521
f 12521 12528 12529 12522
f 12522 12529 12530 12523
f 12523 12530 12531 12524
f 12524 12531 16570 16571
f 12442 12443 12532 12525
f 12525 12532 12533 12526
f 12526 12533 12534 12527
f 12527 12534 12535 12528
f 12528 12535 12536 12529
f 12529 12536 12537 12530
f 12530 12537 12538 12531
f 12531 12538 16569 16570
f 12443 12444 12539 12532
f 12532 12539 12540 12533
f 12533 12540 12541 12534
f 12534 12541 12542 12535
f 12535 12542 12543 12536
f 12536 12543 12544 12537
f 12537 12544 12545 12538
f 12538 12545 16568 16569
f 12444 12445 12546 12539
f 12539 12546 12547 12540
f 12540 12547 12548 12541
f 12541 12548 12549 12542
f 12542 12549 12550 12543
f 12543 12550 12551 12544
f 12544 12551 12552 12545
f 12545 12552 16567 16568
f 12445 12446 12553 12546
f 12546 12553 12554 12547
f 12547 12554 12555 12548
f 12548 12555 12556 12549
f 12549 12556 12557 12550
f 12550 12557 12558 12551
f 12551 12558 12559 12552
f 12552 12559 16566 16567
f 12446 12447 12560 12553
f 12553 12560 12561 12554
f 12554 12561 12562 12555
f 12555 12562 12563 12556
f 12556 12563 12564 12557
f 12557 12564 12565 12558
f 12558 12565 12566 12559
f 12559 12566 16565 16566
f 12447 16272 16271 12560
f 12560 16271 16270 12561
f 12561 16270 16269 12562
f 12562 16269 16268 12563
f 12563 16268 16267 12564
f 12564 16267 16266 12565
f 12565 16266 16265 12566
f 12566 16265 16948 16565
f 12440 12448 12567 12455
f 12455 12567 12568 12456
f 12456 12568 12569 12457
f 12457 12569 12570 12458
f 12458 12570 12571 12459
f 12459 12571 12572 12460
f 12460 12572 12573 12461
f 12461 12573 16736 16737
f 12448 12449 12574 12567
f 12567 12574 12575 12568
f 12568 12575 12576 12569
f 12569 12576 12577 12570
f 12570 12577 12578 12571
f 12571 12578 12579 12572
f 12572 12579 12580 12573
f 12573 12580 16735 16736
f 12449 12450 12581 12574
f 12574 12581 12582 12575
f 12575 12582 12583 12576
f 12576 12583 12584 12577
f 12577 12584 12585 12578
f 12578 12585 12586 12579
f 12579 12586 12587 12580
f 12580 12587 16734 16735
f 12450 12451 12588 12581
f 12581 12588 12589 12582
f 12582 12589 12590 12583
f 12583 12590 12591 12584
f 12584 12591 12592 12585
f 12585 12592 12593 12586
f 12586 12593 12594 12587
f 12587 12594 16733 16734
f 12451 12452 12595 12588
f 12588 12595 12596 12589
f 12589 12596 12597 12590
f 12590 12597 12598 12591
f 12591 12598 12599 12592
f 12592 12599 12600 12593
f 12593 12600 12601 12594
f 12594 12601 16732 16733
f 12452 12453 12602 12595
f 12595 12602 12603 12596
f 12596 12603 12604 12597
f 12597 12604 12605 12598
f 12598 12605 12606 12599
f 12599 12606 12607 12600
f 12600 12607 12608 12601
f 12601 12608 16731 16732
f 12453 12454 12609 12602
f 12602 12609 12610 12603
f 12603 12610 12611 12604
f 12604 12611 12612 12605
f 12605 12612 12613 12606
f 12606 12613 12614 12607
f 12607 12614 12615 12608
f 12608 12615 16730 16731
f 12454 16572 16573 12609
f 12609 16573 16574 12610
f 12610 16574 16575 12611
f 12611 16575 16576 12612
f 12612 16576 16577 12613
f 12613 16577 16578 12614
f 12614 16578 16579 12615
f 12615 16579 16955 16730
f 12440 12455 12616 12462
f 12462 12616 12617 12463
f 12463 12617 12618 12464
f 12464 12618 12619 12465
f 12465 12619 12620 12466
f 12466 12620 12621 12467
f 12467 12621 12622 12468
f 12468 12622 16558 16557
f 12455 12456 12623 12616
f 12616 12623 12624 12617
f 12617 12624 12625 12618
f 12618 12625 12626 12619
f 12619 12626 12627 12620
f 12620 12627 12628 12621
f 12621 12628 12629 12622
f 12622 12629 16559 16558
f 12456 12457 12630 12623
f 12623 12630 12631 12624
f 12624 12631 12632 12625
f 12625 12632 12633 12626
f 12626 12633 12634 12627
f 12627 12634 12635 12628
f 12628 12635 12636 12629
f 12629 12636 16560 16559
f 12457 12458 12637 12630
f 12630 12637 12638 12631
f 12631 12638 12639 12632
f 12632 12639 12640 12633
f 12633 12640 12641 12634
f 12634 12641 12642 12635
f 12635 12642 12643 12636
f 12636 12643 16561 16560
f 12458 12459 12644 12637
f 12637 12644 12645 12638
f 12638 12645 12646 12639
f 12639 12646 12647 12640
f 12640 12647 12648 12641
f 12641 12648 12649 12642
f 12642 12649 12650 12643
f 12643 12650 16562 16561
f 12459 12460 12651 12644
f 12644 12651 12652 12645
f 12645 12652 12653 12646
f 12646 12653 12654 12647
f 12647 12654 12655 12648
f 12648 12655 12656 12649
f 12649 12656 12657 12650
f 12650 12657 16563 16562
f 12460 12461 12658 12651
f 12651 12658 12659 12652
f 12652 12659 12660 12653
f 12653 12660 12661 12654
f 12654 12661 12662 12655
f 12655 12662 12663 12656
f 12656 12663 12664 12657
f 12657 12664 16564 16563
f 12461 16737 16738 12658
f 12658 16738 16739 12659
f 12659 16739 16740 12660
f 12660 16740 16741 12661
f 12661 16741 16742 12662
f 12662 16742 16743 12663
f 12663 16743 16744 12664
f 12664 16744 16954 16564
f 12665 12687 12694 12666
f 12666 12694 12695 12667
f 12667 12695 12696 12668
f 12668 12696 12697 12669
f 12669 12697 12698 12670
f 12670 12698 12699 12671
f 12671 12699 12700 12672
f 12672 12700 16303 16302
f 12687 12688 12701 12694
f 12694 12701 12702 12695
f 12695 12702 12703 12696
f 12696 12703 12704 12697
f 12697 12704 12705 12698
f 12698 12705 12706 12699
f 12699 12706 12707 12700
f 12700 12707 16304 16303
f 12688 12689 12708 12701
f 12701 12708 12709 12702
f 12702 12709 12710 12703
f 12703 12710 12711 12704
f 12704 12711 12712 12705
f 12705 12712 12713 12706
f 12706 12713 12714 12707
f 12707 12714 16305 16304
f 12689 12690 12715 12708
f 12708 12715 12716 12709
f 12709 12716 12717 12710
f 12710 12717 12718 12711
f 12711 12718 12719 12712
f 12712 12719 12720 12713
f 12713 12720 12721 12714
f 12714 12721 16306 16305
f 12690 12691 12722 12715
f 12715 12722 12723 12716
f 12716 12723 12724 12717
f 12717 12724 12725 12718
f 12718 12725 12726 12719
f 12719 12726 12727 12720
f 12720 12727 12728 12721
f 12721 12728 16307 16306
f 12691 12692 12729 12722
f 12722 12729 12730 12723
f 12723 12730 12731 12724
f 12724 12731 12732 12725
f 12725 12732 12733 12726
f 12726 12733 12734 12727
f 12727 12734 12735 12728
f 12728 12735 16308 16307
f 12692 12693 12736 12729
f 12729 12736 12737 12730
f 12730 12737 12738 12731
f 12731 12738 12739 12732
f 12732 12739 12740 12733
f 12733 12740 12741 12734
f 12734 12741 12742 12735
f 12735 12742 16309 16308
f 12693 16482 16481 12736
f 12736 16481 16480 12737
f 12737 16480 16479 12738
f 12738 16479 16478 12739
f 12739 16478 16477 12740
f 12740 16477 16476 12741
f 12741 16476 16475 12742
f 12742 16475 16935 16309
f 12665 12666 12743 12673
f 12673 12743 12744 12674
f 12674 12744 12745 12675
f 12675 12745 12746 12676
f 12676 12746 12747 12677
f 12677 12747 12748 12678
f 12678 12748 12749 12679
f 12679 12749 16556 16557
f 12666 12667 12750 12743
f 12743 12750 12751 12744
f 12744 12751 12752 12745
f 12745 12752 12753 12746
f 12746 12753 12754 12747
f 12747 12754 12755 12748
f 12748 12755 12756 12749
f 12749 12756 16555 16556
f 12667 12668 12757 12750
f 12750 12757 12758 12751
f 12751 12758 12759 12752
f 12752 12759 12760 12753
f 12753 12760 12761 12754
f 12754 12761 12762 12755
f 12755 12762 12763 12756
f 12756 12763 16554 16555
f 12668 12669 12764 12757
f 12757 12764 12765 12758
f 12758 12765 12766 12759
f 12759 12766 12767 12760
f 12760 12767 12768 12761
f 12761 12768 12769 12762
f 12762 12769 12770 12763
f 12763 12770 16553 16554
f 12669 12670 12771 12764
f 12764 12771 12772 12765
f 12765 12772 12773 12766
f 12766 12773 12774 12767
f 12767 12774 12775 12768
f 12768 12775 12776 12769
f 12769 12776 12777 12770
f 12770 12777 16552 16553
f 12670 12671 12778 12771
f 12771 12778 12779 12772
f 12772 12779 12780 12773
f 12773 12780 12781 12774
f 12774 12781 12782 12775
f 12775 12782 12783 12776
f 12776 12783 12784 12777
f 12777 12784 16551 16552
f 12671 12672 12785 12778
f 12778 12785 12786 12779
f 12779 12786 12787 12780
f 12780 12787 12788 12781
f 12781 12788 12789 12782
f 12782 12789 12790 12783
f 12783 12790 12791 12784
f 12784 12791 16550 16551
f 12672 16302 16301 12785
f 12785 16301 16300 12786
f 12786 16300 16299 12787
f 12787 16299 16298 12788
f 12788 16298 16297 12789
f 12789 16297 16296 12790
f 12790 16296 16295 12791
f 12791 16295 16946 16550
f 12665 12673 12792 12680
f 12680 12792 12793 12681
f 12681 12793 12794 12682
f 12682 12794 12795 12683
f 12683 12795 12796 12684
f 12684 12796 12797 12685
f 12685 12797 12798 12686
f 12686 12798 16751 16752
f 12673 12674 12799 12792
f 12792 12799 12800 12793
f 12793 12800 12801 12794
f 12794 12801 12802 12795
f 12795 12802 12803 12796
f 12796 12803 12804 12797
f 12797 12804 12805 12798
f 12798 12805 16750 16751
f 12674 12675 12806 12799
f 12799 12806 12807 12800
f 12800 12807 12808 12801
f 12801 12808 12809 12802
f 12802 12809 12810 12803
f 12803 12810 12811 12804
f 12804 12811 12812 12805
f 12805 12812 16749 16750
f 12675 12676 12813 12806
f 12806 12813 12814 12807
f 12807 12814 12815 12808
f 12808 12815 12816 12809
f 12809 12816 12817 12810
f 12810 12817 12818 12811
f 12811 12818 12819 12812
f 12812 12819 16748 16749
f 12676 12677 12820 12813
f 12813 12820 12821 12814
f 12814 12821 12822 12815
f 12815 12822 12823 12816
f 12816 12823 12824 12817
f 12817 12824 12825 12818
f 12818 12825 12826 12819
f 12819 12826 16747 16748
f 12677 12678 12827 12820
f 12820 12827 12828 12821
f 12821 12828 12829 12822
f 12822 12829 12830 12823
f 12823 12830 12831 12824
f 12824 12831 12832 12825
f 12825 12832 12833 12826
f 12826 12833 16746 16747
f 12678 12679 12834 12827
f 12827 12834 12835 12828
f 12828 12835 12836 12829
f 12829 12836 12837 12830
f 12830 12837 12838 12831
f 12831 12838 12839 12832
f 12832 12839 12840 12833
f 12833 12840 16745 16746
f 12679 16557 16558 12834
f 12834 16558 16559 12835
f 12835 16559 16560 12836
f 12836 16560 16561 12837
f 12837 16561 16562 12838
f 12838 16562 16563 12839
f 12839 16563 16564 12840
f 12840 16564 16954 16745
f 12665 12680 12841 12687
f 12687 12841 12842 12688
f 12688 12842 12843 12689
f 12689 12843 12844 12690
f 12690 12844 12845 12691
f 12691 12845 12846 12692
f 12692 12846 12847 12693
f 12693 12847 16483 16482
f 12680 12681 12848 12841
f 12841 12848 12849 12842
f 12842 12849 12850 12843
f 12843 12850 12851 12844
f 12844 12851 12852 12845
f 12845 12852 12853 12846
f 12846 12853 12854 12847
f 12847 12854 16484 16483
f 12681 12682 12855 12848
f 12848 12855 12856 12849
f 12849 12856 12857 12850
f 12850 12857 12858 12851
f 12851 12858 12859 12852
f 12852 12859 12860 12853
f 12853 12860 12861 12854
f 12854 12861 16485 16484
f 12682 12683 12862 12855
f 12855 12862 12863 12856
f 12856 12863 12864 12857
f 12857 12864 12865 12858
f 12858 12865 12866 12859
f 12859 12866 12867 12860
f 12860 12867 12868 12861
f 12861 12868 16486 16485
f 12683 12684 12869 12862
f 12862 12869 12870 12863
f 12863 12870 12871 12864
f 12864 12871 12872 12865
f 12865 12872 12873 12866
f 12866 12873 12874 12867
f 12867 12874 12875 12868
f 12868 12875 16487 16486
f 12684 12685 12876 12869
f 12869 12876 12877 12870
f 12870 12877 12878 12871
f 12871 12878 12879 12872
f 12872 12879 12880 12873
f 12873 12880 12881 12874
f 12874 12881 12882 12875
f 12875 12882 16488 16487
f 12685 12686 12883 12876
f 12876 12883 12884 12877
f 12877 12884 12885 12878
f 12878 12885 12886 12879
f 12879 12886 12887 12880
f 12880 12887 12888 12881
f 12881 12888 12889 12882
f 12882 12889 16489 16488
f 12686 16752 16753 12883
f 12883 16753 16754 12884
f 12884 16754 16755 12885
f 12885 16755 16756 12886
f 12886 16756 16757 12887
f 12887 16757 16758 12888
f 12888 16758 16759 12889
f 12889 16759 16949 16489
f 12890 12912 12919 12891
f 12891 12919 12920 12892
f 12892 12920 12921 12893
f 12893 12921 12922 12894
f 12894 12922 12923 12895
f 12895 12923 12924 12896
f 12896 12924 12925 12897
f 12897 12925 16333 16332
f 12912 12913 12926 12919
f 12919 12926 12927 12920
f 12920 12927 12928 12921
f 12921 12928 12929 12922
f 12922 12929 12930 12923
f 12923 12930 12931 12924
f 12924 12931 12932 12925
f 12925 12932 16334 16333
f 12913 12914 12933 12926
f 12926 12933 12934 12927
f 12927 12934 12935 12928
f 12928 12935 12936 12929
f 12929 12936 12937 12930
f 12930 12937 12938 12931
f 12931 12938 12939 12932
f 12932 12939 16335 16334
f 12914 12915 12940 12933
f 12933 12940 12941 12934
f 12934 12941 12942 12935
f 12935 12942 12943 12936
f 12936 12943 12944 12937
f 12937 12944 12945 12938
f 12938 12945 12946 12939
f 12939 12946 16336 16335
f 12915 12916 12947 12940
f 12940 12947 12948 12941
f 12941 12948 12949 12942
f 12942 12949 12950 12943
f 12943 12950 12951 12944
f 12944 12951 12952 12945
f 12945 12952 12953 12946
f 12946 12953 16337 16336
f 12916 12917 12954 12947
f 12947 12954 12955 12948
f 12948 12955 12956 12949
f 12949 12956 12957 12950
f 12950 12957 12958 12951
f 12951 12958 12959 12952
f 12952 12959 12960 12953
f 12953 12960 16338 16337
f 12917 12918 12961 12954
f 12954 12961 12962 12955
f 12955 12962 12963 12956
f 12956 12963 12964 12957
f 12957 12964 12965 12958
f 12958 12965 12966 12959
f 12959 12966 12967 12960
f 12960 12967 16339 16338
f 12918 16497 16496 12961
f 12961 16496 16495 12962
f 12962 16495 16494 12963
f 12963 16494 16493 12964
f 12964 16493 16492 12965
f 12965 16492 16491 12966
f 12966 16491 16490 12967
f 12967 16490 16937 16339
f 12890 12891 12968 12898
f 12898 12968 12969 12899
f 12899 12969 12970 12900
f 12900 12970 12971 12901
f 12901 12971 12972 12902
f 12902 12972 12973 12903
f 12903 12973 12974 12904
f 12904 12974 16541 16542
f 12891 12892 12975 12968
f 12968 12975 12976 12969
f 12969 12976 12977 12970
f 12970 12977 12978 12971
f 12971 12978 12979 12972
f 12972 12979 12980 12973
f 12973 12980 12981 12974
f 12974 12981 16540 16541
f 12892 12893 12982 12975
f 12975 12982 12983 12976
f 12976 12983 12984 12977
f 12977 12984 12985 12978
f 12978 12985 12986 12979
f 12979 12986 12987 12980
f 12980 12987 12988 12981
f 12981 12988 16539 16540
f 12893 12894 12989 12982
f 12982 12989 12990 12983
f 12983 12990 12991 12984
f 12984 12991 12992 12985
f 12985 12992 12993 12986
f 12986 12993 12994 12987
f 12987 12994 12995 12988
f 12988 12995 16538 16539
f 12894 12895 12996 12989
f 12989 12996 12997 12990
f 12990 12997 12998 12991
f 12991 12998 12999 12992
f 12992 12999 13000 12993
f 12993 13000 13001 12994
f 12994 13001 13002 12995
f 12995 13002 16537 16538
f 12895 12896 13003 12996
f 12996 13003 13004 12997
f 12997 13004 13005 12998
f 12998 13005 13006 12999
f 12999 13006 13007 13000
f 13000 13007 13008 13001
f 13001 13008 13009 13002
f 13002 13009 16536 16537
f 12896 12897 13010 13003
f 13003 13010 13011 13004
f 13004 13011 13012 13005
f 13005 13012 13013 13006
f 13006 13013 13014 13007
f 13007 13014 13015 13008
f 13008 13015 13016 13009
f 13009 13016 16535 16536
f 12897 16332 16331 13010
f 13010 16331 16330 13011
f 13011 16330 16329 13012
f 13012 16329 16328 13013
f 13013 16328 16327 13014
f 13014 16327 16326 13015
f 13015 16326 16325 13016
f 13016 16325 16944 16535
f 12890 12898 13017 12905
f 12905 13017 13018 12906
f 12906 13018 13019 12907
f 12907 13019 13020 12908
f 12908 13020 13021 12909
f 12909 13021 13022 12910
f 12910 13022 13023 12911
f 12911 13023 16766 16767
f 12898 12899 13024 13017
f 13017 13024 13025 13018
f 13018 13025 13026 13019
f 13019 13026 13027 13020
f 13020 13027 13028 13021
f 13021 13028 13029 13022
f 13022 13029 13030 13023
f 13023 13030 16765 16766
f 12899 12900 13031 13024
f 13024 13031 13032 13025
f 13025 13032 13033 13026
f 13026 13033 13034 13027
f 13027 13034 13035 13028
f 13028 13035 13036 13029
f 13029 13036 13037 13030
f 13030 13037 16764 16765
f 12900 12901 13038 13031
f 13031 13038 13039 13032
f 13032 13039 13040 13033
f 13033 13040 13041 13034
f 13034 13041 13042 13035
f 13035 13042 13043 13036
f 13036 13043 13044 13037
f 13037 13044 16763 16764
f 12901 12902 13045 13038
f 13038 13045 13046 13039
f 13039 13046 13047 13040
f 13040 13047 13048 13041
f 13041 13048 13049 13042
f 13042 13049 13050 13043
f 13043 13050 13051 13044
f 13044 13051 16762 16763
f 12902 12903 13052 13045
f 13045 13052 13053 13046
f 13046 13053 13054 13047
f 13047 13054 13055 13048
f 13048 13055 13056 13049
f 13049 13056 13057 13050
f 13050 13057 13058 13051
f 13051 13058 16761 16762
f 12903 12904 13059 13052
f 13052 13059 13060 13053
f 13053 13060 13061 13054
f 13054 13061 13062 13055
f 13055 13062 13063 13056
f 13056 13063 13064 13057
f 13057 13064 13065 13058
f 13058 13065 16760 16761
f 12904 16542 16543 13059
f 13059 16543 16544 13060
f 13060 16544 16545 13061
f 13061 16545 16546 13062
f 13062 16546 16547 13063
f 13063 16547 16548 13064
f 13064 16548 16549 13065
f 13065 16549 16953 16760
f 12890 12905 13066 12912
f 12912 13066 13067 12913
f 12913 13067 13068 12914
f 12914 13068 13069 12915
f 12915 13069 13070 12916
f 12916 13070 13071 12917
f 12917 13071 13072 12918
f 12918 13072 16498 16497
f 12905 12906 13073 13066
f 13066 13073 13074 13067
f 13067 13074 13075 13068
f 13068 13075 13076 13069
f 13069 13076 13077 13070
f 13070 13077 13078 13071
f 13071 13078 13079 13072
f 13072 13079 16499 16498
f 12906 12907 13080 13073
f 13073 13080 13081 13074
f 13074 13081 13082 13075
f 13075 13082 13083 13076
f 13076 13083 13084 13077
f 13077 13084 13085 13078
f 13078 13085 13086 13079
f 13079 13086 16500 16499
f 12907 12908 13087 13080
f 13080 13087 13088 13081
f 13081 13088 13089 13082
f 13082 13089 13090 13083
f 13083 13090 13091 13084
f 13084 13091 13092 13085
f 13085 13092 13093 13086
f 13086 13093 16501 16500
f 12908 12909 13094 13087
f 13087 13094 13095 13088
f 13088 13095 13096 13089
f 13089 13096 13097 13090
f 13090 13097 13098 13091
f 13091 13098 13099 13092
f 13092 13099 13100 13093
f 13093 13100 16502 16501
f 12909 12910 13101 13094
f 13094 13101 13102 13095
f 13095 13102 13103 13096
f 13096 13103 13104 13097
f 13097 13104 13105 13098
f 13098 13105 13106 13099
f 13099 13106 13107 13100
f 13100 13107 16503 16502
f 12910 12911 13108 13101
f 13101 13108 13109 13102
f 13102 13109 13110 13103
f 13103 13110 13111 13104
f 13104 13111 13112 13105
f 13105 13112 13113 13106
f 13106 13113 13114 13107
f 13107 13114 16504 16503
f 12911 16767 16768 13108
f 13108 16768 16769 13109
f 13109 16769 16770 13110
f 13110 16770 16771 13111
f 13111 16771 16772 13112
f 13112 16772 16773 13113
f 13113 16773 16774 13114
f 13114 16774 16950 16504
f 13115 13137 13144 13116
f 13116 13144 13145 13117
f 13117 13145 13146 13118
f 13118 13146 13147 13119
f 13119 13147 13148 13120
f 13120 13148 13149 13121
f 13121 13149 13150 13122
f 13122 13150 16481 16482
f 13137 13138 13151 13144
f 13144 13151 13152 13145
f 13145 13152 13153 13146
f 13146 13153 13154 13147
f 13147 13154 13155 13148
f 13148 13155 13156 13149
f 13149 13156 13157 13150
f 13150 13157 16480 16481
f 13138 13139 13158 13151
f 13151 13158 13159 13152
f 13152 13159 13160 13153
f 13153 13160 13161 13154
f 13154 13161 13162 13155
f 13155 13162 13163 13156
f 13156 13163 13164 13157
f 13157 13164 16479 16480
f 13139 13140 13165 13158
f 13158 13165 13166 13159
f 13159 13166 13167 13160
f 13160 13167 13168 13161
f 13161 13168 13169 13162
f 13162 13169 13170 13163
f 13163 13170 13171 13164
f 13164 13171 16478 16479
f 13140 13141 13172 13165
f 13165 13172 13173 13166
f 13166 13173 13174 13167
f 13167 13174 13175 13168
f 13168 13175 13176 13169
f 13169 13176 13177 13170
f 13170 13177 13178 13171
f 13171 13178 16477 16478
f 13141 13142 13179 13172
f 13172 13179 13180 13173
f 13173 13180 13181 13174
f 13174 13181 13182 13175
f 13175 13182 13183 13176
f 13176 13183 13184 13177
f 13177 13184 13185 13178
f 13178 13185 16476 16477
f 13142 13143 13186 13179
f 13179 13186 13187 13180
f 13180 13187 13188 13181
f 13181 13188 13189 13182
f 13182 13189 13190 13183
f 13183 13190 13191 13184
f 13184 13191 13192 13185
f 13185 13192 16475 16476
f 13143 16347 16346 13186
f 13186 16346 16345 13187
f 13187 16345 16344 13188
f 13188 16344 16343 13189
f 13189 16343 16342 13190
f 13190 16342 16341 13191
f 13191 16341 16340 13192
f 13192 16340 16935 16475
f 13115 13116 13193 13123
f 13123 13193 13194 13124
f 13124 13194 13195 13125
f 13125 13195 13196 13126
f 13126 13196 13197 13127
f 13127 13197 13198 13128
f 13128 13198 13199 13129
f 13129 13199 16781 16782
f 13116 13117 13200 13193
f 13193 13200 13201 13194
f 13194 13201 13202 13195
f 13195 13202 13203 13196
f 13196 13203 13204 13197
f 13197 13204 13205 13198
f 13198 13205 13206 13199
f 13199 13206 16780 16781
f 13117 13118 13207 13200
f 13200 13207 13208 13201
f 13201 13208 13209 13202
f 13202 13209 13210 13203
f 13203 13210 13211 13204
f 13204 13211 13212 13205
f 13205 13212 13213 13206
f 13206 13213 16779 16780
f 13118 13119 13214 13207
f 13207 13214 13215 13208
f 13208 13215 13216 13209
f 13209 13216 13217 13210
f 13210 13217 13218 13211
f 13211 13218 13219 13212
f 13212 13219 13220 13213
f 13213 13220 16778 16779
f 13119 13120 13221 13214
f 13214 13221 13222 13215
f 13215 13222 13223 13216
f 13216 13223 13224 13217
f 13217 13224 13225 13218
f 13218 13225 13226 13219
f 13219 13226 13227 13220
f 13220 13227 16777 16778
f 13120 13121 13228 13221
f 13221 13228 13229 13222
f 13222 13229 13230 13223
f 13223 13230 13231 13224
f 13224 13231 13232 13225
f 13225 13232 13233 13226
f 13226 13233 13234 13227
f 13227 13234 16776 16777
f 13121 13122 13235 13228
f 13228 13235 13236 13229
f 13229 13236 13237 13230
f 13230 13237 13238 13231
f 13231 13238 13239 13232
f 13232 13239 13240 13233
f 13233 13240 13241 13234
f 13234 13241 16775 16776
f 13122 16482 16483 13235
f 13235 16483 16484 13236
f 13236 16484 16485 13237
f 13237 16485 16486 13238
f 13238 16486 16487 13239
f 13239 16487 16488 13240
f 13240 16488 16489 13241
f 13241 16489 16949 16775
f 13115 13123 13242 13130
f 13130 13242 13243 13131
f 13131 13243 13244 13132
f 13132 13244 13245 13133
f 13133 13245 13246 13134
f 13134 13246 13247 13135
f 13135 13247 13248 13136
f 13136 13248 16181 16182
f 13123 13124 13249 13242
f 13242 13249 13250 13243
f 13243 13250 13251 13244
f 13244 13251 13252 13245
f 13245 13252 13253 13246
f 13246 13253 13254 13247
f 13247 13254 13255 13248
f 13248 13255 16180 16181
f 13124 13125 13256 13249
f 13249 13256 13257 13250
f 13250 13257 13258 13251
f 13251 13258 13259 13252
f 13252 13259 13260 13253
f 13253 13260 13261 13254
f 13254 13261 13262 13255
f 13255 13262 16179 16180
f 13125 13126 13263 13256
f 13256 13263 13264 13257
f 13257 13264 13265 13258
f 13258 13265 13266 13259
f 13259 13266 13267 13260
f 13260 13267 13268 13261
f 13261 13268 13269 13262
f 13262 13269 16178 16179
f 13126 13127 13270 13263
f 13263 13270 13271 13264
f 13264 13271 13272 13265
f 13265 13272 13273 13266
f 13266 13273 13274 13267
f 13267 13274 13275 13268
f 13268 13275 13276 13269
f 13269 13276 16177 16178
f 13127 13128 13277 13270
f 13270 13277 13278 13271
f 13271 13278 13279 13272
f 13272 13279 13280 13273
f 13273 13280 13281 13274
f 13274 13281 13282 13275
f 13275 13282 13283 13276
f 13276 13283 16176 16177
f 13128 13129 13284 13277
f 13277 13284 13285 13278
f 13278 13285 13286 13279
f 13279 13286 13287 13280
f 13280 13287 13288 13281
f 13281 13288 13289 13282
f 13282 13289 13290 13283
f 13283 13290 16175 16176
f 13129 16782 16783 13284
f 13284 16783 16784 13285
f 13285 16784 16785 13286
f 13286 16785 16786 13287
f 13287 16786 16787 13288
f 13288 16787 16788 13289
f 13289 16788 16789 13290
f 13290 16789 16960 16175
f 13115 13130 13291 13137
f 13137 13291 13292 13138
f 13138 13292 13293 13139
f 13139 13293 13294 13140
f 13140 13294 13295 13141
f 13141 13295 13296 13142
f 13142 13296 13297 13143
f 13143 13297 16348 16347
f 13130 13131 13298 13291
f 13291 13298 13299 13292
f 13292 13299 13300 13293
f 13293 13300 13301 13294
f 13294 13301 13302 13295
f 13295 13302 13303 13296
f 13296 13303 13304 13297
f 13297 13304 16349 16348
f 13131 13132 13305 13298
f 13298 13305 13306 13299
f 13299 13306 13307 13300
f 13300 13307 13308 13301
f 13301 13308 13309 13302
f 13302 13309 13310 13303
f 13303 13310 13311 13304
f 13304 13311 16350 16349
f 13132 13133 13312 13305
f 13305 13312 13313 13306
f 13306 13313 13314 13307
f 13307 13314 13315 13308
f 13308 13315 13316 13309
f 13309 13316 13317 13310
f 13310 13317 13318 13311
f 13311 13318 16351 16350
f 13133 13134 13319 13312
f 13312 13319 13320 13313
f 13313 13320 13321 13314
f 13314 13321 13322 13315
f 13315 13322 13323 13316
f 13316 13323 13324 13317
f 13317 13324 13325 13318
f 13318 13325 16352 16351
f 13134 13135 13326 13319
f 13319 13326 13327 13320
f 13320 13327 13328 13321
f 13321 13328 13329 13322
f 13322 13329 13330 13323
f 13323 13330 13331 13324
f 13324 13331 13332 13325
f 13325 13332 16353 16352
f 13135 13136 13333 13326
f 13326 13333 13334 13327
f 13327 13334 13335 13328
f 13328 13335 13336 13329
f 13329 13336 13337 13330
f 13330 13337 13338 13331
f 13331 13338 13339 13332
f 13332 13339 16354 16353
f 13136 16182 16183 13333
f 13333 16183 16184 13334
f 13334 16184 16185 13335
f 13335 16185 16186 13336
f 13336 16186 16187 13337
f 13337 16187 16188 13338
f 13338 16188 16189 13339
f 13339 16189 16943 16354
f 13340 13362 13369 13341
f 13341 13369 13370 13342
f 13342 13370 13371 13343
f 13343 13371 13372 13344
f 13344 13372 13373 13345
f 13345 13373 13374 13346
f 13346 13374 13375 13347
f 13347 13375 16138 16137
f 13362 13363 13376 13369
f 13369 13376 13377 13370
f 13370 13377 13378 13371
f 13371 13378 13379 13372
f 13372 13379 13380 13373
f 13373 13380 13381 13374
f 13374 13381 13382 13375
f 13375 13382 16139 16138
f 13363 13364 13383 13376
f 13376 13383 13384 13377
f 13377 13384 13385 13378
f 13378 13385 13386 13379
f 13379 13386 13387 13380
f 13380 13387 13388 13381
f 13381 13388 13389 13382
f 13382 13389 16140 16139
f 13364 13365 13390 13383
f 13383 13390 13391 13384
f 13384 13391 13392 13385
f 13385 13392 13393 13386
f 13386 13393 13394 13387
f 13387 13394 13395 13388
f 13388 13395 13396 13389
f 13389 13396 16141 16140
f 13365 13366 13397 13390
f 13390 13397 13398 13391
f 13391 13398 13399 13392
f 13392 13399 13400 13393
f 13393 13400 13401 13394
f 13394 13401 13402 13395
f 13395 13402 13403 13396
f 13396 13403 16142 16141
f 13366 13367 13404 13397
f 13397 13404 13405 13398
f 13398 13405 13406 13399
f 13399 13406 13407 13400
f 13400 13407 13408 13401
f 13401 13408 13409 13402
f 13402 13409 13410 13403
f 13403 13410 16143 16142
f 13367 13368 13411 13404
f 13404 13411 13412 13405
f 13405 13412 13413 13406
f 13406 13413 13414 13407
f 13407 13414 13415 13408
f 13408 13415 13416 13409
f 13409 13416 13417 13410
f 13410 13417 16144 16143
f 13368 16362 16361 13411
f 13411 16361 16360 13412
f 13412 16360 16359 13413
f 13413 16359 16358 13414
f 13414 16358 16357 13415
f 13415 16357 16356 13416
f 13416 16356 16355 13417
f 13417 16355 16940 16144
f 13340 13341 13418 13348
f 13348 13418 13419 13349
f 13349 13419 13420 13350
f 13350 13420 13421 13351
f 13351 13421 13422 13352
f 13352 13422 13423 13353
f 13353 13423 13424 13354
f 13354 13424 16796 16797
f 13341 13342 13425 13418
f 13418 13425 13426 13419
f 13419 13426 13427 13420
f 13420 13427 13428 13421
f 13421 13428 13429 13422
f 13422 13429 13430 13423
f 13423 13430 13431 13424
f 13424 13431 16795 16796
f 13342 13343 13432 13425
f 13425 13432 13433 13426
f 13426 13433 13434 13427
f 13427 13434 13435 13428
f 13428 13435 13436 13429
f 13429 13436 13437 13430
f 13430 13437 13438 13431
f 13431 13438 16794 16795
f 13343 13344 13439 13432
f 13432 13439 13440 13433
f 13433 13440 13441 13434
f 13434 13441 13442 13435
f 13435 13442 13443 13436
f 13436 13443 13444 13437
f 13437 13444 13445 13438
f 13438 13445 16793 16794
f 13344 13345 13446 13439
f 13439 13446 13447 13440
f 13440 13447 13448 13441
f 13441 13448 13449 13442
f 13442 13449 13450 13443
f 13443 13450 13451 13444
f 13444 13451 13452 13445
f 13445 13452 16792 16793
f 13345 13346 13453 13446
f 13446 13453 13454 13447
f 13447 13454 13455 13448
f 13448 13455 13456 13449
f 13449 13456 13457 13450
f 13450 13457 13458 13451
f 13451 13458 13459 13452
f 13452 13459 16791 16792
f 13346 13347 13460 13453
f 13453 13460 13461 13454
f 13454 13461 13462 13455
f 13455 13462 13463 13456
f 13456 13463 13464 13457
f 13457 13464 13465 13458
f 13458 13465 13466 13459
f 13459 13466 16790 16791
f 13347 16137 16136 13460
f 13460 16136 16135 13461
f 13461 16135 16134 13462
f 13462 16134 16133 13463
f 13463 16133 16132 13464
f 13464 16132 16131 13465
f 13465 16131 16130 13466
f 13466 16130 16958 16790
f 13340 13348 13467 13355
f 13355 13467 13468 13356
f 13356 13468 13469 13357
f 13357 13469 13470 13358
f 13358 13470 13471 13359
f 13359 13471 13472 13360
f 13360 13472 13473 13361
f 13361 13473 16166 16167
f 13348 13349 13474 13467
f 13467 13474 13475 13468
f 13468 13475 13476 13469
f 13469 13476 13477 13470
f 13470 13477 13478 13471
f 13471 13478 13479 13472
f 13472 13479 13480 13473
f 13473 13480 16165 16166
f 13349 13350 13481 13474
f 13474 13481 13482 13475
f 13475 13482 13483 13476
f 13476 13483 13484 13477
f 13477 13484 13485 13478
f 13478 13485 13486 13479
f 13479 13486 13487 13480
f 13480 13487 16164 16165
f 13350 13351 13488 13481
f 13481 13488 13489 13482
f 13482 13489 13490 13483
f 13483 13490 13491 13484
f 13484 13491 13492 13485
f 13485 13492 13493 13486
f 13486 13493 13494 13487
f 13487 13494 16163 16164
f 13351 13352 13495 13488
f 13488 13495 13496 13489
f 13489 13496 13497 13490
f 13490 13497 13498 13491
f 13491 13498 13499 13492
f 13492 13499 13500 13493
f 13493 13500 13501 13494
f 13494 13501 16162 16163
f 13352 13353 13502 13495
f 13495 13502 13503 13496
f 13496 13503 13504 13497
f 13497 13504 13505 13498
f 13498 13505 13506 13499
f 13499 13506 13507 13500
f 13500 13507 13508 13501
f 13501 13508 16161 16162
f 13353 13354 13509 13502
f 13502 13509 13510 13503
f 13503 13510 13511 13504
f 13504 13511 13512 13505
f 13505 13512 13513 13506
f 13506 13513 13514 13507
f 13507 13514 13515 13508
f 13508 13515 16160 16161
f 13354 16797 16798 13509
f 13509 16798 16799 13510
f 13510 16799 16800 13511
f 13511 16800 16801 13512
f 13512 16801 16802 13513
f 13513 16802 16803 13514
f 13514 16803 16804 13515
f 13515 16804 16959 16160
f 13340 13355 13516 13362
f 13362 13516 13517 13363
f 13363 13517 13518 13364
f 13364 13518 13519 13365
f 13365 13519 13520 13366
f 13366 13520 13521 13367
f 13367 13521 13522 13368
f 13368 13522 16363 16362
f 13355 13356 13523 13516
f 13516 13523 13524 13517
f 13517 13524 13525 13518
f 13518 13525 13526 13519
f 13519 13526 13527 13520
f 13520 13527 13528 13521
f 13521 13528 13529 13522
f 13522 13529 16364 16363
f 13356 13357 13530 13523
f 13523 13530 13531 13524
f 13524 13531 13532 13525
f 13525 13532 13533 13526
f 13526 13533 13534 13527
f 13527 13534 13535 13528
f 13528 13535 13536 13529
f 13529 13536 16365 16364
f 13357 13358 13537 13530
f 13530 13537 13538 13531
f 13531 13538 13539 13532
f 13532 13539 13540 13533
f 13533 13540 13541 13534
f 13534 13541 13542 13535
f 13535 13542 13543 13536
f 13536 13543 16366 16365
f 13358 13359 13544 13537
f 13537 13544 13545 13538
f 13538 13545 13546 13539
f 13539 13546 13547 13540
f 13540 13547 13548 13541
f 13541 13548 13549 13542
f 13542 13549 13550 13543
f 13543 13550 16367 16366
f 13359 13360 13551 13544
f 13544 13551 13552 13545
f 13545 13552 13553 13546
f 13546 13553 13554 13547
f 13547 13554 13555 13548
f 13548 13555 13556 13549
f 13549 13556 13557 13550
f 13550 13557 16368 16367
f 13360 13361 13558 13551
f 13551 13558 13559 13552
f 13552 13559 13560 13553
f 13553 13560 13561 13554
f 13554 13561 13562 13555
f 13555 13562 13563 13556
f 13556 13563 13564 13557
f 13557 13564 16369 16368
f 13361 16167 16168 13558
f 13558 16168 16169 13559
f 13559 16169 16170 13560
f 13560 16170 16171 13561
f 13561 16171 16172 13562
f 13562 16172 16173 13563
f 13563 16173 16174 13564
f 13564 16174 16942 16369
f 13565 13587 13594 13566
f 13566 13594 13595 13567
f 13567 13595 13596 13568
f 13568 13596 13597 13569
f 13569 13597 13598 13570
f 13570 13598 13599 13571
f 13571 13599 13600 13572
f 13572 13600 16378 16377
f 13587 13588 13601 13594
f 13594 13601 13602 13595
f 13595 13602 13603 13596
f 13596 13603 13604 13597
f 13597 13604 13605 13598
f 13598 13605 13606 13599
f 13599 13606 13607 13600
f 13600 13607 16379 16378
f 13588 13589 13608 13601
f 13601 13608 13609 13602
f 13602 13609 13610 13603
f 13603 13610 13611 13604
f 13604 13611 13612 13605
f 13605 13612 13613 13606
f 13606 13613 13614 13607
f 13607 13614 16380 16379
f 13589 13590 13615 13608
f 13608 13615 13616 13609
f 13609 13616 13617 13610
f 13610 13617 13618 13611
f 13611 13618 13619 13612
f 13612 13619 13620 13613
f 13613 13620 13621 13614
f 13614 13621 16381 16380
f 13590 13591 13622 13615
f 13615 13622 13623 13616
f 13616 13623 13624 13617
f 13617 13624 13625 13618
f 13618 13625 13626 13619
f 13619 13626 13627 13620
f 13620 13627 13628 13621
f 13621 13628 16382 16381
f 13591 13592 13629 13622
f 13622 13629 13630 13623
f 13623 13630 13631 13624
f 13624 13631 13632 13625
f 13625 13632 13633 13626
f 13626 13633 13634 13627
f 13627 13634 13635 13628
f 13628 13635 16383 16382
f 13592 13593 13636 13629
f 13629 13636 13637 13630
f 13630 13637 13638 13631
f 13631 13638 13639 13632
f 13632 13639 13640 13633
f 13633 13640 13641 13634
f 13634 13641 13642 13635
f 13635 13642 16384 16383
f 13593 16512 16511 13636
f 13636 16511 16510 13637
f 13637 16510 16509 13638
f 13638 16509 16508 13639
f 13639 16508 16507 13640
f 13640 16507 16506 13641
f 13641 16506 16505 13642
f 13642 16505 16939 16384
f 13565 13566 13643 13573
f 13573 13643 13644 13574
f 13574 13644 13645 13575
f 13575 13645 13646 13576
f 13576 13646 13647 13577
f 13577 13647 13648 13578
f 13578 13648 13649 13579
f 13579 13649 16526 16527
f 13566 13567 13650 13643
f 13643 13650 13651 13644
f 13644 13651 13652 13645
f 13645 13652 13653 13646
f 13646 13653 13654 13647
f 13647 13654 13655 13648
f 13648 13655 13656 13649
f 13649 13656 16525 16526
f 13567 13568 13657 13650
f 13650 13657 13658 13651
f 13651 13658 13659 13652
f 13652 13659 13660 13653
f 13653 13660 13661 13654
f 13654 13661 13662 13655
f 13655 13662 13663 13656
f 13656 13663 16524 16525
f 13568 13569 13664 13657
f 13657 13664 13665 13658
f 13658 13665 13666 13659
f 13659 13666 13667 13660
f 13660 13667 13668 13661
f 13661 13668 13669 13662
f 13662 13669 13670 13663
f 13663 13670 16523 16524
f 13569 13570 13671 13664
f 13664 13671 13672 13665
f 13665 13672 13673 13666
f 13666 13673 13674 13667
f 13667 13674 13675 13668
f 13668 13675 13676 13669
f 13669 13676 13677 13670
f 13670 13677 16522 16523
f 13570 13571 13678 13671
f 13671 13678 13679 13672
f 13672 13679 13680 13673
f 13673 13680 13681 13674
f 13674 13681 13682 13675
f 13675 13682 13683 13676
f 13676 13683 13684 13677
f 13677 13684 16521 16522
f 13571 13572 13685 13678
f 13678 13685 13686 13679
f 13679 13686 13687 13680
f 13680 13687 13688 13681
f 13681 13688 13689 13682
f 13682 13689 13690 13683
f 13683 13690 13691 13684
f 13684 13691 16520 16521
f 13572 16377 16376 13685
f 13685 16376 16375 13686
f 13686 16375 16374 13687
f 13687 16374 16373 13688
f 13688 16373 16372 13689
f 13689 16372 16371 13690
f 13690 16371 16370 13691
f 13691 16370 16941 16520
f 13565 13573 13692 13580
f 13580 13692 13693 13581
f 13581 13693 13694 13582
f 13582 13694 13695 13583
f 13583 13695 13696 13584
f 13584 13696 13697 13585
f 13585 13697 13698 13586
f 13586 13698 16811 16812
f 13573 13574 13699 13692
f 13692 13699 13700 13693
f 13693 13700 13701 13694
f 13694 13701 13702 13695
f 13695 13702 13703 13696
f 13696 13703 13704 13697
f 13697 13704 13705 13698
f 13698 13705 16810 16811
f 13574 13575 13706 13699
f 13699 13706 13707 13700
f 13700 13707 13708 13701
f 13701 13708 13709 13702
f 13702 13709 13710 13703
f 13703 13710 13711 13704
f 13704 13711 13712 13705
f 13705 13712 16809 16810
f 13575 13576 13713 13706
f 13706 13713 13714 13707
f 13707 13714 13715 13708
f 13708 13715 13716 13709
f 13709 13716 13717 13710
f 13710 13717 13718 13711
f 13711 13718 13719 13712
f 13712 13719 16808 16809
f 13576 13577 13720 13713
f 13713 13720 13721 13714
f 13714 13721 13722 13715
f 13715 13722 13723 13716
f 13716 13723 13724 13717
f 13717 13724 13725 13718
f 13718 13725 13726 13719
f 13719 13726 16807 16808
f 13577 13578 13727 13720
f 13720 13727 13728 13721
f 13721 13728 13729 13722
f 13722 13729 13730 13723
f 13723 13730 13731 13724
f 13724 13731 13732 13725
f 13725 13732 13733 13726
f 13726 13733 16806 16807
f 13578 13579 13734 13727
f 13727 13734 13735 13728
f 13728 13735 13736 13729
f 13729 13736 13737 13730
f 13730 13737 13738 13731
f 13731 13738 13739 13732
f 13732 13739 13740 13733
f 13733 13740 16805 16806
f 13579 16527 16528 13734
f 13734 16528 16529 13735
f 13735 16529 16530 13736
f 13736 16530 16531 13737
f 13737 16531 16532 13738
f 13738 16532 16533 13739
f 13739 16533 16534 13740
f 13740 16534 16952 16805
f 13565 13580 13741 13587
f 13587 13741 13742 13588
f 13588 13742 13743 13589
f 13589 13743 13744 13590
f 13590 13744 13745 13591
f 13591 13745 13746 13592
f 13592 13746 13747 13593
f 13593 13747 16513 16512
f 13580 13581 13748 13741
f 13741 13748 13749 13742
f 13742 13749 13750 13743
f 13743 13750 13751 13744
f 13744 13751 13752 13745
f 13745 13752 13753 13746
f 13746 13753 13754 13747
f 13747 13754 16514 16513
f 13581 13582 13755 13748
f 13748 13755 13756 13749
f 13749 13756 13757 13750
f 13750 13757 13758 13751
f 13751 13758 13759 13752
f 13752 13759 13760 13753
f 13753 13760 13761 13754
f 13754 13761 16515 16514
f 13582 13583 13762 13755
f 13755 13762 13763 13756
f 13756 13763 13764 13757
f 13757 13764 13765 13758
f 13758 13765 13766 13759
f 13759 13766 13767 13760
f 13760 13767 13768 13761
f 13761 13768 16516 16515
f 13583 13584 13769 13762
f 13762 13769 13770 13763
f 13763 13770 13771 13764
f 13764 13771 13772 13765
f 13765 13772 13773 13766
f 13766 13773 13774 13767
f 13767 13774 13775 13768
f 13768 13775 16517 16516
f 13584 13585 13776 13769
f 13769 13776 13777 13770
f 13770 13777 13778 13771
f 13771 13778 13779 13772
f 13772 13779 13780 13773
f 13773 13780 13781 13774
f 13774 13781 13782 13775
f 13775 13782 16518 16517
f 13585 13586 13783 13776
f 13776 13783 13784 13777
f 13777 13784 13785 13778
f 13778 13785 13786 13779
f 13779 13786 13787 13780
f 13780 13787 13788 13781
f 13781 13788 13789 13782
f 13782 13789 16519 16518
f 13586 16812 16813 13783
f 13783 16813 16814 13784
f 13784 16814 16815 13785
f 13785 16815 16816 13786
f 13786 16816 16817 13787
f 13787 16817 16818 13788
f 13788 16818 16819 13789
f 13789 16819 16951 16519
f 13790 13812 13819 13791
f 13791 13819 13820 13792
f 13792 13820 13821 13793
f 13793 13821 13822 13794
f 13794 13822 13823 13795
f 13795 13823 13824 13796
f 13796 13824 13825 13797
f 13797 13825 16183 16182
f 13812 13813 13826 13819
f 13819 13826 13827 13820
f 13820 13827 13828 13821
f 13821 13828 13829 13822
f 13822 13829 13830 13823
f 13823 13830 13831 13824
f 13824 13831 13832 13825
f 13825 13832 16184 16183
f 13813 13814 13833 13826
f 13826 13833 13834 13827
f 13827 13834 13835 13828
f 13828 13835 13836 13829
f 13829 13836 13837 13830
f 13830 13837 13838 13831
f 13831 13838 13839 13832
f 13832 13839 16185 16184
f 13814 13815 13840 13833
f 13833 13840 13841 13834
f 13834 13841 13842 13835
f 13835 13842 13843 13836
f 13836 13843 13844 13837
f 13837 13844 13845 13838
f 13838 13845 13846 13839
f 13839 13846 16186 16185
f 13815 13816 13847 13840
f 13840 13847 13848 13841
f 13841 13848 13849 13842
f 13842 13849 13850 13843
f 13843 13850 13851 13844
f 13844 13851 13852 13845
f 13845 13852 13853 13846
f 13846 13853 16187 16186
f 13816 13817 13854 13847
f 13847 13854 13855 13848
f 13848 13855 13856 13849
f 13849 13856 13857 13850
f 13850 13857 13858 13851
f 13851 13858 13859 13852
f 13852 13859 13860 13853
f 13853 13860 16188 16187
f 13817 13818 13861 13854
f 13854 13861 13862 13855
f 13855 13862 13863 13856
f 13856 13863 13864 13857
f 13857 13864 13865 13858
f 13858 13865 13866 13859
f 13859 13866 13867 13860
f 13860 13867 16189 16188
f 13818 16392 16391 13861
f 13861 16391 16390 13862
f 13862 16390 16389 13863
f 13863 16389 16388 13864
f 13864 16388 16387 13865
f 13865 16387 16386 13866
f 13866 16386 16385 13867
f 13867 16385 16943 16189
f 13790 13791 13868 13798
f 13798 13868 13869 13799
f 13799 13869 13870 13800
f 13800 13870 13871 13801
f 13801 13871 13872 13802
f 13802 13872 13873 13803
f 13803 13873 13874 13804
f 13804 13874 16826 16827
f 13791 13792 13875 13868
f 13868 13875 13876 13869
f 13869 13876 13877 13870
f 13870 13877 13878 13871
f 13871 13878 13879 13872
f 13872 13879 13880 13873
f 13873 13880 13881 13874
f 13874 13881 16825 16826
f 13792 13793 13882 13875
f 13875 13882 13883 13876
f 13876 13883 13884 13877
f 13877 13884 13885 13878
f 13878 13885 13886 13879
f 13879 13886 13887 13880
f 13880 13887 13888 13881
f 13881 13888 16824 16825
f 13793 13794 13889 13882
f 13882 13889 13890 13883
f 13883 13890 13891 13884
f 13884 13891 13892 13885
f 13885 13892 13893 13886
f 13886 13893 13894 13887
f 13887 13894 13895 13888
f 13888 13895 16823 16824
f 13794 13795 13896 13889
f 13889 13896 13897 13890
f 13890 13897 13898 13891
f 13891 13898 13899 13892
f 13892 13899 13900 13893
f 13893 13900 13901 13894
f 13894 13901 13902 13895
f 13895 13902 16822 16823
f 13795 13796 13903 13896
f 13896 13903 13904 13897
f 13897 13904 13905 13898
f 13898 13905 13906 13899
f 13899 13906 13907 13900
f 13900 13907 13908 13901
f 13901 13908 13909 13902
f 13902 13909 16821 16822
f 13796 13797 13910 13903
f 13903 13910 13911 13904
f 13904 13911 13912 13905
f 13905 13912 13913 13906
f 13906 13913 13914 13907
f 13907 13914 13915 13908
f 13908 13915 13916 13909
f 13909 13916 16820 16821
f 13797 16182 16181 13910
f 13910 16181 16180 13911
f 13911 16180 16179 13912
f 13912 16179 16178 13913
f 13913 16178 16177 13914
f 13914 16177 16176 13915
f 13915 16176 16175 13916
f 13916 16175 16960 16820
f 13790 13798 13917 13805
f 13805 13917 13918 13806
f 13806 13918 13919 13807
f 13807 13919 13920 13808
f 13808 13920 13921 13809
f 13809 13921 13922 13810
f 13810 13922 13923 13811
f 13811 13923 16136 16137
f 13798 13799 13924 13917
f 13917 13924 13925 13918
f 13918 13925 13926 13919
f 13919 13926 13927 13920
f 13920 13927 13928 13921
f 13921 13928 13929 13922
f 13922 13929 13930 13923
f 13923 13930 16135 16136
f 13799 13800 13931 13924
f 13924 13931 13932 13925
f 13925 13932 13933 13926
f 13926 13933 13934 13927
f 13927 13934 13935 13928
f 13928 13935 13936 13929
f 13929 13936 13937 13930
f 13930 13937 16134 16135
f 13800 13801 13938 13931
f 13931 13938 13939 13932
f 13932 13939 13940 13933
f 13933 13940 13941 13934
f 13934 13941 13942 13935
f 13935 13942 13943 13936
f 13936 13943 13944 13937
f 13937 13944 16133 16134
f 13801 13802 13945 13938
f 13938 13945 13946 13939
f 13939 13946 13947 13940
f 13940 13947 13948 13941
f 13941 13948 13949 13942
f 13942 13949 13950 13943
f 13943 13950 13951 13944
f 13944 13951 16132 16133
f 13802 13803 13952 13945
f 13945 13952 13953 13946
f 13946 13953 13954 13947
f 13947 13954 13955 13948
f 13948 13955 13956 13949
f 13949 13956 13957 13950
f 13950 13957 13958 13951
f 13951 13958 16131 16132
f 13803 13804 13959 13952
f 13952 13959 13960 13953
f 13953 13960 13961 13954
f 13954 13961 13962 13955
f 13955 13962 13963 13956
f 13956 13963 13964 13957
f 13957 13964 13965 13958
f 13958 13965 16130 16131
f 13804 16827 16828 13959
f 13959 16828 16829 13960
f 13960 16829 16830 13961
f 13961 16830 16831 13962
f 13962 16831 16832 13963
f 13963 16832 16833 13964
f 13964 16833 16834 13965
f 13965 16834 16958 16130
f 13790 13805 13966 13812
f 13812 13966 13967 13813
f 13813 13967 13968 13814
f 13814 13968 13969 13815
f 13815 13969 13970 13816
f 13816 13970 13971 13817
f 13817 13971 13972 13818
f 13818 13972 16393 16392
f 13805 13806 13973 13966
f 13966 13973 13974 13967
f 13967 13974 13975 13968
f 13968 13975 13976 13969
f 13969 13976 13977 13970
f 13970 13977 13978 13971
f 13971 13978 13979 13972
f 13972 13979 16394 16393
f 13806 13807 13980 13973
f 13973 13980 13981 13974
f 13974 13981 13982 13975
f 13975 13982 13983 13976
f 13976 13983 13984 13977
f 13977 13984 13985 13978
f 13978 13985 13986 13979
f 13979 13986 16395 16394
f 13807 13808 13987 13980
f 13980 13987 13988 13981
f 13981 13988 13989 13982
f 13982 13989 13990 13983
f 13983 13990 13991 13984
f 13984 13991 13992 13985
f 13985 13992 13993 13986
f 13986 13993 16396 16395
f 13808 13809 13994 13987
f 13987 13994 13995 13988
f 13988 13995 13996 13989
f 13989 13996 13997 13990
f 13990 13997 13998 13991
f 13991 13998 13999 13992
f 13992 13999 14000 13993
f 13993 14000 16397 16396
f 13809 13810 14001 13994
f 13994 14001 14002 13995
f 13995 14002 14003 13996
f 13996 14003 14004 13997
f 13997 14004 14005 13998
f 13998 14005 14006 13999
f 13999 14006 14007 14000
f 14000 14007 16398 16397
f 13810 13811 14008 14001
f 14001 14008 14009 14002
f 14002 14009 14010 14003
f 14003 14010 14011 14004
f 14004 14011 14012 14005
f 14005 14012 14013 14006
f 14006 14013 14014 14007
f 14007 14014 16399 16398
f 13811 16137 16138 14008
f 14008 16138 16139 14009
f 14009 16139 16140 14010
f 14010 16140 16141 14011
f 14011 16141 16142 14012
f 14012 16142 16143 14013
f 14013 16143 16144 14014
f 14014 16144 16940 16399
f 14015 14037 14044 14016
f 14016 14044 14045 14017
f 14017 14045 14046 14018
f 14018 14046 14047 14019
f 14019 14047 14048 14020
f 14020 14048 14049 14021
f 14021 14049 14050 14022
f 14022 14050 16408 16407
f 14037 14038 14051 14044
f 14044 14051 14052 14045
f 14045 14052 14053 14046
f 14046 14053 14054 14047
f 14047 14054 14055 14048
f 14048 14055 14056 14049
f 14049 14056 14057 14050
f 14050 14057 16409 16408
f 14038 14039 14058 14051
f 14051 14058 14059 14052
f 14052 14059 14060 14053
f 14053 14060 14061 14054
f 14054 14061 14062 14055
f 14055 14062 14063 14056
f 14056 14063 14064 14057
f 14057 14064 16410 16409
f 14039 14040 14065 14058
f 14058 14065 14066 14059
f 14059 14066 14067 14060
f 14060 14067 14068 14061
f 14061 14068 14069 14062
f 14062 14069 14070 14063
f 14063 14070 14071 14064
f 14064 14071 16411 16410
f 14040 14041 14072 14065
f 14065 14072 14073 14066
f 14066 14073 14074 14067
f 14067 14074 14075 14068
f 14068 14075 14076 14069
f 14069 14076 14077 14070
f 14070 14077 14078 14071
f 14071 14078 16412 16411
f 14041 14042 14079 14072
f 14072 14079 14080 14073
f 14073 14080 14081 14074
f 14074 14081 14082 14075
f 14075 14082 14083 14076
f 14076 14083 14084 14077
f 14077 14084 14085 14078
f 14078 14085 16413 16412
f 14042 14043 14086 14079
f 14079 14086 14087 14080
f 14080 14087 14088 14081
f 14081 14088 14089 14082
f 14082 14089 14090 14083
f 14083 14090 14091 14084
f 14084 14091 14092 14085
f 14085 14092 16414 16413
f 14043 16542 16541 14086
f 14086 16541 16540 14087
f 14087 16540 16539 14088
f 14088 16539 16538 14089
f 14089 16538 16537 14090
f 14090 16537 16536 14091
f 14091 16536 16535 14092
f 14092 16535 16944 16414
f 14015 14016 14093 14023
f 14023 14093 14094 14024
f 14024 14094 14095 14025
f 14025 14095 14096 14026
f 14026 14096 14097 14027
f 14027 14097 14098 14028
f 14028 14098 14099 14029
f 14029 14099 16511 16512
f 14016 14017 14100 14093
f 14093 14100 14101 14094
f 14094 14101 14102 14095
f 14095 14102 14103 14096
f 14096 14103 14104 14097
f 14097 14104 14105 14098
f 14098 14105 14106 14099
f 14099 14106 16510 16511
f 14017 14018 14107 14100
f 14100 14107 14108 14101
f 14101 14108 14109 14102
f 14102 14109 14110 14103
f 14103 14110 14111 14104
f 14104 14111 14112 14105
f 14105 14112 14113 14106
f 14106 14113 16509 16510
f 14018 14019 14114 14107
f 14107 14114 14115 14108
f 14108 14115 14116 14109
f 14109 14116 14117 14110
f 14110 14117 14118 14111
f 14111 14118 14119 14112
f 14112 14119 14120 14113
f 14113 14120 16508 16509
f 14019 14020 14121 14114
f 14114 14121 14122 14115
f 14115 14122 14123 14116
f 14116 14123 14124 14117
f 14117 14124 14125 14118
f 14118 14125 14126 14119
f 14119 14126 14127 14120
f 14120 14127 16507 16508
f 14020 14021 14128 14121
f 14121 14128 14129 14122
f 14122 14129 14130 14123
f 14123 14130 14131 14124
f 14124 14131 14132 14125
f 14125 14132 14133 14126
f 14126 14133 14134 14127
f 14127 14134 16506 16507
f 14021 14022 14135 14128
f 14128 14135 14136 14129
f 14129 14136 14137 14130
f 14130 14137 14138 14131
f 14131 14138 14139 14132
f 14132 14139 14140 14133
f 14133 14140 14141 14134
f 14134 14141 16505 16506
f 14022 16407 16406 14135
f 14135 16406 16405 14136
f 14136 16405 16404 14137
f 14137 16404 16403 14138
f 14138 16403 16402 14139
f 14139 16402 16401 14140
f 14140 16401 16400 14141
f 14141 16400 16939 16505
f 14015 14023 14142 14030
f 14030 14142 14143 14031
f 14031 14143 14144 14032
f 14032 14144 14145 14033
f 14033 14145 14146 14034
f 14034 14146 14147 14035
f 14035 14147 14148 14036
f 14036 14148 16841 16842
f 14023 14024 14149 14142
f 14142 14149 14150 14143
f 14143 14150 14151 14144
f 14144 14151 14152 14145
f 14145 14152 14153 14146
f 14146 14153 14154 14147
f 14147 14154 14155 14148
f 14148 14155 16840 16841
f 14024 14025 14156 14149
f 14149 14156 14157 14150
f 14150 14157 14158 14151
f 14151 14158 14159 14152
f 14152 14159 14160 14153
f 14153 14160 14161 14154
f 14154 14161 14162 14155
f 14155 14162 16839 16840
f 14025 14026 14163 14156
f 14156 14163 14164 14157
f 14157 14164 14165 14158
f 14158 14165 14166 14159
f 14159 14166 14167 14160
f 14160 14167 14168 14161
f 14161 14168 14169 14162
f 14162 14169 16838 16839
f 14026 14027 14170 14163
f 14163 14170 14171 14164
f 14164 14171 14172 14165
f 14165 14172 14173 14166
f 14166 14173 14174 14167
f 14167 14174 14175 14168
f 14168 14175 14176 14169
f 14169 14176 16837 16838
f 14027 14028 14177 14170
f 14170 14177 14178 14171
f 14171 14178 14179 14172
f 14172 14179 14180 14173
f 14173 14180 14181 14174
f 14174 14181 14182 14175
f 14175 14182 14183 14176
f 14176 14183 16836 16837
f 14028 14029 14184 14177
f 14177 14184 14185 14178
f 14178 14185 14186 14179
f 14179 14186 14187 14180
f 14180 14187 14188 14181
f 14181 14188 14189 14182
f 14182 14189 14190 14183
f 14183 14190 16835 16836
f 14029 16512 16513 14184
f 14184 16513 16514 14185
f 14185 16514 16515 14186
f 14186 16515 16516 14187
f 14187 16516 16517 14188
f 14188 16517 16518 14189
f 14189 16518 16519 14190
f 14190 16519 16951 16835
f 14015 14030 14191 14037
f 14037 14191 14192 14038
f 14038 14192 14193 14039
f 14039 14193 14194 14040
f 14040 14194 14195 14041
f 14041 14195 14196 14042
f 14042 14196 14197 14043
f 14043 14197 16543 16542
f 14030 14031 14198 14191
f 14191 14198 14199 14192
f 14192 14199 14200 14193
f 14193 14200 14201 14194
f 14194 14201 14202 14195
f 14195 14202 14203 14196
f 14196 14203 14204 14197
f 14197 14204 16544 16543
f 14031 14032 14205 14198
f 14198 14205 14206 14199
f 14199 14206 14207 14200
f 14200 14207 14208 14201
f 14201 14208 14209 14202
f 14202 14209 14210 14203
f 14203 14210 14211 14204
f 14204 14211 16545 16544
f 14032 14033 14212 14205
f 14205 14212 14213 14206
f 14206 14213 14214 14207
f 14207 14214 14215 14208
f 14208 14215 14216 14209
f 14209 14216 14217 14210
f 14210 14217 14218 14211
f 14211 14218 16546 16545
f 14033 14034 14219 14212
f 14212 14219 14220 14213
f 14213 14220 14221 14214
f 14214 14221 14222 14215
f 14215 14222 14223 14216
f 14216 14223 14224 14217
f 14217 14224 14225 14218
f 14218 14225 16547 16546
f 14034 14035 14226 14219
f 14219 14226 14227 14220
f 14220 14227 14228 14221
f 14221 14228 14229 14222
f 14222 14229 14230 14223
f 14223 14230 14231 14224
f 14224 14231 14232 14225
f 14225 14232 16548 16547
f 14035 14036 14233 14226
f 14226 14233 14234 14227
f 14227 14234 14235 14228
f 14228 14235 14236 14229
f 14229 14236 14237 14230
f 14230 14237 14238 14231
f 14231 14238 14239 14232
f 14232 14239 16549 16548
f 14036 16842 16843 14233
f 14233 16843 16844 14234
f 14234 16844 16845 14235
f 14235 16845 16846 14236
f 14236 16846 16847 14237
f 14237 16847 16848 14238
f 14238 16848 16849 14239
f 14239 16849 16953 16549
f 14240 14262 14269 14241
f 14241 14269 14270 14242
f 14242 14270 14271 14243
f 14243 14271 14272 14244
f 14244 14272 14273 14245
f 14245 14273 14274 14246
f 14246 14274 14275 14247
f 14247 14275 16438 16437
f 14262 14263 14276 14269
f 14269 14276 14277 14270
f 14270 14277 14278 14271
f 14271 14278 14279 14272
f 14272 14279 14280 14273
f 14273 14280 14281 14274
f 14274 14281 14282 14275
f 14275 14282 16439 16438
f 14263 14264 14283 14276
f 14276 14283 14284 14277
f 14277 14284 14285 14278
f 14278 14285 14286 14279
f 14279 14286 14287 14280
f 14280 14287 14288 14281
f 14281 14288 14289 14282
f 14282 14289 16440 16439
f 14264 14265 14290 14283
f 14283 14290 14291 14284
f 14284 14291 14292 14285
f 14285 14292 14293 14286
f 14286 14293 14294 14287
f 14287 14294 14295 14288
f 14288 14295 14296 14289
f 14289 14296 16441 16440
f 14265 14266 14297 14290
f 14290 14297 14298 14291
f 14291 14298 14299 14292
f 14292 14299 14300 14293
f 14293 14300 14301 14294
f 14294 14301 14302 14295
f 14295 14302 14303 14296
f 14296 14303 16442 16441
f 14266 14267 14304 14297
f 14297 14304 14305 14298
f 14298 14305 14306 14299
f 14299 14306 14307 14300
f 14300 14307 14308 14301
f 14301 14308 14309 14302
f 14302 14309 14310 14303
f 14303 14310 16443 16442
f 14267 14268 14311 14304
f 14304 14311 14312 14305
f 14305 14312 14313 14306
f 14306 14313 14314 14307
f 14307 14314 14315 14308
f 14308 14315 14316 14309
f 14309 14316 14317 14310
f 14310 14317 16444 16443
f 14268 16572 16571 14311
f 14311 16571 16570 14312
f 14312 16570 16569 14313
f 14313 16569 16568 14314
f 14314 16568 16567 14315
f 14315 16567 16566 14316
f 14316 16566 16565 14317
f 14317 16565 16948 16444
f 14240 14241 14318 14248
f 14248 14318 14319 14249
f 14249 14319 14320 14250
f 14250 14320 14321 14251
f 14251 14321 14322 14252
f 14252 14322 14323 14253
f 14253 14323 14324 14254
f 14254 14324 16496 16497
f 14241 14242 14325 14318
f 14318 14325 14326 14319
f 14319 14326 14327 14320
f 14320 14327 14328 14321
f 14321 14328 14329 14322
f 14322 14329 14330 14323
f 14323 14330 14331 14324
f 14324 14331 16495 16496
f 14242 14243 14332 14325
f 14325 14332 14333 14326
f 14326 14333 14334 14327
f 14327 14334 14335 14328
f 14328 14335 14336 14329
f 14329 14336 14337 14330
f 14330 14337 14338 14331
f 14331 14338 16494 16495
f 14243 14244 14339 14332
f 14332 14339 14340 14333
f 14333 14340 14341 14334
f 14334 14341 14342 14335
f 14335 14342 14343 14336
f 14336 14343 14344 14337
f 14337 14344 14345 14338
f 14338 14345 16493 16494
f 14244 14245 14346 14339
f 14339 14346 14347 14340
f 14340 14347 14348 14341
f 14341 14348 14349 14342
f 14342 14349 14350 14343
f 14343 14350 14351 14344
f 14344 14351 14352 14345
f 14345 14352 16492 16493
f 14245 14246 14353 14346
f 14346 14353 14354 14347
f 14347 14354 14355 14348
f 14348 14355 14356 14349
f 14349 14356 14357 14350
f 14350 14357 14358 14351
f 14351 14358 14359 14352
f 14352 14359 16491 16492
f 14246 14247 14360 14353
f 14353 14360 14361 14354
f 14354 14361 14362 14355
f 14355 14362 14363 14356
f 14356 14363 14364 14357
f 14357 14364 14365 14358
f 14358 14365 14366 14359
f 14359 14366 16490 16491
f 14247 16437 16436 14360
f 14360 16436 16435 14361
f 14361 16435 16434 14362
f 14362 16434 16433 14363
f 14363 16433 16432 14364
f 14364 16432 16431 14365
f 14365 16431 16430 14366
f 14366 16430 16937 16490
f 14240 14248 14367 14255
f 14255 14367 14368 14256
f 14256 14368 14369 14257
f 14257 14369 14370 14258
f 14258 14370 14371 14259
f 14259 14371 14372 14260
f 14260 14372 14373 14261
f 14261 14373 16856 16857
f 14248 14249 14374 14367
f 14367 14374 14375 14368
f 14368 14375 14376 14369
f 14369 14376 14377 14370
f 14370 14377 14378 14371
f 14371 14378 14379 14372
f 14372 14379 14380 14373
f 14373 14380 16855 16856
f 14249 14250 14381 14374
f 14374 14381 14382 14375
f 14375 14382 14383 14376
f 14376 14383 14384 14377
f 14377 14384 14385 14378
f 14378 14385 14386 14379
f 14379 14386 14387 14380
f 14380 14387 16854 16855
f 14250 14251 14388 14381
f 14381 14388 14389 14382
f 14382 14389 14390 14383
f 14383 14390 14391 14384
f 14384 14391 14392 14385
f 14385 14392 14393 14386
f 14386 14393 14394 14387
f 14387 14394 16853 16854
f 14251 14252 14395 14388
f 14388 14395 14396 14389
f 14389 14396 14397 14390
f 14390 14397 14398 14391
f 14391 14398 14399 14392
f 14392 14399 14400 14393
f 14393 14400 14401 14394
f 14394 14401 16852 16853
f 14252 14253 14402 14395
f 14395 14402 14403 14396
f 14396 14403 14404 14397
f 14397 14404 14405 14398
f 14398 14405 14406 14399
f 14399 14406 14407 14400
f 14400 14407 14408 14401
f 14401 14408 16851 16852
f 14253 14254 14409 14402
f 14402 14409 14410 14403
f 14403 14410 14411 14404
f 14404 14411 14412 14405
f 14405 14412 14413 14406
f 14406 14413 14414 14407
f 14407 14414 14415 14408
f 14408 14415 16850 16851
f 14254 16497 16498 14409
f 14409 16498 16499 14410
f 14410 16499 16500 14411
f 14411 16500 16501 14412
f 14412 16501 16502 14413
f 14413 16502 16503 14414
f 14414 16503 16504 14415
f 14415 16504 16950 16850
f 14240 14255 14416 14262
f 14262 14416 14417 14263
f 14263 14417 14418 14264
f 14264 14418 14419 14265
f 14265 14419 14420 14266
f 14266 14420 14421 14267
f 14267 14421 14422 14268
f 14268 14422 16573 16572
f 14255 14256 14423 14416
f 14416 14423 14424 14417
f 14417 14424 14425 14418
f 14418 14425 14426 14419
f 14419 14426 14427 14420
f 14420 14427 14428 14421
f 14421 14428 14429 14422
f 14422 14429 16574 16573
f 14256 14257 14430 14423
f 14423 14430 14431 14424
f 14424 14431 14432 14425
f 14425 14432 14433 14426
f 14426 14433 14434 14427
f 14427 14434 14435 14428
f 14428 14435 14436 14429
f 14429 14436 16575 16574
f 14257 14258 14437 14430
f 14430 14437 14438 14431
f 14431 14438 14439 14432
f 14432 14439 14440 14433
f 14433 14440 14441 14434
f 14434 14441 14442 14435
f 14435 14442 14443 14436
f 14436 14443 16576 16575
f 14258 14259 14444 14437
f 14437 14444 14445 14438
f 14438 14445 14446 14439
f 14439 14446 14447 14440
f 14440 14447 14448 14441
f 14441 14448 14449 14442
f 14442 14449 14450 14443
f 14443 14450 16577 16576
f 14259 14260 14451 14444
f 14444 14451 14452 14445
f 14445 14452 14453 14446
f 14446 14453 14454 14447
f 14447 14454 14455 14448
f 14448 14455 14456 14449
f 14449 14456 14457 14450
f 14450 14457 16578 16577
f 14260 14261 14458 14451
f 14451 14458 14459 14452
f 14452 14459 14460 14453
f 14453 14460 14461 14454
f 14454 14461 14462 14455
f 14455 14462 14463 14456
f 14456 14463 14464 14457
f 14457 14464 16579 16578
f 14261 16857 16858 14458
f 14458 16858 16859 14459
f 14459 16859 16860 14460
f 14460 16860 16861 14461
f 14461 16861 16862 14462
f 14462 16862 16863 14463
f 14463 16863 16864 14464
f 14464 16864 16955 16579
f 14465 14487 14494 14466
f 14466 14494 14495 14467
f 14467 14495 14496 14468
f 14468 14496 14497 14469
f 14469 14497 14498 14470
f 14470 14498 14499 14471
f 14471 14499 14500 14472
f 14472 14500 16453 16452
f 14487 14488 14501 14494
f 14494 14501 14502 14495
f 14495 14502 14503 14496
f 14496 14503 14504 14497
f 14497 14504 14505 14498
f 14498 14505 14506 14499
f 14499 14506 14507 14500
f 14500 14507 16454 16453
f 14488 14489 14508 14501
f 14501 14508 14509 14502
f 14502 14509 14510 14503
f 14503 14510 14511 14504
f 14504 14511 14512 14505
f 14505 14512 14513 14506
f 14506 14513 14514 14507
f 14507 14514 16455 16454
f 14489 14490 14515 14508
f 14508 14515 14516 14509
f 14509 14516 14517 14510
f 14510 14517 14518 14511
f 14511 14518 14519 14512
f 14512 14519 14520 14513
f 14513 14520 14521 14514
f 14514 14521 16456 16455
f 14490 14491 14522 14515
f 14515 14522 14523 14516
f 14516 14523 14524 14517
f 14517 14524 14525 14518
f 14518 14525 14526 14519
f 14519 14526 14527 14520
f 14520 14527 14528 14521
f 14521 14528 16457 16456
f 14491 14492 14529 14522
f 14522 14529 14530 14523
f 14523 14530 14531 14524
f 14524 14531 14532 14525
f 14525 14532 14533 14526
f 14526 14533 14534 14527
f 14527 14534 14535 14528
f 14528 14535 16458 16457
f 14492 14493 14536 14529
f 14529 14536 14537 14530
f 14530 14537 14538 14531
f 14531 14538 14539 14532
f 14532 14539 14540 14533
f 14533 14540 14541 14534
f 14534 14541 14542 14535
f 14535 14542 16459 16458
f 14493 16527 16526 14536
f 14536 16526 16525 14537
f 14537 16525 16524 14538
f 14538 16524 16523 14539
f 14539 16523 16522 14540
f 14540 16522 16521 14541
f 14541 16521 16520 14542
f 14542 16520 16941 16459
f 14465 14466 14543 14473
f 14473 14543 14544 14474
f 14474 14544 14545 14475
f 14475 14545 14546 14476
f 14476 14546 14547 14477
f 14477 14547 14548 14478
f 14478 14548 14549 14479
f 14479 14549 16108 16107
f 14466 14467 14550 14543
f 14543 14550 14551 14544
f 14544 14551 14552 14545
f 14545 14552 14553 14546
f 14546 14553 14554 14547
f 14547 14554 14555 14548
f 14548 14555 14556 14549
f 14549 14556 16109 16108
f 14467 14468 14557 14550
f 14550 14557 14558 14551
f 14551 14558 14559 14552
f 14552 14559 14560 14553
f 14553 14560 14561 14554
f 14554 14561 14562 14555
f 14555 14562 14563 14556
f 14556 14563 16110 16109
f 14468 14469 14564 14557
f 14557 14564 14565 14558
f 14558 14565 14566 14559
f 14559 14566 14567 14560
f 14560 14567 14568 14561
f 14561 14568 14569 14562
f 14562 14569 14570 14563
f 14563 14570 16111 16110
f 14469 14470 14571 14564
f 14564 14571 14572 14565
f 14565 14572 14573 14566
f 14566 14573 14574 14567
f 14567 14574 14575 14568
f 14568 14575 14576 14569
f 14569 14576 14577 14570
f 14570 14577 16112 16111
f 14470 14471 14578 14571
f 14571 14578 14579 14572
f 14572 14579 14580 14573
f 14573 14580 14581 14574
f 14574 14581 14582 14575
f 14575 14582 14583 14576
f 14576 14583 14584 14577
f 14577 14584 16113 16112
f 14471 14472 14585 14578
f 14578 14585 14586 14579
f 14579 14586 14587 14580
f 14580 14587 14588 14581
f 14581 14588 14589 14582
f 14582 14589 14590 14583
f 14583 14590 14591 14584
f 14584 14591 16114 16113
f 14472 16452 16451 14585
f 14585 16451 16450 14586
f 14586 16450 16449 14587
f 14587 16449 16448 14588
f 14588 16448 16447 14589
f 14589 16447 16446 14590
f 14590 16446 16445 14591
f 14591 16445 16938 16114
f 14465 14473 14592 14480
f 14480 14592 14593 14481
f 14481 14593 14594 14482
f 14482 14594 14595 14483
f 14483 14595 14596 14484
f 14484 14596 14597 14485
f 14485 14597 14598 14486
f 14486 14598 16871 16872
f 14473 14474 14599 14592
f 14592 14599 14600 14593
f 14593 14600 14601 14594
f 14594 14601 14602 14595
f 14595 14602 14603 14596
f 14596 14603 14604 14597
f 14597 14604 14605 14598
f 14598 14605 16870 16871
f 14474 14475 14606 14599
f 14599 14606 14607 14600
f 14600 14607 14608 14601
f 14601 14608 14609 14602
f 14602 14609 14610 14603
f 14603 14610 14611 14604
f 14604 14611 14612 14605
f 14605 14612 16869 16870
f 14475 14476 14613 14606
f 14606 14613 14614 14607
f 14607 14614 14615 14608
f 14608 14615 14616 14609
f 14609 14616 14617 14610
f 14610 14617 14618 14611
f 14611 14618 14619 14612
f 14612 14619 16868 16869
f 14476 14477 14620 14613
f 14613 14620 14621 14614
f 14614 14621 14622 14615
f 14615 14622 14623 14616
f 14616 14623 14624 14617
f 14617 14624 14625 14618
f 14618 14625 14626 14619
f 14619 14626 16867 16868
f 14477 14478 14627 14620
f 14620 14627 14628 14621
f 14621 14628 14629 14622
f 14622 14629 14630 14623
f 14623 14630 14631 14624
f 14624 14631 14632 14625
f 14625 14632 14633 14626
f 14626 14633 16866 16867
f 14478 14479 14634 14627
f 14627 14634 14635 14628
f 14628 14635 14636 14629
f 14629 14636 14637 14630
f 14630 14637 14638 14631
f 14631 14638 14639 14632
f 14632 14639 14640 14633
f 14633 14640 16865 16866
f 14479 16107 16106 14634
f 14634 16106 16105 14635
f 14635 16105 16104 14636
f 14636 16104 16103 14637
f 14637 16103 16102 14638
f 14638 16102 16101 14639
f 14639 16101 16100 14640
f 14640 16100 16957 16865
f 14465 14480 14641 14487
f 14487 14641 14642 14488
f 14488 14642 14643 14489
f 14489 14643 14644 14490
f 14490 14644 14645 14491
f 14491 14645 14646 14492
f 14492 14646 14647 14493
f 14493 14647 16528 16527
f 14480 14481 14648 14641
f 14641 14648 14649 14642
f 14642 14649 14650 14643
f 14643 14650 14651 14644
f 14644 14651 14652 14645
f 14645 14652 14653 14646
f 14646 14653 14654 14647
f 14647 14654 16529 16528
f 14481 14482 14655 14648
f 14648 14655 14656 14649
f 14649 14656 14657 14650
f 14650 14657 14658 14651
f 14651 14658 14659 14652
f 14652 14659 14660 14653
f 14653 14660 14661 14654
f 14654 14661 16530 16529
f 14482 14483 14662 14655
f 14655 14662 14663 14656
f 14656 14663 14664 14657
f 14657 14664 14665 14658
f 14658 14665 14666 14659
f 14659 14666 14667 14660
f 14660 14667 14668 14661
f 14661 14668 16531 16530
f 14483 14484 14669 14662
f 14662 14669 14670 14663
f 14663 14670 14671 14664
f 14664 14671 14672 14665
f 14665 14672 14673 14666
f 14666 14673 14674 14667
f 14667 14674 14675 14668
f 14668 14675 16532 16531
f 14484 14485 14676 14669
f 14669 14676 14677 14670
f 14670 14677 14678 14671
f 14671 14678 14679 14672
f 14672 14679 14680 14673
f 14673 14680 14681 14674
f 14674 14681 14682 14675
f 14675 14682 16533 16532
f 14485 14486 14683 14676
f 14676 14683 14684 14677
f 14677 14684 14685 14678
f 14678 14685 14686 14679
f 14679 14686 14687 14680
f 14680 14687 14688 14681
f 14681 14688 14689 14682
f 14682 14689 16534 16533
f 14486 16872 16873 14683
f 14683 16873 16874 14684
f 14684 16874 16875 14685
f 14685 16875 16876 14686
f 14686 16876 16877 14687
f 14687 16877 16878 14688
f 14688 16878 16879 14689
f 14689 16879 16952 16534
f 14690 14712 14719 14691
f 14691 14719 14720 14692
f 14692 14720 14721 14693
f 14693 14721 14722 14694
f 14694 14722 14723 14695
f 14695 14723 14724 14696
f 14696 14724 14725 14697
f 14697 14725 16168 16167
f 14712 14713 14726 14719
f 14719 14726 14727 14720
f 14720 14727 14728 14721
f 14721 14728 14729 14722
f 14722 14729 14730 14723
f 14723 14730 14731 14724
f 14724 14731 14732 14725
f 14725 14732 16169 16168
f 14713 14714 14733 14726
f 14726 14733 14734 14727
f 14727 14734 14735 14728
f 14728 14735 14736 14729
f 14729 14736 14737 14730
f 14730 14737 14738 14731
f 14731 14738 14739 14732
f 14732 14739 16170 16169
f 14714 14715 14740 14733
f 14733 14740 14741 14734
f 14734 14741 14742 14735
f 14735 14742 14743 14736
f 14736 14743 14744 14737
f 14737 14744 14745 14738
f 14738 14745 14746 14739
f 14739 14746 16171 16170
f 14715 14716 14747 14740
f 14740 14747 14748 14741
f 14741 14748 14749 14742
f 14742 14749 14750 14743
f 14743 14750 14751 14744
f 14744 14751 14752 14745
f 14745 14752 14753 14746
f 14746 14753 16172 16171
f 14716 14717 14754 14747
f 14747 14754 14755 14748
f 14748 14755 14756 14749
f 14749 14756 14757 14750
f 14750 14757 14758 14751
f 14751 14758 14759 14752
f 14752 14759 14760 14753
f 14753 14760 16173 16172
f 14717 14718 14761 14754
f 14754 14761 14762 14755
f 14755 14762 14763 14756
f 14756 14763 14764 14757
f 14757 14764 14765 14758
f 14758 14765 14766 14759
f 14759 14766 14767 14760
f 14760 14767 16174 16173
f 14718 16467 16466 14761
f 14761 16466 16465 14762
f 14762 16465 16464 14763
f 14763 16464 16463 14764
f 14764 16463 16462 14765
f 14765 16462 16461 14766
f 14766 16461 16460 14767
f 14767 16460 16942 16174
f 14690 14691 14768 14698
f 14698 14768 14769 14699
f 14699 14769 14770 14700
f 14700 14770 14771 14701
f 14701 14771 14772 14702
f 14702 14772 14773 14703
f 14703 14773 14774 14704
f 14704 14774 16886 16887
f 14691 14692 14775 14768
f 14768 14775 14776 14769
f 14769 14776 14777 14770
f 14770 14777 14778 14771
f 14771 14778 14779 14772
f 14772 14779 14780 14773
f 14773 14780 14781 14774
f 14774 14781 16885 16886
f 14692 14693 14782 14775
f 14775 14782 14783 14776
f 14776 14783 14784 14777
f 14777 14784 14785 14778
f 14778 14785 14786 14779
f 14779 14786 14787 14780
f 14780 14787 14788 14781
f 14781 14788 16884 16885
f 14693 14694 14789 14782
f 14782 14789 14790 14783
f 14783 14790 14791 14784
f 14784 14791 14792 14785
f 14785 14792 14793 14786
f 14786 14793 14794 14787
f 14787 14794 14795 14788
f 14788 14795 16883 16884
f 14694 14695 14796 14789
f 14789 14796 14797 14790
f 14790 14797 14798 14791
f 14791 14798 14799 14792
f 14792 14799 14800 14793
f 14793 14800 14801 14794
f 14794 14801 14802 14795
f 14795 14802 16882 16883
f 14695 14696 14803 14796
f 14796 14803 14804 14797
f 14797 14804 14805 14798
f 14798 14805 14806 14799
f 14799 14806 14807 14800
f 14800 14807 14808 14801
f 14801 14808 14809 14802
f 14802 14809 16881 16882
f 14696 14697 14810 14803
f 14803 14810 14811 14804
f 14804 14811 14812 14805
f 14805 14812 14813 14806
f 14806 14813 14814 14807
f 14807 14814 14815 14808
f 14808 14815 14816 14809
f 14809 14816 16880 16881
f 14697 16167 16166 14810
f 14810 16166 16165 14811
f 14811 16165 16164 14812
f 14812 16164 16163 14813
f 14813 16163 16162 14814
f 14814 16162 16161 14815
f 14815 16161 16160 14816
f 14816 16160 16959 16880
f 14690 14698 14817 14705
f 14705 14817 14818 14706
f 14706 14818 14819 14707
f 14707 14819 14820 14708
f 14708 14820 14821 14709
f 14709 14821 14822 14710
f 14710 14822 14823 14711
f 14711 14823 16076 16077
f 14698 14699 14824 14817
f 14817 14824 14825 14818
f 14818 14825 14826 14819
f 14819 14826 14827 14820
f 14820 14827 14828 14821
f 14821 14828 14829 14822
f 14822 14829 14830 14823
f 14823 14830 16075 16076
f 14699 14700 14831 14824
f 14824 14831 14832 14825
f 14825 14832 14833 14826
f 14826 14833 14834 14827
f 14827 14834 14835 14828
f 14828 14835 14836 14829
f 14829 14836 14837 14830
f 14830 14837 16074 16075
f 14700 14701 14838 14831
f 14831 14838 14839 14832
f 14832 14839 14840 14833
f 14833 14840 14841 14834
f 14834 14841 14842 14835
f 14835 14842 14843 14836
f 14836 14843 14844 14837
f 14837 14844 16073 16074
f 14701 14702 14845 14838
f 14838 14845 14846 14839
f 14839 14846 14847 14840
f 14840 14847 14848 14841
f 14841 14848 14849 14842
f 14842 14849 14850 14843
f 14843 14850 14851 14844
f 14844 14851 16072 16073
f 14702 14703 14852 14845
f 14845 14852 14853 14846
f 14846 14853 14854 14847
f 14847 14854 14855 14848
f 14848 14855 14856 14849
f 14849 14856 14857 14850
f 14850 14857 14858 14851
f 14851 14858 16071 16072
f 14703 14704 14859 14852
f 14852 14859 14860 14853
f 14853 14860 14861 14854
f 14854 14861 14862 14855
f 14855 14862 14863 14856
f 14856 14863 14864 14857
f 14857 14864 14865 14858
f 14858 14865 16070 16071
f 14704 16887 16888 14859
f 14859 16888 16889 14860
f 14860 16889 16890 14861
f 14861 16890 16891 14862
f 14862 16891 16892 14863
f 14863 16892 16893 14864
f 14864 16893 16894 14865
f 14865 16894 16956 16070
f 14690 14705 14866 14712
f 14712 14866 14867 14713
f 14713 14867 14868 14714
f 14714 14868 14869 14715
f 14715 14869 14870 14716
f 14716 14870 14871 14717
f 14717 14871 14872 14718
f 14718 14872 16468 16467
f 14705 14706 14873 14866
f 14866 14873 14874 14867
f 14867 14874 14875 14868
f 14868 14875 14876 14869
f 14869 14876 14877 14870
f 14870 14877 14878 14871
f 14871 14878 14879 14872
f 14872 14879 16469 16468
f 14706 14707 14880 14873
f 14873 14880 14881 14874
f 14874 14881 14882 14875
f 14875 14882 14883 14876
f 14876 14883 14884 14877
f 14877 14884 14885 14878
f 14878 14885 14886 14879
f 14879 14886 16470 16469
f 14707 14708 14887 14880
f 14880 14887 14888 14881
f 14881 14888 14889 14882
f 14882 14889 14890 14883
f 14883 14890 14891 14884
f 14884 14891 14892 14885
f 14885 14892 14893 14886
f 14886 14893 16471 16470
f 14708 14709 14894 14887
f 14887 14894 14895 14888
f 14888 14895 14896 14889
f 14889 14896 14897 14890
f 14890 14897 14898 14891
f 14891 14898 14899 14892
f 14892 14899 14900 14893
f 14893 14900 16472 16471
f 14709 14710 14901 14894
f 14894 14901 14902 14895
f 14895 14902 14903 14896
f 14896 14903 14904 14897
f 14897 14904 14905 14898
f 14898 14905 14906 14899
f 14899 14906 14907 14900
f 14900 14907 16473 16472
f 14710 14711 14908 14901
f 14901 14908 14909 14902
f 14902 14909 14910 14903
f 14903 14910 14911 14904
f 14904 14911 14912 14905
f 14905 14912 14913 14906
f 14906 14913 14914 14907
f 14907 14914 16474 16473
f 14711 16077 16078 14908
f 14908 16078 16079 14909
f 14909 16079 16080 14910
f 14910 16080 16081 14911
f 14911 16081 16082 14912
f 14912 16082 16083 14913
f 14913 16083 16084 14914
f 14914 16084 16936 16474
f 17027 16976 16965 17024
f 17020 17025 16969 16978
f 17023 17018 16968 16994
f 17001 16978 16969 16995
f 17015 17006 16970 16996
f 16989 16975 16966 16986
f 16992 16979 16971 16987
f 17002 16982 16974 17000
f 17021 17019 16974 16982
f 17028 16980 16972 17026
f 16987 16971 16975 16989
f 17000 16974 16978 17001
f 17019 17020 16978 16974
f 17026 16972 16976 17027
f 17017 16964 16980 17028
f 17018 17021 16982 16968
f 16994 16968 16982 17002
f 16983 16963 16979 16992
f 16993 16983 16992 16999
f 16964 16984 16991 16980
f 16972 16988 16990 16976
f 16997 16987 16989 16998
f 16980 16991 16988 16972
f 16999 16992 16987 16997
f 16998 16989 16986 16996
f 17004 17013 16986 16966
f 16976 16990 16985 16965
f 17017 17022 16984 16964
f 16977 16998 16996 16970
f 16981 16999 16997 16973
f 16973 16997 16998 16977
f 16967 16993 16999 16981
f 16984 16994 17002 16991
f 16988 17000 17001 16990
f 16991 17002 17000 16988
f 17013 17015 16996 16986
f 16990 17001 16995 16985
f 17022 17023 16994 16984
f 16983 16993 17016 17014
f 17029 17030 17015 17013
f 16963 16983 17014 17003
f 17024 17029 17013 17004
f 16967 16981 17012 17005
f 16963 17003 17011 16979
f 16971 17008 17010 16975
f 16973 16977 17009 17007
f 16979 17011 17008 16971
f 16981 16973 17007 17012
f 17030 17025 17006 17015
f 16993 16967 17005 17016
f 16977 16970 17006 17009
f 16975 17010 17004 16966
f 16995 16969 17025 17030
f 16965 16985 17029 17024
f 16985 16995 17030 17029
f 17014 17016 17023 17022
f 17003 17014 17022 17017
f 17005 17012 17021 17018
f 17003 17017 17028 17011
f 17008 17026 17027 17010
f 17007 17009 17020 17019
f 17011 17028 17026 17008
f 17012 17007 17019 17021
f 17016 17005 17018 17023
f 17009 17006 17025 17020
f 17010 17027 17024 17004
f 17159 17108 17097 17156
f 17152 17157 17101 17110
f 17155 17150 17100 17126
f 17133 17110 17101 17127
f 17147 17138 17102 17128
f 17121 17107 17098 17118
f 17124 17111 17103 17119
f 17134 17114 17106 17132
f 17153 17151 17106 17114
f 17160 17112 17104 17158
f 17119 17103 17107 17121
f 17132 17106 17110 17133
f 17151 17152 17110 17106
f 17158 17104 17108 17159
f 17149 17096 17112 17160
f 17150 17153 17114 17100
f 17126 17100 17114 17134
f 17115 17095 17111 17124
f 17125 17115 17124 17131
f 17096 17116 17123 17112
f 17104 17120 17122 17108
f 17129 17119 17121 17130
f 17112 17123 17120 17104
f 17131 17124 17119 17129
f 17130 17121 17118 17128
f 17136 17145 17118 17098
f 17108 17122 17117 17097
f 17149 17154 17116 17096
f 17109 17130 17128 17102
f 17113 17131 17129 17105
f 17105 17129 17130 17109
f 17099 17125 17131 17113
f 17116 17126 17134 17123
f 17120 17132 17133 17122
f 17123 17134 17132 17120
f 17145 17147 17128 17118
f 17122 17133 17127 17117
f 17154 17155 17126 17116
f 17115 17125 17148 17146
f 17161 17162 17147 17145
f 17095 17115 17146 17135
f 17156 17161 17145 17136
f 17099 17113 17144 17137
f 17095 17135 17143 17111
f 17103 17140 17142 17107
f 17105 17109 17141 17139
f 17111 17143 17140 17103
f 17113 17105 17139 17144
f 17162 17157 17138 17147
f 17125 17099 17137 17148
f 17109 17102 17138 17141
f 17107 17142 17136 17098
f 17127 17101 17157 17162
f 17097 17117 17161 17156
f 17117 17127 17162 17161
f 17146 17148 17155 17154
f 17135 17146 17154 17149
f 17137 17144 17153 17150
f 17135 17149 17160 17143
f 17140 17158 17159 17142
f 17139 17141 17152 17151
f 17143 17160 17158 17140
f 17144 17139 17151 17153
f 17148 17137 17150 17155
f 17141 17138 17157 17152
f 17142 17159 17156 17136
f 17227 17176 17165 17224
f 17220 17225 17169 17178
f 17223 17218 17168 17194
f 17201 17178 17169 17195
f 17215 17206 17170 17196
f 17189 17175 17166 17186
f 17192 17179 17171 17187
f 17202 17182 17174 17200
f 17221 17219 17174 17182
f 17228 17180 17172 17226
f 17187 17171 17175 17189
f 17200 17174 17178 17201
f 17219 17220 17178 17174
f 17226 17172 17176 17227
f 17217 17164 17180 17228
f 17218 17221 17182 17168
f 17194 17168 17182 17202
f 17183 17163 17179 17192
f 17193 17183 17192 17199
f 17164 17184 17191 17180
f 17172 17188 17190 17176
f 17197 17187 17189 17198
f 17180 17191 17188 17172
f 17199 17192 17187 17197
f 17198 17189 17186 17196
f 17204 17213 17186 17166
f 17176 17190 17185 17165
f 17217 17222 17184 17164
f 17177 17198 17196 17170
f 17181 17199 17197 17173
f 17173 17197 17198 17177
f 17167 17193 17199 17181
f 17184 17194 17202 17191
f 17188 17200 17201 17190
f 17191 17202 17200 17188
f 17213 17215 17196 17186
f 17190 17201 17195 17185
f 17222 17223 17194 17184
f 17183 17193 17216 17214
f 17229 17230 17215 17213
f 17163 17183 17214 17203
f 17224 17229 17213 17204
f 17167 17181 17212 17205
f 17163 17203 17211 17179
f 17171 17208 17210 17175
f 17173 17177 17209 17207
f 17179 17211 17208 17171
f 17181 17173 17207 17212
f 17230 17225 17206 17215
f 17193 17167 17205 17216
f 17177 17170 17206 17209
f 17175 17210 17204 17166
f 17195 17169 17225 17230
f 17165 17185 17229 17224
f 17185 17195 17230 17229
f 17214 17216 17223 17222
f 17203 17214 17222 17217
f 17205 17212 17221 17218
f 17203 17217 17228 17211
f 17208 17226 17227 17210
f 17207 17209 17220 17219
f 17211 17228 17226 17208
f 17212 17207 17219 17221
f 17216 17205 17218 17223
f 17209 17206 17225 17220
f 17210 17227 17224 17204
f 17295 17244 17233 17292
f 17288 17293 17237 17246
f 17291 17286 17236 17262
f 17269 17246 17237 17263
f 17283 17274 17238 17264
f 17257 17243 17234 17254
f 17260 17247 17239 17255
f 17270 17250 17242 17268
f 17289 17287 17242 17250
f 17296 17248 17240 17294
f 17255 17239 17243 17257
f 17268 17242 17246 17269
f 17287 17288 17246 17242
f 17294 17240 17244 17295
f 17285 17232 17248 17296
f 17286 17289 17250 17236
f 17262 17236 17250 17270
f 17251 17231 17247 17260
f 17261 17251 17260 17267
f 17232 17252 17259 17248
f 17240 17256 17258 17244
f 17265 17255 17257 17266
f 17248 17259 17256 17240
f 17267 17260 17255 17265
f 17266 17257 17254 17264
f 17272 17281 17254 17234
f 17244 17258 17253 17233
f 17285 17290 17252 17232
f 17245 17266 17264 17238
f 17249 17267 17265 17241
f 17241 17265 17266 17245
f 17235 17261 17267 17249
f 17252 17262 17270 17259
f 17256 17268 17269 17258
f 17259 17270 17268 17256
f 17281 17283 17264 17254
f 17258 17269 17263 17253
f 17290 17291 17262 17252
f 17251 17261 17284 17282
f 17297 17298 17283 17281
f 17231 17251 17282 17271
f 17292 17297 17281 17272
f 17235 17249 17280 17273
f 17231 17271 17279 17247
f 17239 17276 17278 17243
f 17241 17245 17277 17275
f 17247 17279 17276 17239
f 17249 17241 17275 17280
f 17298 17293 17274 17283
f 17261 17235 17273 17284
f 17245 17238 17274 17277
f 17243 17278 17272 17234
f 17263 17237 17293 17298
f 17233 17253 17297 17292
f 17253 17263 17298 17297
f 17282 17284 17291 17290
f 17271 17282 17290 17285
f 17273 17280 17289 17286
f 17271 17285 17296 17279
f 17276 17294 17295 17278
f 17275 17277 17288 17287
f 17279 17296 17294 17276
f 17280 17275 17287 17289
f 17284 17273 17286 17291
f 17277 17274 17293 17288
f 17278 17295 17292 17272
f 17363 17312 17301 17360
f 17356 17361 17305 17314
f 17359 17354 17304 17330
f 17337 17314 17305 17331
f 17351 17342 17306 17332
f 17325 17311 17302 17322
f 17328 17315 17307 17323
f 17338 17318 17310 17336
f 17357 17355 17310 17318
f 17364 17316 17308 17362
f 17323 17307 17311 17325
f 17336 17310 17314 17337
f 17355 17356 17314 17310
f 17362 17308 17312 17363
f 17353 17300 17316 17364
f 17354 17357 17318 17304
f 17330 17304 17318 17338
f 17319 17299 17315 17328
f 17329 17319 17328 17335
f 17300 17320 17327 17316
f 17308 17324 17326 17312
f 17333 17323 17325 17334
f 17316 17327 17324 17308
f 17335 17328 17323 17333
f 17334 17325 17322 17332
f 17340 17349 17322 17302
f 17312 17326 17321 17301
f 17353 17358 17320 17300
f 17313 17334 17332 17306
f 17317 17335 17333 17309
f 17309 17333 17334 17313
f 17303 17329 17335 17317
f 17320 17330 17338 17327
f 17324 17336 17337 17326
f 17327 17338 17336 17324
f 17349 17351 17332 17322
f 17326 17337 17331 17321
f 17358 17359 17330 17320
f 17319 17329 17352 17350
f 17365 17366 17351 17349
f 17299 17319 17350 17339
f 17360 17365 17349 17340
f 17303 17317 17348 17341
f 17299 17339 17347 17315
f 17307 17344 17346 17311
f 17309 17313 17345 17343
f 17315 17347 17344 17307
f 17317 17309 17343 17348
f 17366 17361 17342 17351
f 17329 17303 17341 17352
f 17313 17306 17342 17345
f 17311 17346 17340 17302
f 17331 17305 17361 17366
f 17301 17321 17365 17360
f 17321 17331 17366 17365
f 17350 17352 17359 17358
f 17339 17350 17358 17353
f 17341 17348 17357 17354
f 17339 17353 17364 17347
f 17344 17362 17363 17346
f 17343 17345 17356 17355
f 17347 17364 17362 17344
f 17348 17343 17355 17357
f 17352 17341 17354 17359
f 17345 17342 17361 17356
f 17346 17363 17360 17340
f 17431 17380 17369 17428
f 17424 17429 17373 17382
f 17427 17422 17372 17398
f 17405 17382 17373 17399
f 17419 17410 17374 17400
f 17393 17379 17370 17390
f 17396 17383 17375 17391
f 17406 17386 17378 17404
f 17425 17423 17378 17386
f 17432 17384 17376 17430
f 17391 17375 17379 17393
f 17404 17378 17382 17405
f 17423 17424 17382 17378
f 17430 17376 17380 17431
f 17421 17368 17384 17432
f 17422 17425 17386 17372
f 17398 17372 17386 17406
f 17387 17367 17383 17396
f 17397 17387 17396 17403
f 17368 17388 17395 17384
f 17376 17392 17394 17380
f 17401 17391 17393 17402
f 17384 17395 17392 17376
f 17403 17396 17391 17401
f 17402 17393 17390 17400
f 17408 17417 17390 17370
f 17380 17394 17389 17369
f 17421 17426 17388 17368
f 17381 17402 17400 17374
f 17385 17403 17401 17377
f 17377 17401 17402 17381
f 17371 17397 17403 17385
f 17388 17398 17406 17395
f 17392 17404 17405 17394
f 17395 17406 17404 17392
f 17417 17419 17400 17390
f 17394 17405 17399 17389
f 17426 17427 17398 17388
f 17387 17397 17420 17418
f 17433 17434 17419 17417
f 17367 17387 17418 17407
f 17428 17433 17417 17408
f 17371 17385 17416 17409
f 17367 17407 17415 17383
f 17375 17412 17414 17379
f 17377 17381 17413 17411
f 17383 17415 17412 17375
f 17385 17377 17411 17416
f 17434 17429 17410 17419
f 17397 17371 17409 17420
f 17381 17374 17410 17413
f 17379 17414 17408 17370
f 17399 17373 17429 17434
f 17369 17389 17433 17428
f 17389 17399 17434 17433
f 17418 17420 17427 17426
f 17407 17418 17426 17421
f 17409 17416 17425 17422
f 17407 17421 17432 17415
f 17412 17430 17431 17414
f 17411 17413 17424 17423
f 17415 17432 17430 17412
f 17416 17411 17423 17425
f 17420 17409 17422 17427
f 17413 17410 17429 17424
f 17414 17431 17428 17408
f 17499 17448 17437 17496
f 17492 17497 17441 17450
f 17495 17490 17440 17466
f 17473 17450 17441 17467
f 17487 17478 17442 17468
f 17461 17447 17438 17458
f 17464 17451 17443 17459
f 17474 17454 17446 17472
f 17493 17491 17446 17454
f 17500 17452 17444 17498
f 17459 17443 17447 17461
f 17472 17446 17450 17473
f 17491 17492 17450 17446
f 17498 17444 17448 17499
f 17489 17436 17452 17500
f 17490 17493 17454 17440
f 17466 17440 17454 17474
f 17455 17435 17451 17464
f 17465 17455 17464 17471
f 17436 17456 17463 17452
f 17444 17460 17462 17448
f 17469 17459 17461 17470
f 17452 17463 17460 17444
f 17471 17464 17459 17469
f 17470 17461 17458 17468
f 17476 17485 17458 17438
f 17448 17462 17457 17437
f 17489 17494 17456 17436
f 17449 17470 17468 17442
f 17453 17471 17469 17445
f 17445 17469 17470 17449
f 17439 17465 17471 17453
f 17456 17466 17474 17463
f 17460 17472 17473 17462
f 17463 17474 17472 17460
f 17485 17487 17468 17458
f 17462 17473 17467 17457
f 17494 17495 17466 17456
f 17455 17465 17488 17486
f 17501 17502 17487 17485
f 17435 17455 17486 17475
f 17496 17501 17485 17476
f 17439 17453 17484 17477
f 17435 17475 17483 17451
f 17443 17480 17482 17447
f 17445 17449 17481 17479
f 17451 17483 17480 17443
f 17453 17445 17479 17484
f 17502 17497 17478 17487
f 17465 17439 17477 17488
f 17449 17442 17478 17481
f 17447 17482 17476 17438
f 17467 17441 17497 17502
f 17437 17457 17501 17496
f 17457 17467 17502 17501
f 17486 17488 17495 17494
f 17475 17486 17494 17489
f 17477 17484 17493 17490
f 17475 17489 17500 17483
f 17480 17498 17499 17482
f 17479 17481 17492 17491
f 17483 17500 17498 17480
f 17484 17479 17491 17493
f 17488 17477 17490 17495
f 17481 17478 17497 17492
f 17482 17499 17496 17476
f 17567 17516 17505 17564
f 17560 17565 17509 17518
f 17563 17558 17508 17534
f 17541 17518 17509 17535
f 17555 17546 17510 17536
f 17529 17515 17506 17526
f 17532 17519 17511 17527
f 17542 17522 17514 17540
f 17561 17559 17514 17522
f 17568 17520 17512 17566
f 17527 17511 17515 17529
f 17540 17514 17518 17541
f 17559 17560 17518 17514
f 17566 17512 17516 17567
f 17557 17504 17520 17568
f 17558 17561 17522 17508
f 17534 17508 17522 17542
f 17523 17503 17519 17532
f 17533 17523 17532 17539
f 17504 17524 17531 17520
f 17512 17528 17530 17516
f 17537 17527 17529 17538
f 17520 17531 17528 17512
f 17539 17532 17527 17537
f 17538 17529 17526 17536
f 17544 17553 17526 17506
f 17516 17530 17525 17505
f 17557 17562 17524 17504
f 17517 17538 17536 17510
f 17521 17539 17537 17513
f 17513 17537 17538 17517
f 17507 17533 17539 17521
f 17524 17534 17542 17531
f 17528 17540 17541 17530
f 17531 17542 17540 17528
f 17553 17555 17536 17526
f 17530 17541 17535 17525
f 17562 17563 17534 17524
f 17523 17533 17556 17554
f 17569 17570 17555 17553
f 17503 17523 17554 17543
f 17564 17569 17553 17544
f 17507 17521 17552 17545
f 17503 17543 17551 17519
f 17511 17548 17550 17515
f 17513 17517 17549 17547
f 17519 17551 17548 17511
f 17521 17513 17547 17552
f 17570 17565 17546 17555
f 17533 17507 17545 17556
f 17517 17510 17546 17549
f 17515 17550 17544 17506
f 17535 17509 17565 17570
f 17505 17525 17569 17564
f 17525 17535 17570 17569
f 17554 17556 17563 17562
f 17543 17554 17562 17557
f 17545 17552 17561 17558
f 17543 17557 17568 17551
f 17548 17566 17567 17550
f 17547 17549 17560 17559
f 17551 17568 17566 17548
f 17552 17547 17559 17561
f 17556 17545 17558 17563
f 17549 17546 17565 17560
f 17550 17567 17564 17544
f 17635 17584 17573 17632
f 17628 17633 17577 17586
f 17631 17626 17576 17602
f 17609 17586 17577 17603
f 17623 17614 17578 17604
f 17597 17583 17574 17594
f 17600 17587 17579 17595
f 17610 17590 17582 17608
f 17629 17627 17582 17590
f 17636 17588 17580 17634
f 17595 17579 17583 17597
f 17608 17582 17586 17609
f 17627 17628 17586 17582
f 17634 17580 17584 17635
f 17625 17572 17588 17636
f 17626 17629 17590 17576
f 17602 17576 17590 17610
f 17591 17571 17587 17600
f 17601 17591 17600 17607
f 17572 17592 17599 17588
f 17580 17596 17598 17584
f 17605 17595 17597 17606
f 17588 17599 17596 17580
f 17607 17600 17595 17605
f 17606 17597 17594 17604
f 17612 17621 17594 17574
f 17584 17598 17593 17573
f 17625 17630 17592 17572
f 17585 17606 17604 17578
f 17589 17607 17605 17581
f 17581 17605 17606 17585
f 17575 17601 17607 17589
f 17592 17602 17610 17599
f 17596 17608 17609 17598
f 17599 17610 17608 17596
f 17621 17623 17604 17594
f 17598 17609 17603 17593
f 17630 17631 17602 17592
f 17591 17601 17624 17622
f 17637 17638 17623 17621
f 17571 17591 17622 17611
f 17632 17637 17621 17612
f 17575 17589 17620 17613
f 17571 17611 17619 17587
f 17579 17616 17618 17583
f 17581 17585 17617 17615
f 17587 17619 17616 17579
f 17589 17581 17615 17620
f 17638 17633 17614 17623
f 17601 17575 17613 17624
f 17585 17578 17614 17617
f 17583 17618 17612 17574
f 17603 17577 17633 17638
f 17573 17593 17637 17632
f 17593 17603 17638 17637
f 17622 17624 17631 17630
f 17611 17622 17630 17625
f 17613 17620 17629 17626
f 17611 17625 17636 17619
f 17616 17634 17635 17618
f 17615 17617 17628 17627
f 17619 17636 17634 17616
f 17620 17615 17627 17629
f 17624 17613 17626 17631
f 17617 17614 17633 17628
f 17618 17635 17632 17612
f 17703 17652 17641 17700
f 17696 17701 17645 17654
f 17699 17694 17644 17670
f 17677 17654 17645 17671
f 17691 17682 17646 17672
f 17665 17651 17642 17662
f 17668 17655 17647 17663
f 17678 17658 17650 17676
f 17697 17695 17650 17658
f 17704 17656 17648 17702
f 17663 17647 17651 17665
f 17676 17650 17654 17677
f 17695 17696 17654 17650
f 17702 17648 17652 17703
f 17693 17640 17656 17704
f 17694 17697 17658 17644
f 17670 17644 17658 17678
f 17659 17639 17655 17668
f 17669 17659 17668 17675
f 17640 17660 17667 17656
f 17648 17664 17666 17652
f 17673 17663 17665 17674
f 17656 17667 17664 17648
f 17675 17668 17663 17673
f 17674 17665 17662 17672
f 17680 17689 17662 17642
f 17652 17666 17661 17641
f 17693 17698 17660 17640
f 17653 17674 17672 17646
f 17657 17675 17673 17649
f 17649 17673 17674 17653
f 17643 17669 17675 17657
f 17660 17670 17678 17667
f 17664 17676 17677 17666
f 17667 17678 17676 17664
f 17689 17691 17672 17662
f 17666 17677 17671 17661
f 17698 17699 17670 17660
f 17659 17669 17692 17690
f 17705 17706 17691 17689
f 17639 17659 17690 17679
f 17700 17705 17689 17680
f 17643 17657 17688 17681
f 17639 17679 17687 17655
f 17647 17684 17686 17651
f 17649 17653 17685 17683
f 17655 17687 17684 17647
f 17657 17649 17683 17688
f 17706 17701 17682 17691
f 17669 17643 17681 17692
f 17653 17646 17682 17685
f 17651 17686 17680 17642
f 17671 17645 17701 17706
f 17641 17661 17705 17700
f 17661 17671 17706 17705
f 17690 17692 17699 17698
f 17679 17690 17698 17693
f 17681 17688 17697 17694
f 17679 17693 17704 17687
f 17684 17702 17703 17686
f 17683 17685 17696 17695
f 17687 17704 17702 17684
f 17688 17683 17695 17697
f 17692 17681 17694 17699
f 17685 17682 17701 17696
f 17686 17703 17700 17680
f 17771 17720 17709 17768
f 17764 17769 17713 17722
f 17767 17762 17712 17738
f 17745 17722 17713 17739
f 17759 17750 17714 17740
f 17733 17719 17710 17730
f 17736 17723 17715 17731
f 17746 17726 17718 17744
f 17765 17763 17718 17726
f 17772 17724 17716 17770
f 17731 17715 17719 17733
f 17744 17718 17722 17745
f 17763 17764 17722 17718
f 17770 17716 17720 17771
f 17761 17708 17724 17772
f 17762 17765 17726 17712
f 17738 17712 17726 17746
f 17727 17707 17723 17736
f 17737 17727 17736 17743
f 17708 17728 17735 17724
f 17716 17732 17734 17720
f 17741 17731 17733 17742
f 17724 17735 17732 17716
f 17743 17736 17731 17741
f 17742 17733 17730 17740
f 17748 17757 17730 17710
f 17720 17734 17729 17709
f 17761 17766 17728 17708
f 17721 17742 17740 17714
f 17725 17743 17741 17717
f 17717 17741 17742 17721
f 17711 17737 17743 17725
f 17728 17738 17746 17735
f 17732 17744 17745 17734
f 17735 17746 17744 17732
f 17757 17759 17740 17730
f 17734 17745 17739 17729
f 17766 17767 17738 17728
f 17727 17737 17760 17758
f 17773 17774 17759 17757
f 17707 17727 17758 17747
f 17768 17773 17757 17748
f 17711 17725 17756 17749
f 17707 17747 17755 17723
f 17715 17752 17754 17719
f 17717 17721 17753 17751
f 17723 17755 17752 17715
f 17725 17717 17751 17756
f 17774 17769 17750 17759
f 17737 17711 17749 17760
f 17721 17714 17750 17753
f 17719 17754 17748 17710
f 17739 17713 17769 17774
f 17709 17729 17773 17768
f 17729 17739 17774 17773
f 17758 17760 17767 17766
f 17747 17758 17766 17761
f 17749 17756 17765 17762
f 17747 17761 17772 17755
f 17752 17770 17771 17754
f 17751 17753 17764 17763
f 17755 17772 17770 17752
f 17756 17751 17763 17765
f 17760 17749 17762 17767
f 17753 17750 17769 17764
f 17754 17771 17768 17748
f 17839 17788 17777 17836
f 17832 17837 17781 17790
f 17835 17830 17780 17806
f 17813 17790 17781 17807
f 17827 17818 17782 17808
f 17801 17787 17778 17798
f 17804 17791 17783 17799
f 17814 17794 17786 17812
f 17833 17831 17786 17794
f 17840 17792 17784 17838
f 17799 17783 17787 17801
f 17812 17786 17790 17813
f 17831 17832 17790 17786
f 17838 17784 17788 17839
f 17829 17776 17792 17840
f 17830 17833 17794 17780
f 17806 17780 17794 17814
f 17795 17775 17791 17804
f 17805 17795 17804 17811
f 17776 17796 17803 17792
f 17784 17800 17802 17788
f 17809 17799 17801 17810
f 17792 17803 17800 17784
f 17811 17804 17799 17809
f 17810 17801 17798 17808
f 17816 17825 17798 17778
f 17788 17802 17797 17777
f 17829 17834 17796 17776
f 17789 17810 17808 17782
f 17793 17811 17809 17785
f 17785 17809 17810 17789
f 17779 17805 17811 17793
f 17796 17806 17814 17803
f 17800 17812 17813 17802
f 17803 17814 17812 17800
f 17825 17827 17808 17798
f 17802 17813 17807 17797
f 17834 17835 17806 17796
f 17795 17805 17828 17826
f 17841 17842 17827 17825
f 17775 17795 17826 17815
f 17836 17841 17825 17816
f 17779 17793 17824 17817
f 17775 17815 17823 17791
f 17783 17820 17822 17787
f 17785 17789 17821 17819
f 17791 17823 17820 17783
f 17793 17785 17819 17824
f 17842 17837 17818 17827
f 17805 17779 17817 17828
f 17789 17782 17818 17821
f 17787 17822 17816 17778
f 17807 17781 17837 17842
f 17777 17797 17841 17836
f 17797 17807 17842 17841
f 17826 17828 17835 17834
f 17815 17826 17834 17829
f 17817 17824 17833 17830
f 17815 17829 17840 17823
f 17820 17838 17839 17822
f 17819 17821 17832 17831
f 17823 17840 17838 17820
f 17824 17819 17831 17833
f 17828 17817 17830 17835
f 17821 17818 17837 17832
f 17822 17839 17836 17816
f 17907 17856 17845 17904
f 17900 17905 17849 17858
f 17903 17898 17848 17874
f 17881 17858 17849 17875
f 17895 17886 17850 17876
f 17869 17855 17846 17866
f 17872 17859 17851 17867
f 17882 17862 17854 17880
f 17901 17899 17854 17862
f 17908 17860 17852 17906
f 17867 17851 17855 17869
f 17880 17854 17858 17881
f 17899 17900 17858 17854
f 17906 17852 17856 17907
f 17897 17844 17860 17908
f 17898 17901 17862 17848
f 17874 17848 17862 17882
f 17863 17843 17859 17872
f 17873 17863 17872 17879
f 17844 17864 17871 17860
f 17852 17868 17870 17856
f 17877 17867 17869 17878
f 17860 17871 17868 17852
f 17879 17872 17867 17877
f 17878 17869 17866 17876
f 17884 17893 17866 17846
f 17856 17870 17865 17845
f 17897 17902 17864 17844
f 17857 17878 17876 17850
f 17861 17879 17877 17853
f 17853 17877 17878 17857
f 17847 17873 17879 17861
f 17864 17874 17882 17871
f 17868 17880 17881 17870
f 17871 17882 17880 17868
f 17893 17895 17876 17866
f 17870 17881 17875 17865
f 17902 17903 17874 17864
f 17863 17873 17896 17894
f 17909 17910 17895 17893
f 17843 17863 17894 17883
f 17904 17909 17893 17884
f 17847 17861 17892 17885
f 17843 17883 17891 17859
f 17851 17888 17890 17855
f 17853 17857 17889 17887
f 17859 17891 17888 17851
f 17861 17853 17887 17892
f 17910 17905 17886 17895
f 17873 17847 17885 17896
f 17857 17850 17886 17889
f 17855 17890 17884 17846
f 17875 17849 17905 17910
f 17845 17865 17909 17904
f 17865 17875 17910 17909
f 17894 17896 17903 17902
f 17883 17894 17902 17897
f 17885 17892 17901 17898
f 17883 17897 17908 17891
f 17888 17906 17907 17890
f 17887 17889 17900 17899
f 17891 17908 17906 17888
f 17892 17887 17899 17901
f 17896 17885 17898 17903
f 17889 17886 17905 17900
f 17890 17907 17904 17884
f 17975 17924 17913 17972
f 17968 17973 17917 17926
f 17971 17966 17916 17942
f 17949 17926 17917 17943
f 17963 17954 17918 17944
f 17937 17923 17914 17934
f 17940 17927 17919 17935
f 17950 17930 17922 17948
f 17969 17967 17922 17930
f 17976 17928 17920 17974
f 17935 17919 17923 17937
f 17948 17922 17926 17949
f 17967 17968 17926 17922
f 17974 17920 17924 17975
f 17965 17912 17928 17976
f 17966 17969 17930 17916
f 17942 17916 17930 17950
f 17931 17911 17927 17940
f 17941 17931 17940 17947
f 17912 17932 17939 17928
f 17920 17936 17938 17924
f 17945 17935 17937 17946
f 17928 17939 17936 17920
f 17947 17940 17935 17945
f 17946 17937 17934 17944
f 17952 17961 17934 17914
f 17924 17938 17933 17913
f 17965 17970 17932 17912
f 17925 17946 17944 17918
f 17929 17947 17945 17921
f 17921 17945 17946 17925
f 17915 17941 17947 17929
f 17932 17942 17950 17939
f 17936 17948 17949 17938
f 17939 17950 17948 17936
f 17961 17963 17944 17934
f 17938 17949 17943 17933
f 17970 17971 17942 17932
f 17931 17941 17964 17962
f 17977 17978 17963 17961
f 17911 17931 17962 17951
f 17972 17977 17961 17952
f 17915 17929 17960 17953
f 17911 17951 17959 17927
f 17919 17956 17958 17923
f 17921 17925 17957 17955
f 17927 17959 17956 17919
f 17929 17921 17955 17960
f 17978 17973 17954 17963
f 17941 17915 17953 17964
f 17925 17918 17954 17957
f 17923 17958 17952 17914
f 17943 17917 17973 17978
f 17913 17933 17977 17972
f 17933 17943 17978 17977
f 17962 17964 17971 17970
f 17951 17962 17970 17965
f 17953 17960 17969 17966
f 17951 17965 17976 17959
f 17956 17974 17975 17958
f 17955 17957 17968 17967
f 17959 17976 17974 17956
f 17960 17955 17967 17969
f 17964 17953 17966 17971
f 17957 17954 17973 17968
f 17958 17975 17972 17952
f 18043 17992 17981 18040
f 18036 18041 17985 17994
f 18039 18034 17984 18010
f 18017 17994 17985 18011
f 18031 18022 17986 18012
f 18005 17991 17982 18002
f 18008 17995 17987 18003
f 18018 17998 17990 18016
f 18037 18035 17990 17998
f 18044 17996 17988 18042
f 18003 17987 17991 18005
f 18016 17990 17994 18017
f 18035 18036 17994 17990
f 18042 17988 17992 18043
f 18033 17980 17996 18044
f 18034 18037 17998 17984
f 18010 17984 17998 18018
f 17999 17979 17995 18008
f 18009 17999 18008 18015
f 17980 18000 18007 17996
f 17988 18004 18006 17992
f 18013 18003 18005 18014
f 17996 18007 18004 17988
f 18015 18008 18003 18013
f 18014 18005 18002 18012
f 18020 18029 18002 17982
f 17992 18006 18001 17981
f 18033 18038 18000 17980
f 17993 18014 18012 17986
f 17997 18015 18013 17989
f 17989 18013 18014 17993
f 17983 18009 18015 17997
f 18000 18010 18018 18007
f 18004 18016 18017 18006
f 18007 18018 18016 18004
f 18029 18031 18012 18002
f 18006 18017 18011 18001
f 18038 18039 18010 18000
f 17999 18009 18032 18030
f 18045 18046 18031 18029
f 17979 17999 18030 18019
f 18040 18045 18029 18020
f 17983 17997 18028 18021
f 17979 18019 18027 17995
f 17987 18024 18026 17991
f 17989 17993 18025 18023
f 17995 18027 18024 17987
f 17997 17989 18023 18028
f 18046 18041 18022 18031
f 18009 17983 18021 18032
f 17993 17986 18022 18025
f 17991 18026 18020 17982
f 18011 17985 18041 18046
f 17981 18001 18045 18040
f 18001 18011 18046 18045
f 18030 18032 18039 18038
f 18019 18030 18038 18033
f 18021 18028 18037 18034
f 18019 18033 18044 18027
f 18024 18042 18043 18026
f 18023 18025 18036 18035
f 18027 18044 18042 18024
f 18028 18023 18035 18037
f 18032 18021 18034 18039
f 18025 18022 18041 18036
f 18026 18043 18040 18020
f 18111 18060 18049 18108
f 18104 18109 18053 18062
f 18107 18102 18052 18078
f 18085 18062 18053 18079
f 18099 18090 18054 18080
f 18073 18059 18050 18070
f 18076 18063 18055 18071
f 18086 18066 18058 18084
f 18105 18103 18058 18066
f 18112 18064 18056 18110
f 18071 18055 18059 18073
f 18084 18058 18062 18085
f 18103 18104 18062 18058
f 18110 18056 18060 18111
f 18101 18048 18064 18112
f 18102 18105 18066 18052
f 18078 18052 18066 18086
f 18067 18047 18063 18076
f 18077 18067 18076 18083
f 18048 18068 18075 18064
f 18056 18072 18074 18060
f 18081 18071 18073 18082
f 18064 18075 18072 18056
f 18083 18076 18071 18081
f 18082 18073 18070 18080
f 18088 18097 18070 18050
f 18060 18074 18069 18049
f 18101 18106 18068 18048
f 18061 18082 18080 18054
f 18065 18083 18081 18057
f 18057 18081 18082 18061
f 18051 18077 18083 18065
f 18068 18078 18086 18075
f 18072 18084 18085 18074
f 18075 18086 18084 18072
f 18097 18099 18080 18070
f 18074 18085 18079 18069
f 18106 18107 18078 18068
f 18067 18077 18100 18098
f 18113 18114 18099 18097
f 18047 18067 18098 18087
f 18108 18113 18097 18088
f 18051 18065 18096 18089
f 18047 18087 18095 18063
f 18055 18092 18094 18059
f 18057 18061 18093 18091
f 18063 18095 18092 18055
f 18065 18057 18091 18096
f 18114 18109 18090 18099
f 18077 18051 18089 18100
f 18061 18054 18090 18093
f 18059 18094 18088 18050
f 18079 18053 18109 18114
f 18049 18069 18113 18108
f 18069 18079 18114 18113
f 18098 18100 18107 18106
f 18087 18098 18106 18101
f 18089 18096 18105 18102
f 18087 18101 18112 18095
f 18092 18110 18111 18094
f 18091 18093 18104 18103
f 18095 18112 18110 18092
f 18096 18091 18103 18105
f 18100 18089 18102 18107
f 18093 18090 18109 18104
f 18094 18111 18108 18088
f 18179 18128 18117 18176
f 18172 18177 18121 18130
f 18175 18170 18120 18146
f 18153 18130 18121 18147
f 18167 18158 18122 18148
f 18141 18127 18118 18138
f 18144 18131 18123 18139
f 18154 18134 18126 18152
f 18173 18171 18126 18134
f 18180 18132 18124 18178
f 18139 18123 18127 18141
f 18152 18126 18130 18153
f 18171 18172 18130 18126
f 18178 18124 18128 18179
f 18169 18116 18132 18180
f 18170 18173 18134 18120
f 18146 18120 18134 18154
f 18135 18115 18131 18144
f 18145 18135 18144 18151
f 18116 18136 18143 18132
f 18124 18140 18142 18128
f 18149 18139 18141 18150
f 18132 18143 18140 18124
f 18151 18144 18139 18149
f 18150 18141 18138 18148
f 18156 18165 18138 18118
f 18128 18142 18137 18117
f 18169 18174 18136 18116
f 18129 18150 18148 18122
f 18133 18151 18149 18125
f 18125 18149 18150 18129
f 18119 18145 18151 18133
f 18136 18146 18154 18143
f 18140 18152 18153 18142
f 18143 18154 18152 18140
f 18165 18167 18148 18138
f 18142 18153 18147 18137
f 18174 18175 18146 18136
f 18135 18145 18168 18166
f 18181 18182 18167 18165
f 18115 18135 18166 18155
f 18176 18181 18165 18156
f 18119 18133 18164 18157
f 18115 18155 18163 18131
f 18123 18160 18162 18127
f 18125 18129 18161 18159
f 18131 18163 18160 18123
f 18133 18125 18159 18164
f 18182 18177 18158 18167
f 18145 18119 18157 18168
f 18129 18122 18158 18161
f 18127 18162 18156 18118
f 18147 18121 18177 18182
f 18117 18137 18181 18176
f 18137 18147 18182 18181
f 18166 18168 18175 18174
f 18155 18166 18174 18169
f 18157 18164 18173 18170
f 18155 18169 18180 18163
f 18160 18178 18179 18162
f 18159 18161 18172 18171
f 18163 18180 18178 18160
f 18164 18159 18171 18173
f 18168 18157 18170 18175
f 18161 18158 18177 18172
f 18162 18179 18176 18156
f 18247 18196 18185 18244
f 18240 18245 18189 18198
f 18243 18238 18188 18214
f 18221 18198 18189 18215
f 18235 18226 18190 18216
f 18209 18195 18186 18206
f 18212 18199 18191 18207
f 18222 18202 18194 18220
f 18241 18239 18194 18202
f 18248 18200 18192 18246
f 18207 18191 18195 18209
f 18220 18194 18198 18221
f 18239 18240 18198 18194
f 18246 18192 18196 18247
f 18237 18184 18200 18248
f 18238 18241 18202 18188
f 18214 18188 18202 18222
f 18203 18183 18199 18212
f 18213 18203 18212 18219
f 18184 18204 18211 18200
f 18192 18208 18210 18196
f 18217 18207 18209 18218
f 18200 18211 18208 18192
f 18219 18212 18207 18217
f 18218 18209 18206 18216
f 18224 18233 18206 18186
f 18196 18210 18205 18185
f 18237 18242 18204 18184
f 18197 18218 18216 18190
f 18201 18219 18217 18193
f 18193 18217 18218 18197
f 18187 18213 18219 18201
f 18204 18214 18222 18211
f 18208 18220 18221 18210
f 18211 18222 18220 18208
f 18233 18235 18216 18206
f 18210 18221 18215 18205
f 18242 18243 18214 18204
f 18203 18213 18236 18234
f 18249 18250 18235 18233
f 18183 18203 18234 18223
f 18244 18249 18233 18224
f 18187 18201 18232 18225
f 18183 18223 18231 18199
f 18191 18228 18230 18195
f 18193 18197 18229 18227
f 18199 18231 18228 18191
f 18201 18193 18227 18232
f 18250 18245 18226 18235
f 18213 18187 18225 18236
f 18197 18190 18226 18229
f 18195 18230 18224 18186
f 18215 18189 18245 18250
f 18185 18205 18249 18244
f 18205 18215 18250 18249
f 18234 18236 18243 18242
f 18223 18234 18242 18237
f 18225 18232 18241 18238
f 18223 18237 18248 18231
f 18228 18246 18247 18230
f 18227 18229 18240 18239
f 18231 18248 18246 18228
f 18232 18227 18239 18241
f 18236 18225 18238 18243
f 18229 18226 18245 18240
f 18230 18247 18244 18224
f 18315 18264 18253 18312
f 18308 18313 18257 18266
f 18311 18306 18256 18282
f 18289 18266 18257 18283
f 18303 18294 18258 18284
f 18277 18263 18254 18274
f 18280 18267 18259 18275
f 18290 18270 18262 18288
f 18309 18307 18262 18270
f 18316 18268 18260 18314
f 18275 18259 18263 18277
f 18288 18262 18266 18289
f 18307 18308 18266 18262
f 18314 18260 18264 18315
f 18305 18252 18268 18316
f 18306 18309 18270 18256
f 18282 18256 18270 18290
f 18271 18251 18267 18280
f 18281 18271 18280 18287
f 18252 18272 18279 18268
f 18260 18276 18278 18264
f 18285 18275 18277 18286
f 18268 18279 18276 18260
f 18287 18280 18275 18285
f 18286 18277 18274 18284
f 18292 18301 18274 18254
f 18264 18278 18273 18253
f 18305 18310 18272 18252
f 18265 18286 18284 18258
f 18269 18287 18285 18261
f 18261 18285 18286 18265
f 18255 18281 18287 18269
f 18272 18282 18290 18279
f 18276 18288 18289 18278
f 18279 18290 18288 18276
f 18301 18303 18284 18274
f 18278 18289 18283 18273
f 18310 18311 18282 18272
f 18271 18281 18304 18302
f 18317 18318 18303 18301
f 18251 18271 18302 18291
f 18312 18317 18301 18292
f 18255 18269 18300 18293
f 18251 18291 18299 18267
f 18259 18296 18298 18263
f 18261 18265 18297 18295
f 18267 18299 18296 18259
f 18269 18261 18295 18300
f 18318 18313 18294 18303
f 18281 18255 18293 18304
f 18265 18258 18294 18297
f 18263 18298 18292 18254
f 18283 18257 18313 18318
f 18253 18273 18317 18312
f 18273 18283 18318 18317
f 18302 18304 18311 18310
f 18291 18302 18310 18305
f 18293 18300 18309 18306
f 18291 18305 18316 18299
f 18296 18314 18315 18298
f 18295 18297 18308 18307
f 18299 18316 18314 18296
f 18300 18295 18307 18309
f 18304 18293 18306 18311
f 18297 18294 18313 18308
f 18298 18315 18312 18292
